<6>[    0.000000] Booting Linux on physical CPU 0x0000000000 [0x412fd050]
<5>[    0.000000] Linux version 5.4.302-qgki-g052626d30254 (build-user@build-host) (Android (14054515, +pgo, +bolt, +lto, +mlgo, based on r563880c) clang version 21.0.0 (https://android.googlesource.com/toolchain/llvm-project 5e96669f06077099aa41290cdb4c5e6fa0f59349), LLD 21.0.0 (/mnt/disks/build-disk/src/googleplex-android/llvm-r563880-release/out/llvm-project/llvm 5e96669f06077099aa41290cdb4c5e6fa0f59349)) #16 SMP PREEMPT Wed Feb 11 06:49:09 +03 2026
<6>[    0.000000] memblock_reserve: 0x16d985 setup_arch+0x64/0x1e8
<5>[    0.000000] random: crng init done
<6>[    0.000000] Machine model: Qualcomm Technologies, Inc. Lahaina MTP lemonadep
<4>[    0.000000] Malformed early option 'androidboot.startupmode'
<4>[    0.000000] Malformed early option 'androidboot.startupmode'
<6>[    0.000000] efi: Getting EFI parameters from FDT:
<6>[    0.000000] efi: UEFI not found.
<6>[    0.000000] OF: fdt: Reserved memory: failed to reserve memory for node 'demura_region_0': base 0x0000000000000000, size 0 MiB
<6>[    0.000000] OF: fdt: Reserved memory: failed to reserve memory for node 'demura_region_1': base 0x0000000000000000, size 0 MiB
<6>[    0.000000] Reserved memory: created CMA memory pool at 0x00000000fec00000, size 16 MiB
<6>[    0.000000] OF: reserved mem: initialized node user_contig_region, compatible id shared-dma-pool
<6>[    0.000000] Reserved memory: created CMA memory pool at 0x00000000fd000000, size 28 MiB
<6>[    0.000000] OF: reserved mem: initialized node audio_cma_region, compatible id shared-dma-pool
<6>[    0.000000] Reserved memory: created CMA memory pool at 0x00000000fc000000, size 16 MiB
<6>[    0.000000] OF: reserved mem: initialized node sp_region, compatible id shared-dma-pool
<6>[    0.000000] Reserved memory: created CMA memory pool at 0x00000000fb400000, size 12 MiB
<6>[    0.000000] OF: reserved mem: initialized node adsp_region, compatible id shared-dma-pool
<6>[    0.000000] Reserved memory: created DMA memory pool at 0x00000000d8000000, size 8 MiB
<6>[    0.000000] OF: reserved mem: initialized node memshare_region, compatible id shared-dma-pool
<6>[    0.000000] Reserved memory: created CMA memory pool at 0x00000000f5000000, size 100 MiB
<6>[    0.000000] OF: reserved mem: initialized node non_secure_display_region, compatible id shared-dma-pool
<6>[    0.000000] Reserved memory: created CMA memory pool at 0x00000000f4c00000, size 4 MiB
<6>[    0.000000] OF: reserved mem: initialized node cdsp_region, compatible id shared-dma-pool
<6>[    0.000000] Reserved memory: created CMA memory pool at 0x00000000f3800000, size 20 MiB
<6>[    0.000000] OF: reserved mem: initialized node qseecom_region, compatible id shared-dma-pool
<6>[    0.000000] Reserved memory: created CMA memory pool at 0x00000000f3000000, size 8 MiB
<6>[    0.000000] OF: reserved mem: initialized node sdsp_region, compatible id shared-dma-pool
<6>[    0.000000] Reserved memory: created CMA memory pool at 0x00000000d5c00000, size 32 MiB
<6>[    0.000000] OF: reserved mem: initialized node linux,cma, compatible id shared-dma-pool
<6>[    0.000000] Reserved memory: created CMA memory pool at 0x00000000cb800000, size 164 MiB
<6>[    0.000000] OF: reserved mem: initialized node secure_display_region, compatible id shared-dma-pool
<6>[    0.000000] Reserved memory: created CMA memory pool at 0x00000000f2000000, size 16 MiB
<6>[    0.000000] OF: reserved mem: initialized node qseecom_ta_region, compatible id shared-dma-pool
<6>[    0.000000] Reserved memory: created CMA memory pool at 0x00000000ef000000, size 48 MiB
<6>[    0.000000] OF: reserved mem: initialized node mem_dump_region, compatible id shared-dma-pool
<7>[    0.000000] On node 0 totalpages: 2959175
<7>[    0.000000] Normal zone: 46238 pages used for memmap
<7>[    0.000000] Normal zone: 0 pages reserved
<7>[    0.000000] Normal zone: 2959175 pages, LIFO batch:63
<6>[    0.000000] psci: probing for conduit method from DT.
<6>[    0.000000] psci: PSCIv1.1 detected in firmware.
<6>[    0.000000] psci: Using standard PSCI v0.2 function IDs
<6>[    0.000000] psci: MIGRATE_INFO_TYPE not supported.
<6>[    0.000000] psci: SMC Calling Convention v1.0
<6>[    0.000000] psci: OSI mode supported.
<6>[    0.000000] psci: Switched to OSI mode.
<6>[    0.000000] percpu: Embedded 32 pages/cpu s93400 r8192 d29480 u131072
<7>[    0.000000] pcpu-alloc: s93400 r8192 d29480 u131072 alloc=32*4096
<7>[    0.000000] pcpu-alloc: [0] 0 [0] 1 [0] 2 [0] 3 [0] 4 [0] 5 [0] 6 [0] 7 
<6>[    0.000000] Detected VIPT I-cache on CPU0
<6>[    0.000000] CPU features: detected: GIC system register CPU interface
<6>[    0.000000] CPU features: kernel page table isolation forced ON by KASLR
<6>[    0.000000] CPU features: detected: Kernel page table isolation (KPTI)
<6>[    0.000000] CPU features: detected: Speculative Store Bypassing Safe (SSBS)
<6>[    0.000000] Built 1 zonelists, mobility grouping on.  Total pages: 2912937
<5>[    0.000000] Kernel command line: cgroup_disable=pressure log_buf_len=1M earlycon=msm_geni_serial,0x98c000 rcupdate.rcu_expedited=1 rcu_nocbs=0-7 androidboot.hardware=qcom androidboot.memcg=1 androidboot.usbcontroller=a600000.dwc3 cgroup.memory=nokmem,nosocket loop.max_part=7 lpm_levels.sleep_disabled=1 msm_rtb.filter=0x237 pcie_ports=compat service_locator.enable=1 swiotlb=0 ip6table_raw.raw_before_defrag=1 iptable_raw.raw_before_defrag=1  lk_version=V1.0 androidboot.startupmode=hard_reset androidboot.mode=normal printk.disable_uart=1 short_c_feature_sw_status=0 phx_rus_conf.main_on=1 phx_rus_conf.recovery_method=2 phx_rus_conf.kernel_time=240 phx_rus_conf.android_time=250 smooth_soc_switch=0 simcardnum.doublesim=1 androidboot.opt_sim_count=2 androidboot.prjname=19815 esim.status=0 androidboot.verifiedbootstate=orange androidboot.keymaster=1  androidboot.bootdevice=1d84000.ufshc androidboot.fstab_suffix=default androidboot.boot_devices=soc/1d84000.ufshc androidboot.seria
<6>[    0.000000] cgroup: Disabling pressure control group feature
<3>[    0.000000] [OPLUS_CHG][oplus_short_c_feature_sw_status_init]short_c_feature_sw_status[0]
<6>[    0.000000] Dentry cache hash table entries: 2097152 (order: 12, 16777216 bytes, linear)
<6>[    0.000000] Inode-cache hash table entries: 1048576 (order: 11, 8388608 bytes, linear)
<6>[    0.000000] mem auto-init: stack:all(zero), heap alloc:on, heap free:off
<6>[    0.000000] Memory: 10990028K/11836700K available (21116K kernel code, 3024K rwdata, 14360K rodata, 1600K init, 3291K bss, 371536K reserved, 475136K cma-reserved)
<6>[    0.000000] SLUB: HWalign=64, Order=0-3, MinObjects=0, CPUs=8, Nodes=1
<6>[    0.000000] rcu: Preemptible hierarchical RCU implementation.
<6>[    0.000000] rcu: \x09RCU dyntick-idle grace-period acceleration is enabled.
<6>[    0.000000] rcu: \x09RCU restricting CPUs from NR_CPUS=32 to nr_cpu_ids=8.
<6>[    0.000000] \x09All grace periods are expedited (rcu_expedited).
<6>[    0.000000] \x09Trampoline variant of Tasks RCU enabled.
<6>[    0.000000] \x09Tracing variant of Tasks RCU enabled.
<6>[    0.000000] rcu: RCU calculated value of scheduler-enlistment delay is 25 jiffies.
<6>[    0.000000] rcu: Adjusting geometry for rcu_fanout_leaf=16, nr_cpu_ids=8
<6>[    0.000000] NR_IRQS: 64, nr_irqs: 64, preallocated irqs: 0
<6>[    0.000000] GICv3: 988 SPIs implemented
<6>[    0.000000] GICv3: 0 Extended SPIs implemented
<6>[    0.000000] GICv3: Distributor has no Range Selector support
<6>[    0.000000] GICv3: 16 PPIs implemented
<6>[    0.000000] GICv3: no VLPI support, no direct LPI support
<6>[    0.000000] rcu: \x09Offload RCU callbacks from CPUs: 0-7.
<6>[    0.000000] arch_timer: cp15 and mmio timer(s) running at 19.20MHz (virt/virt).
<6>[    0.000000] clocksource: arch_sys_counter: mask: 0xffffffffffffff max_cycles: 0x46d987e47, max_idle_ns: 440795202767 ns
<6>[    0.000004] sched_clock: 56 bits at 19MHz, resolution 52ns, wraps every 4398046511078ns
<6>[    0.000020] clocksource: Switched to clocksource arch_sys_counter
<6>[    0.007083] serial port 0 not yet initialized
<6>[    0.007121] Calibrating delay loop (skipped), value calculated using timer frequency.. 38.40 BogoMIPS (lpj=76800)
<6>[    0.007130] pid_max: default: 32768 minimum: 301
<6>[    0.007258] LSM: Security Framework initializing
<6>[    0.007303] SELinux:  Initializing.
<6>[    0.007427] Mount-cache hash table entries: 32768 (order: 6, 262144 bytes, linear)
<6>[    0.007460] Mountpoint-cache hash table entries: 32768 (order: 6, 262144 bytes, linear)
<6>[    0.009123] ASID allocator initialised with 32768 entries
<6>[    0.009212] rcu: Hierarchical SRCU implementation.
<6>[    0.009535] dynamic_debug:dynamic_debug_init: Ignore empty _ddebug table in a CONFIG_DYNAMIC_DEBUG_CORE build
<3>[    0.013202] scm_mem_protection_init_do: SCM call failed
<6>[    0.013215] EFI services will not be available.
<6>[    0.013607] smp: Bringing up secondary CPUs ...
<6>[    0.014610] Detected VIPT I-cache on CPU1
<6>[    0.014732] CPU1: Booted secondary processor 0x0000000100 [0x412fd050]
<6>[    0.015943] Detected VIPT I-cache on CPU2
<6>[    0.016041] CPU2: Booted secondary processor 0x0000000200 [0x412fd050]
<6>[    0.017116] Detected VIPT I-cache on CPU3
<6>[    0.017209] CPU3: Booted secondary processor 0x0000000300 [0x412fd050]
<6>[    0.020526] CPU features: detected: Spectre-BHB
<6>[    0.020532] CPU features: detected: SSBS not fully self-synchronizing
<6>[    0.020563] Detected PIPT I-cache on CPU4
<4>[    0.020585] CPU features: SANITY CHECK: Unexpected variation in SYS_ID_ISAR4_EL1. Boot CPU: 0x00000000011142, CPU4: 0x00000000010142
<4>[    0.020593] CPU features: SANITY CHECK: Unexpected variation in SYS_ID_PFR0_EL1. Boot CPU: 0x00000010000131, CPU4: 0x00000010010131
<4>[    0.020599] CPU features: SANITY CHECK: Unexpected variation in SYS_ID_PFR1_EL1. Boot CPU: 0x00000010011011, CPU4: 0x00000010010000
<4>[    0.020604] CPU features: Unsupported CPU feature variation detected.
<6>[    0.020770] CPU4: Booted secondary processor 0x0000000400 [0x411fd410]
<6>[    0.022213] Detected PIPT I-cache on CPU5
<4>[    0.022237] CPU features: SANITY CHECK: Unexpected variation in SYS_ID_ISAR4_EL1. Boot CPU: 0x00000000011142, CPU5: 0x00000000010142
<4>[    0.022246] CPU features: SANITY CHECK: Unexpected variation in SYS_ID_PFR0_EL1. Boot CPU: 0x00000010000131, CPU5: 0x00000010010131
<4>[    0.022251] CPU features: SANITY CHECK: Unexpected variation in SYS_ID_PFR1_EL1. Boot CPU: 0x00000010011011, CPU5: 0x00000010010000
<6>[    0.022404] CPU5: Booted secondary processor 0x0000000500 [0x411fd410]
<6>[    0.023827] Detected PIPT I-cache on CPU6
<4>[    0.023849] CPU features: SANITY CHECK: Unexpected variation in SYS_ID_ISAR4_EL1. Boot CPU: 0x00000000011142, CPU6: 0x00000000010142
<4>[    0.023857] CPU features: SANITY CHECK: Unexpected variation in SYS_ID_PFR0_EL1. Boot CPU: 0x00000010000131, CPU6: 0x00000010010131
<4>[    0.023862] CPU features: SANITY CHECK: Unexpected variation in SYS_ID_PFR1_EL1. Boot CPU: 0x00000010011011, CPU6: 0x00000010010000
<6>[    0.024020] CPU6: Booted secondary processor 0x0000000600 [0x411fd410]
<6>[    0.027365] Detected PIPT I-cache on CPU7
<4>[    0.027375] CPU features: SANITY CHECK: Unexpected variation in SYS_ID_ISAR4_EL1. Boot CPU: 0x00000000011142, CPU7: 0x00000000010142
<4>[    0.027379] CPU features: SANITY CHECK: Unexpected variation in SYS_ID_PFR0_EL1. Boot CPU: 0x00000010000131, CPU7: 0x00000010010131
<4>[    0.027381] CPU features: SANITY CHECK: Unexpected variation in SYS_ID_PFR1_EL1. Boot CPU: 0x00000010011011, CPU7: 0x00000010010000
<6>[    0.027463] CPU7: Booted secondary processor 0x0000000700 [0x411fd440]
<6>[    0.027618] smp: Brought up 1 node, 8 CPUs
<6>[    0.027696] SMP: Total of 8 processors activated.
<6>[    0.027703] CPU features: detected: Privileged Access Never
<6>[    0.027707] CPU features: detected: LSE atomic instructions
<6>[    0.027711] CPU features: detected: User Access Override
<6>[    0.027715] CPU features: detected: 32-bit EL0 Support
<6>[    0.027720] CPU features: detected: Common not Private translations
<6>[    0.027724] CPU features: detected: RAS Extension Support
<6>[    0.027730] CPU features: detected: Data cache clean to the PoU not required for I/D coherence
<6>[    0.027734] CPU features: detected: CRC32 instructions
<6>[    0.066009] CPU: All CPU(s) started at EL1
<6>[    0.066068] alternatives: patching kernel code
<5>[    0.293490] Registered cp15_barrier emulation handler
<5>[    0.293513] Registered setend emulation handler
<6>[    0.293820] clocksource: jiffies: mask: 0xffffffff max_cycles: 0xffffffff, max_idle_ns: 7645041785100000 ns
<6>[    0.293844] futex hash table entries: 2048 (order: 5, 131072 bytes, linear)
<6>[    0.298052] pinctrl core: initialized pinctrl subsystem
<6>[    0.298088] <sensor_feedback>sensor_feedback_init call
<6>[    0.298376] NET: Registered protocol family 16
<6>[    0.299408] DMA: preallocated 256 KiB pool for atomic allocations
<6>[    0.299422] audit: initializing netlink subsys (disabled)
<5>[    0.299526] audit: type=2000 audit(0.295:1): state=initialized audit_enabled=0 res=1
<6>[    0.299706] cpuidle: using governor menu
<6>[    0.299802] NET: Registered protocol family 42
<6>[    0.300110] hw-breakpoint: found 6 breakpoint and 4 watchpoint registers.
<3>[    0.300548] update_japan_softlink
<6>[    0.300557] boot_mode_init: parse boot_mode
<3>[    0.300576] androidboot.mode= normal
<3>[    0.300613] board_ftm_mode_init ftm_mode=0
<6>[    0.300622] parse poweron reason hard_reset i = 10
<6>[    0.300661] oplus_devinfo_init call
<6>[    0.300700] Serial: AMBA PL011 UART driver
<6>[    0.300983] DMA: preallocated 256 KiB pool for atomic allocations
<6>[    0.301856] printk: console [pstore0] enabled
<6>[    0.301892] pstore: Registered ramoops as persistent store backend
<6>[    0.301897] ramoops: using 0x5b8000@0xe9700000, ecc: 0
<3>[    0.301903] Minidump: Invalid entry details
<3>[    0.301907] ramoops: failed to add dmesg in minidump
<3>[    0.301911] Minidump: Invalid entry details
<3>[    0.301914] ramoops: failed to add dmesg in minidump
<3>[    0.301918] Minidump: Invalid entry details
<3>[    0.301922] ramoops: failed to add dmesg in minidump
<3>[    0.301925] Minidump: Invalid entry details
<3>[    0.301929] ramoops: failed to add dmesg in minidump
<3>[    0.301932] Minidump: Invalid entry details
<3>[    0.301936] ramoops: failed to add dmesg in minidump
<6>[    0.526797] pm8350_s5_level: supplied by pm8350_s9_level
<6>[    0.526954] pm8350_s5_lvl_ao: supplied by pm8350_s9_level_ao
<6>[    0.926764] pm8350c_s6_level: supplied by pm8350_s5_level
<6>[    0.926955] pm8350c_s6_level_ao: supplied by pm8350_s5_lvl_ao
<6>[    0.948566] pm8350_s9_mmcx_sup_level: supplied by pm8350c_s6_mmcx_sup_level
<6>[    0.948581] pm8350_s5_mmcx_sup_level: supplied by pm8350_s9_mmcx_sup_level
<6>[    0.948595] pm8350c_s8_level: supplied by pm8350_s5_mmcx_sup_level
<6>[    0.948734] pm8350c_s8_level_ao: supplied by pm8350_s5_lvl_ao
<6>[    1.042938] msm-dcc 117f000.dcc_v2: DCC list passed 3
<6>[    1.043218] msm-dcc 117f000.dcc_v2: All values written to enable.
<6>[    1.043345] msm-dcc 117f000.dcc_v2: DCC list passed 4
<6>[    1.043697] msm-dcc 117f000.dcc_v2: All values written to enable.
<6>[    1.043946] msm-dcc 117f000.dcc_v2: DCC list passed 6
<6>[    1.044407] msm-dcc 117f000.dcc_v2: All values written to enable.
<6>[    1.053101] spmi spmi-0: PMIC arbiter version v5 (0x50020000)
<6>[    1.053793] sps:sps is ready
<6>[    1.059297] oplus_devinfo_probe call
<6>[    1.059316] start 
<3>[    1.059328] gsensor_feature[0] : 0
<3>[    1.059338] gsensor_feature[0] : 0
<3>[    1.059350] soft magnetic parameter[0] : 10000
<3>[    1.059355] soft magnetic parameter[1] : 0
<3>[    1.059359] soft magnetic parameter[2] : 0
<3>[    1.059363] soft magnetic parameter[3] : 0
<3>[    1.059367] soft magnetic parameter[4] : 0
<3>[    1.059372] soft magnetic parameter[5] : 0
<3>[    1.059377] soft magnetic parameter[6] : 0
<3>[    1.059380] soft magnetic parameter[7] : 0
<3>[    1.059385] soft magnetic parameter[8] : 10000
<3>[    1.059389] soft magnetic parameter[9] : 0
<3>[    1.059393] soft magnetic parameter[10] : 0
<3>[    1.059397] soft magnetic parameter[11] : 0
<3>[    1.059401] soft magnetic parameter[12] : 0
<3>[    1.059406] soft magnetic parameter[13] : 0
<3>[    1.059410] soft magnetic parameter[14] : 0
<3>[    1.059414] soft magnetic parameter[15] : 0
<3>[    1.059418] soft magnetic parameter[16] : 10000
<3>[    1.059422] soft magnetic parameter[17] : 0
<3>[    1.059433] soft magnetic parameter[0] : 9903
<3>[    1.059437] soft magnetic parameter[1] : 0
<3>[    1.059441] soft magnetic parameter[2] : 1192
<3>[    1.059446] soft magnetic parameter[3] : 0
<3>[    1.059450] soft magnetic parameter[4] : 710
<3>[    1.059454] soft magnetic parameter[5] : 1
<3>[    1.059459] soft magnetic parameter[6] : 515
<3>[    1.059463] soft magnetic parameter[7] : 0
<3>[    1.059468] soft magnetic parameter[8] : 10360
<3>[    1.059472] soft magnetic parameter[9] : 0
<3>[    1.059476] soft magnetic parameter[10] : 4
<3>[    1.059480] soft magnetic parameter[11] : 1
<3>[    1.059484] soft magnetic parameter[12] : 269
<3>[    1.059488] soft magnetic parameter[13] : 0
<3>[    1.059493] soft magnetic parameter[14] : 1488
<3>[    1.059497] soft magnetic parameter[15] : 1
<3>[    1.059501] soft magnetic parameter[16] : 11430
<3>[    1.059505] soft magnetic parameter[17] : 0
<3>[    1.059514] light feature[als-type] : 1
<3>[    1.059520] light feature[is-unit-device] : 0
<3>[    1.059526] light feature[is-als-dri] : 0
<3>[    1.059533] light feature[als-factor] : 1000
<3>[    1.059539] light feature[is_als_initialed] : 0
<3>[    1.059546] light feature[als_buffer_length] : 10
<3>[    1.059552] light feature[normalization_value] : 1057
<6>[    1.059558] parse use_lb_algo failed!
<3>[    1.059559] light feature[use_lb_algo] : 0
<6>[    1.059566] parse para-matrix failed!
<3>[    1.059568] light feature[para-matrix] : 0
<3>[    1.059576] light feature[als_ratio_type] : 0
<6>[    1.059581] parse coef_a failed!
<3>[    1.059583] light_para[coef_a] : 0
<6>[    1.059589] parse coef_b failed!
<3>[    1.059590] light_para[coef_b] : 0
<6>[    1.059596] parse coef_c failed!
<3>[    1.059598] light_para[coef_c] : 0
<6>[    1.059605] parse coef_d failed!
<3>[    1.059606] light_para[coef_d] : 0
<6>[    1.059613] parse coef_e failed!
<3>[    1.059614] light_para[coef_e] : 0
<6>[    1.059621] parse coef_ratio failed!
<3>[    1.059623] light_para[coef_ratio] : 0
<3>[    1.059631] light_para[gold-reset-scale] : 1001
<6>[    1.059636] parse lcd_type failed!
<3>[    1.059637] light_para[lcd_type] : 0
<6>[    1.059644] parse linear_comp_scope failed!
<3>[    1.059646] light_para[linear_comp_scope] : 0
<6>[    1.059653] parse linear_comp_intercept failed!
<3>[    1.059655] light_para[linear_comp_intercept] : 0
<6>[    1.059663] parse temp_lux failed!
<3>[    1.059664] light_para[temp_lux] : 0
<6>[    1.059670] parse coef failed!
<3>[    1.059671] light_para[coef] : 0
<6>[    1.059677] parse bal_coef failed!
<3>[    1.059679] light_para[bal_coef] : 0
<6>[    1.059685] parse ir_coef_stage_0 failed!
<3>[    1.059687] light_para[ir_coef_stage_0] : 0
<6>[    1.059693] parse ir_coef_stage_1 failed!
<3>[    1.059694] light_para[ir_coef_stage_1] : 0
<6>[    1.059702] parse ir_coef_stage_2 failed!
<3>[    1.059703] light_para[ir_coef_stage_2] : 0
<6>[    1.059712] parse ir_coef_stage_3 failed!
<3>[    1.059713] light_para[ir_coef_stage_3] : 0
<6>[    1.059720] parse ir_coef_val_0 failed!
<3>[    1.059721] light_para[ir_coef_val_0] : 0
<6>[    1.059730] parse ir_coef_val_1 failed!
<3>[    1.059731] light_para[ir_coef_val_1] : 0
<6>[    1.059738] parse ir_coef_val_2 failed!
<3>[    1.059740] light_para[ir_coef_val_2] : 0
<6>[    1.059746] parse ir_coef_val_3 failed!
<3>[    1.059748] light_para[ir_coef_val_3] : 0
<6>[    1.059754] parse ir_coef_val_4 failed!
<3>[    1.059756] light_para[ir_coef_val_4] : 0
<6>[    1.059762] parse lb-dbv-coefs-id failed!
<3>[    1.059763] light_para[lb-dbv-coefs-id] : 0
<6>[    1.059770] parse light-cut failed!
<3>[    1.059771] light_para[light-cut] : 0
<3>[    1.059785] parameter[0] : 0
<3>[    1.059789] parameter[1] : 0
<3>[    1.059793] parameter[2] : 0
<3>[    1.059798] parameter[3] : 0
<3>[    1.059802] parameter[4] : 0
<3>[    1.059807] parameter[5] : 0
<3>[    1.059811] parameter[6] : 0
<3>[    1.059815] parameter[7] : 0
<3>[    1.059820] parameter[8] : 0
<3>[    1.059824] parameter[9] : 0
<3>[    1.059829] parameter[10] : 0
<3>[    1.059834] parameter[11] : 0
<3>[    1.059839] parameter[12] : 0
<3>[    1.059843] parameter[13] : 0
<3>[    1.059849] parameter[14] : 0
<3>[    1.059853] parameter[15] : 0
<3>[    1.059859] parameter[16] : 0
<3>[    1.059863] parameter[17] : 0
<3>[    1.059867] parameter[18] : 0
<3>[    1.059872] parameter[19] : 0
<3>[    1.059876] parameter[20] : 0
<3>[    1.059880] parameter[21] : 0
<3>[    1.059884] parameter[22] : 0
<3>[    1.059891] sensor reg 0x1 = 0x31
<3>[    1.059896] sensor reg 0x3 = 0x60
<3>[    1.059900] ps-type:1 ps_saturation:2600 is_need_close_pd:0
<3>[    1.059915] sensor reg 0x24 = 0x47
<3>[    1.059919] sensor reg 0x27 = 0x14
<3>[    1.059925] sensor reg 0x28 = 0x3d
<3>[    1.059930] sensor reg 0x29 = 0x37
<3>[    1.059935] sensor reg 0x2a = 0x1f
<3>[    1.059941] sensor reg 0x40 = 0xb
<3>[    1.059946] sensor reg 0x41 = 0xb
<3>[    1.059952] sensor reg 0x45 = 0x23
<3>[    1.059956] sensor reg 0x11 = 0x27
<6>[    1.059961] parse sar sensor channel-num failed, rc -22, value 18
<6>[    1.059963] parse sar sensor dc_offset failed, rc -22, value 18
<3>[    1.059972] sensor reg 0x24 = 0x47
<3>[    1.059980] sensor reg 0x27 = 0x14
<3>[    1.059985] sensor reg 0x28 = 0x1f
<3>[    1.059989] sensor reg 0x29 = 0x37
<3>[    1.059994] sensor reg 0x2a = 0x3d
<3>[    1.059998] sensor reg 0x40 = 0xb
<3>[    1.060003] sensor reg 0x41 = 0xb
<3>[    1.060007] sensor reg 0x45 = 0x23
<3>[    1.060011] sensor reg 0x11 = 0x27
<3>[    1.060042] cct_feature[0] : 1
<3>[    1.060047] cct_feature[1] : 7
<3>[    1.060051] cct_feature[2] : 0
<3>[    1.060055] cct_feature[3] : 25
<3>[    1.060059] cct_feature[4] : 2
<3>[    1.060063] cct_parameter[0] : 1
<3>[    1.060068] cct_parameter[1] : 0
<3>[    1.060074] cct_parameter[2] : 0
<3>[    1.060079] cct_parameter[3] : 0
<3>[    1.060085] cct_parameter[4] : 0
<3>[    1.060090] cct_parameter[5] : 0
<3>[    1.060096] cct_parameter[6] : 0
<3>[    1.060101] cct_parameter[7] : 0
<3>[    1.060107] cct_parameter[8] : 0
<3>[    1.060112] cct_parameter[9] : 0
<3>[    1.060119] is-need-prox: 1, prox-type: 0
<3>[    1.060126] thrd-low: 12, thrd-high: 50, als-type: 0
<3>[    1.060132] prox-type :0
<6>[    1.060137] oplus_devinfo_probe success
<6>[    1.060146] oplus_press_cali_data_init call
<6>[    1.060153] oplus_als_cali_data_init call
<6>[    1.062517] hh-watchdog hypervisor:qcom,hh-watchdog: QCOM Apps Watchdog Initialized
<6>[    1.069040] cryptomgr_test (78) used greatest stack depth: 14640 bytes left
<6>[    1.070303] cryptd: max_cpu_qlen set to 1000
<6>[    1.073863] gcc_pcie_0_gdsc: supplied by pm8350c_s6_level
<6>[    1.075920] gcc_pcie_1_gdsc: supplied by pm8350c_s6_level
<6>[    1.077973] gcc_ufs_card_gdsc: supplied by pm8350c_s6_level
<6>[    1.080035] gcc_ufs_phy_gdsc: supplied by pm8350c_s6_level
<6>[    1.080096] cryptomgr_test (78): highest shadow stack usage: 112 bytes
<6>[    1.090258] gpu_cc_cx_gdsc: supplied by pm8350c_s6_level
<6>[    1.092307] gpu_cc_gx_gdsc: supplied by pm8350_s6_level
<6>[    1.096886] qmp-aop-clk soc:qcom,aopclk: Registered clocks with AOP
<6>[    1.119188] oledb: Bringing 0uV into 5000000-5000000uV
<6>[    1.119283] ab: Bringing 0uV into 4600000-4600000uV
<6>[    1.119351] ibb: Bringing 0uV into 1400000-1400000uV
<6>[    1.119421] lahaina-gcc 100000.qcom,gcc: Registered GCC clocks
<6>[    1.127864] gpu_cc-lahaina 3d90000.qcom,gpucc: Registered GPU CC clocks
<3>[    1.183986] Rate 19200000 for cam_cc_sleep_clk_src is greater than highest Fmax
<3>[    1.183993] Rate 19200000 for cam_cc_sleep_clk_src is greater than highest Fmax
<6>[    1.186953] lahaina-cam_cc ad00000.qcom,camcc: Registered CAM CC clocks
<6>[    1.201400] video_cc-lahaina abf0000.qcom,videocc: Registered VIDEO CC clocks
<6>[    1.205085] KPI: Bootloader start count = 122752
<6>[    1.205090] KPI: Bootloader end count = 172684
<6>[    1.205095] KPI: Bootloader display count = 627852608
<6>[    1.205100] KPI: Bootloader load kernel count = 184670219
<6>[    1.205105] KPI: Kernel MPM timestamp = 230950
<6>[    1.205109] KPI: Kernel MPM Clock frequency = 32768
<6>[    1.205326] Minidump: Enabled with max number of regions 200
<6>[    1.205873] iommu: Default domain type: Translated 
<5>[    1.209480] arm-smmu 3da0000.kgsl-smmu: \x09coherent table walk
<5>[    1.209487] arm-smmu 3da0000.kgsl-smmu: \x09stream matching with 6 register groups
<5>[    1.211200] SCSI subsystem initialized
<6>[    1.211257] usbcore: registered new interface driver usbfs
<6>[    1.211276] usbcore: registered new interface driver hub
<6>[    1.211293] usbcore: registered new device driver usb
<4>[    1.211439] usb_phy_generic soc:usb_nop_phy: soc:usb_nop_phy supply vcc not found, using dummy regulator
<3>[    1.211841] qcom,qpnp-power-on c440000.qcom,spmi:qcom,pmk8350@0:pon_pbs@800: IRQ pmic-wd-bark not found
<3>[    1.211976] qcom,qpnp-power-on c440000.qcom,spmi:qcom,pmk8350@0:pon_hlos@1300: IRQ pmic-wd-bark not found
<6>[    1.212058] input: qpnp_pon as /devices/platform/soc/c440000.qcom,spmi/spmi-0/spmi0-00/c440000.qcom,spmi:qcom,pmk8350@0:pon_hlos@1300/input/input0
<6>[    1.212471] oplus_fp_common soc:oplus_fp_common: fp_id_amount: 1
<3>[    1.212476] oplus_fp_common soc:oplus_fp_common: oplus,one_gpio_for_three_ic is not define
<6>[    1.212483] oplus_fp_common soc:oplus_fp_common: fp_gpio_current_node: oplus,fp_gpio_0
<6>[    1.212497] oplus_fp_common soc:oplus_fp_common: gpio_index: 427,fp_id: 0
<6>[    1.212505] oplus_fp_common soc:oplus_fp_common: fpsensor_type: 11, chip_name: G_OPTICAL_G3S, eng_menu: -1,-1
<6>[    1.212702] mc: Linux media interface: v0.10
<6>[    1.212720] videodev: Linux video capture interface: v2.00
<6>[    1.212759] thermal_sys: Registered thermal governor 'step_wise'
<6>[    1.212761] thermal_sys: Registered thermal governor 'user_space'
<6>[    1.212767] thermal_sys: Registered thermal governor 'power_allocator'
<3>[    1.216429] Error creating thermal debugfs directory. err:-19
<6>[    1.224292] EDAC MC: Ver: 3.0.0
<6>[    1.225360] core_ctl: Creating CPU group 0
<6>[    1.225364] core_ctl: Init CPU0 state
<6>[    1.225366] core_ctl: Init CPU1 state
<6>[    1.225368] core_ctl: Init CPU2 state
<6>[    1.225370] core_ctl: Init CPU3 state
<6>[    1.225437] core_ctl: Creating CPU group 4
<6>[    1.225439] core_ctl: Init CPU4 state
<6>[    1.225441] core_ctl: Init CPU5 state
<6>[    1.225443] core_ctl: Init CPU6 state
<6>[    1.225503] core_ctl: Creating CPU group 7
<6>[    1.225505] core_ctl: Init CPU7 state
<4>[    1.228868] shmbridge is enabled
<6>[    1.229797] IPA framework init
<6>[    1.230397] dev-cpufreq: No tables parsed from DT.
<6>[    1.230512] SDAM base=0x7100 size=128 registered successfully
<6>[    1.230540] SDAM base=0x7400 size=128 registered successfully
<6>[    1.230564] SDAM base=0x7c00 size=128 registered successfully
<6>[    1.230595] SDAM base=0x7d00 size=128 registered successfully
<6>[    1.230617] SDAM base=0x8400 size=128 registered successfully
<6>[    1.230641] SDAM base=0x8500 size=128 registered successfully
<6>[    1.230664] SDAM base=0x8600 size=128 registered successfully
<6>[    1.230688] SDAM base=0x9d00 size=128 registered successfully
<6>[    1.230707] Advanced Linux Sound Architecture Driver Initialized.
<6>[    1.230904] IPA clients manager init
<6>[    1.230906] ipa_usb driver init
<6>[    1.230969] ipa_usb registered successfully
<6>[    1.230971] exit: IPA_USB init success!
<6>[    1.230974] ipa_wdi3 registered successfully
<6>[    1.230977] ipa_gsb registered successfully
<6>[    1.230979] ipa_uc_offload registered successfully
<6>[    1.230981] ipa_mhi registered successfully
<6>[    1.230984] ipa_wigig registered successfully
<6>[    1.231088] Bluetooth: Core ver 2.22
<6>[    1.231092] NET: Registered protocol family 31
<6>[    1.231094] Bluetooth: HCI device and connection manager initialized
<6>[    1.231098] Bluetooth: HCI socket layer initialized
<6>[    1.231100] Bluetooth: L2CAP socket layer initialized
<6>[    1.231103] Bluetooth: SCO socket layer initialized
<1>[    1.231137] pcie:pcie_init.
<6>[    1.232811] platform soc:qcom,ion:qcom,ion-heap@22: assigned reserved memory node sdsp_region
<6>[    1.234079] platform soc:qcom,ion:qcom,ion-heap@13: assigned reserved memory node sp_region
<6>[    1.234505] platform soc:qcom,ion:qcom,ion-heap@26: assigned reserved memory node user_contig_region
<6>[    1.234925] platform soc:qcom,ion:qcom,ion-heap@27: assigned reserved memory node qseecom_region
<6>[    1.235344] platform soc:qcom,ion:qcom,ion-heap@19: assigned reserved memory node qseecom_ta_region
<6>[    1.235764] platform soc:qcom,ion:qcom,ion-heap@10: assigned reserved memory node secure_display_region
<6>[    1.236188] platform soc:qcom,ion:qcom,ion-heap@5: assigned reserved memory node audio_cma_region
<6>[    1.236612] platform soc:qcom,ion:qcom,ion-heap@3: assigned reserved memory node non_secure_display_region
<6>[    1.236724] ION heap system created
<6>[    1.236774] ION heap adsp created
<6>[    1.236781] ION heap secure_heap created
<6>[    1.280882] platform soc:qcom,ion:qcom,ion-heap@14: ion_secure_carveout: creating heap@0x80c00000, size 0x4600000
<6>[    1.280889] ION heap secure_carveout created
<6>[    1.280892] ION heap spss created
<6>[    1.280895] ION heap user_contig created
<6>[    1.280898] ION heap qsecom created
<6>[    1.280900] ION heap qsecom_ta created
<6>[    1.280903] ION heap secure_display created
<6>[    1.280905] ION heap audio_ml created
<6>[    1.280908] ION heap display created
<6>[    1.281142] clocksource: Switched to clocksource arch_sys_counter
<5>[    1.292917] VFS: Disk quotas dquot_6.6.0
<6>[    1.292941] VFS: Dquot-cache hash table entries: 512 (order 0, 4096 bytes)
<6>[    1.293330] debugcc-lahaina soc:qcom,cc-debug: Registered debug measure clocks
<6>[    1.293832] NET: Registered protocol family 2
<6>[    1.293979] IP idents hash table entries: 262144 (order: 9, 2097152 bytes, linear)
<6>[    1.295225] tcp_listen_portaddr_hash hash table entries: 8192 (order: 5, 131072 bytes, linear)
<6>[    1.295340] TCP established hash table entries: 131072 (order: 8, 1048576 bytes, linear)
<6>[    1.295451] TCP bind hash table entries: 65536 (order: 8, 1048576 bytes, linear)
<6>[    1.295721] TCP: Hash tables configured (established 131072 bind 65536)
<6>[    1.295776] UDP hash table entries: 8192 (order: 6, 262144 bytes, linear)
<6>[    1.295810] UDP-Lite hash table entries: 8192 (order: 6, 262144 bytes, linear)
<6>[    1.295857] NET: Registered protocol family 1
<6>[    1.296140] NET: Registered protocol family 44
<6>[    1.296146] PCI: CLS 0 bytes, default 64
<6>[    1.296215] Trying to unpack rootfs image as initramfs...
<6>[    1.344219] Freeing initrd memory: 25744K
<6>[    1.344853] hw perfevents: enabled with armv8_pmuv3 PMU driver, 7 counters available
<5>[    1.347905] Initialise system trusted keyrings
<6>[    1.347978] workingset: timestamp_bits=46 max_order=22 bucket_order=0
<6>[    1.349173] fuse: init (API version 7.31)
<5>[    1.358243] Key type asymmetric registered
<5>[    1.358246] Asymmetric key parser 'x509' registered
<6>[    1.358255] Block layer SCSI generic (bsg) driver version 0.4 loaded (major 241)
<6>[    1.358258] io scheduler mq-deadline registered
<6>[    1.358260] io scheduler kyber registered
<6>[    1.358286] io scheduler bfq registered
<6>[    1.365133] memshare soc:qcom,memshare:qcom,client_1: memshare: Continuing with allocation from CMA
<6>[    1.365141] memshare soc:qcom,memshare:qcom,client_1: for memshare_GPS segments only will be dumped.
<6>[    1.365629] memshare soc:qcom,memshare:qcom,client_2: memshare: Continuing with allocation from CMA
<6>[    1.365635] memshare soc:qcom,memshare:qcom,client_2: for memshare_FTM segments only will be dumped.
<6>[    1.366115] memshare soc:qcom,memshare:qcom,client_3: assigned reserved memory node memshare_region
<6>[    1.366118] memshare soc:qcom,memshare:qcom,client_3: memshare: Memory allocation from shared DMA pool
<6>[    1.366121] memshare soc:qcom,memshare:qcom,client_3: for memshare_DIAG segments only will be dumped.
<6>[    1.367292] v0.15, id=415, ver=2.1, raw_id=309, raw_ver=3, hw_plat=8, hw_plat_ver=65536\x0a accessory_chip=0, hw_plat_subtype=0, pmic_model=65583, pmic_die_revision=131072 foundry_id=3 serial_number=2471452006 num_pmics=6 chip_family=0x69 raw_device_family=0x6 raw_device_number=0xf nproduct_id=0x41d num_clusters=0x1 ncluster_array_offset=0xb0 num_defective_parts=0xf ndefective_parts_array_offset=0xb4 nmodem_supported=0xffffffff
<3>[    1.367665] lahaina-llcc 9200000.cache-controller: IRQ index 0 not found
<6>[    1.368054] msm_mem_dump soc:mem_dump: assigned reserved memory node mem_dump_region
<6>[    1.374581] MSM Memory Dump base table set up
<6>[    1.374585] MSM Memory Dump apps data table set up
<3>[    1.375073] sensors-ssc soc:qcom,msm-ssc-sensors: sensors_ssc_probe: vdd_2v8 is not NULL
<3>[    1.388035] sensors-ssc soc:qcom,msm-ssc-sensors: sensors_ssc_probe: vddio_1v8 is not NULL
<6>[    1.389089] PMIC PON log: Reset Trigger: PS_HOLD
<6>[    1.389105] PMIC PON log: Reset Type: HARD_RESET
<6>[    1.389145] PMIC PON log: PON Trigger: USB_CHARGER
<6>[    1.389160] PMIC PON log: PON Trigger: HARD_RESET
<6>[    1.389225] PMIC PON log: Reset Trigger: PS_HOLD
<6>[    1.389239] PMIC PON log: Reset Type: HARD_RESET
<6>[    1.389288] PMIC PON log: PON Trigger: HARD_RESET
<6>[    1.389352] PMIC PON log: Reset Trigger: PS_HOLD
<6>[    1.389366] PMIC PON log: Reset Type: HARD_RESET
<6>[    1.389406] PMIC PON log: PON Trigger: HARD_RESET
<6>[    1.390031] cdsprm: Init successful
<6>[    1.390268] 88e0000.qcom,msm-eud: ttyEUD0 at MMIO 0x0 (irq = 39, base_baud = 0) is a EUD UART
<7>[    1.390562] qbt:qbt_handler_init: entry
<3>[    1.390951] <kernel_fb>kernel_fb_init
<6>[    1.391022] <kernel_fb>kernel_fb_init probe ok
<6>[    1.391026] mm_kevent: genl_register_family complete, id = 23!
<6>[    1.391029] mm_kevent: init ok
<6>[    1.391099] mm_fb_kevent_init: init success
<3>[    1.391102] devinfo:init_oplus_aboard_type()
<6>[    1.391175] [line:713][module:oplus-gpio][oplus_gpio_init] enter
<6>[    1.391974] msm_geni_serial_init: Driver initialized
<4>[    1.392214] Error: swapper/0: fastrpc_device_init: failed to create debugfs root dir
<6>[    1.392231] cryptomgr_test (208) used greatest stack depth: 14608 bytes left
<6>[    1.392455] Info: adsprpc (3089): swapper/0: fastrpc_get_dsp_status: adsprpc: fastrpc_get_dsp_status: cdsp node found with ret:1
<6>[    1.392493] fastrpc soc:qcom,msm-adsprpc-mem: assigned reserved memory node adsp_region
<6>[    1.392496] fastrpc soc:qcom,msm-adsprpc-mem: for adsp_rh segments only will be dumped.
<6>[    1.392517] Info: adsprpc (6789): swapper/0: init_secure_vmid_list: secure VMID = 22
<6>[    1.392519] Info: adsprpc (6789): swapper/0: init_secure_vmid_list: secure VMID = 37
<6>[    1.392522] adsprpc: fastrpc_init_privileged_gids: privileged GID: 2908
<6>[    1.392529] adsprpc: fastrpc_setup_service_locator: service location enabled for avs/audio (audio_pdr_adsprpc)
<6>[    1.392532] adsprpc: fastrpc_setup_service_locator: service location enabled for tms/servreg (sensors_pdr_adsprpc)
<6>[    1.401129] adsprpc: fastrpc_device_init: SSR notifier registered for adsp
<6>[    1.401132] adsprpc: fastrpc_device_init: SSR notifier registered for modem
<6>[    1.401135] adsprpc: fastrpc_device_init: SSR notifier registered for slpi
<6>[    1.401137] adsprpc: fastrpc_device_init: SSR notifier registered for cdsp
<6>[    1.410955] adreno-a6xx-gmu 3d6a000.qcom,gmu: Adding to iommu group 0
<6>[    1.412736] brd: module loaded
<6>[    1.413435] loop: module loaded
<6>[    1.413480] zram: Added device: zram0
<6>[    1.413533] platform soc:qcom,ion:qcom,ion-heap@19: assigned reserved memory node qseecom_ta_region
<6>[    1.413936] platform soc:qcom,ion:qcom,ion-heap@27: assigned reserved memory node qseecom_region
<6>[    1.414017] platform soc:qcom,ion:qcom,ion-heap@26: assigned reserved memory node user_contig_region
<6>[    1.414107] qseecom soc:qseecom@c1700000: assigned reserved memory node qseecom_region
<6>[    1.414145] QSEECOM: qseecom_init_control: qseecom.qsee_version = 0x1402000
<4>[    1.414184] QSEECOM: qseecom_retrieve_ce_data: Device does not support PFE/FDE
<3>[    1.414469] [sim_detect]:sim_detect_probe enter
<3>[    1.414932] OF: /soc/oplus_sim_detect: could not find phandle
<3>[    1.414935] [sim_detect]:sim detect gpio not specified
<6>[    1.414965] [line:892][module:oem_qmi][oem_qmi_init] enter
<6>[    1.415070] [line:851][module:oem_qmi][oem_qmi_probe] enter
<6>[    1.415106] [line:860][module:oem_qmi][oem_qmi_probe] leave
<6>[    1.415110] [line:937][module:oem_qmi][oem_qmi_init] leave
<4>[    1.415344] oplus_ufs_common_init
<3>[    1.415479] spmi_pmic_arb_debug 6b12000.qcom,spmi-debug: SPMI PMIC arbiter debug bus disabled by fuse
<6>[    1.415717] wireguard: WireGuard 1.0.0 loaded. See www.wireguard.com for information.
<6>[    1.415719] wireguard: Copyright (C) 2015-2019 Jason A. Donenfeld <Jason@zx2c4.com>. All Rights Reserved.
<6>[    1.415763] tun: Universal TUN/TAP device driver, 1.6
<6>[    1.415775] PPP generic driver version 2.4.2
<6>[    1.415786] PPP BSD Compression module registered
<6>[    1.415788] PPP Deflate Compression module registered
<6>[    1.415800] PPP MPPE Compression module registered
<6>[    1.415803] NET: Registered protocol family 24
<6>[    1.415805] PPTP driver version 0.8.5
<3>[    1.416090] cnss_utils: Unable to create debugfs -19
<6>[    1.416093] CLD80211: Initializing
<6>[    1.416279] usbcore: registered new interface driver rtl8150
<6>[    1.416287] usbcore: registered new interface driver r8152
<6>[    1.416292] usbcore: registered new interface driver lan78xx
<6>[    1.416297] usbcore: registered new interface driver asix
<6>[    1.416303] usbcore: registered new interface driver ax88179_178a
<6>[    1.416310] usbcore: registered new interface driver cdc_ether
<6>[    1.416315] usbcore: registered new interface driver cdc_eem
<6>[    1.416321] usbcore: registered new interface driver cdc_ncm
<6>[    1.416326] usbcore: registered new interface driver aqc111
<6>[    1.420232] msm_sharedmem: msm_sharedmem_probe: Device created for client 'rmtfs'
<6>[    1.421249] ehci_hcd: USB 2.0 'Enhanced' Host Controller (EHCI) Driver
<6>[    1.421251] ehci-pci: EHCI PCI platform driver
<6>[    1.421260] ehci-platform: EHCI generic platform driver
<6>[    1.421622] usbcore: registered new interface driver uas
<6>[    1.421632] usbcore: registered new interface driver usb-storage
<6>[    1.421637] usbcore: registered new interface driver usb_ehset_test
<6>[    1.421641] usbcore: registered new interface driver lvs
<6>[    1.421766] dummy_hcd dummy_hcd.0: USB Host+Gadget Emulator, driver 02 May 2005
<6>[    1.421770] dummy_hcd dummy_hcd.0: Dummy host controller
<6>[    1.421775] dummy_hcd dummy_hcd.0: new USB bus registered, assigned bus number 1
<6>[    1.421877] hub 1-0:1.0: USB hub found
<6>[    1.421884] hub 1-0:1.0: 1 port detected
<6>[    1.422217] usbcore: registered new interface driver xpad
<6>[    1.422227] usbcore: registered new interface driver usbtouchscreen
<3>[    1.422230] [TP]synaptics-s3908: tp_driver_init_syna_tcm is called
<3>[    1.422232] [TP] tp_ic_name = synaptics-s3908 
<3>[    1.422234] [TP] tp_dsi_display_primary = qcom,mdss_dsi_samsung_amb670yf01_dsc_cmd:synaptics-s3908 
<3>[    1.422236] [TP] tp_dsi_display_secondary =  
<3>[    1.422239] [TP] display_primary:tp_judge_ic_match match ok
<3>[    1.422244] [TP]sec-s6sy792: tp_driver_init_y792 is called
<3>[    1.422246] [TP] tp_ic_name = sec-s6sy792 
<3>[    1.422248] [TP] tp_dsi_display_primary = qcom,mdss_dsi_samsung_amb670yf01_dsc_cmd:synaptics-s3908 
<3>[    1.422250] [TP] tp_dsi_display_secondary =  
<3>[    1.422252] [TP] tp_judge_ic_match not match ok
<6>[    1.422876] input: qcom-hv-haptics as /devices/platform/soc/c440000.qcom,spmi/spmi-0/spmi0-03/c440000.qcom,spmi:qcom,pm8350b@3:qcom,hv-haptics@f000/input/input1
<6>[    1.423206] rtc-pm8xxx c440000.qcom,spmi:qcom,pmk8350@0:rtc@6100: registered as rtc0
<6>[    1.423247] rtc-pm8xxx c440000.qcom,spmi:qcom,pmk8350@0:rtc@6100: setting system clock to 1970-01-02T09:22:08 UTC (120128)
<6>[    1.423336] i2c /dev entries driver
<6>[    1.423418] synx: synx device initialization start
<6>[    1.423431] synx: synx device initialization success
<6>[    1.423435] msm_cvp:  err: Failed to create debugfs for msm_cvp
<6>[    1.423595] uvcvideo: Unable to create debugfs directory
<6>[    1.423603] usbcore: registered new interface driver uvcvideo
<6>[    1.423605] USB Video Class driver (1.1.1)
<6>[    1.423607] gspca_main: v2.14.0 registered
<3>[    1.425113] [OPLUS_CHG][oplus_warp_gpio_dt_init]chip->warp_gpio.switch1_gpio =355
<3>[    1.425123] [OPLUS_CHG][oplus_warp_gpio_dt_init]chip->warp_gpio.switch1_ctr1_gpio =347
<3>[    1.425126] [OPLUS_CHG][oplus_warp_gpio_dt_init]chip->warp_gpio.switch2_gpio not specified
<3>[    1.425133] [OPLUS_CHG][oplus_warp_gpio_dt_init]chip->warp_gpio.reset_gpio =314
<3>[    1.425139] [OPLUS_CHG][oplus_warp_gpio_dt_init]chip->warp_gpio.clock_gpio =386
<3>[    1.425145] [OPLUS_CHG][oplus_warp_gpio_dt_init]chip->warp_gpio.data_gpio =387
<6>[    1.425160] gpio gpiochip0: (f000000.pinctrl): allocate IRQ 304, hwirq 79
<6>[    1.425163] gpio gpiochip0: (f000000.pinctrl): found parent hwirq 104
<6>[    1.425167] gpio gpiochip0: (f000000.pinctrl): alloc_irqs_parent for 304 parent hwirq 104
<3>[    1.425231] [OPLUS_CHG][opchg_bq27541_gpio_pinctrl_init]: 145 Failed to get the charging_switch1_ctr1_active handle
<3>[    1.425233] [OPLUS_CHG][opchg_bq27541_gpio_pinctrl_init]: 152 Failed to get the charging_switch1_ctr1_sleep handle
<5>[    1.425238] [OPLUS_CHG][oplus_warp_gpio_dt_init] switch1_gpio = 355,switch2_gpio = -2, reset_gpio = 314,\x09\x09\x09clock_gpio = 386, data_gpio = 387, data_irq = 304
<3>[    1.425247] [OPLUS_CHG][oplus_warp_fw_type_dt]warp_current_lvl_cnt[24]
<3>[    1.425250] [OPLUS_CHG][oplus_warp_fw_type_dt]warp_current_lvl[1000]
<3>[    1.425252] [OPLUS_CHG][oplus_warp_fw_type_dt]warp_current_lvl[1500]
<3>[    1.425253] [OPLUS_CHG][oplus_warp_fw_type_dt]warp_current_lvl[2000]
<3>[    1.425255] [OPLUS_CHG][oplus_warp_fw_type_dt]warp_current_lvl[2500]
<3>[    1.425257] [OPLUS_CHG][oplus_warp_fw_type_dt]warp_current_lvl[3000]
<3>[    1.425259] [OPLUS_CHG][oplus_warp_fw_type_dt]warp_current_lvl[3500]
<3>[    1.425261] [OPLUS_CHG][oplus_warp_fw_type_dt]warp_current_lvl[4000]
<3>[    1.425263] [OPLUS_CHG][oplus_warp_fw_type_dt]warp_current_lvl[4500]
<3>[    1.425265] [OPLUS_CHG][oplus_warp_fw_type_dt]warp_current_lvl[5000]
<3>[    1.425267] [OPLUS_CHG][oplus_warp_fw_type_dt]warp_current_lvl[5500]
<3>[    1.425269] [OPLUS_CHG][oplus_warp_fw_type_dt]warp_current_lvl[6000]
<3>[    1.425271] [OPLUS_CHG][oplus_warp_fw_type_dt]warp_current_lvl[6500]
<3>[    1.425273] [OPLUS_CHG][oplus_warp_fw_type_dt]warp_current_lvl[7000]
<3>[    1.425275] [OPLUS_CHG][oplus_warp_fw_type_dt]warp_current_lvl[7500]
<3>[    1.425276] [OPLUS_CHG][oplus_warp_fw_type_dt]warp_current_lvl[8000]
<3>[    1.425278] [OPLUS_CHG][oplus_warp_fw_type_dt]warp_current_lvl[8500]
<3>[    1.425280] [OPLUS_CHG][oplus_warp_fw_type_dt]warp_current_lvl[9000]
<3>[    1.425282] [OPLUS_CHG][oplus_warp_fw_type_dt]warp_current_lvl[9500]
<3>[    1.425284] [OPLUS_CHG][oplus_warp_fw_type_dt]warp_current_lvl[10000]
<3>[    1.425286] [OPLUS_CHG][oplus_warp_fw_type_dt]warp_current_lvl[10500]
<3>[    1.425287] [OPLUS_CHG][oplus_warp_fw_type_dt]warp_current_lvl[11000]
<3>[    1.425289] [OPLUS_CHG][oplus_warp_fw_type_dt]warp_current_lvl[11500]
<3>[    1.425291] [OPLUS_CHG][oplus_warp_fw_type_dt]warp_current_lvl[12000]
<3>[    1.425293] [OPLUS_CHG][oplus_warp_fw_type_dt]warp_current_lvl[12500]
<5>[    1.425297] [OPLUS_CHG][oplus_warp_fw_type_dt]oplus_warp_fw_type_dt batt_type_4400 is 1,warp_fw_type = 0x5
<5>[    1.425301] [OPLUS_CHG][oplus_warp_fw_type_dt] warp_fw_upate:0
<5>[    1.425303] [OPLUS_CHG][oplus_warp_fw_type_dt]qcom,warp-low-temp is 0
<5>[    1.425308] [OPLUS_CHG][oplus_warp_fw_type_dt]qcom,warp-high-temp is 430
<5>[    1.425310] [OPLUS_CHG][oplus_warp_fw_type_dt]qcom,warp-low-soc is 1
<5>[    1.425313] [OPLUS_CHG][oplus_warp_fw_type_dt]qcom,warp-high-soc is 90
<5>[    1.425315] [OPLUS_CHG][oplus_warp_fw_type_dt]qcom,warp_multistep_adjust_current_supportis 1
<5>[    1.425317] [OPLUS_CHG][oplus_warp_fw_type_dt]qcom,warp_reply_mcu_bits is 7
<5>[    1.425320] [OPLUS_CHG][oplus_warp_fw_type_dt]qcom,warp_multistep_initial_batt_temp is 1000
<5>[    1.425322] [OPLUS_CHG][oplus_warp_fw_type_dt]qcom,warp_strategy_normal_current is 12
<5>[    1.425325] [OPLUS_CHG][oplus_warp_fw_type_dt]qcom,warp_strategy1_batt_low_temp1 is 410
<5>[    1.425327] [OPLUS_CHG][oplus_warp_fw_type_dt]qcom,warp_strategy1_batt_low_temp2 is 420
<5>[    1.425330] [OPLUS_CHG][oplus_warp_fw_type_dt]qcom,warp_strategy1_batt_low_temp0 is 390
<5>[    1.425332] [OPLUS_CHG][oplus_warp_fw_type_dt]qcom,warp_strategy1_batt_high_temp0 is 400
<5>[    1.425335] [OPLUS_CHG][oplus_warp_fw_type_dt]qcom,warp_strategy1_batt_high_temp1 is 420
<5>[    1.425337] [OPLUS_CHG][oplus_warp_fw_type_dt]qcom,warp_strategy1_batt_high_temp2 is 430
<5>[    1.425339] [OPLUS_CHG][oplus_warp_fw_type_dt]qcom,warp_strategy1_high_current0 is 9
<5>[    1.425341] [OPLUS_CHG][oplus_warp_fw_type_dt]qcom,warp_strategy1_high_current1 is 7
<5>[    1.425344] [OPLUS_CHG][oplus_warp_fw_type_dt]qcom,warp_strategy1_high_current2 is 5
<5>[    1.425346] [OPLUS_CHG][oplus_warp_fw_type_dt]qcom,warp_strategy1_low_current2 is 7
<5>[    1.425349] [OPLUS_CHG][oplus_warp_fw_type_dt]qcom,warp_strategy1_low_current1 is 9
<5>[    1.425351] [OPLUS_CHG][oplus_warp_fw_type_dt]qcom,warp_strategy1_low_current0 is 12
<5>[    1.425359] [OPLUS_CHG][oplus_warp_fw_type_dt]qcom,warp_batt_over_high_temp is 470
<3>[    1.425716] OPLUS_CHG[WLS]: oplus_chg_wls_parse_dt[6016]: OPLUS_WLS_CHG_BATT_CL_LOW: 0 0 1000 1000 1000 1000 1000 0
<3>[    1.425718] OPLUS_CHG[WLS]: oplus_chg_wls_parse_dt[6016]: OPLUS_WLS_CHG_BATT_CL_LOW: 0 0 900 900 900 900 450 0
<3>[    1.425720] OPLUS_CHG[WLS]: oplus_chg_wls_parse_dt[6016]: OPLUS_WLS_CHG_BATT_CL_LOW: 0 0 1250 1250 1250 1250 410 0
<3>[    1.425723] OPLUS_CHG[WLS]: oplus_chg_wls_parse_dt[6016]: OPLUS_WLS_CHG_BATT_CL_LOW: 0 0 1250 1250 1250 1250 450 0
<3>[    1.425727] OPLUS_CHG[WLS]: oplus_chg_wls_parse_dt[6064]: OPLUS_WLS_CHG_BATT_CL_HIGH: 0 0 1000 1000 1000 1000 1000 0
<3>[    1.425729] OPLUS_CHG[WLS]: oplus_chg_wls_parse_dt[6064]: OPLUS_WLS_CHG_BATT_CL_HIGH: 0 0 900 900 900 900 450 0
<3>[    1.425731] OPLUS_CHG[WLS]: oplus_chg_wls_parse_dt[6064]: OPLUS_WLS_CHG_BATT_CL_HIGH: 0 0 830 1250 1250 1250 410 0
<3>[    1.425733] OPLUS_CHG[WLS]: oplus_chg_wls_parse_dt[6064]: OPLUS_WLS_CHG_BATT_CL_HIGH: 0 0 850 1250 1250 1250 450 0
<3>[    1.425737] OPLUS_CHG[WLS]: oplus_chg_wls_parse_dt[6097]: epp_plus-skin-step: 0 360 1250
<3>[    1.425739] OPLUS_CHG[WLS]: oplus_chg_wls_parse_dt[6097]: epp_plus-skin-step: 350 380 830
<3>[    1.425741] OPLUS_CHG[WLS]: oplus_chg_wls_parse_dt[6097]: epp_plus-skin-step: 360 390 500
<3>[    1.425743] OPLUS_CHG[WLS]: oplus_chg_wls_parse_dt[6097]: epp_plus-skin-step: 370 410 410
<3>[    1.425745] OPLUS_CHG[WLS]: oplus_chg_wls_parse_dt[6131]: epp-skin-step: 0 390 900
<3>[    1.425747] OPLUS_CHG[WLS]: oplus_chg_wls_parse_dt[6131]: epp-skin-step: 360 400 400
<3>[    1.425750] OPLUS_CHG[WLS]: oplus_chg_wls_parse_dt[6164]: bpp-skin-step: 0 390 1000
<3>[    1.425752] OPLUS_CHG[WLS]: oplus_chg_wls_parse_dt[6164]: bpp-skin-step: 370 400 500
<3>[    1.425755] OPLUS_CHG[WLS]: oplus_chg_wls_parse_dt[6197]: epp_plus-led-on-skin-step: 0 390 660
<3>[    1.425757] OPLUS_CHG[WLS]: oplus_chg_wls_parse_dt[6197]: epp_plus-led-on-skin-step: 380 500 330
<3>[    1.425761] OPLUS_CHG[WLS]: oplus_chg_wls_parse_dt[6230]: epp-led-on-skin-step: 0 390 720
<3>[    1.425763] OPLUS_CHG[WLS]: oplus_chg_wls_parse_dt[6230]: epp-led-on-skin-step: 380 500 360
<3>[    1.425765] OPLUS_CHG[WLS]: oplus_chg_wls_parse_dt[6253]: icl_max_ma BPP EPP EPP_PLUS FAST: 1000 900 1250 1250
<3>[    1.425768] OPLUS_CHG[WLS]: oplus_chg_wls_parse_dt[6267]: pd9v_chg_led_off_strategy[0]: 0 410 2500 1 0
<3>[    1.425770] OPLUS_CHG[WLS]: oplus_chg_wls_parse_dt[6267]: pd9v_chg_led_off_strategy[1]: 390 450 1200 1 0
<3>[    1.425773] OPLUS_CHG[WLS]: oplus_chg_wls_parse_dt[6280]: pd9v_chg_led_on_strategy[0]: 0 340 2500 1 0
<3>[    1.425775] OPLUS_CHG[WLS]: oplus_chg_wls_parse_dt[6280]: pd9v_chg_led_on_strategy[1]: 330 360 1000 2 0
<3>[    1.425777] OPLUS_CHG[WLS]: oplus_chg_wls_parse_dt[6280]: pd9v_chg_led_on_strategy[2]: 350 380 800 3 1
<3>[    1.425779] OPLUS_CHG[WLS]: oplus_chg_wls_parse_dt[6280]: pd9v_chg_led_on_strategy[3]: 370 400 600 3 2
<3>[    1.425813] OPLUS_CHG[WLS_RX]: oplus_chg_wls_rx_init[775]: The target firmware is IDT_P9415_45W, has select the wls_firmware is IDT_P9415_45W
<3>[    1.425822] OPLUS_CHG[WLS_RX]: oplus_chg_wls_rx_register_msg_callback[567]: rx_ic is NULL
<6>[    1.426248] gpio gpiochip0: (f000000.pinctrl): allocate IRQ 305, hwirq 198
<6>[    1.426250] gpio gpiochip0: (f000000.pinctrl): found parent hwirq 91
<6>[    1.426253] gpio gpiochip0: (f000000.pinctrl): alloc_irqs_parent for 305 parent hwirq 91
<3>[    1.426339] OPLUS_CHG[WLS_RX]: oplus_chg_wls_rx_connect_check[701]: rx_ic is NULL
<6>[    1.426341] OPLUS_CHG[WLS]: oplus_chg_wls_driver_probe[7248]: probe done
<6>[    1.426412] OPLUS_CHG[COMM]: oplus_chg_comm_parse_dt[1084]: wkcs: temp thr = 0, 0, 50, 120, 160, 450, 500
<3>[    1.426426] OPLUS_CHG[COMM]: oplus_chg_comm_driver_probe[2270]: init adc channels error, rc=-517
<5>[    1.426440] [OPLUS_CHG][adapter_ic_init] success
<3>[    1.430864] OPLUS_CHG[GKI]: battery_psy_get_prop[545]: Couldn't get prop 46 rc = -19
<3>[    1.430867] bcl_soc:bcl_read_soc battery percentage read error:-61
<3>[    1.430881] OPLUS_CHG[GKI]: battery_psy_get_prop[545]: Couldn't get prop 46 rc = -19
<3>[    1.430883] bcl_soc:bcl_read_soc battery percentage read error:-61
<3>[    1.430887] OPLUS_CHG[GKI]: battery_psy_get_prop[545]: Couldn't get prop 46 rc = -19
<3>[    1.430889] bcl_soc:bcl_read_soc battery percentage read error:-61
<6>[    1.431102] cpu_voltage_cooling:build_unified_table CPU1:7 CPU2:4
<6>[    1.431105] cpu_voltage_cooling:build_unified_table freq1:2841600 freq2:2419200
<6>[    1.431107] cpu_voltage_cooling:build_unified_table freq1:2764800 freq2:2342400
<6>[    1.431109] cpu_voltage_cooling:build_unified_table freq1:2688000 freq2:2227200
<6>[    1.431111] cpu_voltage_cooling:build_unified_table freq1:2592000 freq2:2227200
<6>[    1.431113] cpu_voltage_cooling:build_unified_table freq1:2496000 freq2:2112000
<6>[    1.431115] cpu_voltage_cooling:build_unified_table freq1:2380800 freq2:1996800
<6>[    1.431117] cpu_voltage_cooling:build_unified_table freq1:2265600 freq2:1881600
<6>[    1.431119] cpu_voltage_cooling:build_unified_table freq1:2150400 freq2:1766400
<6>[    1.431121] cpu_voltage_cooling:build_unified_table freq1:2035200 freq2:1555200
<6>[    1.431123] cpu_voltage_cooling:build_unified_table freq1:1900800 freq2:1440000
<6>[    1.431124] cpu_voltage_cooling:build_unified_table freq1:1785600 freq2:1324800
<6>[    1.431126] cpu_voltage_cooling:build_unified_table freq1:1670400 freq2:1209600
<6>[    1.431128] cpu_voltage_cooling:build_unified_table freq1:1555200 freq2:1075200
<6>[    1.431130] cpu_voltage_cooling:build_unified_table freq1:1420800 freq2:960000
<6>[    1.431132] cpu_voltage_cooling:build_unified_table freq1:1305600 freq2:844800
<6>[    1.431134] cpu_voltage_cooling:build_unified_table freq1:1190400 freq2:844800
<6>[    1.431136] cpu_voltage_cooling:build_unified_table freq1:1075200 freq2:844800
<6>[    1.431137] cpu_voltage_cooling:build_unified_table freq1:960000 freq2:844800
<6>[    1.431139] cpu_voltage_cooling:build_unified_table freq1:844800 freq2:844800
<6>[    1.431716] device-mapper: uevent: version 1.0.3
<6>[    1.431751] device-mapper: ioctl: 4.41.0-ioctl (2019-09-16) initialised: dm-devel@redhat.com
<6>[    1.431926] EDAC DEVICE0: Giving out device to module soc:erp controller cache: DEV soc:erp (INTERRUPT)
<6>[    1.432286] cpuidle: using governor qcom
<6>[    1.432508] lpm_levels: Cluster (L3) stats not registered
<6>[    1.432875] sdhci: Secure Digital Host Controller Interface driver
<6>[    1.432877] sdhci: Copyright(c) Pierre Ossman
<6>[    1.432880] sdhci-pltfm: SDHCI platform and OF driver helper
<6>[    1.434590] hidraw: raw HID events driver (C) Jiri Kosina
<6>[    1.434750] usbcore: registered new interface driver usbhid
<6>[    1.434752] usbhid: USB HID core driver
<6>[    1.434797] ashmem: initialized
<6>[    1.434956] hh_msgq: Registered client for label: 0
<3>[    1.436033] OPLUS_CHG[GKI]: battery_psy_get_prop[545]: Couldn't get prop 34 rc = -19
<3>[    1.436058] OPLUS_CHG[GKI]: usb_psy_get_prop[280]: Couldn't get prop 4 rc = -19
<3>[    1.436062] OPLUS_CHG[GKI]: usb_psy_get_prop[280]: Couldn't get prop 4 rc = -19
<3>[    1.436064] OPLUS_CHG[GKI]: usb_psy_get_prop[280]: Couldn't get prop 12 rc = -19
<3>[    1.436066] OPLUS_CHG[GKI]: usb_psy_get_prop[280]: Couldn't get prop 8 rc = -19
<3>[    1.436068] OPLUS_CHG[GKI]: usb_psy_get_prop[280]: Couldn't get prop 17 rc = -19
<3>[    1.436070] OPLUS_CHG[GKI]: usb_psy_get_prop[280]: Couldn't get prop 16 rc = -19
<3>[    1.436072] OPLUS_CHG[GKI]: usb_psy_get_prop[280]: Couldn't get prop 37 rc = -19
<3>[    1.436073] OPLUS_CHG[GKI]: usb_psy_get_prop[280]: Couldn't get prop 64 rc = -19
<3>[    1.436075] OPLUS_CHG[GKI]: usb_psy_get_prop[280]: Couldn't get prop 51 rc = -19
<3>[    1.436078] OPLUS_CHG[GKI]: battery_psy_get_prop[545]: Couldn't get prop 0 rc = -19
<3>[    1.436081] OPLUS_CHG[GKI]: battery_psy_get_prop[545]: Couldn't get prop 0 rc = -19
<3>[    1.436083] OPLUS_CHG[GKI]: battery_psy_get_prop[545]: Couldn't get prop 2 rc = -19
<3>[    1.436085] OPLUS_CHG[GKI]: battery_psy_get_prop[545]: Couldn't get prop 3 rc = -19
<3>[    1.436087] OPLUS_CHG[GKI]: battery_psy_get_prop[545]: Couldn't get prop 1 rc = -19
<3>[    1.436089] OPLUS_CHG[GKI]: battery_psy_get_prop[545]: Couldn't get prop 46 rc = -19
<3>[    1.436091] OPLUS_CHG[GKI]: battery_psy_get_prop[545]: Couldn't get prop 14 rc = -19
<3>[    1.436093] OPLUS_CHG[GKI]: battery_psy_get_prop[545]: Couldn't get prop 12 rc = -19
<3>[    1.436095] OPLUS_CHG[GKI]: battery_psy_get_prop[545]: Couldn't get prop 8 rc = -19
<3>[    1.436097] OPLUS_CHG[GKI]: battery_psy_get_prop[545]: Couldn't get prop 17 rc = -19
<3>[    1.436099] OPLUS_CHG[GKI]: battery_psy_get_prop[545]: Couldn't get prop 33 rc = -19
<3>[    1.436101] OPLUS_CHG[GKI]: battery_psy_get_prop[545]: Couldn't get prop 34 rc = -19
<3>[    1.436103] OPLUS_CHG[GKI]: battery_psy_get_prop[545]: Couldn't get prop 51 rc = -19
<3>[    1.436105] OPLUS_CHG[GKI]: battery_psy_get_prop[545]: Couldn't get prop 6 rc = -19
<3>[    1.436107] OPLUS_CHG[GKI]: battery_psy_get_prop[545]: Couldn't get prop 28 rc = -19
<3>[    1.436109] OPLUS_CHG[GKI]: battery_psy_get_prop[545]: Couldn't get prop 7 rc = -19
<3>[    1.436110] OPLUS_CHG[GKI]: battery_psy_get_prop[545]: Couldn't get prop 22 rc = -19
<3>[    1.436112] OPLUS_CHG[GKI]: battery_psy_get_prop[545]: Couldn't get prop 24 rc = -19
<3>[    1.436114] OPLUS_CHG[GKI]: battery_psy_get_prop[545]: Couldn't get prop 72 rc = -19
<3>[    1.436116] OPLUS_CHG[GKI]: battery_psy_get_prop[545]: Couldn't get prop 62 rc = -19
<3>[    1.436118] OPLUS_CHG[GKI]: battery_psy_get_prop[545]: Couldn't get prop 61 rc = -19
<3>[    1.436120] OPLUS_CHG[GKI]: battery_psy_get_prop[545]: Couldn't get prop 60 rc = -19
<3>[    1.436122] OPLUS_CHG[GKI]: battery_psy_get_prop[545]: Couldn't get prop 20 rc = -19
<3>[    1.436124] OPLUS_CHG[GKI]: battery_psy_get_prop[545]: Couldn't get prop 21 rc = -19
<3>[    1.436126] OPLUS_CHG[GKI]: battery_psy_get_prop[545]: Couldn't get prop 26 rc = -19
<3>[    1.436128] OPLUS_CHG[GKI]: battery_psy_get_prop[545]: Couldn't get prop 9 rc = -19
<3>[    1.436130] OPLUS_CHG[GKI]: battery_psy_get_prop[545]: Couldn't get prop 46 rc = -19
<3>[    1.436132] bcl_soc:bcl_read_soc battery percentage read error:-61
<3>[    1.444793] spmi spmi-0: disallowed SPMI write to sid=3, addr=0x8940
<3>[    1.444797] qcom-spmi-gpio c440000.qcom,spmi:qcom,pm8350b@3:pinctrl@8800: write 0x40 failed
<3>[    1.444800] qcom-spmi-adc5 c440000.qcom,spmi:qcom,pmk8350@0:vadc@3100: Error applying setting, reverse things back
<6>[    1.445148] qcom-llcc-pmu 9095000.llcc-pmu: Registered llcc_pmu, type: 9
<6>[    1.446761] coresight-stm 6002000.stm: coresight-stm : stm_register_device failed, probing deferred
<6>[    1.450707] coresight-dummy soc:dummy_sink: Dummy device initialized
<6>[    1.450736] coresight-dummy soc:tpdm@6b46000: Dummy device initialized
<6>[    1.450780] coresight-dummy soc:dummy_source: Dummy device initialized
<6>[    1.450819] coresight-dummy soc:tpdm@69810000: Dummy device initialized
<6>[    1.450943] coresight-remote-etm soc:modem2_etm0: Remote ETM initialized
<6>[    1.451017] coresight-remote-etm soc:modem_etm0: Remote ETM initialized
<6>[    1.451065] coresight-remote-etm soc:turing_etm0: Remote ETM initialized
<6>[    1.451097] coresight-remote-etm soc:audio_etm0: Remote ETM initialized
<6>[    1.451140] coresight-remote-etm soc:ssc_etm0: Remote ETM initialized
<6>[    1.451224] coresight-csr 6001000.csr: CSR initialized: coresight-csr
<6>[    1.451251] coresight-csr 6b0f000.csr: CSR initialized: coresight-swao-csr
<6>[    1.451457] gnss: GNSS driver registered with major 495
<6>[    1.451567] KernelSU: feature: feature management initialized
<6>[    1.451570] KernelSU: KernelSU IOCTL Commands:
<6>[    1.451572] KernelSU:   GRANT_ROOT         = 0x00004b01
<6>[    1.451575] KernelSU:   GET_INFO           = 0x80004b02
<6>[    1.451577] KernelSU:   REPORT_EVENT       = 0x40004b03
<6>[    1.451579] KernelSU:   SET_SEPOLICY       = 0xc0004b04
<6>[    1.451581] KernelSU:   CHECK_SAFEMODE     = 0x80004b05
<6>[    1.451583] KernelSU:   GET_ALLOW_LIST     = 0xc0004b06
<6>[    1.451585] KernelSU:   GET_DENY_LIST      = 0xc0004b07
<6>[    1.451587] KernelSU:   UID_GRANTED_ROOT   = 0xc0004b08
<6>[    1.451589] KernelSU:   UID_SHOULD_UMOUNT  = 0xc0004b09
<6>[    1.451591] KernelSU:   GET_MANAGER_APPID  = 0x80004b0a
<6>[    1.451593] KernelSU:   GET_APP_PROFILE    = 0xc0004b0b
<6>[    1.451595] KernelSU:   SET_APP_PROFILE    = 0x40004b0c
<6>[    1.451597] KernelSU:   GET_FEATURE        = 0xc0004b0d
<6>[    1.451599] KernelSU:   SET_FEATURE        = 0x40004b0e
<6>[    1.451601] KernelSU:   GET_WRAPPER_FD     = 0x40004b0f
<6>[    1.451603] KernelSU:   MANAGE_MARK        = 0xc0004b10
<6>[    1.451605] KernelSU:   NUKE_EXT4_SYSFS    = 0x40004b11
<6>[    1.451607] KernelSU:   ADD_TRY_UMOUNT     = 0x40004b12
<6>[    1.451609] KernelSU:   GET_HOOK_MODE      = 0x80004b62
<6>[    1.451610] KernelSU:   GET_VERSION_TAG    = 0x80004b63
<6>[    1.451615] KernelSU: sulog_init: allocated 2000 bytes on 0x000000000067e5d4 
<6>[    1.451618] KernelSU: feature: registered handler for kernel_umount (id=1)
<6>[    1.451620] KernelSU: feature: registered handler for su_compat (id=0)
<6>[    1.451623] KernelSU: feature: registered handler for avc_spoof (id=10003)
<6>[    1.451626] susfs:[0][1][susfs_init] susfs is initialized! version: v2.0.0 
<6>[    1.451744] usbcore: registered new interface driver snd-usb-audio
<6>[    1.451924] msm_vidc:   err : ffffffff: .....: Failed to create debugfs for msm_vidc
<6>[    1.452063] u32 classifier
<6>[    1.452065] input device check on
<6>[    1.452067] Actions configured
<6>[    1.452325] xt_time: kernel timezone is -0000
<6>[    1.452364] ipip: IPv4 and MPLS over IPv4 tunneling driver
<6>[    1.452448] gre: GRE over IPv4 demultiplexor driver
<6>[    1.452451] ip_gre: GRE over IPv4 tunneling driver
<6>[    1.452574] IPv4 over IPsec tunneling driver
<6>[    1.452667] iptable_raw: Enabling raw table before defrag
<6>[    1.452701] Initializing XFRM netlink socket
<6>[    1.452706] IPsec XFRM device driver
<6>[    1.452780] NET: Registered protocol family 10
<6>[    1.453055] Segment Routing with IPv6
<6>[    1.453081] mip6: Mobile IPv6
<6>[    1.453116] ip6table_raw: Enabling raw table before defrag
<6>[    1.453193] sit: IPv6, IPv4 and MPLS over IPv4 tunneling driver
<6>[    1.453305] ip6_gre: GRE over IPv6 tunneling driver
<6>[    1.453353] NET: Registered protocol family 17
<6>[    1.453358] NET: Registered protocol family 15
<6>[    1.453470] Bluetooth: RFCOMM TTY layer initialized
<6>[    1.453473] Bluetooth: RFCOMM socket layer initialized
<6>[    1.453475] Bluetooth: RFCOMM ver 1.11
<6>[    1.453478] Bluetooth: HIDP (Human Interface Emulation) ver 1.2
<6>[    1.453480] Bluetooth: HIDP socket layer initialized
<6>[    1.453485] l2tp_core: L2TP core driver, V2.0
<6>[    1.453488] l2tp_ppp: PPPoL2TP kernel driver, V2.0
<6>[    1.453491] tipc: Activated (version 2.0.0)
<6>[    1.453524] NET: Registered protocol family 30
<6>[    1.453541] tipc: Started in single node mode
<3>[    1.453703] qcom_haven_qrtr soc:qrtr-haven: failed to raise doorbell -11
<3>[    1.453812] No device name found in device tree.
<6>[    1.454256] registered taskstats version 1
<5>[    1.454261] Loading compiled-in X.509 certificates
<5>[    1.454281] Key type ._fscrypt registered
<5>[    1.454283] Key type .fscrypt registered
<5>[    1.454285] Key type fscrypt-provisioning registered
<6>[    1.454398] pstore: Using crash dump compression: deflate
<6>[    1.455997] spss_utils [spss_parse_dt]: iar_buf_addr [0x8b600000].
<6>[    1.456422] Unable to map memory for DT property: dload_mode
<7>[    1.457955] cnss: use-pm-domain is 1
<7>[    1.457962] cnss: set_wlaon_pwr_ctrl is 0
<7>[    1.457968] cnss: TCS CMD base address is 0x000000000b2e5510 with length 0x0000000000000690
<7>[    1.457978] cnss: CommandDB name is not present for CPR
<7>[    1.458144] cnss: Got regulator: vdd-wlan-io, min_uv: 1800000, max_uv: 1800000, load_ua: 0, delay_us: 0, need_unvote: 1
<7>[    1.458389] cnss: Got regulator: wlan-ant-switch, min_uv: 2800000, max_uv: 2800000, load_ua: 0, delay_us: 0, need_unvote: 0
<7>[    1.458481] cnss: Got regulator: vdd-wlan-aon, min_uv: 950000, max_uv: 952000, load_ua: 0, delay_us: 0, need_unvote: 1
<7>[    1.458532] cnss: Got regulator: vdd-wlan-dig, min_uv: 950000, max_uv: 952000, load_ua: 0, delay_us: 0, need_unvote: 1
<7>[    1.458596] cnss: Got regulator: vdd-wlan-rfa1, min_uv: 1880000, max_uv: 2000000, load_ua: 0, delay_us: 0, need_unvote: 1
<7>[    1.458652] cnss: Got regulator: vdd-wlan-rfa2, min_uv: 1350000, max_uv: 1350000, load_ua: 0, delay_us: 0, need_unvote: 1
<7>[    1.458692] cnss: Failed to get optional clock rf_clk, err = -2
<7>[    1.458765] cnss: BT GPIO: 373
<7>[    1.458775] cnss: Switch control GPIO: 461
<7>[    1.458784] cnss: ICC Path_Count: 2 BW_CFG_Count: 7
<7>[    1.458800] cnss: ICC Vote CFG for path: pcie_to_memnoc
<7>[    1.458804] cnss: ICC Vote BW: 0 avg: 0 peak: 0
<7>[    1.458808] cnss: ICC Vote BW: 1 avg: 2250 peak: 390000
<7>[    1.458812] cnss: ICC Vote BW: 2 avg: 7500 peak: 390000
<7>[    1.458816] cnss: ICC Vote BW: 3 avg: 30000 peak: 790000
<7>[    1.458820] cnss: ICC Vote BW: 4 avg: 100000 peak: 790000
<7>[    1.458824] cnss: ICC Vote BW: 5 avg: 175000 peak: 1600000
<7>[    1.458828] cnss: ICC Vote BW: 6 avg: 7500 peak: 390000
<7>[    1.458856] cnss: ICC Vote CFG for path: memnoc_to_ddr
<7>[    1.458859] cnss: ICC Vote BW: 0 avg: 0 peak: 0
<7>[    1.458863] cnss: ICC Vote BW: 1 avg: 2250 peak: 1804800
<7>[    1.458867] cnss: ICC Vote BW: 2 avg: 7500 peak: 1804800
<7>[    1.458870] cnss: ICC Vote BW: 3 avg: 30000 peak: 1804800
<7>[    1.458874] cnss: ICC Vote BW: 4 avg: 100000 peak: 1804800
<7>[    1.458878] cnss: ICC Vote BW: 5 avg: 175000 peak: 6220800
<7>[    1.458882] cnss: ICC Vote BW: 6 avg: 7500 peak: 2188800
<7>[    1.459082] cnss: Regulator vdd-wlan-io is being enabled
<7>[    1.459170] cnss: Regulator wlan-ant-switch is being enabled
<7>[    1.459516] cnss: Regulator vdd-wlan-aon is being enabled
<4>[    1.459676] disp_cc_pll0 PLL is already enabled
<6>[    1.459813] disp_cc-lahaina af00000.qcom,dispcc: Registered DISP CC clocks
<6>[    1.459915] cam_cc_bps_gdsc: supplied by pm8350c_s8_level
<6>[    1.459978] cam_cc_ife_0_gdsc: supplied by pm8350c_s8_level
<6>[    1.460048] cam_cc_ife_1_gdsc: supplied by pm8350c_s8_level
<7>[    1.460090] cnss: Regulator vdd-wlan-dig is being enabled
<6>[    1.460103] cam_cc_ife_2_gdsc: supplied by pm8350c_s8_level
<6>[    1.460155] cam_cc_ipe_0_gdsc: supplied by pm8350c_s8_level
<7>[    1.460178] cnss: Regulator vdd-wlan-rfa1 is being enabled
<6>[    1.460204] cam_cc_sbi_gdsc: supplied by pm8350c_s8_level
<7>[    1.460266] cnss: Regulator vdd-wlan-rfa2 is being enabled
<6>[    1.460267] cam_cc_titan_top_gdsc: supplied by pm8350c_s8_level
<6>[    1.460320] disp_cc_mdss_core_gdsc: supplied by pm8350c_s8_level
<7>[    1.460352] cnss: De-assert WLAN_EN GPIO successfully
<6>[    1.460384] video_cc_mvs0_gdsc: supplied by pm8350c_s8_level
<6>[    1.460438] video_cc_mvs0c_gdsc: supplied by pm8350c_s8_level
<6>[    1.460488] video_cc_mvs1_gdsc: supplied by pm8350c_s8_level
<6>[    1.460535] video_cc_mvs1c_gdsc: supplied by pm8350c_s8_level
<3>[    1.463298] gsi soc:qcom,msm_gsi: gsi_pending_irq_type:3076 no client registered
<6>[    1.463455] rmnet_ipa3 started initialization
<7>[    1.465377] cnss: BT_EN_GPIO State: Off. Delay WLAN_GPIO enable
<5>[    1.473324] arm-smmu 15000000.apps-smmu: \x09coherent table walk
<5>[    1.473328] arm-smmu 15000000.apps-smmu: \x09stream matching with 89 register groups
<6>[    1.474099] msm-dwc3 a600000.ssusb: Adding to iommu group 1
<6>[    1.474859] dwc3 a600000.dwc3: changing max_speed on rev 00000000
<6>[    1.475656] usb_bam_init: setting SPS_BAM_SMMU_EN flag with (a704000.qcom,usbbam)
<6>[    1.475686] sps:BAM 0x000000000a704000 is registered
<3>[    1.475738] msm-dwc3 a600000.ssusb: Nominal values not found.
<3>[    1.475741] msm-dwc3 a600000.ssusb: Dynamic voting failed
<3>[    1.475755] msm-dwc3 a600000.ssusb: IRQ hs_phy_irq not found
<3>[    1.476168] msm-dwc3 a600000.ssusb: IRQ dp_hs_phy_irq1 not found
<3>[    1.476172] msm-dwc3 a600000.ssusb: IRQ dm_hs_phy_irq1 not found
<3>[    1.476174] msm-dwc3 a600000.ssusb: IRQ ss_phy_irq1 not found
<3>[    1.476228] dwc3_msm_probe, init oplus_dev
<6>[    1.476486] msm_vidc:   err : ffffffff: .....: no device Registered
<6>[    1.476707] msm_vidc:   err : ffffffff: .....: Failed to create debugfs for msm_vidc
<6>[    1.477460] msm_vidc_v4l2 aa00000.qcom,vidc:non_secure_cb: Adding to iommu group 2
<6>[    1.478496] msm_vidc_v4l2 aa00000.qcom,vidc:secure_non_pixel_cb: Adding to iommu group 3
<6>[    1.479427] msm_vidc_v4l2 aa00000.qcom,vidc:secure_bitstream_cb: Adding to iommu group 4
<6>[    1.480335] msm_vidc_v4l2 aa00000.qcom,vidc:secure_pixel_cb: Adding to iommu group 5
<3>[    1.480716] spmi_pmic_arb_debug 6b12000.qcom,spmi-debug: SPMI PMIC arbiter debug bus disabled by fuse
<6>[    1.481084] coresight-tmc 6048000.tmc: Adding to iommu group 6
<6>[    1.481334] sps:BAM 0x0000000006064000 is registered
<6>[    1.481510] coresight-stm 6002000.stm: STM32 initialized
<6>[    1.482667] kgsl-3d 3d00000.qcom,kgsl-3d0: bound 3d6a000.qcom,gmu (ops a6xx_gmu_component_ops)
<6>[    1.484984] platform 3da0000.qcom,kgsl-iommu:gfx3d_user: Adding to iommu group 7
<6>[    1.485782] platform 3da0000.qcom,kgsl-iommu:gfx3d_lpac: Adding to iommu group 8
<6>[    1.486410] platform 3da0000.qcom,kgsl-iommu:gfx3d_secure: Adding to iommu group 9
<6>[    1.488288] msm_cvp:  err: Failed to create debugfs for msm_cvp
<6>[    1.490196] msm_cvp ab00000.qcom,cvp:cvp_non_secure_cb: Adding to iommu group 10
<6>[    1.491113] msm_cvp ab00000.qcom,cvp:cvp_secure_nonpixel_cb: Adding to iommu group 11
<6>[    1.492031] msm_cvp ab00000.qcom,cvp:cvp_secure_pixel_cb: Adding to iommu group 12
<6>[    1.492634] msm_cvp ab00000.qcom,cvp:qcom,msm-cvp,mem_cdsp: assigned reserved memory node cdsp_region
<4>[    1.492870] sdpm-clk-notify 636000.mx_sdpm: 636000.mx_sdpm supply gcc_gp1 not found, using dummy regulator
<4>[    1.492962] sdpm-clk-notify 634000.cx_sdpm: 634000.cx_sdpm supply ufs_phy not found, using dummy regulator
<6>[    1.494013] gpi_dma 900000.qcom,gpi-dma: Adding to iommu group 13
<6>[    1.494507] gpi_dma a00000.qcom,gpi-dma: Adding to iommu group 14
<6>[    1.494999] gpi_dma 800000.qcom,gpi-dma: Adding to iommu group 15
<4>[    1.495401] minidump-id not found for ipa_fws
<6>[    1.495422] subsys-pil-tz soc:qcom,ipa_fws: for ipa_fws segments only will be dumped.
<6>[    1.495444] subsys-pil-tz soc:qcom,ipa_fws: for md_ipa_fws segments only will be dumped.
<4>[    1.495520] minidump-id not found for evass
<6>[    1.495533] subsys-pil-tz abb0000.qcom,evass: for evass segments only will be dumped.
<6>[    1.495544] subsys-pil-tz abb0000.qcom,evass: for md_evass segments only will be dumped.
<4>[    1.495631] minidump-id not found for trustedvm
<6>[    1.495644] subsys-pil-tz soc:qcom,trustedvm@d0800000: for trustedvm segments only will be dumped.
<6>[    1.495656] subsys-pil-tz soc:qcom,trustedvm@d0800000: for md_trustedvm segments only will be dumped.
<4>[    1.495721] minidump-id not found for a660_zap
<6>[    1.495732] subsys-pil-tz soc:qcom,kgsl-hyp: for a660_zap segments only will be dumped.
<6>[    1.495746] subsys-pil-tz soc:qcom,kgsl-hyp: for md_a660_zap segments only will be dumped.
<6>[    1.495994] hh_msgq: Registered client for label: 1
<6>[    1.496226] fastrpc soc:qcom,msm_fastrpc:qcom,msm_fastrpc_compute_cb1: Adding to iommu group 16
<6>[    1.496438] fastrpc soc:qcom,msm_fastrpc:qcom,msm_fastrpc_compute_cb2: Adding to iommu group 17
<6>[    1.496638] fastrpc soc:qcom,msm_fastrpc:qcom,msm_fastrpc_compute_cb3: Adding to iommu group 18
<6>[    1.496860] fastrpc soc:qcom,msm_fastrpc:qcom,msm_fastrpc_compute_cb4: Adding to iommu group 19
<6>[    1.497060] fastrpc soc:qcom,msm_fastrpc:qcom,msm_fastrpc_compute_cb5: Adding to iommu group 20
<6>[    1.497263] fastrpc soc:qcom,msm_fastrpc:qcom,msm_fastrpc_compute_cb6: Adding to iommu group 21
<6>[    1.497461] fastrpc soc:qcom,msm_fastrpc:qcom,msm_fastrpc_compute_cb7: Adding to iommu group 22
<6>[    1.497663] fastrpc soc:qcom,msm_fastrpc:qcom,msm_fastrpc_compute_cb8: Adding to iommu group 23
<6>[    1.498120] fastrpc soc:qcom,msm_fastrpc:qcom,msm_fastrpc_compute_cb9: Adding to iommu group 24
<6>[    1.498318] fastrpc soc:qcom,msm_fastrpc:qcom,msm_fastrpc_compute_cb10: Adding to iommu group 25
<6>[    1.498504] fastrpc soc:qcom,msm_fastrpc:qcom,msm_fastrpc_compute_cb11: Adding to iommu group 26
<6>[    1.498692] fastrpc soc:qcom,msm_fastrpc:qcom,msm_fastrpc_compute_cb12: Adding to iommu group 27
<6>[    1.498894] fastrpc soc:qcom,msm_fastrpc:qcom,msm_fastrpc_compute_cb13: Adding to iommu group 28
<6>[    1.499084] fastrpc soc:qcom,msm_fastrpc:qcom,msm_fastrpc_compute_cb14: Adding to iommu group 29
<6>[    1.499290] fastrpc soc:qcom,msm_fastrpc:qcom,msm_fastrpc_compute_cb15: Adding to iommu group 30
<6>[    1.499495] fastrpc soc:qcom,msm_fastrpc:qcom,msm_fastrpc_compute_cb16: Adding to iommu group 31
<6>[    1.499693] fastrpc soc:qcom,msm_fastrpc:qcom,msm_fastrpc_compute_cb17: Adding to iommu group 32
<6>[    1.499892] fastrpc soc:qcom,msm_fastrpc:qcom,msm_fastrpc_compute_cb18: Adding to iommu group 33
<6>[    1.500116] fastrpc soc:qcom,msm_fastrpc:qcom,msm_fastrpc_compute_cb19: Adding to iommu group 34
<6>[    1.500197] OPLUS_CHG[COMM]: oplus_chg_comm_parse_dt[1084]: wkcs: temp thr = 0, 0, 50, 120, 160, 450, 500
<6>[    1.500252] OPLUS_CHG[COMM]: oplus_chg_comm_driver_probe[2297]: probe done
<6>[    1.520404] qce 1de0000.qcedev: Adding to iommu group 35
<6>[    1.520546] QCE50: __qce_get_device_tree_data: CE operating frequency is not defined, setting to default 100MHZ
<6>[    1.520635] qce 1de0000.qcedev: QTI Crypto 5.6.0 device found @0x1de0000
<6>[    1.520675] sps:BAM 0x0000000001dc4000 is registered
<6>[    1.520708] sps:BAM 0x0000000001dc4000 (va:0x0000000087115f87) enabled: ver:0x27, number of pipes:16
<6>[    1.520759] QCE50: qce_sps_init:  QTI MSM CE-BAM at 0x0000000001dc4000 irq 40
<6>[    1.521670] qce 1de0000.qcedev:qcom_cedev_ns_cb: Adding to iommu group 36
<6>[    1.522702] qce 1de0000.qcedev:qcom_cedev_s_cb: Adding to iommu group 37
<6>[    1.522922] qcrypto 1de0000.qcrypto: Adding to iommu group 38
<6>[    1.523028] QCE50: __qce_get_device_tree_data: CE operating frequency is not defined, setting to default 100MHZ
<6>[    1.523113] qcrypto 1de0000.qcrypto: QTI Crypto 5.6.0 device found @0x1de0000
<6>[    1.523169] QCE50: qce_sps_init:  QTI MSM CE-BAM at 0x0000000001dc4000 irq 40
<6>[    1.523318] qcrypto 1de0000.qcrypto: qcrypto-ecb-aes
<6>[    1.523430] qcrypto 1de0000.qcrypto: qcrypto-cbc-aes
<6>[    1.523526] qcrypto 1de0000.qcrypto: qcrypto-ctr-aes
<6>[    1.523605] qcrypto 1de0000.qcrypto: qcrypto-ecb-des
<6>[    1.523708] qcrypto 1de0000.qcrypto: qcrypto-cbc-des
<6>[    1.523792] qcrypto 1de0000.qcrypto: qcrypto-ecb-3des
<6>[    1.523874] qcrypto 1de0000.qcrypto: qcrypto-cbc-3des
<6>[    1.523963] qcrypto 1de0000.qcrypto: qcrypto-xts-aes
<6>[    1.524052] qcrypto 1de0000.qcrypto: qcrypto-sha1
<6>[    1.524138] qcrypto 1de0000.qcrypto: qcrypto-sha256
<6>[    1.524220] qcrypto 1de0000.qcrypto: qcrypto-aead-hmac-sha1-cbc-aes
<6>[    1.524301] qcrypto 1de0000.qcrypto: qcrypto-aead-hmac-sha1-cbc-des
<6>[    1.524387] qcrypto 1de0000.qcrypto: qcrypto-aead-hmac-sha1-cbc-3des
<6>[    1.524471] qcrypto 1de0000.qcrypto: qcrypto-aead-hmac-sha256-cbc-aes
<6>[    1.524557] qcrypto 1de0000.qcrypto: qcrypto-aead-hmac-sha256-cbc-des
<6>[    1.524643] qcrypto 1de0000.qcrypto: qcrypto-aead-hmac-sha256-cbc-3des
<6>[    1.524742] qcrypto 1de0000.qcrypto: qcrypto-hmac-sha1
<6>[    1.524826] qcrypto 1de0000.qcrypto: qcrypto-hmac-sha256
<6>[    1.524910] qcrypto 1de0000.qcrypto: qcrypto-aes-ccm
<6>[    1.524994] qcrypto 1de0000.qcrypto: qcrypto-rfc4309-aes-ccm
<6>[    1.525385] uaudio-qmi soc:usb_audio_qmi_dev: Adding to iommu group 39
<6>[    1.525723] spss_utils [spss_parse_dt]: iar_buf_addr [0x8b600000].
<6>[    1.526321] qupv3_geni_se 9c0000.qcom,qupv3_0_geni_se: Adding to iommu group 40
<6>[    1.526575] qupv3_geni_se ac0000.qcom,qupv3_1_geni_se: Adding to iommu group 41
<6>[    1.526819] qupv3_geni_se 8c0000.qcom,qupv3_2_geni_se: Adding to iommu group 42
<4>[    1.527192] minidump-id not found for spss
<6>[    1.528551] ufshcd-qcom 1d84000.ufshc: Adding to iommu group 43
<6>[    1.528726] ufshcd-qcom 1d84000.ufshc: ufshcd_populate_vreg: unable to find vdd-hba-max-microamp
<6>[    1.528735] ufshcd-qcom 1d84000.ufshc: ufshcd_populate_vreg: Unable to find vccq2-supply regulator, assuming enabled
<6>[    1.529117] ufshcd-qcom 1d84000.ufshc: -- Registered bus voting! (0) --
<6>[    1.529752] scsi host0: ufshcd
<3>[    1.536528] ufshcd-qcom 1d84000.ufshc: *** This is ../../../../../../kernel/oneplus/sm8350/drivers/scsi/ufs/ufshcd.c ***
<4>[    1.536969] minidump-id not found for slpi
<6>[    1.537198] pci-msm 1c00000.qcom,pcie: PCIe: msm_pcie_probe
<4>[    1.537342] pci-msm 1c00000.qcom,pcie: 1c00000.qcom,pcie supply vreg-3p3 not found, using dummy regulator
<4>[    1.537404] pci-msm 1c00000.qcom,pcie: 1c00000.qcom,pcie supply vreg-mx not found, using dummy regulator
<6>[    1.537453] gpio gpiochip0: (f000000.pinctrl): allocate IRQ 321, hwirq 96
<6>[    1.537456] gpio gpiochip0: (f000000.pinctrl): found parent hwirq 148
<6>[    1.537460] gpio gpiochip0: (f000000.pinctrl): alloc_irqs_parent for 321 parent hwirq 148
<3>[    1.537485] msm_pcie_get_reg: PCIe: RC0: no mhi resource found.
<3>[    1.537488] msm_pcie_get_reg: PCIe: RC0: no tcsr resource found.
<3>[    1.537490] msm_pcie_get_reg: PCIe: RC0: no rumi resource found.
<6>[    1.538522] i2c_geni 980000.i2c: Bus frequency is set to 400000Hz.
<6>[    1.539904] gpio gpiochip0: (f000000.pinctrl): allocate IRQ 327, hwirq 7
<6>[    1.539907] gpio gpiochip0: (f000000.pinctrl): found parent hwirq 82
<6>[    1.539910] gpio gpiochip0: (f000000.pinctrl): alloc_irqs_parent for 327 parent hwirq 82
<6>[    1.539972] gpio gpiochip0: (f000000.pinctrl): allocate IRQ 328, hwirq 116
<6>[    1.539975] gpio gpiochip0: (f000000.pinctrl): found parent hwirq 106
<6>[    1.539977] gpio gpiochip0: (f000000.pinctrl): alloc_irqs_parent for 328 parent hwirq 106
<6>[    1.540842] gpio gpiochip0: (f000000.pinctrl): allocate IRQ 329, hwirq 26
<6>[    1.540845] gpio gpiochip0: (f000000.pinctrl): found parent hwirq 86
<6>[    1.540847] gpio gpiochip0: (f000000.pinctrl): alloc_irqs_parent for 329 parent hwirq 86
<3>[    1.547963] ufshcd-qcom 1d84000.ufshc: ufshcd_print_pwr_info:[RX, TX]: gear=[1, 1], lane[1, 1], pwr[SLOWAUTO_MODE, SLOWAUTO_MODE], rate = 0
<6>[    1.556260] OPLUS_CHG[HL7227]: hl7227_hardware_init[230]: hl7227 version is 0xa8
<6>[    1.557702] i2c_geni 980000.i2c: I2C probed
<6>[    1.557817] i2c_geni 988000.i2c: Bus frequency is set to 100000Hz.
<3>[    1.558691] i2c_geni 988000.i2c: i2c error :-107
<3>[    1.558695] bq27541_i2c_txsubcmd write err, rc = -107
<3>[    1.560883] bq_present, ret=0, flag=25099
<3>[    1.570683] bq27541-battery 8-0055: DEVICE_TYPE is 0xFFA5, FIRMWARE_VERSION is 0xFFA5
<3>[    1.570685] bq27541-battery 8-0055: 2020 0924 param
<5>[    1.570690] [OPLUS_CHG][bq27541_driver_probe]bq27541_driver_probe success
<5>[    1.571221] [OPLUS_CHG][rk826_driver_probe]oplus_warp_fw_type_dt batt_type_4400 is 1,warp_fw_type = 0x5
<5>[    1.571224] [OPLUS_CHG][rk826_driver_probe]qcom,warp_reply_mcu_bits is 7
<5>[    1.571227] [OPLUS_CHG][rk826_driver_probe]qcom,warp_cool_bat_volt is 3450
<5>[    1.571229] [OPLUS_CHG][rk826_driver_probe]qcom,warp_little_cool_bat_volt is 3400
<5>[    1.571231] [OPLUS_CHG][rk826_driver_probe]qcom,warp_normal_bat_volt is 3350
<5>[    1.571234] [OPLUS_CHG][rk826_driver_probe]qcom,warp_warm_bat_volt is 3300
<5>[    1.571236] [OPLUS_CHG][rk826_driver_probe]qcom,warp_cool_bat_suspend_volt is 3450
<5>[    1.571238] [OPLUS_CHG][rk826_driver_probe]qcom,warp_little_cool_bat_suspend_volt is 3400
<5>[    1.571241] [OPLUS_CHG][rk826_driver_probe]qcom,warp_normal_bat_suspend_volt is 3350
<5>[    1.571243] [OPLUS_CHG][rk826_driver_probe]qcom,warp_warm_bat_suspend_volt is 3300
<5>[    1.571267] [OPLUS_CHG][rk826_driver_probe]rk826 success
<5>[    1.571784] [OPLUS_CHG][op10_driver_probe]oplus_warp_fw_type_dt batt_type_4400 is 1,warp_fw_type = 0x5
<5>[    1.571787] [OPLUS_CHG][op10_driver_probe]qcom,warp_reply_mcu_bits is 7
<5>[    1.571789] [OPLUS_CHG][op10_driver_probe]qcom,warp_cool_bat_volt is 3450
<5>[    1.571791] [OPLUS_CHG][op10_driver_probe]qcom,warp_little_cool_bat_volt is 3400
<5>[    1.571793] [OPLUS_CHG][op10_driver_probe]qcom,warp_normal_bat_volt is 3350
<5>[    1.571795] [OPLUS_CHG][op10_driver_probe]qcom,warp_warm_bat_volt is 3300
<5>[    1.571797] [OPLUS_CHG][op10_driver_probe]qcom,warp_cool_bat_suspend_volt is 3450
<5>[    1.571799] [OPLUS_CHG][op10_driver_probe]qcom,warp_little_cool_bat_suspend_volt is 3400
<5>[    1.571801] [OPLUS_CHG][op10_driver_probe]qcom,warp_normal_bat_suspend_volt is 3350
<5>[    1.571803] [OPLUS_CHG][op10_driver_probe]qcom,warp_warm_bat_suspend_volt is 3300
<5>[    1.571820] [OPLUS_CHG][op10_driver_probe]op10 success
<6>[    1.571828] i2c_geni 988000.i2c: I2C probed
<6>[    1.571923] i2c_geni 990000.i2c: Bus frequency is set to 400000Hz.
<6>[    1.573726] gpio gpiochip0: (f000000.pinctrl): allocate IRQ 330, hwirq 23
<6>[    1.573729] gpio gpiochip0: (f000000.pinctrl): found parent hwirq 84
<6>[    1.573732] gpio gpiochip0: (f000000.pinctrl): alloc_irqs_parent for 330 parent hwirq 84
<3>[    1.573738] [TP]synaptics-s3908: syna_tcm_probe: enter
<3>[    1.573813] [TP]synaptics-s3908: syna_tcm_probe read_length:9
<3>[    1.573877] [TP]touchpanel: register_common_touch_device  is called
<3>[    1.573880] [TP]touchpanel: ts->tp_index not specified
<3>[    1.573882] [TP]touchpanel: ts->tp_index is 0
<3>[    1.573904] [TP0]touchpanel: init_parse_dts : irq_gpio = 331, irq_flags = 0x2008, reset_gpio = 330
<3>[    1.573907] [TP0]touchpanel: ts->cs-gpio not specified
<3>[    1.573927] [TP0]touchpanel: Failed to get the cs-gpio high state pinctrl
<3>[    1.573929] [TP0]touchpanel:  Failed to get the cs-gpio low state pinctrl 
<3>[    1.573931] [TP0]touchpanel: Failed to get the input state pinctrl handle
<3>[    1.573933] [TP]touchpanel: Failed to get pinctrl state:oplus_spi_active, r:-19
<3>[    1.573934] [TP]touchpanel: Failed to get pinctrl state:oplus_int_active, r:-19
<3>[    1.573935] [TP]touchpanel: Failed to get pinctrl state:oplus_reset_active, r:-19
<3>[    1.573937] [TP]touchpanel: success get avtive pinctrl state
<3>[    1.573939] [TP]touchpanel: Failed to get pinctrl state:oplus_spi_suspend, r:-19
<3>[    1.573941] [TP]touchpanel: Failed to get pinctrl state:oplus_int_suspend, r:-19
<3>[    1.573943] [TP]touchpanel: Failed to get pinctrl state:oplus_reset_suspend, r:-19
<3>[    1.573945] [TP]touchpanel: success get suspend pinctrl state
<3>[    1.573955] [TP0]touchpanel: panel_type not specified, need to default 1
<3>[    1.573957] [TP0]touchpanel: find 1 num chip in dts
<3>[    1.573959] [TP0]touchpanel: panel_data.chip_name = S3908
<3>[    1.573963] [TP0]touchpanel: now has 3 num panel in dts
<3>[    1.573975] KE Project:19815, Audio:19815, nRF:12, PCB:T6
<3>[    1.573977] OCP: 0 0x0 \x00 0 0x0 \x00
<3>[    1.573982] remove proc operatorName
<3>[    1.573984] remove proc modemType
<3>[    1.573987] get_project:19815, is_new_cdt:1, get_PCB_Version:22, get_Oplus_Boot_Mode:0, get_Modem_Version:12
<3>[    1.573991] get_Operator_Version:0, get_dtsiNo:19815, get_audio_project:19815
<3>[    1.573992] oplus project info loading finished
<3>[    1.573995] [TP] Driver match support project [19815]
<3>[    1.573997] [TP] match panel type OK , panel type is [8]
<3>[    1.573999] [TP0]touchpanel: tp_type not specified
<3>[    1.574001] [TP0]touchpanel: read firmware-data-0 firmware in dts
<3>[    1.574002] [TP0]touchpanel: No firmware in dts !
<3>[    1.574006] [TP0]touchpanel: ts->irq_need_dev_resume_time not specified
<3>[    1.574008] [TP0]touchpanel: ts->irq_need_dev_resume_time = 50 ms
<3>[    1.574010] [TP0]touchpanel: tx_num = 17, rx_num = 38 
<3>[    1.574013] [TP0]touchpanel: LCD_WIDTH = 1440, LCD_HEIGHT = 3216, max_x = 1440, max_y = 3216, limit_witdh = 0, limit_height = 54
<3>[    1.574015] [TP0]touchpanel: error:button-type should be setting in dts!
<3>[    1.574017] [TP0]touchpanel: key_tx is 0, key_rx is 0
<3>[    1.574020] [TP0]touchpanel: smooth_level_array not specified -22
<3>[    1.574023] [TP0]touchpanel: sensitive_level_array not specified -22
<3>[    1.574025] [TP0]touchpanel: error:game_perf_para_default should be setting in dts!
<3>[    1.574027] [TP0]touchpanel: panel is oncell!
<3>[    1.574030] [TP0]touchpanel: ts->high_frame_rate_time not specified or support
<3>[    1.574036] [TP0]touchpanel: ts_check_panel_dt: panel[0] IS_ERR =1 
<3>[    1.574040] [TP0]touchpanel: ts_check_panel_dt: panel[1] IS_ERR =1 
<3>[    1.574044] [TP0]touchpanel: ts_check_panel_dt: panel[2] IS_ERR =1 
<3>[    1.574046] [TP0]touchpanel: register_common_touch_device: ts_check_panel_dt failed.
<3>[    1.574048] [TP]synaptics-s3908: Failed to init device information
<6>[    1.574674] i2c_geni 990000.i2c: I2C probed
<6>[    1.574802] i2c_geni a80000.i2c: Bus frequency is set to 400000Hz.
<3>[    1.574922] i2c_geni a80000.i2c: Invalid proto 4
<3>[    1.575025] i2c_geni a80000.i2c: I2C prepare failed: -6
<6>[    1.575942] i2c_geni a80000.i2c: I2C probed
<6>[    1.576051] i2c_geni a94000.i2c: Multi-EE usecase
<6>[    1.576054] i2c_geni a94000.i2c: Bus frequency is set to 400000Hz.
<7>[    1.579090] cnss: Assert WLAN_EN GPIO successfully
<7>[    1.579103] cnss: no default_gen_speed, use gen2
<7>[    1.579107] cnss: Set pci link speed: 2
<7>[    1.579117] cnss: Trying to enumerate with PCIe RC0
<6>[    1.579132] msm_pcie_enable: PCIe: Assert the reset of endpoint of RC0.
<6>[    1.580188] I2C PMIC: i2c_pmic_probe: I2C PMIC probe successful
<6>[    1.582449] msm_pcie_enable: PCIe: RC0: PCIE20_PARF_INT_ALL_MASK: 0x7f80c202
<6>[    1.582569] pm8008i_l1: supplied by pm8350_s12
<6>[    1.583717] pm8008i_l2: Bringing 1200000uV into 1152000-1152000uV
<3>[    1.584047] [OPLUS_CHG][oplus_warp_asic_hwid_check]chip->warp_gpio.warp_asic_id_gpio not specified
<3>[    1.584051] [OPLUS_CHG][oplus_warp_mcu_hwid_check]chip->warp_gpio.warp_mcu_id_gpio not specified, enable stm8s
<5>[    1.584055] [OPLUS_CHG][oplus_is_rf_ftm_mode] boot_mode:0, return false
<6>[    1.584588] pcie_phy_init: PCIe RC0 PHY is ready!
<6>[    1.585070] pm8008i_l2: supplied by pm8350_s12
<6>[    1.586167] pm8008i_l3: supplied by pm8350c_bob
<6>[    1.589628] pm8008i_l4: supplied by pm8350c_bob
<6>[    1.591171] pm8008i_l5: supplied by pm8350c_s1
<6>[    1.592743] pm8008i_l6: supplied by pm8350c_bob
<6>[    1.594321] pm8008i_l7: supplied by pm8350c_bob
<6>[    1.594636] msm_pcie_enable: PCIe: Release the reset of endpoint of RC0.
<6>[    1.594775] I2C PMIC: i2c_pmic_probe: I2C PMIC probe successful
<3>[    1.595003] i2c_geni a94000.i2c: i2c error :-107
<3>[    1.595007] PM8008: pm8008_read: failed to read 0x0950
<3>[    1.595009] PM8008: _pm8008_chip_is_enabled: qcom,pm8008-chip-en: failed to get chip state rc=-107
<3>[    1.595011] PM8008: pm8008_chip_probe: Failed to register chip enable regulator rc=-107
<4>[    1.595014] qcom,pm8008-chip: probe of a94000.i2c:pm8008j@c:pm8008-chip@900 failed with error -107
<6>[    1.595082] I2C PMIC: i2c_pmic_probe: I2C PMIC probe successful
<6>[    1.595268] I2C PMIC: i2c_pmic_probe: I2C PMIC probe successful
<6>[    1.595298] i2c_geni a94000.i2c: I2C probed
<6>[    1.595502] msm_geni_serial 890000.qcom,qup_uart: Wakeup byte 0xfd
<6>[    1.595521] gpio gpiochip0: (f000000.pinctrl): allocate IRQ 331, hwirq 71
<6>[    1.595523] gpio gpiochip0: (f000000.pinctrl): found parent hwirq 134
<6>[    1.595526] gpio gpiochip0: (f000000.pinctrl): alloc_irqs_parent for 331 parent hwirq 134
<6>[    1.595552] msm_geni_serial 890000.qcom,qup_uart: Serial port0 added.FifoSize 64 is_console0
<3>[    1.595556] msm_geni_serial 890000.qcom,qup_uart: Failed to create dbg dir
<6>[    1.595930] 890000.qcom,qup_uart: ttyHS0 at MMIO 0x890000 (irq = 197, base_baud = 0) is a MSM
<6>[    1.596032] OPLUS_CHG[WLS]: oplus_chg_wls_mod_notifier_call[2495]: wls present
<6>[    1.596038] OPLUS_CHG[WLS]: oplus_chg_wls_event_notifier_call[2413]: wls present
<6>[    1.596039] OPLUS_CHG[WLS]: oplus_chg_wls_mod_notifier_call[2495]: wls present
<3>[    1.596054] OPLUS_CHG[GKI]: battery_psy_get_prop[545]: Couldn't get prop 0 rc = -19
<3>[    1.596061] OPLUS_CHG[GKI]: battery_psy_get_prop[545]: Couldn't get prop 0 rc = -19
<3>[    1.596063] OPLUS_CHG[GKI]: battery_psy_get_prop[545]: Couldn't get prop 2 rc = -19
<3>[    1.596065] OPLUS_CHG[GKI]: battery_psy_get_prop[545]: Couldn't get prop 3 rc = -19
<3>[    1.596067] OPLUS_CHG[GKI]: battery_psy_get_prop[545]: Couldn't get prop 1 rc = -19
<3>[    1.596069] OPLUS_CHG[GKI]: battery_psy_get_prop[545]: Couldn't get prop 46 rc = -19
<3>[    1.596071] OPLUS_CHG[GKI]: battery_psy_get_prop[545]: Couldn't get prop 14 rc = -19
<3>[    1.596073] OPLUS_CHG[GKI]: battery_psy_get_prop[545]: Couldn't get prop 12 rc = -19
<3>[    1.596075] OPLUS_CHG[GKI]: battery_psy_get_prop[545]: Couldn't get prop 8 rc = -19
<3>[    1.596077] OPLUS_CHG[GKI]: battery_psy_get_prop[545]: Couldn't get prop 17 rc = -19
<3>[    1.596079] OPLUS_CHG[GKI]: battery_psy_get_prop[545]: Couldn't get prop 33 rc = -19
<3>[    1.596080] OPLUS_CHG[GKI]: battery_psy_get_prop[545]: Couldn't get prop 34 rc = -19
<3>[    1.596082] OPLUS_CHG[GKI]: battery_psy_get_prop[545]: Couldn't get prop 51 rc = -19
<3>[    1.596084] OPLUS_CHG[GKI]: battery_psy_get_prop[545]: Couldn't get prop 6 rc = -19
<3>[    1.596086] OPLUS_CHG[GKI]: battery_psy_get_prop[545]: Couldn't get prop 28 rc = -19
<3>[    1.596088] OPLUS_CHG[GKI]: battery_psy_get_prop[545]: Couldn't get prop 7 rc = -19
<3>[    1.596090] OPLUS_CHG[GKI]: battery_psy_get_prop[545]: Couldn't get prop 22 rc = -19
<3>[    1.596092] OPLUS_CHG[GKI]: battery_psy_get_prop[545]: Couldn't get prop 24 rc = -19
<3>[    1.596094] OPLUS_CHG[GKI]: battery_psy_get_prop[545]: Couldn't get prop 72 rc = -19
<3>[    1.596095] OPLUS_CHG[GKI]: battery_psy_get_prop[545]: Couldn't get prop 62 rc = -19
<3>[    1.596097] OPLUS_CHG[GKI]: battery_psy_get_prop[545]: Couldn't get prop 61 rc = -19
<3>[    1.596099] OPLUS_CHG[GKI]: battery_psy_get_prop[545]: Couldn't get prop 60 rc = -19
<3>[    1.596101] OPLUS_CHG[GKI]: battery_psy_get_prop[545]: Couldn't get prop 20 rc = -19
<3>[    1.596103] OPLUS_CHG[GKI]: battery_psy_get_prop[545]: Couldn't get prop 21 rc = -19
<3>[    1.596105] OPLUS_CHG[GKI]: battery_psy_get_prop[545]: Couldn't get prop 26 rc = -19
<3>[    1.596106] OPLUS_CHG[GKI]: battery_psy_get_prop[545]: Couldn't get prop 9 rc = -19
<3>[    1.596117] OPLUS_CHG[GKI]: battery_psy_get_prop[545]: Couldn't get prop 46 rc = -19
<3>[    1.596120] bcl_soc:bcl_read_soc battery percentage read error:-61
<6>[    1.596173] i2c_geni 884000.i2c: Bus frequency is set to 400000Hz.
<6>[    1.596559] i2c_geni 884000.i2c: I2C probed
<6>[    1.596649] gpio gpiochip0: (f000000.pinctrl): allocate IRQ 332, hwirq 87
<6>[    1.596657] gpio gpiochip0: (f000000.pinctrl): found parent hwirq 138
<6>[    1.596665] gpio gpiochip0: (f000000.pinctrl): alloc_irqs_parent for 332 parent hwirq 138
<6>[    1.596682] nfc_parse_dt: irq 395
<6>[    1.596690] i2c_geni 88c000.i2c: Bus frequency is set to 400000Hz.
<6>[    1.596700] nfc_parse_dt: ven 370, dwl req 394, clkreq 371
<3>[    1.596707] qcom,sn-nci 12-0028: error reading NFC VDDIO min and max value
<3>[    1.596713] qcom,sn-nci 12-0028: error reading NFC current value
<6>[    1.596795] i2c_geni 88c000.i2c: I2C probed
<6>[    1.596807] nfc_i2c_dev_probe : requesting IRQ 332
<3>[    1.596859] nfc_ldo_config: regulator entry not present
<6>[    1.596896] i2c_geni 894000.i2c: Bus frequency is set to 400000Hz.
<6>[    1.597057] i2c_geni 894000.i2c: I2C probed
<6>[    1.598336] ipa 1e00000.qcom,ipa:ipa_smmu_ap: Adding to iommu group 44
<6>[    1.598553] ipa 1e00000.qcom,ipa:ipa_smmu_wlan: Adding to iommu group 45
<6>[    1.598739] ipa 1e00000.qcom,ipa:ipa_smmu_uc: Adding to iommu group 46
<6>[    1.598922] ipa 1e00000.qcom,ipa:ipa_smmu_11ad: Adding to iommu group 47
<4>[    1.599390] minidump-id not found for venus
<4>[    1.599554] subsys-pil-tz soc:qcom,ipa_fws: Direct firmware load for ipa_fws.mdt failed with error -2
<4>[    1.599564] subsys-pil-tz soc:qcom,ipa_fws: Falling back to sysfs fallback for: ipa_fws.mdt
<6>[    1.599616] spss_utils [spss_parse_dt]: iar_buf_addr [0x8b600000].
<6>[    1.599643] spss_utils [spss_probe]: Probe completed successfully, [spss1p].
<3>[    1.599707] [TP]synaptics-s3908: syna_tcm_probe: enter
<3>[    1.599786] [TP]synaptics-s3908: syna_tcm_probe read_length:9
<3>[    1.599851] [TP]touchpanel: register_common_touch_device  is called
<3>[    1.599854] [TP]touchpanel: ts->tp_index not specified
<3>[    1.599856] [TP]touchpanel: ts->tp_index is 0
<3>[    1.599881] [TP0]touchpanel: init_parse_dts : irq_gpio = 331, irq_flags = 0x2008, reset_gpio = 330
<3>[    1.599884] [TP0]touchpanel: ts->cs-gpio not specified
<3>[    1.599905] [TP0]touchpanel: Failed to get the cs-gpio high state pinctrl
<3>[    1.599907] [TP0]touchpanel:  Failed to get the cs-gpio low state pinctrl 
<3>[    1.599909] [TP0]touchpanel: Failed to get the input state pinctrl handle
<3>[    1.599911] [TP]touchpanel: Failed to get pinctrl state:oplus_spi_active, r:-19
<3>[    1.599912] [TP]touchpanel: Failed to get pinctrl state:oplus_int_active, r:-19
<3>[    1.599913] [TP]touchpanel: Failed to get pinctrl state:oplus_reset_active, r:-19
<3>[    1.599915] [TP]touchpanel: success get avtive pinctrl state
<3>[    1.599917] [TP]touchpanel: Failed to get pinctrl state:oplus_spi_suspend, r:-19
<3>[    1.599919] [TP]touchpanel: Failed to get pinctrl state:oplus_int_suspend, r:-19
<3>[    1.599920] [TP]touchpanel: Failed to get pinctrl state:oplus_reset_suspend, r:-19
<3>[    1.599922] [TP]touchpanel: success get suspend pinctrl state
<3>[    1.599934] [TP0]touchpanel: panel_type not specified, need to default 1
<3>[    1.599935] [TP0]touchpanel: find 1 num chip in dts
<3>[    1.599938] [TP0]touchpanel: panel_data.chip_name = S3908
<3>[    1.599941] [TP0]touchpanel: now has 3 num panel in dts
<3>[    1.599945] [TP] Driver match support project [19815]
<3>[    1.599948] [TP] match panel type OK , panel type is [8]
<3>[    1.599950] [TP0]touchpanel: tp_type not specified
<3>[    1.599952] [TP0]touchpanel: read firmware-data-0 firmware in dts
<3>[    1.599953] [TP0]touchpanel: No firmware in dts !
<3>[    1.599956] [TP0]touchpanel: ts->irq_need_dev_resume_time not specified
<3>[    1.599958] [TP0]touchpanel: ts->irq_need_dev_resume_time = 50 ms
<3>[    1.599961] [TP0]touchpanel: tx_num = 17, rx_num = 38 
<3>[    1.599965] [TP0]touchpanel: LCD_WIDTH = 1440, LCD_HEIGHT = 3216, max_x = 1440, max_y = 3216, limit_witdh = 0, limit_height = 54
<3>[    1.599967] [TP0]touchpanel: error:button-type should be setting in dts!
<3>[    1.599969] [TP0]touchpanel: key_tx is 0, key_rx is 0
<3>[    1.599972] [TP0]touchpanel: smooth_level_array not specified -22
<3>[    1.599975] [TP0]touchpanel: sensitive_level_array not specified -22
<3>[    1.599977] [TP0]touchpanel: error:game_perf_para_default should be setting in dts!
<3>[    1.599979] [TP0]touchpanel: panel is oncell!
<3>[    1.599982] [TP0]touchpanel: ts->high_frame_rate_time not specified or support
<3>[    1.599987] [TP0]touchpanel: ts_check_panel_dt: panel[0] IS_ERR =1 
<3>[    1.599991] [TP0]touchpanel: ts_check_panel_dt: panel[1] IS_ERR =1 
<3>[    1.599994] [TP0]touchpanel: ts_check_panel_dt: panel[2] IS_ERR =1 
<3>[    1.599996] [TP0]touchpanel: register_common_touch_device: ts_check_panel_dt failed.
<3>[    1.599998] [TP]synaptics-s3908: Failed to init device information
<3>[    1.600722] [TP]synaptics-s3908: syna_tcm_probe: enter
<3>[    1.600816] [TP]synaptics-s3908: syna_tcm_probe read_length:9
<3>[    1.600882] [TP]touchpanel: register_common_touch_device  is called
<3>[    1.600885] [TP]touchpanel: ts->tp_index not specified
<3>[    1.600886] [TP]touchpanel: ts->tp_index is 0
<3>[    1.600905] [TP0]touchpanel: init_parse_dts : irq_gpio = 331, irq_flags = 0x2008, reset_gpio = 330
<3>[    1.600908] [TP0]touchpanel: ts->cs-gpio not specified
<3>[    1.600926] [TP0]touchpanel: Failed to get the cs-gpio high state pinctrl
<3>[    1.600928] [TP0]touchpanel:  Failed to get the cs-gpio low state pinctrl 
<3>[    1.600929] [TP0]touchpanel: Failed to get the input state pinctrl handle
<3>[    1.600931] [TP]touchpanel: Failed to get pinctrl state:oplus_spi_active, r:-19
<3>[    1.600932] [TP]touchpanel: Failed to get pinctrl state:oplus_int_active, r:-19
<3>[    1.600934] [TP]touchpanel: Failed to get pinctrl state:oplus_reset_active, r:-19
<3>[    1.600935] [TP]touchpanel: success get avtive pinctrl state
<3>[    1.600937] [TP]touchpanel: Failed to get pinctrl state:oplus_spi_suspend, r:-19
<3>[    1.600939] [TP]touchpanel: Failed to get pinctrl state:oplus_int_suspend, r:-19
<3>[    1.600941] [TP]touchpanel: Failed to get pinctrl state:oplus_reset_suspend, r:-19
<3>[    1.600942] [TP]touchpanel: success get suspend pinctrl state
<3>[    1.600953] [TP0]touchpanel: panel_type not specified, need to default 1
<3>[    1.600955] [TP0]touchpanel: find 1 num chip in dts
<3>[    1.600957] [TP0]touchpanel: panel_data.chip_name = S3908
<3>[    1.600960] [TP0]touchpanel: now has 3 num panel in dts
<3>[    1.600964] [TP] Driver match support project [19815]
<3>[    1.600966] [TP] match panel type OK , panel type is [8]
<3>[    1.600968] [TP0]touchpanel: tp_type not specified
<3>[    1.600970] [TP0]touchpanel: read firmware-data-0 firmware in dts
<3>[    1.600971] [TP0]touchpanel: No firmware in dts !
<3>[    1.600974] [TP0]touchpanel: ts->irq_need_dev_resume_time not specified
<3>[    1.600976] [TP0]touchpanel: ts->irq_need_dev_resume_time = 50 ms
<3>[    1.600978] [TP0]touchpanel: tx_num = 17, rx_num = 38 
<3>[    1.600981] [TP0]touchpanel: LCD_WIDTH = 1440, LCD_HEIGHT = 3216, max_x = 1440, max_y = 3216, limit_witdh = 0, limit_height = 54
<3>[    1.600984] [TP0]touchpanel: error:button-type should be setting in dts!
<3>[    1.600985] [TP0]touchpanel: key_tx is 0, key_rx is 0
<3>[    1.600988] [TP0]touchpanel: smooth_level_array not specified -22
<3>[    1.600991] [TP0]touchpanel: sensitive_level_array not specified -22
<3>[    1.600993] [TP0]touchpanel: error:game_perf_para_default should be setting in dts!
<3>[    1.600995] [TP0]touchpanel: panel is oncell!
<3>[    1.600998] [TP0]touchpanel: ts->high_frame_rate_time not specified or support
<3>[    1.601001] [TP0]touchpanel: ts_check_panel_dt: panel[0] IS_ERR =1 
<3>[    1.601004] [TP0]touchpanel: ts_check_panel_dt: panel[1] IS_ERR =1 
<3>[    1.601006] [TP0]touchpanel: ts_check_panel_dt: panel[2] IS_ERR =1 
<3>[    1.601008] [TP0]touchpanel: register_common_touch_device: ts_check_panel_dt failed.
<3>[    1.601010] [TP]synaptics-s3908: Failed to init device information
<6>[    1.601155] [tri_state_key]  ist8801_up_init : call
<6>[    1.601202] [tri_state_key]  ist8801_i2c_probe : call
<6>[    1.601206] [tri_state_key]  ist8801_parse_dts : use default value:0x0
<5>[    1.606586] [OPLUS_CHG][opchg_set_reset_active_force]opchg_set_reset_active_force
<6>[    1.611303] msm_pcie_link_train: PCIe RC0 link initialized
<6>[    1.611375] pci-msm 1c00000.qcom,pcie: host bridge /soc/qcom,pcie@1c00000 ranges:
<6>[    1.611392] pci-msm 1c00000.qcom,pcie:   No bus range found for /soc/qcom,pcie@1c00000, using [bus 00-ff]
<6>[    1.611412] pci-msm 1c00000.qcom,pcie:    IO 0x60200000..0x602fffff -> 0x60200000
<6>[    1.611427] pci-msm 1c00000.qcom,pcie:   MEM 0x60300000..0x63ffffff -> 0x60300000
<4>[    1.611498] MSI interrupts mask disabled:1
<6>[    1.611511] pci-msm 1c00000.qcom,pcie: MSI: qgic controller is present
<6>[    1.613137] pci-msm 1c00000.qcom,pcie: PCI host bridge to bus 0000:00
<6>[    1.613147] pci_bus 0000:00: root bus resource [bus 00-ff]
<6>[    1.613154] pci_bus 0000:00: root bus resource [io  0x0000-0xfffff] (bus address [0x60200000-0x602fffff])
<6>[    1.613161] pci_bus 0000:00: root bus resource [mem 0x60300000-0x63ffffff]
<6>[    1.613211] pci 0000:00:00.0: [17cb:010c] type 01 class 0x060400
<6>[    1.613294] pci 0000:00:00.0: reg 0x10: [mem 0x00000000-0x00000fff 64bit]
<6>[    1.613532] pci 0000:00:00.0: PME# supported from D0 D3hot D3cold
<6>[    1.625567] [tri_state_key]  ist8801_get_id : id = 0x81
<6>[    1.634037] pci 0000:00:00.0: bridge configuration invalid ([bus 00-00]), reconfiguring
<6>[    1.634147] pci 0000:01:00.0: [17cb:1103] type 00 class 0x028000
<6>[    1.634227] pci 0000:01:00.0: reg 0x10: [mem 0x00000000-0x001fffff 64bit]
<6>[    1.634479] pci 0000:01:00.0: PME# supported from D0 D3hot D3cold
<6>[    1.634539] pci 0000:01:00.0: 4.000 Gb/s available PCIe bandwidth, limited by 5 GT/s x1 link at 0000:00:00.0 (capable of 7.876 Gb/s with 8 GT/s x1 link)
<6>[    1.647559] pci_bus 0000:01: busn_res: [bus 01-ff] end is updated to 01
<6>[    1.647571] pci 0000:00:00.0: bridge window [io  0x1000-0x0fff] to [bus 01] add_size 1000
<6>[    1.647575] pci 0000:00:00.0: bridge window [mem 0x00100000-0x000fffff 64bit pref] to [bus 01] add_size 200000 add_align 100000
<6>[    1.647581] pci 0000:00:00.0: BAR 8: assigned [mem 0x60400000-0x605fffff]
<6>[    1.647584] pci 0000:00:00.0: BAR 9: assigned [mem 0x60600000-0x607fffff 64bit pref]
<6>[    1.647586] pci 0000:00:00.0: BAR 0: assigned [mem 0x60300000-0x60300fff 64bit]
<6>[    1.647599] pci 0000:00:00.0: BAR 7: assigned [io  0x1000-0x1fff]
<6>[    1.647603] pci 0000:01:00.0: BAR 0: assigned [mem 0x60400000-0x605fffff 64bit]
<6>[    1.647632] pci 0000:00:00.0: PCI bridge to [bus 01]
<6>[    1.647635] pci 0000:00:00.0:   bridge window [io  0x1000-0x1fff]
<6>[    1.647642] pci 0000:00:00.0:   bridge window [mem 0x60400000-0x605fffff]
<6>[    1.647648] pci 0000:00:00.0:   bridge window [mem 0x60600000-0x607fffff 64bit pref]
<6>[    1.647892] pci-msm-rc 0000:00:00.0: Adding to iommu group 48
<3>[    1.648089] msm_pcie_enumerate: PCIe: RC0: has already been enumerated.
<3>[    1.648106] [TP]synaptics-s3908: syna_tcm_probe: enter
<3>[    1.648216] [TP]synaptics-s3908: syna_tcm_probe read_length:9
<3>[    1.648309] [TP]touchpanel: register_common_touch_device  is called
<3>[    1.648316] [TP]touchpanel: ts->tp_index not specified
<3>[    1.648321] [TP]touchpanel: ts->tp_index is 0
<3>[    1.648381] [TP0]touchpanel: init_parse_dts : irq_gpio = 331, irq_flags = 0x2008, reset_gpio = 330
<3>[    1.648390] [TP0]touchpanel: ts->cs-gpio not specified
<3>[    1.648455] [TP0]touchpanel: Failed to get the cs-gpio high state pinctrl
<3>[    1.648460] [TP0]touchpanel:  Failed to get the cs-gpio low state pinctrl 
<3>[    1.648465] [TP0]touchpanel: Failed to get the input state pinctrl handle
<3>[    1.648470] [TP]touchpanel: Failed to get pinctrl state:oplus_spi_active, r:-19
<3>[    1.648472] [TP]touchpanel: Failed to get pinctrl state:oplus_int_active, r:-19
<3>[    1.648476] [TP]touchpanel: Failed to get pinctrl state:oplus_reset_active, r:-19
<3>[    1.648480] [TP]touchpanel: success get avtive pinctrl state
<3>[    1.648485] [TP]touchpanel: Failed to get pinctrl state:oplus_spi_suspend, r:-19
<3>[    1.648489] [TP]touchpanel: Failed to get pinctrl state:oplus_int_suspend, r:-19
<3>[    1.648494] [TP]touchpanel: Failed to get pinctrl state:oplus_reset_suspend, r:-19
<3>[    1.648498] [TP]touchpanel: success get suspend pinctrl state
<3>[    1.648527] [TP0]touchpanel: panel_type not specified, need to default 1
<3>[    1.648532] [TP0]touchpanel: find 1 num chip in dts
<3>[    1.648537] [TP0]touchpanel: panel_data.chip_name = S3908
<3>[    1.648545] [TP0]touchpanel: now has 3 num panel in dts
<3>[    1.648555] [TP] Driver match support project [19815]
<3>[    1.648560] [TP] match panel type OK , panel type is [8]
<3>[    1.648566] [TP0]touchpanel: tp_type not specified
<3>[    1.648571] [TP0]touchpanel: read firmware-data-0 firmware in dts
<3>[    1.648573] [TP0]touchpanel: No firmware in dts !
<3>[    1.648581] [TP0]touchpanel: ts->irq_need_dev_resume_time not specified
<3>[    1.648586] [TP0]touchpanel: ts->irq_need_dev_resume_time = 50 ms
<3>[    1.648592] [TP0]touchpanel: tx_num = 17, rx_num = 38 
<3>[    1.648600] [TP0]touchpanel: LCD_WIDTH = 1440, LCD_HEIGHT = 3216, max_x = 1440, max_y = 3216, limit_witdh = 0, limit_height = 54
<3>[    1.648605] [TP0]touchpanel: error:button-type should be setting in dts!
<3>[    1.648609] [TP0]touchpanel: key_tx is 0, key_rx is 0
<3>[    1.648617] [TP0]touchpanel: smooth_level_array not specified -22
<3>[    1.648624] [TP0]touchpanel: sensitive_level_array not specified -22
<3>[    1.648630] [TP0]touchpanel: error:game_perf_para_default should be setting in dts!
<3>[    1.648635] [TP0]touchpanel: panel is oncell!
<3>[    1.648642] [TP0]touchpanel: ts->high_frame_rate_time not specified or support
<3>[    1.648653] [TP0]touchpanel: ts_check_panel_dt: panel[0] IS_ERR =1 
<3>[    1.648661] [TP0]touchpanel: ts_check_panel_dt: panel[1] IS_ERR =1 
<3>[    1.648670] [TP0]touchpanel: ts_check_panel_dt: panel[2] IS_ERR =1 
<3>[    1.648674] [TP0]touchpanel: register_common_touch_device: ts_check_panel_dt failed.
<6>[    1.648678] [tri_state_key]  ist8801_reset_device : ist8801_data->origin_gain = 32
<3>[    1.648683] [TP]synaptics-s3908: Failed to init device information
<6>[    1.648867] [tri_state_key]  ist8801_reset_device : ist8801_data->origin_osr = 5
<6>[    1.649059] [tri_state_key]  ist8801_reset_device : ist8801_data->origin_info = 16
<6>[    1.649308] [tri_state_key]  ist8801_set_operation_mode : opf = 0x0
<6>[    1.649327] cnss_pci 0000:01:00.0: Adding to iommu group 49
<7>[    1.649349] cnss: PCI is probing, vendor ID: 0x17cb, device ID: 0x1103
<3>[    1.649354] cnss: Failed to init reserved mem device, err = -22
<7>[    1.649438] cnss: Powerup is ignored
<7>[    1.649451] cnss: Ramdump size 0x420000
<6>[    1.649458] cnss2 b0000000.qcom,cnss-qca6490: for wlan segments only will be dumped.
<7>[    1.649475] cnss: Initializing SMMU
<7>[    1.649477] cnss: Enabling SMMU S1 stage
<7>[    1.649480] cnss: smmu_iova_start: 0x00000000a0000000, smmu_iova_len: 0x10000000
<7>[    1.649482] cnss: smmu_iova_ipa_start: 0x00000000b0000000, smmu_iova_ipa_len: 0x10000
<7>[    1.649483] cnss: iommu_geometry: 0
<7>[    1.649485] cnss: PCIe DRV is supported
<6>[    1.649498] cnss_pci 0000:01:00.0: BAR 0: assigned [mem 0x60400000-0x605fffff 64bit]
<6>[    1.649539] pci-msm-rc 0000:00:00.0: enabling device (0006 -> 0007)
<6>[    1.649606] cnss_pci 0000:01:00.0: enabling device (0000 -> 0002)
<7>[    1.649652] cnss: Set PCI DMA MASK (0xfffffffff)
<7>[    1.650011] cnss: MSI base data is 800
<7>[    1.650013] cnss: BAR starts at 0x0000000060400000, len-200000
<7>[    1.650015] cnss: Assign MSI to user: MHI, num_vectors: 3, user_base_data: 800, base_vector: 0
<7>[    1.650016] cnss: Number of assigned MSI for MHI is 3, base vector is 0
<7>[    1.650018] cnss: Get IRQ number 333 for vector index 0
<7>[    1.650019] cnss: Get IRQ number 334 for vector index 1
<7>[    1.650020] cnss: Get IRQ number 335 for vector index 2
<7>[    1.650207] cnss: Get device version info, family number: 0x4, device number: 0xc, major version: 0x1, minor version: 0x10
<7>[    1.650210] cnss: FW name added with prefix: qca6490/amss.bin
<7>[    1.650211] cnss: FW name is qca6490/amss.bin, FW fallback name is amss.bin
<7>[    1.650216] cnss: Get PCI link status register: 4114
<7>[    1.650218] cnss: Default PCI link speed is 0x2, link width is 0x1
<6>[    1.654974] [tri_state_key]  ist8801_set_operation_mode : opf = 0x70
<6>[    1.655100] [tri_state_key]  ist8801_set_operation_mode : =OPERATION_MODE_MEASUREMENT
<6>[    1.655101] [tri_state_key]  ist8801_set_operation_mode : opf = 0x70
<6>[    1.663767] NFC chip_type = a4
<6>[    1.663774] NFC fw version = 1.10.57
<6>[    1.663840] nfc_i2c_dev_probe success
<3>[    1.663994] [TP]synaptics-s3908: syna_tcm_probe: enter
<7>[    1.664065] cnss: Suspending PCI link
<3>[    1.664150] [TP]synaptics-s3908: syna_tcm_probe read_length:9
<3>[    1.664253] [TP]touchpanel: register_common_touch_device  is called
<3>[    1.664262] [TP]touchpanel: ts->tp_index not specified
<3>[    1.664267] [TP]touchpanel: ts->tp_index is 0
<3>[    1.664323] [TP0]touchpanel: init_parse_dts : irq_gpio = 331, irq_flags = 0x2008, reset_gpio = 330
<3>[    1.664331] [TP0]touchpanel: ts->cs-gpio not specified
<3>[    1.664398] [TP0]touchpanel: Failed to get the cs-gpio high state pinctrl
<3>[    1.664404] [TP0]touchpanel:  Failed to get the cs-gpio low state pinctrl 
<3>[    1.664408] [TP0]touchpanel: Failed to get the input state pinctrl handle
<3>[    1.664413] [TP]touchpanel: Failed to get pinctrl state:oplus_spi_active, r:-19
<3>[    1.664414] [TP]touchpanel: Failed to get pinctrl state:oplus_int_active, r:-19
<3>[    1.664419] [TP]touchpanel: Failed to get pinctrl state:oplus_reset_active, r:-19
<3>[    1.664423] [TP]touchpanel: success get avtive pinctrl state
<3>[    1.664427] [TP]touchpanel: Failed to get pinctrl state:oplus_spi_suspend, r:-19
<3>[    1.664432] [TP]touchpanel: Failed to get pinctrl state:oplus_int_suspend, r:-19
<3>[    1.664436] [TP]touchpanel: Failed to get pinctrl state:oplus_reset_suspend, r:-19
<3>[    1.664441] [TP]touchpanel: success get suspend pinctrl state
<3>[    1.664468] [TP0]touchpanel: panel_type not specified, need to default 1
<3>[    1.664473] [TP0]touchpanel: find 1 num chip in dts
<3>[    1.664478] [TP0]touchpanel: panel_data.chip_name = S3908
<3>[    1.664486] [TP0]touchpanel: now has 3 num panel in dts
<3>[    1.664496] [TP] Driver match support project [19815]
<3>[    1.664501] [TP] match panel type OK , panel type is [8]
<3>[    1.664507] [TP0]touchpanel: tp_type not specified
<3>[    1.664511] [TP0]touchpanel: read firmware-data-0 firmware in dts
<3>[    1.664514] [TP0]touchpanel: No firmware in dts !
<3>[    1.664522] [TP0]touchpanel: ts->irq_need_dev_resume_time not specified
<3>[    1.664527] [TP0]touchpanel: ts->irq_need_dev_resume_time = 50 ms
<3>[    1.664532] [TP0]touchpanel: tx_num = 17, rx_num = 38 
<3>[    1.664540] [TP0]touchpanel: LCD_WIDTH = 1440, LCD_HEIGHT = 3216, max_x = 1440, max_y = 3216, limit_witdh = 0, limit_height = 54
<3>[    1.664545] [TP0]touchpanel: error:button-type should be setting in dts!
<3>[    1.664549] [TP0]touchpanel: key_tx is 0, key_rx is 0
<3>[    1.664557] [TP0]touchpanel: smooth_level_array not specified -22
<3>[    1.664564] [TP0]touchpanel: sensitive_level_array not specified -22
<3>[    1.664569] [TP0]touchpanel: error:game_perf_para_default should be setting in dts!
<3>[    1.664574] [TP0]touchpanel: panel is oncell!
<3>[    1.664582] [TP0]touchpanel: ts->high_frame_rate_time not specified or support
<3>[    1.664593] [TP0]touchpanel: ts_check_panel_dt: panel[0] IS_ERR =1 
<3>[    1.664601] [TP0]touchpanel: ts_check_panel_dt: panel[1] IS_ERR =1 
<3>[    1.664610] [TP0]touchpanel: ts_check_panel_dt: panel[2] IS_ERR =1 
<3>[    1.664614] [TP0]touchpanel: register_common_touch_device: ts_check_panel_dt failed.
<3>[    1.664618] [TP]synaptics-s3908: Failed to init device information
<6>[    1.708066] gpio gpiochip0: (f000000.pinctrl): allocate IRQ 365, hwirq 50
<6>[    1.708075] gpio gpiochip0: (f000000.pinctrl): found parent hwirq 108
<6>[    1.708084] gpio gpiochip0: (f000000.pinctrl): alloc_irqs_parent for 365 parent hwirq 108
<6>[    1.708098] [tri_state_key]  ist8801_setup_eint : GPIO 358 irq:365
<6>[    1.708941] [tri_state_key]  ist8801_set_sensitivity : set sensitivity IST8801_REG_CNTL2 = 0x2c
<6>[    1.709157] [tri_state_key]  ist8801_set_sensitivity : get sensitivity IST8801_REG_CNTL2 = 0x2c
<6>[    1.709164] [tri_state_key]  ist8801_set_sensitivity : set sensitivity IST8801_REG_GAINCNTL = 32
<6>[    1.709515] [tri_state_key]  ist8801_set_sensitivity : get sensitivity IST8801_REG_GAINCNTL = 32
<6>[    1.709660] [tri_state_key]  oplus_register_hall : name : hall_up
<6>[    1.709667] [tri_state_key]  oplus_register_hall : name == hall_up
<6>[    1.709669] [tri_state_key]  ist8801_i2c_probe : success.
<6>[    1.709759] [tri_state_key]  ist8801_down_init : call
<3>[    1.709808] [TP]synaptics-s3908: syna_tcm_probe: enter
<6>[    1.709867] [tri_state_key]  ist8801_i2c_probe : call
<6>[    1.709875] [tri_state_key]  ist8801_parse_dts : use default value:0x0
<3>[    1.709918] [TP]synaptics-s3908: syna_tcm_probe read_length:9
<3>[    1.710021] [TP]touchpanel: register_common_touch_device  is called
<3>[    1.710029] [TP]touchpanel: ts->tp_index not specified
<3>[    1.710034] [TP]touchpanel: ts->tp_index is 0
<3>[    1.710083] [TP0]touchpanel: init_parse_dts : irq_gpio = 331, irq_flags = 0x2008, reset_gpio = 330
<3>[    1.710093] [TP0]touchpanel: ts->cs-gpio not specified
<3>[    1.710156] [TP0]touchpanel: Failed to get the cs-gpio high state pinctrl
<3>[    1.710162] [TP0]touchpanel:  Failed to get the cs-gpio low state pinctrl 
<3>[    1.710167] [TP0]touchpanel: Failed to get the input state pinctrl handle
<3>[    1.710171] [TP]touchpanel: Failed to get pinctrl state:oplus_spi_active, r:-19
<3>[    1.710173] [TP]touchpanel: Failed to get pinctrl state:oplus_int_active, r:-19
<3>[    1.710178] [TP]touchpanel: Failed to get pinctrl state:oplus_reset_active, r:-19
<3>[    1.710182] [TP]touchpanel: success get avtive pinctrl state
<3>[    1.710187] [TP]touchpanel: Failed to get pinctrl state:oplus_spi_suspend, r:-19
<3>[    1.710192] [TP]touchpanel: Failed to get pinctrl state:oplus_int_suspend, r:-19
<3>[    1.710198] [TP]touchpanel: Failed to get pinctrl state:oplus_reset_suspend, r:-19
<3>[    1.710202] [TP]touchpanel: success get suspend pinctrl state
<3>[    1.710229] [TP0]touchpanel: panel_type not specified, need to default 1
<3>[    1.710234] [TP0]touchpanel: find 1 num chip in dts
<3>[    1.710240] [TP0]touchpanel: panel_data.chip_name = S3908
<3>[    1.710248] [TP0]touchpanel: now has 3 num panel in dts
<3>[    1.710259] [TP] Driver match support project [19815]
<3>[    1.710264] [TP] match panel type OK , panel type is [8]
<3>[    1.710271] [TP0]touchpanel: tp_type not specified
<3>[    1.710275] [TP0]touchpanel: read firmware-data-0 firmware in dts
<3>[    1.710278] [TP0]touchpanel: No firmware in dts !
<3>[    1.710286] [TP0]touchpanel: ts->irq_need_dev_resume_time not specified
<3>[    1.710291] [TP0]touchpanel: ts->irq_need_dev_resume_time = 50 ms
<3>[    1.710298] [TP0]touchpanel: tx_num = 17, rx_num = 38 
<3>[    1.710306] [TP0]touchpanel: LCD_WIDTH = 1440, LCD_HEIGHT = 3216, max_x = 1440, max_y = 3216, limit_witdh = 0, limit_height = 54
<3>[    1.710312] [TP0]touchpanel: error:button-type should be setting in dts!
<3>[    1.710315] [TP0]touchpanel: key_tx is 0, key_rx is 0
<3>[    1.710324] [TP0]touchpanel: smooth_level_array not specified -22
<3>[    1.710331] [TP0]touchpanel: sensitive_level_array not specified -22
<3>[    1.710336] [TP0]touchpanel: error:game_perf_para_default should be setting in dts!
<3>[    1.710342] [TP0]touchpanel: panel is oncell!
<3>[    1.710350] [TP0]touchpanel: ts->high_frame_rate_time not specified or support
<3>[    1.710359] [TP0]touchpanel: ts_check_panel_dt: panel[0] IS_ERR =1 
<3>[    1.710366] [TP0]touchpanel: ts_check_panel_dt: panel[1] IS_ERR =1 
<3>[    1.710373] [TP0]touchpanel: ts_check_panel_dt: panel[2] IS_ERR =1 
<3>[    1.710378] [TP0]touchpanel: register_common_touch_device: ts_check_panel_dt failed.
<3>[    1.710384] [TP]synaptics-s3908: Failed to init device information
<6>[    1.732257] [tri_state_key]  ist8801_get_id : id = 0x81
<6>[    1.756721] [tri_state_key]  ist8801_reset_device : ist8801_data->origin_gain = 32
<6>[    1.756930] [tri_state_key]  ist8801_reset_device : ist8801_data->origin_osr = 5
<6>[    1.757137] [tri_state_key]  ist8801_reset_device : ist8801_data->origin_info = 16
<6>[    1.757411] [tri_state_key]  ist8801_set_operation_mode : opf = 0x0
<6>[    1.763147] [tri_state_key]  ist8801_set_operation_mode : opf = 0x70
<6>[    1.763286] [tri_state_key]  ist8801_set_operation_mode : =OPERATION_MODE_MEASUREMENT
<6>[    1.763292] [tri_state_key]  ist8801_set_operation_mode : opf = 0x70
<6>[    1.772239] msm_pcie_disable: PCIe: Assert the reset of endpoint of RC0.
<7>[    1.772671] cnss: De-assert WLAN_EN GPIO successfully
<7>[    1.772675] cnss: Regulator vdd-wlan-rfa2 is being disabled
<7>[    1.772706] cnss: Regulator vdd-wlan-rfa1 is being disabled
<7>[    1.772737] cnss: Regulator vdd-wlan-dig is being disabled
<7>[    1.772767] cnss: Regulator vdd-wlan-aon is being disabled
<7>[    1.772797] cnss: Regulator wlan-ant-switch is being disabled
<7>[    1.772818] cnss: Regulator vdd-wlan-io is being disabled
<3>[    1.772947] [TP]synaptics-s3908: syna_tcm_probe: enter
<6>[    1.773019] cnss: Platform driver probed successfully.
<3>[    1.773151] [TP]synaptics-s3908: syna_tcm_probe read_length:9
<3>[    1.773250] [TP]touchpanel: register_common_touch_device  is called
<3>[    1.773258] [TP]touchpanel: ts->tp_index not specified
<3>[    1.773262] [TP]touchpanel: ts->tp_index is 0
<3>[    1.773311] [TP0]touchpanel: init_parse_dts : irq_gpio = 331, irq_flags = 0x2008, reset_gpio = 330
<3>[    1.773320] [TP0]touchpanel: ts->cs-gpio not specified
<3>[    1.773386] [TP0]touchpanel: Failed to get the cs-gpio high state pinctrl
<3>[    1.773391] [TP0]touchpanel:  Failed to get the cs-gpio low state pinctrl 
<3>[    1.773396] [TP0]touchpanel: Failed to get the input state pinctrl handle
<3>[    1.773400] [TP]touchpanel: Failed to get pinctrl state:oplus_spi_active, r:-19
<3>[    1.773401] [TP]touchpanel: Failed to get pinctrl state:oplus_int_active, r:-19
<3>[    1.773406] [TP]touchpanel: Failed to get pinctrl state:oplus_reset_active, r:-19
<3>[    1.773410] [TP]touchpanel: success get avtive pinctrl state
<3>[    1.773414] [TP]touchpanel: Failed to get pinctrl state:oplus_spi_suspend, r:-19
<3>[    1.773419] [TP]touchpanel: Failed to get pinctrl state:oplus_int_suspend, r:-19
<3>[    1.773423] [TP]touchpanel: Failed to get pinctrl state:oplus_reset_suspend, r:-19
<3>[    1.773427] [TP]touchpanel: success get suspend pinctrl state
<3>[    1.773452] [TP0]touchpanel: panel_type not specified, need to default 1
<3>[    1.773456] [TP0]touchpanel: find 1 num chip in dts
<3>[    1.773461] [TP0]touchpanel: panel_data.chip_name = S3908
<3>[    1.773468] [TP0]touchpanel: now has 3 num panel in dts
<3>[    1.773477] [TP] Driver match support project [19815]
<3>[    1.773482] [TP] match panel type OK , panel type is [8]
<3>[    1.773487] [TP0]touchpanel: tp_type not specified
<3>[    1.773491] [TP0]touchpanel: read firmware-data-0 firmware in dts
<3>[    1.773493] [TP0]touchpanel: No firmware in dts !
<3>[    1.773501] [TP0]touchpanel: ts->irq_need_dev_resume_time not specified
<3>[    1.773505] [TP0]touchpanel: ts->irq_need_dev_resume_time = 50 ms
<3>[    1.773511] [TP0]touchpanel: tx_num = 17, rx_num = 38 
<3>[    1.773518] [TP0]touchpanel: LCD_WIDTH = 1440, LCD_HEIGHT = 3216, max_x = 1440, max_y = 3216, limit_witdh = 0, limit_height = 54
<3>[    1.773523] [TP0]touchpanel: error:button-type should be setting in dts!
<3>[    1.773526] [TP0]touchpanel: key_tx is 0, key_rx is 0
<3>[    1.773534] [TP0]touchpanel: smooth_level_array not specified -22
<3>[    1.773540] [TP0]touchpanel: sensitive_level_array not specified -22
<3>[    1.773545] [TP0]touchpanel: error:game_perf_para_default should be setting in dts!
<3>[    1.773550] [TP0]touchpanel: panel is oncell!
<3>[    1.773557] [TP0]touchpanel: ts->high_frame_rate_time not specified or support
<3>[    1.773565] [TP0]touchpanel: ts_check_panel_dt: panel[0] IS_ERR =1 
<3>[    1.773572] [TP0]touchpanel: ts_check_panel_dt: panel[1] IS_ERR =1 
<3>[    1.773578] [TP0]touchpanel: ts_check_panel_dt: panel[2] IS_ERR =1 
<3>[    1.773582] [TP0]touchpanel: register_common_touch_device: ts_check_panel_dt failed.
<3>[    1.773586] [TP]synaptics-s3908: Failed to init device information
<3>[    1.774077] [TP]synaptics-s3908: syna_tcm_probe: enter
<3>[    1.774173] [TP]synaptics-s3908: syna_tcm_probe read_length:9
<3>[    1.774259] [TP]touchpanel: register_common_touch_device  is called
<3>[    1.774266] [TP]touchpanel: ts->tp_index not specified
<3>[    1.774270] [TP]touchpanel: ts->tp_index is 0
<3>[    1.774318] [TP0]touchpanel: init_parse_dts : irq_gpio = 331, irq_flags = 0x2008, reset_gpio = 330
<3>[    1.774328] [TP0]touchpanel: ts->cs-gpio not specified
<3>[    1.774390] [TP0]touchpanel: Failed to get the cs-gpio high state pinctrl
<3>[    1.774397] [TP0]touchpanel:  Failed to get the cs-gpio low state pinctrl 
<3>[    1.774403] [TP0]touchpanel: Failed to get the input state pinctrl handle
<3>[    1.774408] [TP]touchpanel: Failed to get pinctrl state:oplus_spi_active, r:-19
<3>[    1.774410] [TP]touchpanel: Failed to get pinctrl state:oplus_int_active, r:-19
<3>[    1.774415] [TP]touchpanel: Failed to get pinctrl state:oplus_reset_active, r:-19
<3>[    1.774420] [TP]touchpanel: success get avtive pinctrl state
<3>[    1.774425] [TP]touchpanel: Failed to get pinctrl state:oplus_spi_suspend, r:-19
<3>[    1.774430] [TP]touchpanel: Failed to get pinctrl state:oplus_int_suspend, r:-19
<3>[    1.774434] [TP]touchpanel: Failed to get pinctrl state:oplus_reset_suspend, r:-19
<3>[    1.774439] [TP]touchpanel: success get suspend pinctrl state
<3>[    1.774465] [TP0]touchpanel: panel_type not specified, need to default 1
<3>[    1.774470] [TP0]touchpanel: find 1 num chip in dts
<3>[    1.774476] [TP0]touchpanel: panel_data.chip_name = S3908
<3>[    1.774485] [TP0]touchpanel: now has 3 num panel in dts
<3>[    1.774495] [TP] Driver match support project [19815]
<3>[    1.774501] [TP] match panel type OK , panel type is [8]
<3>[    1.774508] [TP0]touchpanel: tp_type not specified
<3>[    1.774514] [TP0]touchpanel: read firmware-data-0 firmware in dts
<3>[    1.774516] [TP0]touchpanel: No firmware in dts !
<3>[    1.774525] [TP0]touchpanel: ts->irq_need_dev_resume_time not specified
<3>[    1.774529] [TP0]touchpanel: ts->irq_need_dev_resume_time = 50 ms
<3>[    1.774535] [TP0]touchpanel: tx_num = 17, rx_num = 38 
<3>[    1.774543] [TP0]touchpanel: LCD_WIDTH = 1440, LCD_HEIGHT = 3216, max_x = 1440, max_y = 3216, limit_witdh = 0, limit_height = 54
<3>[    1.774550] [TP0]touchpanel: error:button-type should be setting in dts!
<3>[    1.774552] [TP0]touchpanel: key_tx is 0, key_rx is 0
<3>[    1.774562] [TP0]touchpanel: smooth_level_array not specified -22
<3>[    1.774568] [TP0]touchpanel: sensitive_level_array not specified -22
<3>[    1.774575] [TP0]touchpanel: error:game_perf_para_default should be setting in dts!
<3>[    1.774580] [TP0]touchpanel: panel is oncell!
<3>[    1.774589] [TP0]touchpanel: ts->high_frame_rate_time not specified or support
<3>[    1.774599] [TP0]touchpanel: ts_check_panel_dt: panel[0] IS_ERR =1 
<3>[    1.774606] [TP0]touchpanel: ts_check_panel_dt: panel[1] IS_ERR =1 
<3>[    1.774614] [TP0]touchpanel: ts_check_panel_dt: panel[2] IS_ERR =1 
<3>[    1.774619] [TP0]touchpanel: register_common_touch_device: ts_check_panel_dt failed.
<3>[    1.774623] [TP]synaptics-s3908: Failed to init device information
<3>[    1.791923] ufshcd-qcom 1d84000.ufshc: ufshcd_print_pwr_info:[RX, TX]: gear=[4, 4], lane[2, 2], pwr[FAST MODE, FAST MODE], rate = 2
<5>[    1.792289] scsi 0:0:0:49488: Well-known LUN    SAMSUNG  KLUEG8UHDB-C2D1  1903 PQ: 0 ANSI: 6
<5>[    1.792671] scsi 0:0:0:49488: Attached scsi generic sg0 type 30
<5>[    1.792928] scsi 0:0:0:49476: Well-known LUN    SAMSUNG  KLUEG8UHDB-C2D1  1903 PQ: 0 ANSI: 6
<5>[    1.793261] scsi 0:0:0:49476: Attached scsi generic sg1 type 30
<5>[    1.793442] scsi 0:0:0:49456: Well-known LUN    SAMSUNG  KLUEG8UHDB-C2D1  1903 PQ: 0 ANSI: 6
<5>[    1.793772] scsi 0:0:0:49456: Attached scsi generic sg2 type 30
<5>[    1.794248] scsi 0:0:0:0: Direct-Access     SAMSUNG  KLUEG8UHDB-C2D1  1903 PQ: 0 ANSI: 6
<5>[    1.794591] sd 0:0:0:0: Attached scsi generic sg3 type 0
<4>[    1.794648] sd 0:0:0:0: Power-on or device reset occurred
<5>[    1.794950] scsi 0:0:0:1: Direct-Access     SAMSUNG  KLUEG8UHDB-C2D1  1903 PQ: 0 ANSI: 6
<5>[    1.795213] sd 0:0:0:0: [sda] 60884992 4096-byte logical blocks: (249 GB/232 GiB)
<5>[    1.795283] sd 0:0:0:0: [sda] Write Protect is off
<7>[    1.795292] sd 0:0:0:0: [sda] Mode Sense: 00 32 00 10
<5>[    1.795295] sd 0:0:0:1: Attached scsi generic sg4 type 0
<4>[    1.795357] sd 0:0:0:1: Power-on or device reset occurred
<5>[    1.795443] sd 0:0:0:0: [sda] Write cache: enabled, read cache: enabled, supports DPO and FUA
<5>[    1.795530] scsi 0:0:0:2: Direct-Access     SAMSUNG  KLUEG8UHDB-C2D1  1903 PQ: 0 ANSI: 6
<6>[    1.795531] sd 0:0:0:0: [sda] Optimal transfer size 524288 bytes
<5>[    1.795895] sd 0:0:0:2: Attached scsi generic sg5 type 0
<5>[    1.795923] sd 0:0:0:1: [sdb] 2048 4096-byte logical blocks: (8.39 MB/8.00 MiB)
<4>[    1.795978] sd 0:0:0:2: Power-on or device reset occurred
<5>[    1.796047] sd 0:0:0:1: [sdb] Write Protect is off
<7>[    1.796056] sd 0:0:0:1: [sdb] Mode Sense: 00 32 00 10
<5>[    1.796208] scsi 0:0:0:3: Direct-Access     SAMSUNG  KLUEG8UHDB-C2D1  1903 PQ: 0 ANSI: 6
<5>[    1.796214] sd 0:0:0:1: [sdb] Write cache: enabled, read cache: enabled, supports DPO and FUA
<6>[    1.796296] sd 0:0:0:1: [sdb] Optimal transfer size 524288 bytes
<5>[    1.796601] sd 0:0:0:3: Attached scsi generic sg6 type 0
<4>[    1.796665] sd 0:0:0:3: Power-on or device reset occurred
<5>[    1.796737] sd 0:0:0:2: [sdc] 2048 4096-byte logical blocks: (8.39 MB/8.00 MiB)
<5>[    1.796810] scsi 0:0:0:4: Direct-Access     SAMSUNG  KLUEG8UHDB-C2D1  1903 PQ: 0 ANSI: 6
<5>[    1.796821] sd 0:0:0:2: [sdc] Write Protect is off
<7>[    1.796829] sd 0:0:0:2: [sdc] Mode Sense: 00 32 00 10
<5>[    1.796987] sd 0:0:0:2: [sdc] Write cache: enabled, read cache: enabled, supports DPO and FUA
<6>[    1.797079] sd 0:0:0:2: [sdc] Optimal transfer size 524288 bytes
<5>[    1.797269] sd 0:0:0:3: [sdd] 8192 4096-byte logical blocks: (33.6 MB/32.0 MiB)
<5>[    1.797413] sd 0:0:0:4: Attached scsi generic sg7 type 0
<5>[    1.797445] sd 0:0:0:3: [sdd] Write Protect is off
<7>[    1.797454] sd 0:0:0:3: [sdd] Mode Sense: 00 32 00 10
<4>[    1.797460] sd 0:0:0:4: Power-on or device reset occurred
<5>[    1.797853] scsi 0:0:0:5: Direct-Access     SAMSUNG  KLUEG8UHDB-C2D1  1903 PQ: 0 ANSI: 6
<5>[    1.797910] sd 0:0:0:3: [sdd] Write cache: enabled, read cache: enabled, supports DPO and FUA
<6>[    1.798271] sd 0:0:0:3: [sdd] Optimal transfer size 524288 bytes
<5>[    1.799089] sd 0:0:0:5: Attached scsi generic sg8 type 0
<4>[    1.799139] sd 0:0:0:5: Power-on or device reset occurred
<6>[    1.799274] sda: sda1 sda2 sda3 sda4 sda5 sda6 sda7 sda8 sda9 sda10 sda11 sda12 sda13 sda14 sda15 sda16 sda17 sda18 sda19 sda20
<5>[    1.799931] sd 0:0:0:4: [sde] 1572864 4096-byte logical blocks: (6.44 GB/6.00 GiB)
<6>[    1.800045] sdb: sdb1 sdb2
<5>[    1.800069] sd 0:0:0:4: [sde] Write Protect is off
<7>[    1.800078] sd 0:0:0:4: [sde] Mode Sense: 00 32 00 10
<5>[    1.800173] sd 0:0:0:5: [sdf] 8192 4096-byte logical blocks: (33.6 MB/32.0 MiB)
<5>[    1.800212] sd 0:0:0:4: [sde] Write cache: enabled, read cache: enabled, supports DPO and FUA
<5>[    1.800235] sd 0:0:0:5: [sdf] Write Protect is off
<7>[    1.800242] sd 0:0:0:5: [sdf] Mode Sense: 00 32 00 10
<6>[    1.800275] sd 0:0:0:4: [sde] Optimal transfer size 524288 bytes
<5>[    1.800412] sd 0:0:0:5: [sdf] Write cache: enabled, read cache: enabled, supports DPO and FUA
<6>[    1.800493] sd 0:0:0:5: [sdf] Optimal transfer size 524288 bytes
<6>[    1.801898] sdc: sdc1 sdc2
<5>[    1.803054] sd 0:0:0:1: [sdb] Attached SCSI disk
<5>[    1.803062] sd 0:0:0:0: [sda] Attached SCSI disk
<3>[    1.803475] [TP]synaptics-s3908: syna_tcm_probe: enter
<3>[    1.803586] [TP]synaptics-s3908: syna_tcm_probe read_length:9
<6>[    1.803627] sdd: sdd1 sdd2 sdd3 sdd4 sdd5 sdd6 sdd7
<3>[    1.803686] [TP]touchpanel: register_common_touch_device  is called
<3>[    1.803695] [TP]touchpanel: ts->tp_index not specified
<3>[    1.803700] [TP]touchpanel: ts->tp_index is 0
<3>[    1.803749] [TP0]touchpanel: init_parse_dts : irq_gpio = 331, irq_flags = 0x2008, reset_gpio = 330
<3>[    1.803758] [TP0]touchpanel: ts->cs-gpio not specified
<3>[    1.803825] [TP0]touchpanel: Failed to get the cs-gpio high state pinctrl
<3>[    1.803831] [TP0]touchpanel:  Failed to get the cs-gpio low state pinctrl 
<3>[    1.803837] [TP0]touchpanel: Failed to get the input state pinctrl handle
<3>[    1.803841] [TP]touchpanel: Failed to get pinctrl state:oplus_spi_active, r:-19
<3>[    1.803843] [TP]touchpanel: Failed to get pinctrl state:oplus_int_active, r:-19
<3>[    1.803848] [TP]touchpanel: Failed to get pinctrl state:oplus_reset_active, r:-19
<3>[    1.803852] [TP]touchpanel: success get avtive pinctrl state
<3>[    1.803856] [TP]touchpanel: Failed to get pinctrl state:oplus_spi_suspend, r:-19
<3>[    1.803861] [TP]touchpanel: Failed to get pinctrl state:oplus_int_suspend, r:-19
<3>[    1.803866] [TP]touchpanel: Failed to get pinctrl state:oplus_reset_suspend, r:-19
<3>[    1.803871] [TP]touchpanel: success get suspend pinctrl state
<3>[    1.803896] [TP0]touchpanel: panel_type not specified, need to default 1
<3>[    1.803901] [TP0]touchpanel: find 1 num chip in dts
<3>[    1.803907] [TP0]touchpanel: panel_data.chip_name = S3908
<3>[    1.803915] [TP0]touchpanel: now has 3 num panel in dts
<3>[    1.803924] [TP] Driver match support project [19815]
<3>[    1.803929] [TP] match panel type OK , panel type is [8]
<3>[    1.803935] [TP0]touchpanel: tp_type not specified
<3>[    1.803940] [TP0]touchpanel: read firmware-data-0 firmware in dts
<3>[    1.803942] [TP0]touchpanel: No firmware in dts !
<3>[    1.803950] [TP0]touchpanel: ts->irq_need_dev_resume_time not specified
<3>[    1.803955] [TP0]touchpanel: ts->irq_need_dev_resume_time = 50 ms
<3>[    1.803961] [TP0]touchpanel: tx_num = 17, rx_num = 38 
<3>[    1.803970] [TP0]touchpanel: LCD_WIDTH = 1440, LCD_HEIGHT = 3216, max_x = 1440, max_y = 3216, limit_witdh = 0, limit_height = 54
<3>[    1.803975] [TP0]touchpanel: error:button-type should be setting in dts!
<3>[    1.803978] [TP0]touchpanel: key_tx is 0, key_rx is 0
<3>[    1.803987] [TP0]touchpanel: smooth_level_array not specified -22
<3>[    1.803993] [TP0]touchpanel: sensitive_level_array not specified -22
<3>[    1.804000] [TP0]touchpanel: error:game_perf_para_default should be setting in dts!
<3>[    1.804005] [TP0]touchpanel: panel is oncell!
<3>[    1.804047] [TP0]touchpanel: ts->high_frame_rate_time not specified or support
<3>[    1.804058] [TP0]touchpanel: ts_check_panel_dt: panel[0] IS_ERR =1 
<3>[    1.804065] [TP0]touchpanel: ts_check_panel_dt: panel[1] IS_ERR =1 
<3>[    1.804073] [TP0]touchpanel: ts_check_panel_dt: panel[2] IS_ERR =1 
<3>[    1.804078] [TP0]touchpanel: register_common_touch_device: ts_check_panel_dt failed.
<3>[    1.804082] [TP]synaptics-s3908: Failed to init device information
<5>[    1.804336] sd 0:0:0:2: [sdc] Attached SCSI disk
<3>[    1.804970] [TP]synaptics-s3908: syna_tcm_probe: enter
<3>[    1.805094] [TP]synaptics-s3908: syna_tcm_probe read_length:9
<3>[    1.805236] [TP]touchpanel: register_common_touch_device  is called
<3>[    1.805244] [TP]touchpanel: ts->tp_index not specified
<3>[    1.805248] [TP]touchpanel: ts->tp_index is 0
<6>[    1.805313] sdf: sdf1 sdf2 sdf3 sdf4 sdf5 sdf6
<6>[    1.805341] sde: sde1 sde2 sde3 sde4 sde5 sde6 sde7 sde8 sde9 sde10 sde11 sde12 sde13 sde14 sde15 sde16 sde17 sde18 sde19 sde20 sde21 sde22 sde23 sde24 sde25 sde26 sde27 sde28 sde29 sde30 sde31 sde32 sde33 sde34 sde35 sde36 sde37 sde38 sde39 sde40 sde41 sde42 sde43 sde44 sde45 sde46 sde47 sde48 sde49 sde50 sde51 sde52 sde53 sde54 sde55 sde56 sde57 sde58 sde59 sde60 sde61 sde62 sde63 sde64 sde65 sde66 sde67 sde68 sde69 sde70 sde71 sde72 sde73 sde74 sde75 sde76 sde77 sde78 sde79 sde80 sde81
<3>[    1.805346] [TP0]touchpanel: init_parse_dts : irq_gpio = 331, irq_flags = 0x2008, reset_gpio = 330
<3>[    1.805372] [TP0]touchpanel: ts->cs-gpio not specified
<3>[    1.805457] [TP0]touchpanel: Failed to get the cs-gpio high state pinctrl
<3>[    1.805463] [TP0]touchpanel:  Failed to get the cs-gpio low state pinctrl 
<3>[    1.805467] [TP0]touchpanel: Failed to get the input state pinctrl handle
<3>[    1.805474] [TP]touchpanel: Failed to get pinctrl state:oplus_spi_active, r:-19
<3>[    1.805496] [TP]touchpanel: Failed to get pinctrl state:oplus_int_active, r:-19
<3>[    1.805501] [TP]touchpanel: Failed to get pinctrl state:oplus_reset_active, r:-19
<3>[    1.805505] [TP]touchpanel: success get avtive pinctrl state
<5>[    1.805507] sd 0:0:0:3: [sdd] Attached SCSI disk
<3>[    1.805517] [TP]touchpanel: Failed to get pinctrl state:oplus_spi_suspend, r:-19
<3>[    1.805518] [TP]touchpanel: Failed to get pinctrl state:oplus_int_suspend, r:-19
<3>[    1.805523] [TP]touchpanel: Failed to get pinctrl state:oplus_reset_suspend, r:-19
<3>[    1.805527] [TP]touchpanel: success get suspend pinctrl state
<3>[    1.805554] [TP0]touchpanel: panel_type not specified, need to default 1
<3>[    1.805559] [TP0]touchpanel: find 1 num chip in dts
<3>[    1.805564] [TP0]touchpanel: panel_data.chip_name = S3908
<3>[    1.805571] [TP0]touchpanel: now has 3 num panel in dts
<3>[    1.805580] [TP] Driver match support project [19815]
<3>[    1.805585] [TP] match panel type OK , panel type is [8]
<3>[    1.805590] [TP0]touchpanel: tp_type not specified
<3>[    1.805594] [TP0]touchpanel: read firmware-data-0 firmware in dts
<3>[    1.805596] [TP0]touchpanel: No firmware in dts !
<3>[    1.805604] [TP0]touchpanel: ts->irq_need_dev_resume_time not specified
<3>[    1.805609] [TP0]touchpanel: ts->irq_need_dev_resume_time = 50 ms
<3>[    1.805614] [TP0]touchpanel: tx_num = 17, rx_num = 38 
<3>[    1.805621] [TP0]touchpanel: LCD_WIDTH = 1440, LCD_HEIGHT = 3216, max_x = 1440, max_y = 3216, limit_witdh = 0, limit_height = 54
<3>[    1.805626] [TP0]touchpanel: error:button-type should be setting in dts!
<3>[    1.805629] [TP0]touchpanel: key_tx is 0, key_rx is 0
<3>[    1.805637] [TP0]touchpanel: smooth_level_array not specified -22
<3>[    1.805643] [TP0]touchpanel: sensitive_level_array not specified -22
<3>[    1.805648] [TP0]touchpanel: error:game_perf_para_default should be setting in dts!
<3>[    1.805653] [TP0]touchpanel: panel is oncell!
<3>[    1.805660] [TP0]touchpanel: ts->high_frame_rate_time not specified or support
<3>[    1.805668] [TP0]touchpanel: ts_check_panel_dt: panel[0] IS_ERR =1 
<3>[    1.805675] [TP0]touchpanel: ts_check_panel_dt: panel[1] IS_ERR =1 
<3>[    1.805682] [TP0]touchpanel: ts_check_panel_dt: panel[2] IS_ERR =1 
<3>[    1.805686] [TP0]touchpanel: register_common_touch_device: ts_check_panel_dt failed.
<3>[    1.805690] [TP]synaptics-s3908: Failed to init device information
<3>[    1.806403] [TP]synaptics-s3908: syna_tcm_probe: enter
<3>[    1.806531] [TP]synaptics-s3908: syna_tcm_probe read_length:9
<5>[    1.806558] sd 0:0:0:5: [sdf] Attached SCSI disk
<3>[    1.806620] [TP]touchpanel: register_common_touch_device  is called
<3>[    1.806628] [TP]touchpanel: ts->tp_index not specified
<3>[    1.806633] [TP]touchpanel: ts->tp_index is 0
<3>[    1.806681] [TP0]touchpanel: init_parse_dts : irq_gpio = 331, irq_flags = 0x2008, reset_gpio = 330
<3>[    1.806690] [TP0]touchpanel: ts->cs-gpio not specified
<3>[    1.806751] [TP0]touchpanel: Failed to get the cs-gpio high state pinctrl
<3>[    1.806756] [TP0]touchpanel:  Failed to get the cs-gpio low state pinctrl 
<3>[    1.806761] [TP0]touchpanel: Failed to get the input state pinctrl handle
<3>[    1.806765] [TP]touchpanel: Failed to get pinctrl state:oplus_spi_active, r:-19
<3>[    1.806766] [TP]touchpanel: Failed to get pinctrl state:oplus_int_active, r:-19
<3>[    1.806771] [TP]touchpanel: Failed to get pinctrl state:oplus_reset_active, r:-19
<3>[    1.806775] [TP]touchpanel: success get avtive pinctrl state
<3>[    1.806779] [TP]touchpanel: Failed to get pinctrl state:oplus_spi_suspend, r:-19
<3>[    1.806784] [TP]touchpanel: Failed to get pinctrl state:oplus_int_suspend, r:-19
<3>[    1.806788] [TP]touchpanel: Failed to get pinctrl state:oplus_reset_suspend, r:-19
<3>[    1.806792] [TP]touchpanel: success get suspend pinctrl state
<3>[    1.806817] [TP0]touchpanel: panel_type not specified, need to default 1
<3>[    1.806822] [TP0]touchpanel: find 1 num chip in dts
<3>[    1.806826] [TP0]touchpanel: panel_data.chip_name = S3908
<3>[    1.806834] [TP0]touchpanel: now has 3 num panel in dts
<3>[    1.806842] [TP] Driver match support project [19815]
<3>[    1.806847] [TP] match panel type OK , panel type is [8]
<3>[    1.806852] [TP0]touchpanel: tp_type not specified
<3>[    1.806856] [TP0]touchpanel: read firmware-data-0 firmware in dts
<3>[    1.806859] [TP0]touchpanel: No firmware in dts !
<3>[    1.806867] [TP0]touchpanel: ts->irq_need_dev_resume_time not specified
<3>[    1.806871] [TP0]touchpanel: ts->irq_need_dev_resume_time = 50 ms
<3>[    1.806876] [TP0]touchpanel: tx_num = 17, rx_num = 38 
<3>[    1.806883] [TP0]touchpanel: LCD_WIDTH = 1440, LCD_HEIGHT = 3216, max_x = 1440, max_y = 3216, limit_witdh = 0, limit_height = 54
<3>[    1.806889] [TP0]touchpanel: error:button-type should be setting in dts!
<3>[    1.806891] [TP0]touchpanel: key_tx is 0, key_rx is 0
<3>[    1.806900] [TP0]touchpanel: smooth_level_array not specified -22
<3>[    1.806905] [TP0]touchpanel: sensitive_level_array not specified -22
<3>[    1.806911] [TP0]touchpanel: error:game_perf_para_default should be setting in dts!
<3>[    1.806916] [TP0]touchpanel: panel is oncell!
<3>[    1.806923] [TP0]touchpanel: ts->high_frame_rate_time not specified or support
<3>[    1.806931] [TP0]touchpanel: ts_check_panel_dt: panel[0] IS_ERR =1 
<3>[    1.806938] [TP0]touchpanel: ts_check_panel_dt: panel[1] IS_ERR =1 
<3>[    1.806944] [TP0]touchpanel: ts_check_panel_dt: panel[2] IS_ERR =1 
<3>[    1.806949] [TP0]touchpanel: register_common_touch_device: ts_check_panel_dt failed.
<3>[    1.806953] [TP]synaptics-s3908: Failed to init device information
<3>[    1.807430] [TP]synaptics-s3908: syna_tcm_probe: enter
<3>[    1.807540] [TP]synaptics-s3908: syna_tcm_probe read_length:9
<3>[    1.807644] [TP]touchpanel: register_common_touch_device  is called
<3>[    1.807653] [TP]touchpanel: ts->tp_index not specified
<3>[    1.807658] [TP]touchpanel: ts->tp_index is 0
<3>[    1.807705] [TP0]touchpanel: init_parse_dts : irq_gpio = 331, irq_flags = 0x2008, reset_gpio = 330
<3>[    1.807715] [TP0]touchpanel: ts->cs-gpio not specified
<3>[    1.807777] [TP0]touchpanel: Failed to get the cs-gpio high state pinctrl
<3>[    1.807783] [TP0]touchpanel:  Failed to get the cs-gpio low state pinctrl 
<3>[    1.807788] [TP0]touchpanel: Failed to get the input state pinctrl handle
<3>[    1.807793] [TP]touchpanel: Failed to get pinctrl state:oplus_spi_active, r:-19
<3>[    1.807794] [TP]touchpanel: Failed to get pinctrl state:oplus_int_active, r:-19
<3>[    1.807799] [TP]touchpanel: Failed to get pinctrl state:oplus_reset_active, r:-19
<3>[    1.807803] [TP]touchpanel: success get avtive pinctrl state
<3>[    1.807808] [TP]touchpanel: Failed to get pinctrl state:oplus_spi_suspend, r:-19
<3>[    1.807814] [TP]touchpanel: Failed to get pinctrl state:oplus_int_suspend, r:-19
<3>[    1.807819] [TP]touchpanel: Failed to get pinctrl state:oplus_reset_suspend, r:-19
<3>[    1.807823] [TP]touchpanel: success get suspend pinctrl state
<3>[    1.807853] [TP0]touchpanel: panel_type not specified, need to default 1
<3>[    1.807858] [TP0]touchpanel: find 1 num chip in dts
<3>[    1.807863] [TP0]touchpanel: panel_data.chip_name = S3908
<3>[    1.807871] [TP0]touchpanel: now has 3 num panel in dts
<3>[    1.807882] [TP] Driver match support project [19815]
<3>[    1.807887] [TP] match panel type OK , panel type is [8]
<3>[    1.807893] [TP0]touchpanel: tp_type not specified
<3>[    1.807897] [TP0]touchpanel: read firmware-data-0 firmware in dts
<3>[    1.807899] [TP0]touchpanel: No firmware in dts !
<3>[    1.807908] [TP0]touchpanel: ts->irq_need_dev_resume_time not specified
<3>[    1.807913] [TP0]touchpanel: ts->irq_need_dev_resume_time = 50 ms
<3>[    1.807919] [TP0]touchpanel: tx_num = 17, rx_num = 38 
<3>[    1.807926] [TP0]touchpanel: LCD_WIDTH = 1440, LCD_HEIGHT = 3216, max_x = 1440, max_y = 3216, limit_witdh = 0, limit_height = 54
<3>[    1.807932] [TP0]touchpanel: error:button-type should be setting in dts!
<3>[    1.807934] [TP0]touchpanel: key_tx is 0, key_rx is 0
<3>[    1.807943] [TP0]touchpanel: smooth_level_array not specified -22
<3>[    1.807950] [TP0]touchpanel: sensitive_level_array not specified -22
<3>[    1.807956] [TP0]touchpanel: error:game_perf_para_default should be setting in dts!
<3>[    1.807962] [TP0]touchpanel: panel is oncell!
<3>[    1.807970] [TP0]touchpanel: ts->high_frame_rate_time not specified or support
<3>[    1.807978] [TP0]touchpanel: ts_check_panel_dt: panel[0] IS_ERR =1 
<3>[    1.807986] [TP0]touchpanel: ts_check_panel_dt: panel[1] IS_ERR =1 
<3>[    1.807993] [TP0]touchpanel: ts_check_panel_dt: panel[2] IS_ERR =1 
<3>[    1.807999] [TP0]touchpanel: register_common_touch_device: ts_check_panel_dt failed.
<3>[    1.808004] [TP]synaptics-s3908: Failed to init device information
<5>[    1.809581] sd 0:0:0:4: [sde] Attached SCSI disk
<3>[    1.809976] [TP]synaptics-s3908: syna_tcm_probe: enter
<3>[    1.810081] [TP]synaptics-s3908: syna_tcm_probe read_length:9
<3>[    1.810165] [TP]touchpanel: register_common_touch_device  is called
<3>[    1.810173] [TP]touchpanel: ts->tp_index not specified
<3>[    1.810177] [TP]touchpanel: ts->tp_index is 0
<3>[    1.810225] [TP0]touchpanel: init_parse_dts : irq_gpio = 331, irq_flags = 0x2008, reset_gpio = 330
<3>[    1.810235] [TP0]touchpanel: ts->cs-gpio not specified
<3>[    1.810296] [TP0]touchpanel: Failed to get the cs-gpio high state pinctrl
<3>[    1.810302] [TP0]touchpanel:  Failed to get the cs-gpio low state pinctrl 
<3>[    1.810307] [TP0]touchpanel: Failed to get the input state pinctrl handle
<3>[    1.810312] [TP]touchpanel: Failed to get pinctrl state:oplus_spi_active, r:-19
<3>[    1.810314] [TP]touchpanel: Failed to get pinctrl state:oplus_int_active, r:-19
<3>[    1.810320] [TP]touchpanel: Failed to get pinctrl state:oplus_reset_active, r:-19
<3>[    1.810325] [TP]touchpanel: success get avtive pinctrl state
<3>[    1.810331] [TP]touchpanel: Failed to get pinctrl state:oplus_spi_suspend, r:-19
<3>[    1.810337] [TP]touchpanel: Failed to get pinctrl state:oplus_int_suspend, r:-19
<3>[    1.810342] [TP]touchpanel: Failed to get pinctrl state:oplus_reset_suspend, r:-19
<3>[    1.810347] [TP]touchpanel: success get suspend pinctrl state
<3>[    1.810373] [TP0]touchpanel: panel_type not specified, need to default 1
<3>[    1.810379] [TP0]touchpanel: find 1 num chip in dts
<3>[    1.810384] [TP0]touchpanel: panel_data.chip_name = S3908
<3>[    1.810392] [TP0]touchpanel: now has 3 num panel in dts
<3>[    1.810402] [TP] Driver match support project [19815]
<3>[    1.810408] [TP] match panel type OK , panel type is [8]
<3>[    1.810414] [TP0]touchpanel: tp_type not specified
<3>[    1.810419] [TP0]touchpanel: read firmware-data-0 firmware in dts
<3>[    1.810421] [TP0]touchpanel: No firmware in dts !
<3>[    1.810430] [TP0]touchpanel: ts->irq_need_dev_resume_time not specified
<3>[    1.810436] [TP0]touchpanel: ts->irq_need_dev_resume_time = 50 ms
<3>[    1.810442] [TP0]touchpanel: tx_num = 17, rx_num = 38 
<3>[    1.810451] [TP0]touchpanel: LCD_WIDTH = 1440, LCD_HEIGHT = 3216, max_x = 1440, max_y = 3216, limit_witdh = 0, limit_height = 54
<3>[    1.810457] [TP0]touchpanel: error:button-type should be setting in dts!
<3>[    1.810460] [TP0]touchpanel: key_tx is 0, key_rx is 0
<3>[    1.810469] [TP0]touchpanel: smooth_level_array not specified -22
<3>[    1.810476] [TP0]touchpanel: sensitive_level_array not specified -22
<3>[    1.810482] [TP0]touchpanel: error:game_perf_para_default should be setting in dts!
<3>[    1.810487] [TP0]touchpanel: panel is oncell!
<3>[    1.810496] [TP0]touchpanel: ts->high_frame_rate_time not specified or support
<3>[    1.810505] [TP0]touchpanel: ts_check_panel_dt: panel[0] IS_ERR =1 
<3>[    1.810513] [TP0]touchpanel: ts_check_panel_dt: panel[1] IS_ERR =1 
<3>[    1.810521] [TP0]touchpanel: ts_check_panel_dt: panel[2] IS_ERR =1 
<3>[    1.810527] [TP0]touchpanel: register_common_touch_device: ts_check_panel_dt failed.
<3>[    1.810533] [TP]synaptics-s3908: Failed to init device information
<6>[    1.816077] gpio gpiochip0: (f000000.pinctrl): allocate IRQ 366, hwirq 51
<6>[    1.816086] gpio gpiochip0: (f000000.pinctrl): found parent hwirq 127
<6>[    1.816096] gpio gpiochip0: (f000000.pinctrl): alloc_irqs_parent for 366 parent hwirq 127
<6>[    1.816111] [tri_state_key]  ist8801_setup_eint : GPIO 359 irq:366
<6>[    1.817008] [tri_state_key]  ist8801_set_sensitivity : set sensitivity IST8801_REG_CNTL2 = 0x2c
<6>[    1.817240] [tri_state_key]  ist8801_set_sensitivity : get sensitivity IST8801_REG_CNTL2 = 0x2c
<6>[    1.817247] [tri_state_key]  ist8801_set_sensitivity : set sensitivity IST8801_REG_GAINCNTL = 32
<6>[    1.817622] [tri_state_key]  ist8801_set_sensitivity : get sensitivity IST8801_REG_GAINCNTL = 32
<6>[    1.817775] [tri_state_key]  oplus_register_hall : name : hall_down
<6>[    1.817781] [tri_state_key]  oplus_register_hall : name == hall_down
<6>[    1.817788] [tri_state_key]  ist8801_i2c_probe : success.
<6>[    1.817880] [tri_state_key]  tri_key_m1120_driver_init_up : log tri_key_m1120_driver_init_up
<6>[    1.818016] [tri_state_key]  tri_key_m1120_i2c_drv_probe : allocation memory for p_m1120_data up tri_key_m1120_i2c_drv_probe
<6>[    1.818024] [tri_state_key]  tri_key_m1120_i2c_drv_probe : init mutex variable
<6>[    1.818147] [tri_state_key]  register_tri_key_dev_work : call register_tri_key_dev_work
<3>[    1.818220] [TP]synaptics-s3908: syna_tcm_probe: enter
<6>[    1.818238] input: oplus,hall_tri_state_key as /devices/virtual/input/input2
<6>[    1.818282] [tri_state_key]  init_trikey_proc : init_trikey_proc entry
<3>[    1.818328] [TP]synaptics-s3908: syna_tcm_probe read_length:9
<3>[    1.818434] [TP]touchpanel: register_common_touch_device  is called
<3>[    1.818442] [TP]touchpanel: ts->tp_index not specified
<3>[    1.818448] [TP]touchpanel: ts->tp_index is 0
<3>[    1.818497] [TP0]touchpanel: init_parse_dts : irq_gpio = 331, irq_flags = 0x2008, reset_gpio = 330
<3>[    1.818507] [TP0]touchpanel: ts->cs-gpio not specified
<3>[    1.818569] [TP0]touchpanel: Failed to get the cs-gpio high state pinctrl
<3>[    1.818575] [TP0]touchpanel:  Failed to get the cs-gpio low state pinctrl 
<3>[    1.818579] [TP0]touchpanel: Failed to get the input state pinctrl handle
<3>[    1.818584] [TP]touchpanel: Failed to get pinctrl state:oplus_spi_active, r:-19
<3>[    1.818585] [TP]touchpanel: Failed to get pinctrl state:oplus_int_active, r:-19
<3>[    1.818591] [TP]touchpanel: Failed to get pinctrl state:oplus_reset_active, r:-19
<3>[    1.818595] [TP]touchpanel: success get avtive pinctrl state
<3>[    1.818601] [TP]touchpanel: Failed to get pinctrl state:oplus_spi_suspend, r:-19
<3>[    1.818606] [TP]touchpanel: Failed to get pinctrl state:oplus_int_suspend, r:-19
<3>[    1.818611] [TP]touchpanel: Failed to get pinctrl state:oplus_reset_suspend, r:-19
<3>[    1.818616] [TP]touchpanel: success get suspend pinctrl state
<3>[    1.818642] [TP0]touchpanel: panel_type not specified, need to default 1
<3>[    1.818647] [TP0]touchpanel: find 1 num chip in dts
<3>[    1.818653] [TP0]touchpanel: panel_data.chip_name = S3908
<3>[    1.818661] [TP0]touchpanel: now has 3 num panel in dts
<3>[    1.818671] [TP] Driver match support project [19815]
<3>[    1.818676] [TP] match panel type OK , panel type is [8]
<3>[    1.818682] [TP0]touchpanel: tp_type not specified
<3>[    1.818686] [TP0]touchpanel: read firmware-data-0 firmware in dts
<3>[    1.818688] [TP0]touchpanel: No firmware in dts !
<3>[    1.818698] [TP0]touchpanel: ts->irq_need_dev_resume_time not specified
<3>[    1.818703] [TP0]touchpanel: ts->irq_need_dev_resume_time = 50 ms
<3>[    1.818708] [TP0]touchpanel: tx_num = 17, rx_num = 38 
<3>[    1.818716] [TP0]touchpanel: LCD_WIDTH = 1440, LCD_HEIGHT = 3216, max_x = 1440, max_y = 3216, limit_witdh = 0, limit_height = 54
<3>[    1.818722] [TP0]touchpanel: error:button-type should be setting in dts!
<3>[    1.818725] [TP0]touchpanel: key_tx is 0, key_rx is 0
<3>[    1.818734] [TP0]touchpanel: smooth_level_array not specified -22
<3>[    1.818740] [TP0]touchpanel: sensitive_level_array not specified -22
<3>[    1.818747] [TP0]touchpanel: error:game_perf_para_default should be setting in dts!
<3>[    1.818753] [TP0]touchpanel: panel is oncell!
<3>[    1.818761] [TP0]touchpanel: ts->high_frame_rate_time not specified or support
<3>[    1.818770] [TP0]touchpanel: ts_check_panel_dt: panel[0] IS_ERR =1 
<3>[    1.818778] [TP0]touchpanel: ts_check_panel_dt: panel[1] IS_ERR =1 
<3>[    1.818785] [TP0]touchpanel: ts_check_panel_dt: panel[2] IS_ERR =1 
<3>[    1.818790] [TP0]touchpanel: register_common_touch_device: ts_check_panel_dt failed.
<3>[    1.818795] [TP]synaptics-s3908: Failed to init device information
<6>[    1.818811] [tri_state_key]  register_tri_key_dev_work : tri_key:data1 is 109, data0 is 39
<6>[    1.818819] [tri_state_key]  ist8801_up_update_threshold : low:87, high:131
<6>[    1.819673] [tri_state_key]  ist8801_down_update_threshold : low:-500, high:500
<6>[    1.820554] [tri_state_key]  reupdata_threshold : tri_key:updata_threshold up:low:87,high: 131
<6>[    1.821135] [tri_state_key]  reupdata_threshold : tri_key:last_d0 is 39 ,last_d1 is 109
<6>[    1.821677] [tri_state_key]  report_key_value : tri_key: report up key successful!
<6>[    1.821687] [tri_state_key]  report_key_value : no report
<6>[    1.821692] [tri_state_key]  ist8801_set_detection_mode : ist8801 detection mode : INTERRUPT
<6>[    1.822294] [tri_state_key]  register_tri_key_dev_work : tri_key:set 0 detection mode
<6>[    1.822300] [tri_state_key]  ist8801_set_detection_mode : ist8801 detection mode : INTERRUPT
<6>[    1.822872] [tri_state_key]  register_tri_key_dev_work : tri_key:set 1 detection mode
<6>[    1.822878] [tri_state_key]  register_tri_key_dev_work : register_tri_key_dev_work probe success.
<6>[    1.864042] hall_m1120_up 12-000d: Power on=1. enabled=1
<3>[    1.864201] i2c_geni 884000.i2c: i2c error :-107
<6>[    1.864209] [tri_state_key]  m1120_i2c_write_block : send command error!! -107
<6>[    1.864214] [tri_state_key]  m1120_reset_device : sw-reset was failed(-107)
<6>[    1.864216] [tri_state_key]  m1120_init_device : m1120_reset_device was failed (-107)
<6>[    1.864221] [tri_state_key]  tri_key_m1120_i2c_drv_probe : m1120_init_device was failed(-107)
<6>[    1.864225] [tri_state_key]  tri_key_m1120_i2c_drv_probe : fail.
<4>[    1.864239] hall_m1120_up: probe of 12-000d failed with error -107
<6>[    1.864272] [tri_state_key]  tri_key_m1120_driver_init_up : log tri_key_m1120_driver_init_up, res : 0
<6>[    1.864279] [tri_state_key]  tri_key_m1120_driver_init_down : log tri_key_m1120_driver_init_down
<6>[    1.864364] [tri_state_key]  tri_key_m1120_i2c_drv_probe : allocation memory for p_m1120_data down tri_key_m1120_i2c_drv_probe
<6>[    1.864370] [tri_state_key]  tri_key_m1120_i2c_drv_probe : init mutex variable
<6>[    1.912081] hall_m1120_down 12-000c: Power on=1. enabled=1
<3>[    1.912253] i2c_geni 884000.i2c: i2c error :-107
<6>[    1.912261] [tri_state_key]  m1120_i2c_write_block : send command error!! -107
<6>[    1.912267] [tri_state_key]  m1120_reset_device : sw-reset was failed(-107)
<6>[    1.912269] [tri_state_key]  m1120_init_device : m1120_reset_device was failed (-107)
<6>[    1.912274] [tri_state_key]  tri_key_m1120_i2c_drv_probe : m1120_init_device was failed(-107)
<6>[    1.912280] [tri_state_key]  tri_key_m1120_i2c_drv_probe : fail
<4>[    1.912294] hall_m1120_down: probe of 12-000c failed with error -107
<6>[    1.912325] [tri_state_key]  tri_key_m1120_driver_init_down : log tri_key_m1120_driver_init_down, res : 0
<6>[    1.913513] gpio gpiochip2: (c440000.qcom,spmi:qcom,pm8350@1:pinctrl@8800): allocate IRQ 367, hwirq 5
<6>[    1.913520] gpio gpiochip2: (c440000.qcom,spmi:qcom,pm8350@1:pinctrl@8800): found parent hwirq 141
<6>[    1.913528] gpio gpiochip2: (c440000.qcom,spmi:qcom,pm8350@1:pinctrl@8800): alloc_irqs_parent for 367 parent hwirq 141
<6>[    1.913677] input: gpio-keys as /devices/platform/soc/soc:gpio_keys/input/input3
<6>[    1.913699] KernelSU: KEY_VOLUMEDOWN val: 0
<3>[    1.914418] [TP]synaptics-s3908: syna_tcm_probe: enter
<3>[    1.914530] [TP]synaptics-s3908: syna_tcm_probe read_length:9
<3>[    1.914621] [NVT-ts] nvt_driver_init 3335: start
<3>[    1.914622] [TP]touchpanel: register_common_touch_device  is called
<3>[    1.914626] [TP]touchpanel: ts->tp_index not specified
<3>[    1.914636] [TP]touchpanel: ts->tp_index is 0
<3>[    1.914680] [NVT-ts] nvt_driver_init 3343: finished
<3>[    1.914690] [TP0]touchpanel: init_parse_dts : irq_gpio = 331, irq_flags = 0x2008, reset_gpio = 330
<3>[    1.914698] [TP0]touchpanel: ts->cs-gpio not specified
<3>[    1.914771] [TP0]touchpanel: Failed to get the cs-gpio high state pinctrl
<3>[    1.914776] [TP0]touchpanel:  Failed to get the cs-gpio low state pinctrl 
<3>[    1.914781] [TP0]touchpanel: Failed to get the input state pinctrl handle
<3>[    1.914785] [TP]touchpanel: Failed to get pinctrl state:oplus_spi_active, r:-19
<3>[    1.914787] [TP]touchpanel: Failed to get pinctrl state:oplus_int_active, r:-19
<3>[    1.914791] [TP]touchpanel: Failed to get pinctrl state:oplus_reset_active, r:-19
<3>[    1.914795] [TP]touchpanel: success get avtive pinctrl state
<3>[    1.914799] [TP]touchpanel: Failed to get pinctrl state:oplus_spi_suspend, r:-19
<3>[    1.914804] [TP]touchpanel: Failed to get pinctrl state:oplus_int_suspend, r:-19
<3>[    1.914808] [TP]touchpanel: Failed to get pinctrl state:oplus_reset_suspend, r:-19
<3>[    1.914812] [TP]touchpanel: success get suspend pinctrl state
<3>[    1.914839] [TP0]touchpanel: panel_type not specified, need to default 1
<3>[    1.914844] [TP0]touchpanel: find 1 num chip in dts
<3>[    1.914849] [TP0]touchpanel: panel_data.chip_name = S3908
<3>[    1.914857] [TP0]touchpanel: now has 3 num panel in dts
<3>[    1.914867] [TP] Driver match support project [19815]
<3>[    1.914872] [TP] match panel type OK , panel type is [8]
<3>[    1.914877] [TP0]touchpanel: tp_type not specified
<3>[    1.914882] [TP0]touchpanel: read firmware-data-0 firmware in dts
<3>[    1.914884] [TP0]touchpanel: No firmware in dts !
<3>[    1.914892] [TP0]touchpanel: ts->irq_need_dev_resume_time not specified
<3>[    1.914896] [TP0]touchpanel: ts->irq_need_dev_resume_time = 50 ms
<3>[    1.914902] [TP0]touchpanel: tx_num = 17, rx_num = 38 
<3>[    1.914909] [TP0]touchpanel: LCD_WIDTH = 1440, LCD_HEIGHT = 3216, max_x = 1440, max_y = 3216, limit_witdh = 0, limit_height = 54
<3>[    1.914915] [TP0]touchpanel: error:button-type should be setting in dts!
<3>[    1.914917] [TP0]touchpanel: key_tx is 0, key_rx is 0
<3>[    1.914926] [TP0]touchpanel: smooth_level_array not specified -22
<3>[    1.914931] [TP0]touchpanel: sensitive_level_array not specified -22
<3>[    1.914937] [TP0]touchpanel: error:game_perf_para_default should be setting in dts!
<3>[    1.914942] [TP0]touchpanel: panel is oncell!
<3>[    1.914950] [TP0]touchpanel: ts->high_frame_rate_time not specified or support
<3>[    1.914958] [TP0]touchpanel: ts_check_panel_dt: panel[0] IS_ERR =1 
<3>[    1.914966] [TP0]touchpanel: ts_check_panel_dt: panel[1] IS_ERR =1 
<3>[    1.914973] [TP0]touchpanel: ts_check_panel_dt: panel[2] IS_ERR =1 
<3>[    1.914977] [TP0]touchpanel: register_common_touch_device: ts_check_panel_dt failed.
<3>[    1.914981] [TP]synaptics-s3908: Failed to init device information
<6>[    1.915170] input: qwerty as /devices/virtual/input/input4
<3>[    1.915211] gf_qcom: register goodix_fp_ok
<6>[    1.915217] gf_qcom: version V1.2.09
<3>[    1.915221] gf_qcom: gf_cleanup_ftm_poweroff_flag cleanup
<3>[    1.915223] gf_qcom: gf_dev->ftm_poweroff_flag = 1
<6>[    1.915482] gf_qcom: status = 0x0
<3>[    1.915489] ancfp_init, found not jiiov sensor
<3>[    1.915666] [TP]synaptics-s3908: syna_tcm_probe: enter
<3>[    1.915769] [TP]synaptics-s3908: syna_tcm_probe read_length:9
<3>[    1.915871] [TP]touchpanel: register_common_touch_device  is called
<3>[    1.915879] [TP]touchpanel: ts->tp_index not specified
<3>[    1.915883] [TP]touchpanel: ts->tp_index is 0
<3>[    1.915931] [TP0]touchpanel: init_parse_dts : irq_gpio = 331, irq_flags = 0x2008, reset_gpio = 330
<3>[    1.915939] [TP0]touchpanel: ts->cs-gpio not specified
<3>[    1.916003] [TP0]touchpanel: Failed to get the cs-gpio high state pinctrl
<3>[    1.916009] [TP0]touchpanel:  Failed to get the cs-gpio low state pinctrl 
<3>[    1.916033] [TP0]touchpanel: Failed to get the input state pinctrl handle
<3>[    1.916038] [TP]touchpanel: Failed to get pinctrl state:oplus_spi_active, r:-19
<3>[    1.916040] [TP]touchpanel: Failed to get pinctrl state:oplus_int_active, r:-19
<3>[    1.916044] [TP]touchpanel: Failed to get pinctrl state:oplus_reset_active, r:-19
<3>[    1.916048] [TP]touchpanel: success get avtive pinctrl state
<3>[    1.916053] [TP]touchpanel: Failed to get pinctrl state:oplus_spi_suspend, r:-19
<3>[    1.916057] [TP]touchpanel: Failed to get pinctrl state:oplus_int_suspend, r:-19
<3>[    1.916062] [TP]touchpanel: Failed to get pinctrl state:oplus_reset_suspend, r:-19
<3>[    1.916066] [TP]touchpanel: success get suspend pinctrl state
<3>[    1.916092] [TP0]touchpanel: panel_type not specified, need to default 1
<3>[    1.916096] [TP0]touchpanel: find 1 num chip in dts
<3>[    1.916101] [TP0]touchpanel: panel_data.chip_name = S3908
<3>[    1.916108] [TP0]touchpanel: now has 3 num panel in dts
<3>[    1.916117] [TP] Driver match support project [19815]
<3>[    1.916122] [TP] match panel type OK , panel type is [8]
<3>[    1.916127] [TP0]touchpanel: tp_type not specified
<3>[    1.916131] [TP0]touchpanel: read firmware-data-0 firmware in dts
<3>[    1.916134] [TP0]touchpanel: No firmware in dts !
<3>[    1.916141] [TP0]touchpanel: ts->irq_need_dev_resume_time not specified
<3>[    1.916146] [TP0]touchpanel: ts->irq_need_dev_resume_time = 50 ms
<3>[    1.916151] [TP0]touchpanel: tx_num = 17, rx_num = 38 
<3>[    1.916158] [TP0]touchpanel: LCD_WIDTH = 1440, LCD_HEIGHT = 3216, max_x = 1440, max_y = 3216, limit_witdh = 0, limit_height = 54
<3>[    1.916163] [TP0]touchpanel: error:button-type should be setting in dts!
<3>[    1.916166] [TP0]touchpanel: key_tx is 0, key_rx is 0
<3>[    1.916174] [TP0]touchpanel: smooth_level_array not specified -22
<3>[    1.916180] [TP0]touchpanel: sensitive_level_array not specified -22
<3>[    1.916185] [TP0]touchpanel: error:game_perf_para_default should be setting in dts!
<3>[    1.916190] [TP0]touchpanel: panel is oncell!
<3>[    1.916197] [TP0]touchpanel: ts->high_frame_rate_time not specified or support
<3>[    1.916205] [TP0]touchpanel: ts_check_panel_dt: panel[0] IS_ERR =1 
<3>[    1.916212] [TP0]touchpanel: ts_check_panel_dt: panel[1] IS_ERR =1 
<3>[    1.916219] [TP0]touchpanel: ts_check_panel_dt: panel[2] IS_ERR =1 
<3>[    1.916223] [TP0]touchpanel: register_common_touch_device: ts_check_panel_dt failed.
<3>[    1.916227] [TP]synaptics-s3908: Failed to init device information
<4>[    1.918399] bimc-bwmon: Zone thres larger than hw limit: hi:0 med:4000 lo:0
<4>[    1.918834] bimc-bwmon: Zone thres larger than hw limit: hi:0 med:4000 lo:0
<3>[    1.918921] [TP]synaptics-s3908: syna_tcm_probe: enter
<3>[    1.919049] [TP]synaptics-s3908: syna_tcm_probe read_length:9
<3>[    1.919142] [TP]touchpanel: register_common_touch_device  is called
<3>[    1.919150] [TP]touchpanel: ts->tp_index not specified
<3>[    1.919154] [TP]touchpanel: ts->tp_index is 0
<3>[    1.919202] [TP0]touchpanel: init_parse_dts : irq_gpio = 331, irq_flags = 0x2008, reset_gpio = 330
<3>[    1.919212] [TP0]touchpanel: ts->cs-gpio not specified
<3>[    1.919278] [TP0]touchpanel: Failed to get the cs-gpio high state pinctrl
<3>[    1.919283] [TP0]touchpanel:  Failed to get the cs-gpio low state pinctrl 
<3>[    1.919288] [TP0]touchpanel: Failed to get the input state pinctrl handle
<3>[    1.919293] [TP]touchpanel: Failed to get pinctrl state:oplus_spi_active, r:-19
<3>[    1.919294] [TP]touchpanel: Failed to get pinctrl state:oplus_int_active, r:-19
<3>[    1.919299] [TP]touchpanel: Failed to get pinctrl state:oplus_reset_active, r:-19
<3>[    1.919303] [TP]touchpanel: success get avtive pinctrl state
<3>[    1.919308] [TP]touchpanel: Failed to get pinctrl state:oplus_spi_suspend, r:-19
<3>[    1.919312] [TP]touchpanel: Failed to get pinctrl state:oplus_int_suspend, r:-19
<3>[    1.919317] [TP]touchpanel: Failed to get pinctrl state:oplus_reset_suspend, r:-19
<3>[    1.919322] [TP]touchpanel: success get suspend pinctrl state
<3>[    1.919347] [TP0]touchpanel: panel_type not specified, need to default 1
<3>[    1.919352] [TP0]touchpanel: find 1 num chip in dts
<3>[    1.919358] [TP0]touchpanel: panel_data.chip_name = S3908
<3>[    1.919365] [TP0]touchpanel: now has 3 num panel in dts
<3>[    1.919376] [TP] Driver match support project [19815]
<3>[    1.919380] [TP] match panel type OK , panel type is [8]
<3>[    1.919386] [TP0]touchpanel: tp_type not specified
<3>[    1.919391] [TP0]touchpanel: read firmware-data-0 firmware in dts
<3>[    1.919393] [TP0]touchpanel: No firmware in dts !
<3>[    1.919402] [TP0]touchpanel: ts->irq_need_dev_resume_time not specified
<3>[    1.919407] [TP0]touchpanel: ts->irq_need_dev_resume_time = 50 ms
<3>[    1.919413] [TP0]touchpanel: tx_num = 17, rx_num = 38 
<3>[    1.919420] [TP0]touchpanel: LCD_WIDTH = 1440, LCD_HEIGHT = 3216, max_x = 1440, max_y = 3216, limit_witdh = 0, limit_height = 54
<3>[    1.919427] [TP0]touchpanel: error:button-type should be setting in dts!
<3>[    1.919430] [TP0]touchpanel: key_tx is 0, key_rx is 0
<3>[    1.919450] [TP0]touchpanel: smooth_level_array not specified -22
<3>[    1.919457] [TP0]touchpanel: sensitive_level_array not specified -22
<3>[    1.919464] [TP0]touchpanel: error:game_perf_para_default should be setting in dts!
<3>[    1.919469] [TP0]touchpanel: panel is oncell!
<3>[    1.919477] [TP0]touchpanel: ts->high_frame_rate_time not specified or support
<3>[    1.919486] [TP0]touchpanel: ts_check_panel_dt: panel[0] IS_ERR =1 
<3>[    1.919494] [TP0]touchpanel: ts_check_panel_dt: panel[1] IS_ERR =1 
<3>[    1.919501] [TP0]touchpanel: ts_check_panel_dt: panel[2] IS_ERR =1 
<3>[    1.919506] [TP0]touchpanel: register_common_touch_device: ts_check_panel_dt failed.
<3>[    1.919511] [TP]synaptics-s3908: Failed to init device information
<3>[    1.919998] [TP]synaptics-s3908: syna_tcm_probe: enter
<3>[    1.920126] [TP]synaptics-s3908: syna_tcm_probe read_length:9
<3>[    1.920207] [TP]touchpanel: register_common_touch_device  is called
<3>[    1.920215] [TP]touchpanel: ts->tp_index not specified
<3>[    1.920220] [TP]touchpanel: ts->tp_index is 0
<3>[    1.920267] [TP0]touchpanel: init_parse_dts : irq_gpio = 331, irq_flags = 0x2008, reset_gpio = 330
<3>[    1.920276] [TP0]touchpanel: ts->cs-gpio not specified
<3>[    1.920348] [TP0]touchpanel: Failed to get the cs-gpio high state pinctrl
<3>[    1.920354] [TP0]touchpanel:  Failed to get the cs-gpio low state pinctrl 
<3>[    1.920359] [TP0]touchpanel: Failed to get the input state pinctrl handle
<3>[    1.920364] [TP]touchpanel: Failed to get pinctrl state:oplus_spi_active, r:-19
<3>[    1.920365] [TP]touchpanel: Failed to get pinctrl state:oplus_int_active, r:-19
<3>[    1.920371] [TP]touchpanel: Failed to get pinctrl state:oplus_reset_active, r:-19
<3>[    1.920375] [TP]touchpanel: success get avtive pinctrl state
<3>[    1.920380] [TP]touchpanel: Failed to get pinctrl state:oplus_spi_suspend, r:-19
<3>[    1.920384] [TP]touchpanel: Failed to get pinctrl state:oplus_int_suspend, r:-19
<3>[    1.920389] [TP]touchpanel: Failed to get pinctrl state:oplus_reset_suspend, r:-19
<3>[    1.920393] [TP]touchpanel: success get suspend pinctrl state
<3>[    1.920419] [TP0]touchpanel: panel_type not specified, need to default 1
<3>[    1.920424] [TP0]touchpanel: find 1 num chip in dts
<3>[    1.920429] [TP0]touchpanel: panel_data.chip_name = S3908
<3>[    1.920437] [TP0]touchpanel: now has 3 num panel in dts
<3>[    1.920446] [TP] Driver match support project [19815]
<3>[    1.920451] [TP] match panel type OK , panel type is [8]
<3>[    1.920457] [TP0]touchpanel: tp_type not specified
<3>[    1.920462] [TP0]touchpanel: read firmware-data-0 firmware in dts
<3>[    1.920464] [TP0]touchpanel: No firmware in dts !
<3>[    1.920472] [TP0]touchpanel: ts->irq_need_dev_resume_time not specified
<3>[    1.920476] [TP0]touchpanel: ts->irq_need_dev_resume_time = 50 ms
<3>[    1.920482] [TP0]touchpanel: tx_num = 17, rx_num = 38 
<3>[    1.920489] [TP0]touchpanel: LCD_WIDTH = 1440, LCD_HEIGHT = 3216, max_x = 1440, max_y = 3216, limit_witdh = 0, limit_height = 54
<3>[    1.920495] [TP0]touchpanel: error:button-type should be setting in dts!
<3>[    1.920497] [TP0]touchpanel: key_tx is 0, key_rx is 0
<3>[    1.920506] [TP0]touchpanel: smooth_level_array not specified -22
<3>[    1.920512] [TP0]touchpanel: sensitive_level_array not specified -22
<3>[    1.920517] [TP0]touchpanel: error:game_perf_para_default should be setting in dts!
<3>[    1.920522] [TP0]touchpanel: panel is oncell!
<4>[    1.920527] bimc-bwmon: Zone thres larger than hw limit: hi:0 med:4000 lo:0
<3>[    1.920531] [TP0]touchpanel: ts->high_frame_rate_time not specified or support
<3>[    1.920540] [TP0]touchpanel: ts_check_panel_dt: panel[0] IS_ERR =1 
<3>[    1.920548] [TP0]touchpanel: ts_check_panel_dt: panel[1] IS_ERR =1 
<3>[    1.920555] [TP0]touchpanel: ts_check_panel_dt: panel[2] IS_ERR =1 
<3>[    1.920560] [TP0]touchpanel: register_common_touch_device: ts_check_panel_dt failed.
<3>[    1.920564] [TP]synaptics-s3908: Failed to init device information
<3>[    1.921065] [TP]synaptics-s3908: syna_tcm_probe: enter
<3>[    1.921172] [TP]synaptics-s3908: syna_tcm_probe read_length:9
<3>[    1.921268] [TP]touchpanel: register_common_touch_device  is called
<3>[    1.921275] [TP]touchpanel: ts->tp_index not specified
<3>[    1.921280] [TP]touchpanel: ts->tp_index is 0
<3>[    1.921335] [TP0]touchpanel: init_parse_dts : irq_gpio = 331, irq_flags = 0x2008, reset_gpio = 330
<3>[    1.921344] [TP0]touchpanel: ts->cs-gpio not specified
<3>[    1.921404] [TP0]touchpanel: Failed to get the cs-gpio high state pinctrl
<3>[    1.921410] [TP0]touchpanel:  Failed to get the cs-gpio low state pinctrl 
<3>[    1.921414] [TP0]touchpanel: Failed to get the input state pinctrl handle
<3>[    1.921418] [TP]touchpanel: Failed to get pinctrl state:oplus_spi_active, r:-19
<3>[    1.921420] [TP]touchpanel: Failed to get pinctrl state:oplus_int_active, r:-19
<3>[    1.921424] [TP]touchpanel: Failed to get pinctrl state:oplus_reset_active, r:-19
<3>[    1.921428] [TP]touchpanel: success get avtive pinctrl state
<3>[    1.921432] [TP]touchpanel: Failed to get pinctrl state:oplus_spi_suspend, r:-19
<3>[    1.921437] [TP]touchpanel: Failed to get pinctrl state:oplus_int_suspend, r:-19
<3>[    1.921441] [TP]touchpanel: Failed to get pinctrl state:oplus_reset_suspend, r:-19
<3>[    1.921445] [TP]touchpanel: success get suspend pinctrl state
<3>[    1.921469] [TP0]touchpanel: panel_type not specified, need to default 1
<3>[    1.921474] [TP0]touchpanel: find 1 num chip in dts
<3>[    1.921478] [TP0]touchpanel: panel_data.chip_name = S3908
<3>[    1.921485] [TP0]touchpanel: now has 3 num panel in dts
<3>[    1.921494] [TP] Driver match support project [19815]
<3>[    1.921499] [TP] match panel type OK , panel type is [8]
<3>[    1.921504] [TP0]touchpanel: tp_type not specified
<3>[    1.921508] [TP0]touchpanel: read firmware-data-0 firmware in dts
<3>[    1.921511] [TP0]touchpanel: No firmware in dts !
<3>[    1.921519] [TP0]touchpanel: ts->irq_need_dev_resume_time not specified
<3>[    1.921523] [TP0]touchpanel: ts->irq_need_dev_resume_time = 50 ms
<3>[    1.921528] [TP0]touchpanel: tx_num = 17, rx_num = 38 
<3>[    1.921535] [TP0]touchpanel: LCD_WIDTH = 1440, LCD_HEIGHT = 3216, max_x = 1440, max_y = 3216, limit_witdh = 0, limit_height = 54
<3>[    1.921541] [TP0]touchpanel: error:button-type should be setting in dts!
<3>[    1.921544] [TP0]touchpanel: key_tx is 0, key_rx is 0
<3>[    1.921552] [TP0]touchpanel: smooth_level_array not specified -22
<3>[    1.921558] [TP0]touchpanel: sensitive_level_array not specified -22
<3>[    1.921563] [TP0]touchpanel: error:game_perf_para_default should be setting in dts!
<3>[    1.921568] [TP0]touchpanel: panel is oncell!
<3>[    1.921576] [TP0]touchpanel: ts->high_frame_rate_time not specified or support
<3>[    1.921584] [TP0]touchpanel: ts_check_panel_dt: panel[0] IS_ERR =1 
<3>[    1.921591] [TP0]touchpanel: ts_check_panel_dt: panel[1] IS_ERR =1 
<3>[    1.921597] [TP0]touchpanel: ts_check_panel_dt: panel[2] IS_ERR =1 
<3>[    1.921601] [TP0]touchpanel: register_common_touch_device: ts_check_panel_dt failed.
<3>[    1.921605] [TP]synaptics-s3908: Failed to init device information
<3>[    1.922107] [TP]synaptics-s3908: syna_tcm_probe: enter
<3>[    1.922210] [TP]synaptics-s3908: syna_tcm_probe read_length:9
<3>[    1.922310] [TP]touchpanel: register_common_touch_device  is called
<3>[    1.922317] [TP]touchpanel: ts->tp_index not specified
<3>[    1.922322] [TP]touchpanel: ts->tp_index is 0
<3>[    1.922403] [TP0]touchpanel: init_parse_dts : irq_gpio = 331, irq_flags = 0x2008, reset_gpio = 330
<3>[    1.922412] [TP0]touchpanel: ts->cs-gpio not specified
<3>[    1.922511] [TP0]touchpanel: Failed to get the cs-gpio high state pinctrl
<3>[    1.922516] [TP0]touchpanel:  Failed to get the cs-gpio low state pinctrl 
<3>[    1.922520] [TP0]touchpanel: Failed to get the input state pinctrl handle
<3>[    1.922525] [TP]touchpanel: Failed to get pinctrl state:oplus_spi_active, r:-19
<3>[    1.922526] [TP]touchpanel: Failed to get pinctrl state:oplus_int_active, r:-19
<3>[    1.922531] [TP]touchpanel: Failed to get pinctrl state:oplus_reset_active, r:-19
<3>[    1.922535] [TP]touchpanel: success get avtive pinctrl state
<3>[    1.922539] [TP]touchpanel: Failed to get pinctrl state:oplus_spi_suspend, r:-19
<3>[    1.922543] [TP]touchpanel: Failed to get pinctrl state:oplus_int_suspend, r:-19
<3>[    1.922548] [TP]touchpanel: Failed to get pinctrl state:oplus_reset_suspend, r:-19
<3>[    1.922551] [TP]touchpanel: success get suspend pinctrl state
<3>[    1.922581] [TP0]touchpanel: panel_type not specified, need to default 1
<3>[    1.922585] [TP0]touchpanel: find 1 num chip in dts
<3>[    1.922590] [TP0]touchpanel: panel_data.chip_name = S3908
<3>[    1.922598] [TP0]touchpanel: now has 3 num panel in dts
<3>[    1.922610] [TP] Driver match support project [19815]
<3>[    1.922615] [TP] match panel type OK , panel type is [8]
<3>[    1.922620] [TP0]touchpanel: tp_type not specified
<3>[    1.922625] [TP0]touchpanel: read firmware-data-0 firmware in dts
<3>[    1.922627] [TP0]touchpanel: No firmware in dts !
<3>[    1.922635] [TP0]touchpanel: ts->irq_need_dev_resume_time not specified
<3>[    1.922639] [TP0]touchpanel: ts->irq_need_dev_resume_time = 50 ms
<3>[    1.922644] [TP0]touchpanel: tx_num = 17, rx_num = 38 
<3>[    1.922653] [TP0]touchpanel: LCD_WIDTH = 1440, LCD_HEIGHT = 3216, max_x = 1440, max_y = 3216, limit_witdh = 0, limit_height = 54
<3>[    1.922659] [TP0]touchpanel: error:button-type should be setting in dts!
<3>[    1.922662] [TP0]touchpanel: key_tx is 0, key_rx is 0
<3>[    1.922670] [TP0]touchpanel: smooth_level_array not specified -22
<3>[    1.922677] [TP0]touchpanel: sensitive_level_array not specified -22
<3>[    1.922683] [TP0]touchpanel: error:game_perf_para_default should be setting in dts!
<3>[    1.922688] [TP0]touchpanel: panel is oncell!
<3>[    1.922697] [TP0]touchpanel: ts->high_frame_rate_time not specified or support
<3>[    1.922707] [TP0]touchpanel: ts_check_panel_dt: panel[0] IS_ERR =1 
<3>[    1.922714] [TP0]touchpanel: ts_check_panel_dt: panel[1] IS_ERR =1 
<3>[    1.922722] [TP0]touchpanel: ts_check_panel_dt: panel[2] IS_ERR =1 
<3>[    1.922726] [TP0]touchpanel: register_common_touch_device: ts_check_panel_dt failed.
<3>[    1.922730] [TP]synaptics-s3908: Failed to init device information
<3>[    1.923229] [TP]synaptics-s3908: syna_tcm_probe: enter
<3>[    1.923329] [TP]synaptics-s3908: syna_tcm_probe read_length:9
<3>[    1.923414] [TP]touchpanel: register_common_touch_device  is called
<3>[    1.923421] [TP]touchpanel: ts->tp_index not specified
<3>[    1.923426] [TP]touchpanel: ts->tp_index is 0
<3>[    1.923473] [TP0]touchpanel: init_parse_dts : irq_gpio = 331, irq_flags = 0x2008, reset_gpio = 330
<3>[    1.923481] [TP0]touchpanel: ts->cs-gpio not specified
<3>[    1.923562] [TP0]touchpanel: Failed to get the cs-gpio high state pinctrl
<3>[    1.923567] [TP0]touchpanel:  Failed to get the cs-gpio low state pinctrl 
<3>[    1.923571] [TP0]touchpanel: Failed to get the input state pinctrl handle
<3>[    1.923575] [TP]touchpanel: Failed to get pinctrl state:oplus_spi_active, r:-19
<3>[    1.923576] [TP]touchpanel: Failed to get pinctrl state:oplus_int_active, r:-19
<3>[    1.923581] [TP]touchpanel: Failed to get pinctrl state:oplus_reset_active, r:-19
<3>[    1.923585] [TP]touchpanel: success get avtive pinctrl state
<3>[    1.923589] [TP]touchpanel: Failed to get pinctrl state:oplus_spi_suspend, r:-19
<3>[    1.923593] [TP]touchpanel: Failed to get pinctrl state:oplus_int_suspend, r:-19
<3>[    1.923597] [TP]touchpanel: Failed to get pinctrl state:oplus_reset_suspend, r:-19
<3>[    1.923601] [TP]touchpanel: success get suspend pinctrl state
<3>[    1.923628] [TP0]touchpanel: panel_type not specified, need to default 1
<3>[    1.923632] [TP0]touchpanel: find 1 num chip in dts
<3>[    1.923637] [TP0]touchpanel: panel_data.chip_name = S3908
<3>[    1.923644] [TP0]touchpanel: now has 3 num panel in dts
<3>[    1.923654] [TP] Driver match support project [19815]
<3>[    1.923658] [TP] match panel type OK , panel type is [8]
<3>[    1.923664] [TP0]touchpanel: tp_type not specified
<3>[    1.923668] [TP0]touchpanel: read firmware-data-0 firmware in dts
<3>[    1.923670] [TP0]touchpanel: No firmware in dts !
<3>[    1.923678] [TP0]touchpanel: ts->irq_need_dev_resume_time not specified
<3>[    1.923682] [TP0]touchpanel: ts->irq_need_dev_resume_time = 50 ms
<3>[    1.923688] [TP0]touchpanel: tx_num = 17, rx_num = 38 
<3>[    1.923695] [TP0]touchpanel: LCD_WIDTH = 1440, LCD_HEIGHT = 3216, max_x = 1440, max_y = 3216, limit_witdh = 0, limit_height = 54
<3>[    1.923701] [TP0]touchpanel: error:button-type should be setting in dts!
<3>[    1.923703] [TP0]touchpanel: key_tx is 0, key_rx is 0
<3>[    1.923711] [TP0]touchpanel: smooth_level_array not specified -22
<3>[    1.923717] [TP0]touchpanel: sensitive_level_array not specified -22
<3>[    1.923722] [TP0]touchpanel: error:game_perf_para_default should be setting in dts!
<3>[    1.923727] [TP0]touchpanel: panel is oncell!
<3>[    1.923734] [TP0]touchpanel: ts->high_frame_rate_time not specified or support
<3>[    1.923742] [TP0]touchpanel: ts_check_panel_dt: panel[0] IS_ERR =1 
<3>[    1.923749] [TP0]touchpanel: ts_check_panel_dt: panel[1] IS_ERR =1 
<3>[    1.923755] [TP0]touchpanel: ts_check_panel_dt: panel[2] IS_ERR =1 
<3>[    1.923759] [TP0]touchpanel: register_common_touch_device: ts_check_panel_dt failed.
<3>[    1.923763] [TP]synaptics-s3908: Failed to init device information
<6>[    1.923797] RNDIS_IPA module is loaded.
<5>[    1.923844] cfg80211: Loading compiled-in X.509 certificates for regulatory database
<6>[    1.924156] cryptomgr_probe (418) used greatest stack depth: 14416 bytes left
<3>[    1.924256] [TP]synaptics-s3908: syna_tcm_probe: enter
<3>[    1.924365] [TP]synaptics-s3908: syna_tcm_probe read_length:9
<3>[    1.924461] [TP]touchpanel: register_common_touch_device  is called
<3>[    1.924468] [TP]touchpanel: ts->tp_index not specified
<3>[    1.924473] [TP]touchpanel: ts->tp_index is 0
<5>[    1.924500] cfg80211: Loaded X.509 cert 'sforshee: 00b28ddf47aef9cea7'
<3>[    1.924520] [TP0]touchpanel: init_parse_dts : irq_gpio = 331, irq_flags = 0x2008, reset_gpio = 330
<3>[    1.924528] [TP0]touchpanel: ts->cs-gpio not specified
<3>[    1.924588] [TP0]touchpanel: Failed to get the cs-gpio high state pinctrl
<3>[    1.924594] [TP0]touchpanel:  Failed to get the cs-gpio low state pinctrl 
<3>[    1.924598] [TP0]touchpanel: Failed to get the input state pinctrl handle
<3>[    1.924602] [TP]touchpanel: Failed to get pinctrl state:oplus_spi_active, r:-19
<3>[    1.924604] [TP]touchpanel: Failed to get pinctrl state:oplus_int_active, r:-19
<3>[    1.924608] [TP]touchpanel: Failed to get pinctrl state:oplus_reset_active, r:-19
<3>[    1.924612] [TP]touchpanel: success get avtive pinctrl state
<3>[    1.924616] [TP]touchpanel: Failed to get pinctrl state:oplus_spi_suspend, r:-19
<3>[    1.924621] [TP]touchpanel: Failed to get pinctrl state:oplus_int_suspend, r:-19
<3>[    1.924625] [TP]touchpanel: Failed to get pinctrl state:oplus_reset_suspend, r:-19
<3>[    1.924629] [TP]touchpanel: success get suspend pinctrl state
<3>[    1.924657] [TP0]touchpanel: panel_type not specified, need to default 1
<3>[    1.924662] [TP0]touchpanel: find 1 num chip in dts
<3>[    1.924667] [TP0]touchpanel: panel_data.chip_name = S3908
<3>[    1.924674] [TP0]touchpanel: now has 3 num panel in dts
<3>[    1.924683] [TP] Driver match support project [19815]
<3>[    1.924687] [TP] match panel type OK , panel type is [8]
<3>[    1.924693] [TP0]touchpanel: tp_type not specified
<3>[    1.924697] [TP0]touchpanel: read firmware-data-0 firmware in dts
<3>[    1.924699] [TP0]touchpanel: No firmware in dts !
<3>[    1.924706] [TP0]touchpanel: ts->irq_need_dev_resume_time not specified
<3>[    1.924711] [TP0]touchpanel: ts->irq_need_dev_resume_time = 50 ms
<3>[    1.924716] [TP0]touchpanel: tx_num = 17, rx_num = 38 
<3>[    1.924723] [TP0]touchpanel: LCD_WIDTH = 1440, LCD_HEIGHT = 3216, max_x = 1440, max_y = 3216, limit_witdh = 0, limit_height = 54
<3>[    1.924728] [TP0]touchpanel: error:button-type should be setting in dts!
<3>[    1.924731] [TP0]touchpanel: key_tx is 0, key_rx is 0
<3>[    1.924739] [TP0]touchpanel: smooth_level_array not specified -22
<3>[    1.924744] [TP0]touchpanel: sensitive_level_array not specified -22
<3>[    1.924749] [TP0]touchpanel: error:game_perf_para_default should be setting in dts!
<3>[    1.924754] [TP0]touchpanel: panel is oncell!
<3>[    1.924761] [TP0]touchpanel: ts->high_frame_rate_time not specified or support
<3>[    1.924769] [TP0]touchpanel: ts_check_panel_dt: panel[0] IS_ERR =1 
<3>[    1.924775] [TP0]touchpanel: ts_check_panel_dt: panel[1] IS_ERR =1 
<3>[    1.924782] [TP0]touchpanel: ts_check_panel_dt: panel[2] IS_ERR =1 
<3>[    1.924786] [TP0]touchpanel: register_common_touch_device: ts_check_panel_dt failed.
<3>[    1.924790] [TP]synaptics-s3908: Failed to init device information
<5>[    1.924849] cfg80211: Loaded X.509 cert 'wens: 61c038651aabdcf94bd0ac7ff06c7248db18c600'
<4>[    1.924944] platform regulatory.0: Direct firmware load for regulatory.db failed with error -2
<4>[    1.924952] platform regulatory.0: Falling back to sysfs fallback for: regulatory.db
<6>[    1.924999] clk: Disabling unused clocks
<6>[    1.925465] gpu_cc-lahaina 3d90000.qcom,gpucc: sync-state
<6>[    1.925529] video_cc-lahaina abf0000.qcom,videocc: sync-state
<6>[    1.925669] ALSA device list:
<6>[    1.925682] No soundcards found.
<3>[    1.925713] Warning: unable to open an initial console.
<6>[    1.926152] Freeing unused kernel memory: 1600K
<6>[    1.940108] cryptomgr_probe (418): highest shadow stack usage: 160 bytes
<6>[    1.940201] Run /init as init process
<14>[    1.942009] init: init first stage started!
<14>[    1.942925] init: Switching root to '/first_stage_ramdisk'
<14>[    1.943162] init: [libfstab] Using Android DT directory /proc/device-tree/firmware/android/
<14>[    1.943353] init: [libfstab] dt_fstab: Skip disabled entry for partition vendor
<14>[    1.943374] init: [libfstab] ReadFstabFromDt(): failed to read fstab from dt
<14>[    1.943501] init: [libfstab] dt_fstab: Skip disabled entry for partition vendor
<14>[    1.982141] init: AVB is not enabled, skip verity setup for '/metadata'
<14>[    1.983307] init: [libfs_mgr] superblock s_max_mnt_count:65535,/dev/block/by-name/metadata
<6>[    1.985181] EXT4-fs (sda17): mounted filesystem with ordered data mode. Opts: errors=remount-ro
<14>[    1.985201] init: [libfs_mgr] check_fs(): mount(/dev/block/by-name/metadata,/metadata,ext4)=0: Success
<14>[    1.985874] init: [libfs_mgr] umount_retry(): unmount(/metadata) succeeded
<14>[    1.987382] e2fsck: linker: Warning: failed to find generated linker configuration from "/linkerconfig/ld.config.txt"
<14>[    1.987390] e2fsck: WARNING: linker: Warning: failed to find generated linker configuration from "/linkerconfig/ld.config.txt"
<14>[    1.994728] e2fsck: /dev/block/by-name/metadata: clean, 267/4096 files, 1808/4096 blocks
<6>[    1.996151] e2fsck (424) used greatest stack depth: 12560 bytes left
<6>[    1.997634] EXT4-fs (sda17): mounted filesystem with ordered data mode. Opts: discard
<6>[    2.004165] EXT4-fs (dm-2): mounted filesystem without journal. Opts: barrier=1,discard
<6>[    2.006645] EXT4-fs (dm-3): mounted filesystem without journal. Opts: barrier=1,discard
<6>[    2.007948] EXT4-fs (dm-1): mounted filesystem without journal. Opts: barrier=1,discard
<6>[    2.008391] erofs: (device dm-4): mounted with root inode @ nid 51.
<6>[    2.008724] erofs: (device dm-5): mounted with root inode @ nid 39.
<6>[    2.008974] erofs: (device dm-0): mounted with root inode @ nid 40.
<6>[    2.020083] e2fsck (424): highest shadow stack usage: 304 bytes
<4>[    2.021257] printk: init: 39 output lines suppressed due to ratelimiting
<14>[    2.085297] init: [libfstab] Using Android DT directory /proc/device-tree/firmware/android/
<14>[    2.085494] init: [libfstab] dt_fstab: Skip disabled entry for partition vendor
<14>[    2.088170] init: Opening SELinux policy
<14>[    2.096446] init: Loading SELinux policy
<6>[    2.120800] SELinux:  policy capability network_peer_controls=1
<6>[    2.120805] SELinux:  policy capability open_perms=1
<6>[    2.120807] SELinux:  policy capability extended_socket_class=1
<6>[    2.120809] SELinux:  policy capability always_check_network=0
<6>[    2.120810] SELinux:  policy capability cgroup_seclabel=0
<6>[    2.120812] SELinux:  policy capability nnp_nosuid_transition=1
<6>[    2.120814] SELinux:  unknown policy capability 12
<5>[    2.168575] audit: type=1403 audit(120129.243:2): auid=4294967295 ses=4294967295 lsm=selinux res=1
<5>[    2.168813] audit: type=1404 audit(120129.243:3): enforcing=1 old_enforcing=0 auid=4294967295 ses=4294967295 enabled=1 old-enabled=1 lsm=selinux res=1
<14>[    2.172194] selinux: SELinux: Loaded file context from:
<14>[    2.172200] selinux: \x09\x09/system/etc/selinux/plat_file_contexts
<14>[    2.172202] selinux: \x09\x09/system_ext/etc/selinux/system_ext_file_contexts
<14>[    2.172205] selinux: \x09\x09/product/etc/selinux/product_file_contexts
<14>[    2.172207] selinux: \x09\x09/vendor/etc/selinux/vendor_file_contexts
<14>[    2.172210] selinux: \x09\x09/odm/etc/selinux/odm_file_contexts
<6>[    2.172529] KernelSU: /system/bin/init second_stage executed
<6>[    2.186263] KernelSU: sid '75' is set for secctx_name 'u:r:priv_app:s0:c512,c768'
<6>[    2.186267] KernelSU: sid '76' is set for secctx_name 'u:r:init:s0'
<6>[    2.186270] KernelSU: sid '77' is set for secctx_name 'u:r:su:s0'
<6>[    2.186273] KernelSU: sid '78' is set for secctx_name 'u:r:zygote:s0'
<6>[    2.186275] KernelSU: Cached su SID: 77
<6>[    2.186278] KernelSU: Cached zygote SID: 78
<6>[    2.186280] KernelSU: Cached init SID: 76
<6>[    2.186283] KernelSU: Cached ksu_file SID: 79
<6>[    2.186285] KernelSU: sid '77' is set for secctx_name 'u:r:su:s0'
<6>[    2.186287] KernelSU: sid '78' is set for secctx_name 'u:r:zygote:s0'
<6>[    2.186289] KernelSU: sid '76' is set for secctx_name 'u:r:init:s0'
<6>[    2.186291] KernelSU: sid '1' is set for secctx_name 'u:r:kernel:s0'
<6>[    2.186295] KernelSU: sid '75' is set for secctx_name 'u:r:priv_app:s0:c512,c768'
<14>[    2.189865] init: init second stage started!
<14>[    2.196971] selinux: SELinux: Loaded file context from:
<14>[    2.196976] selinux: \x09\x09/system/etc/selinux/plat_file_contexts
<14>[    2.196979] selinux: \x09\x09/system_ext/etc/selinux/system_ext_file_contexts
<14>[    2.196981] selinux: \x09\x09/product/etc/selinux/product_file_contexts
<14>[    2.196983] selinux: \x09\x09/vendor/etc/selinux/vendor_file_contexts
<14>[    2.196985] selinux: \x09\x09/odm/etc/selinux/odm_file_contexts
<14>[    2.208558] init: [libfstab] Using Android DT directory /proc/device-tree/firmware/android/
<11>[    2.208819] init: Init cannot set 'ro.boot.mode' to 'normal': Read-only property was already set
<11>[    2.208841] init: Init cannot set 'ro.boot.startupmode' to 'hard_reset': Read-only property was already set
<6>[    2.224617] KernelSU: susfs: mark no sucompat checks for pid: '444', exec: '/system/bin/init'
<6>[    2.224652] KernelSU: stat init.rc
<6>[    2.224653] KernelSU: adding ksu_rc_len: 59886 -> 60237
<6>[    2.224657] KernelSU: stat init.rc
<6>[    2.224659] KernelSU: adding ksu_rc_len: 59886 -> 60237
<6>[    2.224693] KernelSU: read init.rc, comm: init, rc_count: 351
<6>[    2.224838] KernelSU: stop init_rc_hook
<6>[    2.225033] KernelSU: read_iter_proxy: orig read finished, start append rc
<6>[    2.225035] KernelSU: read_iter_proxy: append 351
<6>[    2.225037] KernelSU: read_iter_proxy: append done
<3>[    2.249878] cgroup1: Unknown subsys name 'schedtune'
<6>[    2.258301] KernelSU: susfs: mark no sucompat checks for pid: '445', exec: '/system/bin/ueventd'
<14>[    2.264162] ueventd: ueventd started!
<6>[    2.264302] KernelSU: susfs: mark no sucompat checks for pid: '446', exec: '/system/bin/apexd'
<14>[    2.269505] selinux: SELinux: Loaded file context from:
<14>[    2.269518] selinux: \x09\x09/system/etc/selinux/plat_file_contexts
<14>[    2.269527] selinux: \x09\x09/system_ext/etc/selinux/system_ext_file_contexts
<14>[    2.269535] selinux: \x09\x09/product/etc/selinux/product_file_contexts
<14>[    2.269543] selinux: \x09\x09/vendor/etc/selinux/vendor_file_contexts
<14>[    2.269550] selinux: \x09\x09/odm/etc/selinux/odm_file_contexts
<14>[    2.269783] ueventd: Parsing file /system/etc/ueventd.rc...
<14>[    2.270139] ueventd: Added '/vendor/etc/ueventd.rc' to import list
<14>[    2.270156] ueventd: Added '/odm/etc/ueventd.rc' to import list
<14>[    2.315937] apexd: Started. subcommand = --bootstrap
<14>[    2.316323] apexd-bootstrap: Scanning /system/apex for pre-installed ApexFiles
<14>[    2.316879] apexd-bootstrap: Found pre-installed APEX /system/apex/com.android.adservices.capex
<14>[    2.316895] apexd-bootstrap: Found pre-installed APEX /system/apex/com.android.rkpd.apex
<14>[    2.316907] apexd-bootstrap: Found pre-installed APEX /system/apex/com.android.art.capex
<14>[    2.316920] apexd-bootstrap: Found pre-installed APEX /system/apex/com.android.neuralnetworks.capex
<14>[    2.316932] apexd-bootstrap: Found pre-installed APEX /system/apex/com.android.profiling.capex
<14>[    2.316944] apexd-bootstrap: Found pre-installed APEX /system/apex/com.android.uprobestats.capex
<14>[    2.316956] apexd-bootstrap: Found pre-installed APEX /system/apex/com.android.os.statsd.apex
<14>[    2.316968] apexd-bootstrap: Found pre-installed APEX /system/apex/com.android.runtime.apex
<3>[    2.325477] OPLUS_CHG[GKI]: battery_psy_get_prop[545]: Couldn't get prop 0 rc = -19
<3>[    2.325481] OPLUS_CHG[GKI]: battery_psy_get_prop[545]: Couldn't get prop 2 rc = -19
<3>[    2.325483] OPLUS_CHG[GKI]: battery_psy_get_prop[545]: Couldn't get prop 3 rc = -19
<3>[    2.325485] OPLUS_CHG[GKI]: battery_psy_get_prop[545]: Couldn't get prop 1 rc = -19
<3>[    2.325486] OPLUS_CHG[GKI]: battery_psy_get_prop[545]: Couldn't get prop 46 rc = -19
<3>[    2.325488] OPLUS_CHG[GKI]: battery_psy_get_prop[545]: Couldn't get prop 14 rc = -19
<3>[    2.325490] OPLUS_CHG[GKI]: battery_psy_get_prop[545]: Couldn't get prop 12 rc = -19
<3>[    2.325491] OPLUS_CHG[GKI]: battery_psy_get_prop[545]: Couldn't get prop 8 rc = -19
<3>[    2.325493] OPLUS_CHG[GKI]: battery_psy_get_prop[545]: Couldn't get prop 17 rc = -19
<3>[    2.325494] OPLUS_CHG[GKI]: battery_psy_get_prop[545]: Couldn't get prop 33 rc = -19
<3>[    2.325496] OPLUS_CHG[GKI]: battery_psy_get_prop[545]: Couldn't get prop 34 rc = -19
<3>[    2.325498] OPLUS_CHG[GKI]: battery_psy_get_prop[545]: Couldn't get prop 51 rc = -19
<3>[    2.325499] OPLUS_CHG[GKI]: battery_psy_get_prop[545]: Couldn't get prop 6 rc = -19
<3>[    2.325501] OPLUS_CHG[GKI]: battery_psy_get_prop[545]: Couldn't get prop 28 rc = -19
<3>[    2.325503] OPLUS_CHG[GKI]: battery_psy_get_prop[545]: Couldn't get prop 7 rc = -19
<3>[    2.325504] OPLUS_CHG[GKI]: battery_psy_get_prop[545]: Couldn't get prop 22 rc = -19
<3>[    2.325506] OPLUS_CHG[GKI]: battery_psy_get_prop[545]: Couldn't get prop 24 rc = -19
<3>[    2.325508] OPLUS_CHG[GKI]: battery_psy_get_prop[545]: Couldn't get prop 72 rc = -19
<3>[    2.325509] OPLUS_CHG[GKI]: battery_psy_get_prop[545]: Couldn't get prop 62 rc = -19
<3>[    2.325511] OPLUS_CHG[GKI]: battery_psy_get_prop[545]: Couldn't get prop 61 rc = -19
<3>[    2.325512] OPLUS_CHG[GKI]: battery_psy_get_prop[545]: Couldn't get prop 60 rc = -19
<3>[    2.325514] OPLUS_CHG[GKI]: battery_psy_get_prop[545]: Couldn't get prop 20 rc = -19
<3>[    2.325515] OPLUS_CHG[GKI]: battery_psy_get_prop[545]: Couldn't get prop 21 rc = -19
<3>[    2.325517] OPLUS_CHG[GKI]: battery_psy_get_prop[545]: Couldn't get prop 26 rc = -19
<3>[    2.325518] OPLUS_CHG[GKI]: battery_psy_get_prop[545]: Couldn't get prop 9 rc = -19
<3>[    2.325793] OPLUS_CHG[GKI]: usb_psy_get_prop[280]: Couldn't get prop 4 rc = -19
<3>[    2.325795] OPLUS_CHG[GKI]: usb_psy_get_prop[280]: Couldn't get prop 12 rc = -19
<3>[    2.325797] OPLUS_CHG[GKI]: usb_psy_get_prop[280]: Couldn't get prop 8 rc = -19
<3>[    2.325799] OPLUS_CHG[GKI]: usb_psy_get_prop[280]: Couldn't get prop 17 rc = -19
<3>[    2.325800] OPLUS_CHG[GKI]: usb_psy_get_prop[280]: Couldn't get prop 16 rc = -19
<3>[    2.325802] OPLUS_CHG[GKI]: usb_psy_get_prop[280]: Couldn't get prop 37 rc = -19
<3>[    2.325804] OPLUS_CHG[GKI]: usb_psy_get_prop[280]: Couldn't get prop 64 rc = -19
<3>[    2.325805] OPLUS_CHG[GKI]: usb_psy_get_prop[280]: Couldn't get prop 51 rc = -19
<6>[    2.333096] apexd (447) used greatest stack depth: 12416 bytes left
<6>[    2.485397] subsys-pil-tz soc:qcom,ipa_fws: ipa_fws: loading from 0x000000008b510000 to 0x000000008b517000
<6>[    2.525616] EXT4-fs (loop2): mounted filesystem without journal. Opts: (null)
<4>[    2.526424] subsys-pil-tz soc:qcom,ipa_fws: Direct firmware load for ipa_fws.b02 failed with error -2
<4>[    2.526434] subsys-pil-tz soc:qcom,ipa_fws: Falling back to sysfs fallback for: ipa_fws.b02
<4>[    2.526489] subsys-pil-tz soc:qcom,ipa_fws: Direct firmware load for ipa_fws.b03 failed with error -2
<4>[    2.526498] subsys-pil-tz soc:qcom,ipa_fws: Falling back to sysfs fallback for: ipa_fws.b03
<4>[    2.526675] subsys-pil-tz soc:qcom,ipa_fws: Direct firmware load for ipa_fws.b04 failed with error -2
<4>[    2.526682] subsys-pil-tz soc:qcom,ipa_fws: Falling back to sysfs fallback for: ipa_fws.b04
<6>[    2.529239] apexd (532) used greatest stack depth: 12144 bytes left
<6>[    2.581526] EXT4-fs (loop0): mounted filesystem without journal. Opts: (null)
<6>[    2.581576] EXT4-fs (loop3): mounted filesystem without journal. Opts: (null)
<6>[    2.581972] EXT4-fs (loop1): mounted filesystem without journal. Opts: (null)
<4>[    2.583636] printk: apexd: 47 output lines suppressed due to ratelimiting
<6>[    2.583681] apexd (446) used greatest stack depth: 12096 bytes left
<6>[    2.610925] KernelSU: susfs: mark no sucompat checks for pid: '544', exec: '/apex/com.android.runtime/bin/linkerconfig'
<6>[    2.612335] apexd (446): highest shadow stack usage: 328 bytes
<6>[    2.671777] KernelSU: susfs: mark no sucompat checks for pid: '545', exec: '/vendor/bin/vendor_modprobe.sh'
<6>[    2.703344] modprobe (546) used greatest stack depth: 11456 bytes left
<3>[    2.747845] [TP]synaptics-s3908: syna_tcm_probe: enter
<3>[    2.752448] [TP]synaptics-s3908: syna_tcm_probe read_length:9
<6>[    2.753259] bt_dt_parse_vreg_info: qcom,bt-vdd-io is not provided in device tree
<6>[    2.753303] bt_dt_parse_vreg_info: qcom,bt-vdd-rfacmn is not provided in device tree
<6>[    2.753309] bt_dt_parse_vreg_info: qcom,bt-vdd-rfa-0p8 is not provided in device tree
<6>[    2.753372] bt_dt_parse_vreg_info: qcom,bt-vdd-ipa-2p2 is not provided in device tree
<4>[    2.753383] bt-debug-gpio not provided in devicetree
<4>[    2.753386] xo-reset-gpio not provided in devicetree
<3>[    2.753388] bt_dt_parse_clk_info: clocks is not provided in device tree
<4>[    2.753390] bt_power_populate_dt_pinfo: clock not provided in device tree
<6>[    2.753426] TCS CMD base address is 0x000000000b2e5510 with length 0x0000000000000690
<3>[    2.755485] [TP]touchpanel: register_common_touch_device  is called
<3>[    2.755494] [TP]touchpanel: ts->tp_index not specified
<3>[    2.755496] [TP]touchpanel: ts->tp_index is 0
<3>[    2.755530] [TP0]touchpanel: init_parse_dts : irq_gpio = 331, irq_flags = 0x2008, reset_gpio = 330
<3>[    2.755533] [TP0]touchpanel: ts->cs-gpio not specified
<3>[    2.755585] [TP0]touchpanel: Failed to get the cs-gpio high state pinctrl
<3>[    2.755587] [TP0]touchpanel:  Failed to get the cs-gpio low state pinctrl 
<3>[    2.755589] [TP0]touchpanel: Failed to get the input state pinctrl handle
<3>[    2.755591] [TP]touchpanel: Failed to get pinctrl state:oplus_spi_active, r:-19
<3>[    2.755591] [TP]touchpanel: Failed to get pinctrl state:oplus_int_active, r:-19
<3>[    2.755593] [TP]touchpanel: Failed to get pinctrl state:oplus_reset_active, r:-19
<3>[    2.755595] [TP]touchpanel: success get avtive pinctrl state
<3>[    2.755597] [TP]touchpanel: Failed to get pinctrl state:oplus_spi_suspend, r:-19
<3>[    2.755599] [TP]touchpanel: Failed to get pinctrl state:oplus_int_suspend, r:-19
<3>[    2.755600] [TP]touchpanel: Failed to get pinctrl state:oplus_reset_suspend, r:-19
<3>[    2.755602] [TP]touchpanel: success get suspend pinctrl state
<3>[    2.755614] [TP0]touchpanel: panel_type not specified, need to default 1
<3>[    2.755616] [TP0]touchpanel: find 1 num chip in dts
<3>[    2.755618] [TP0]touchpanel: panel_data.chip_name = S3908
<3>[    2.755621] [TP0]touchpanel: now has 3 num panel in dts
<3>[    2.755625] [TP] Driver match support project [19815]
<3>[    2.755628] [TP] match panel type OK , panel type is [8]
<3>[    2.755630] [TP0]touchpanel: tp_type not specified
<3>[    2.755632] [TP0]touchpanel: read firmware-data-0 firmware in dts
<3>[    2.755633] [TP0]touchpanel: No firmware in dts !
<3>[    2.755636] [TP0]touchpanel: ts->irq_need_dev_resume_time not specified
<3>[    2.755638] [TP0]touchpanel: ts->irq_need_dev_resume_time = 50 ms
<3>[    2.755641] [TP0]touchpanel: tx_num = 17, rx_num = 38 
<3>[    2.755644] [TP0]touchpanel: LCD_WIDTH = 1440, LCD_HEIGHT = 3216, max_x = 1440, max_y = 3216, limit_witdh = 0, limit_height = 54
<3>[    2.755646] [TP0]touchpanel: error:button-type should be setting in dts!
<3>[    2.755648] [TP0]touchpanel: key_tx is 0, key_rx is 0
<3>[    2.755651] [TP0]touchpanel: smooth_level_array not specified -22
<3>[    2.755654] [TP0]touchpanel: sensitive_level_array not specified -22
<3>[    2.755656] [TP0]touchpanel: error:game_perf_para_default should be setting in dts!
<3>[    2.755658] [TP0]touchpanel: panel is oncell!
<3>[    2.755662] [TP0]touchpanel: ts->high_frame_rate_time not specified or support
<3>[    2.755667] [TP0]touchpanel: ts_check_panel_dt: panel[0] IS_ERR =1 
<3>[    2.755671] [TP0]touchpanel: ts_check_panel_dt: panel[1] IS_ERR =1 
<3>[    2.755674] [TP0]touchpanel: ts_check_panel_dt: panel[2] IS_ERR =1 
<3>[    2.755676] [TP0]touchpanel: register_common_touch_device: ts_check_panel_dt failed.
<3>[    2.755678] [TP]synaptics-s3908: Failed to init device information
<3>[    2.757276] [TP]synaptics-s3908: syna_tcm_probe: enter
<3>[    2.760339] [TP]synaptics-s3908: syna_tcm_probe read_length:9
<6>[    2.768773] [haptic_hv]aw_haptic driver version v0.0.0.9
<3>[    2.768851] rtc6226: rtc6226_parse_dt unable to request gpio 358 (-16)
<3>[    2.768858] rtc6226: rtc6226_i2c_probe: Parsing DT failed(-16)
<4>[    2.768891] rtc6226: probe of 11-0064 failed with error -16
<6>[    2.769761] [haptic_hv]awinic_i2c_probe: enter
<6>[    2.769791] [haptic_hv]parse_dt: reset gpio provide ok 383
<6>[    2.769801] [haptic_hv]parse_dt: irq gpio provide ok irq = 322.
<6>[    2.769807] [haptic_hv]parse_dt: device_id=9595
<6>[    2.769812] [haptic_hv]parse_dt: aw86927 boost_voltage=79
<6>[    2.769830] [haptic_hv]hw_reset: enter
<6>[    2.769940] qcom_llcc_edac qcom_llcc_edac: No ECC IRQ; defaulting to polling mode
<6>[    2.769952] EDAC DEVICE1: Giving out device to module qcom_llcc_edac controller llcc: DEV qcom_llcc_edac (POLLED)
<3>[    2.772085] [TP]touchpanel: register_common_touch_device  is called
<3>[    2.772096] [TP]touchpanel: ts->tp_index not specified
<3>[    2.772099] [TP]touchpanel: ts->tp_index is 0
<3>[    2.772131] [TP0]touchpanel: init_parse_dts : irq_gpio = 331, irq_flags = 0x2008, reset_gpio = 330
<3>[    2.772134] [TP0]touchpanel: ts->cs-gpio not specified
<3>[    2.772189] [TP0]touchpanel: Failed to get the cs-gpio high state pinctrl
<3>[    2.772191] [TP0]touchpanel:  Failed to get the cs-gpio low state pinctrl 
<3>[    2.772193] [TP0]touchpanel: Failed to get the input state pinctrl handle
<3>[    2.772195] [TP]touchpanel: Failed to get pinctrl state:oplus_spi_active, r:-19
<3>[    2.772195] [TP]touchpanel: Failed to get pinctrl state:oplus_int_active, r:-19
<3>[    2.772197] [TP]touchpanel: Failed to get pinctrl state:oplus_reset_active, r:-19
<3>[    2.772199] [TP]touchpanel: success get avtive pinctrl state
<3>[    2.772201] [TP]touchpanel: Failed to get pinctrl state:oplus_spi_suspend, r:-19
<3>[    2.772203] [TP]touchpanel: Failed to get pinctrl state:oplus_int_suspend, r:-19
<3>[    2.772205] [TP]touchpanel: Failed to get pinctrl state:oplus_reset_suspend, r:-19
<3>[    2.772206] [TP]touchpanel: success get suspend pinctrl state
<3>[    2.772218] [TP0]touchpanel: panel_type not specified, need to default 1
<3>[    2.772220] [TP0]touchpanel: find 1 num chip in dts
<3>[    2.772222] [TP0]touchpanel: panel_data.chip_name = S3908
<3>[    2.772226] [TP0]touchpanel: now has 3 num panel in dts
<3>[    2.772230] [TP] Driver match support project [19815]
<3>[    2.772233] [TP] match panel type OK , panel type is [8]
<3>[    2.772235] [TP0]touchpanel: tp_type not specified
<3>[    2.772237] [TP0]touchpanel: read firmware-data-0 firmware in dts
<3>[    2.772238] [TP0]touchpanel: No firmware in dts !
<3>[    2.772242] [TP0]touchpanel: ts->irq_need_dev_resume_time not specified
<3>[    2.772244] [TP0]touchpanel: ts->irq_need_dev_resume_time = 50 ms
<3>[    2.772247] [TP0]touchpanel: tx_num = 17, rx_num = 38 
<3>[    2.772251] [TP0]touchpanel: LCD_WIDTH = 1440, LCD_HEIGHT = 3216, max_x = 1440, max_y = 3216, limit_witdh = 0, limit_height = 54
<3>[    2.772253] [TP0]touchpanel: error:button-type should be setting in dts!
<3>[    2.772255] [TP0]touchpanel: key_tx is 0, key_rx is 0
<3>[    2.772259] [TP0]touchpanel: smooth_level_array not specified -22
<3>[    2.772261] [TP0]touchpanel: sensitive_level_array not specified -22
<3>[    2.772264] [TP0]touchpanel: error:game_perf_para_default should be setting in dts!
<3>[    2.772266] [TP0]touchpanel: panel is oncell!
<3>[    2.772269] [TP0]touchpanel: ts->high_frame_rate_time not specified or support
<3>[    2.772275] [TP0]touchpanel: ts_check_panel_dt: panel[0] IS_ERR =1 
<3>[    2.772279] [TP0]touchpanel: ts_check_panel_dt: panel[1] IS_ERR =1 
<3>[    2.772282] [TP0]touchpanel: ts_check_panel_dt: panel[2] IS_ERR =1 
<3>[    2.772284] [TP0]touchpanel: register_common_touch_device: ts_check_panel_dt failed.
<3>[    2.772286] [TP]synaptics-s3908: Failed to init device information
<3>[    2.772664] [TP]synaptics-s3908: syna_tcm_probe: enter
<6>[    2.780340] [haptic_hv]parse_chipid: reg_val = 0x97
<6>[    2.780348] [haptic_hv]parse_chipid: unsupport device revision (0x97)
<6>[    2.782876] [haptic_hv]hw_reset: enter
<3>[    2.788118] [TP]synaptics-s3908: syna_tcm_probe read_length:9
<6>[    2.792866] [haptic_hv]parse_chipid: reg_val = 0x97
<6>[    2.792874] [haptic_hv]parse_chipid: unsupport device revision (0x97)
<6>[    2.795413] [haptic_hv]hw_reset: enter
<6>[    2.796645] DATARMNETb1c42acd9c(): rmnet_offload initializing
<6>[    2.796897] DATARMNET163e93649e(): Starting rmnet SHS module 9731 
<6>[    2.806745] [haptic_hv]parse_chipid: reg_val = 0x97
<6>[    2.806756] [haptic_hv]parse_chipid: unsupport device revision (0x97)
<6>[    2.809279] [haptic_hv]hw_reset: enter
<3>[    2.809874] [TP]touchpanel: register_common_touch_device  is called
<3>[    2.809914] [TP]touchpanel: ts->tp_index not specified
<3>[    2.809919] [TP]touchpanel: ts->tp_index is 0
<3>[    2.810006] [TP0]touchpanel: init_parse_dts : irq_gpio = 331, irq_flags = 0x2008, reset_gpio = 330
<3>[    2.810016] [TP0]touchpanel: ts->cs-gpio not specified
<3>[    2.810212] [TP0]touchpanel: Failed to get the cs-gpio high state pinctrl
<3>[    2.810219] [TP0]touchpanel:  Failed to get the cs-gpio low state pinctrl 
<3>[    2.810224] [TP0]touchpanel: Failed to get the input state pinctrl handle
<3>[    2.810229] [TP]touchpanel: Failed to get pinctrl state:oplus_spi_active, r:-19
<3>[    2.810231] [TP]touchpanel: Failed to get pinctrl state:oplus_int_active, r:-19
<3>[    2.810236] [TP]touchpanel: Failed to get pinctrl state:oplus_reset_active, r:-19
<3>[    2.810240] [TP]touchpanel: success get avtive pinctrl state
<3>[    2.810245] [TP]touchpanel: Failed to get pinctrl state:oplus_spi_suspend, r:-19
<3>[    2.810250] [TP]touchpanel: Failed to get pinctrl state:oplus_int_suspend, r:-19
<3>[    2.810254] [TP]touchpanel: Failed to get pinctrl state:oplus_reset_suspend, r:-19
<3>[    2.810259] [TP]touchpanel: success get suspend pinctrl state
<3>[    2.810293] [TP0]touchpanel: panel_type not specified, need to default 1
<3>[    2.810298] [TP0]touchpanel: find 1 num chip in dts
<3>[    2.810305] [TP0]touchpanel: panel_data.chip_name = S3908
<3>[    2.810314] [TP0]touchpanel: now has 3 num panel in dts
<3>[    2.810326] [TP] Driver match support project [19815]
<3>[    2.810332] [TP] match panel type OK , panel type is [8]
<3>[    2.810338] [TP0]touchpanel: tp_type not specified
<3>[    2.810343] [TP0]touchpanel: read firmware-data-0 firmware in dts
<3>[    2.810352] [TP0]touchpanel: No firmware in dts !
<3>[    2.810363] [TP0]touchpanel: ts->irq_need_dev_resume_time not specified
<3>[    2.810368] [TP0]touchpanel: ts->irq_need_dev_resume_time = 50 ms
<3>[    2.810374] [TP0]touchpanel: tx_num = 17, rx_num = 38 
<3>[    2.810383] [TP0]touchpanel: LCD_WIDTH = 1440, LCD_HEIGHT = 3216, max_x = 1440, max_y = 3216, limit_witdh = 0, limit_height = 54
<3>[    2.810389] [TP0]touchpanel: error:button-type should be setting in dts!
<3>[    2.810393] [TP0]touchpanel: key_tx is 0, key_rx is 0
<3>[    2.810401] [TP0]touchpanel: smooth_level_array not specified -22
<3>[    2.810408] [TP0]touchpanel: sensitive_level_array not specified -22
<3>[    2.810415] [TP0]touchpanel: error:game_perf_para_default should be setting in dts!
<3>[    2.810420] [TP0]touchpanel: panel is oncell!
<3>[    2.810429] [TP0]touchpanel: ts->high_frame_rate_time not specified or support
<3>[    2.810448] [TP0]touchpanel: ts_check_panel_dt: panel[0] IS_ERR =1 
<3>[    2.810458] [TP0]touchpanel: ts_check_panel_dt: panel[1] IS_ERR =1 
<3>[    2.810468] [TP0]touchpanel: ts_check_panel_dt: panel[2] IS_ERR =1 
<3>[    2.810474] [TP0]touchpanel: register_common_touch_device: ts_check_panel_dt failed.
<3>[    2.810479] [TP]synaptics-s3908: Failed to init device information
<3>[    2.818081] [TP]synaptics-s3908: syna_tcm_probe: enter
<3>[    2.823318] [drm:sde_power_parse_ib_votes:474]: error reading min core ib vote. rc=-22, np=be900c20
<3>[    2.823325] [drm:sde_power_parse_ib_votes:482]: error reading min llcc ib vote. rc=-22
<3>[    2.823327] [drm:sde_power_parse_ib_votes:490]: error reading min dram ib vote. rc=-22
<6>[    2.823431] [sde_rsc_hw:rsc_hw_init_v3:537]: sde rsc init successfully done
<6>[    2.823447] [sde_rsc:sde_rsc_probe:1800]: sde rsc index:0 probed successfully
<3>[    2.823521] iris_i3c_bus_init,829: initialize begin!
<3>[    2.823552] iris_i2c_probe,790: 0000000000000000
<6>[    2.824073] [haptic_hv]parse_chipid: reg_val = 0x97
<6>[    2.824080] [haptic_hv]parse_chipid: unsupport device revision (0x97)
<6>[    2.825048] ngd_msm_ctrl 3ac0000.slim: Adding to iommu group 50
<6>[    2.826612] [haptic_hv]hw_reset: enter
<6>[    2.829318] g_webcam gadget: uvc: uvc_function_bind()
<6>[    2.829331] g_webcam gadget: uvc: Unable to allocate streaming EP
<3>[    2.829350] udc dummy_udc.0: failed to start g_webcam: -22
<3>[    2.830813] iris_i2c_probe,792: 000000008ea49d6a
<3>[    2.834332] iris_i3c_bus_init,833: ret = 0
<3>[    2.834342] iris_i2c_bus_init initialize begin!
<4>[    2.834850] dsi_phy ae94400.qcom,mdss_dsi_phy0: ae94400.qcom,mdss_dsi_phy0 supply gdsc not found, using dummy regulator
<6>[    2.835061] [drm:dsi_pll_init [msm_drm]] [msm-dsi-info]: DSI_PLL_0: DSI pll label = dsi_pll_5nm
<6>[    2.835065] dsi_pll_init: oplus_ssc_disable=0
<6>[    2.835148] [drm:dsi_pll_init [msm_drm]] [msm-dsi-info]: DSI_PLL_0: PLL SSC enabled
<6>[    2.835155] dsi_pll_init: PLL base=000000007f53086f
<3>[    2.835235] dsi_pll_5nm_get_gdsc_status: reg:0xf822f000 status:1
<3>[    2.835240] vco_5nm_recalc_rate: handoff_resources true
<3>[    2.835442] dsi_pll_5nm_get_gdsc_status: reg:0xf822f000 status:1
<3>[    2.835447] vco_5nm_recalc_rate: handoff_resources true
<6>[    2.835555] dsi_pll_clock_register_5nm: Registered DSI PLL ndx=0, clocks successfully
<6>[    2.835877] [drm:dsi_phy_driver_probe [msm_drm]] [msm-dsi-info]: DSI_0: Probe successful
<4>[    2.836006] dsi_phy ae96400.qcom,mdss_dsi_phy1: ae96400.qcom,mdss_dsi_phy1 supply gdsc not found, using dummy regulator
<6>[    2.836186] [drm:dsi_pll_init [msm_drm]] [msm-dsi-info]: DSI_PLL_0: DSI pll label = dsi_pll_5nm
<6>[    2.836190] dsi_pll_init: oplus_ssc_disable=0
<6>[    2.836258] [drm:dsi_pll_init [msm_drm]] [msm-dsi-info]: DSI_PLL_1: PLL SSC enabled
<6>[    2.836264] dsi_pll_init: PLL base=000000008f13512f
<3>[    2.836308] dsi_pll_5nm_get_gdsc_status: reg:0xf822f000 status:1
<6>[    2.837804] [haptic_hv]parse_chipid: reg_val = 0x97
<6>[    2.837809] [haptic_hv]parse_chipid: unsupport device revision (0x97)
<3>[    2.840082] [haptic_hv]awinic_i2c_probe: read_chipid failed ret=-22
<4>[    2.840138] haptic_hv: probe of 6-005a failed with error -22
<3>[    2.842198] vco_5nm_recalc_rate: PLL not enabled
<3>[    2.842208] vco_5nm_recalc_rate: handoff_resources false
<3>[    2.842402] dsi_pll_5nm_get_gdsc_status: reg:0xf822f000 status:1
<3>[    2.847507] vco_5nm_recalc_rate: PLL not enabled
<3>[    2.847511] vco_5nm_recalc_rate: handoff_resources false
<6>[    2.847627] dsi_pll_clock_register_5nm: Registered DSI PLL ndx=1, clocks successfully
<6>[    2.847809] [drm:dsi_phy_driver_probe [msm_drm]] [msm-dsi-info]: DSI_1: Probe successful
<6>[    2.850562] [drm:dsi_display_dev_probe [msm_drm]] [msm-dsi-info]: IRIS_LOG I UEFI display[0] name: qcom,mdss_dsi_samsung_amb670yf01_dsc_cmd
<6>[    2.850564] msm_cam_smmu soc:qcom,cam_smmu:msm_cam_smmu_ife: Adding to iommu group 51
<6>[    2.850711] [drm:dsi_display_dev_probe [msm_drm]] [msm-dsi-info]: IRIS_LOG I UEFI display[1] name: 
<6>[    2.850797] [drm:dsi_display_dev_probe [msm_drm]] [msm-dsi-info]: IRIS_LOG I actual display[1] name: qcom,mdss_dsi_samsung_amb670yf01_dsc_cmd_2nd
<3>[    2.852113] OF: graph: no port node found in /soc/qcom,dsi-display-primary
<3>[    2.852213] [drm:dsi_ctrl_get [msm_drm]] *ERROR* [msm-dsi-error]: inv: Device with of node not found rc=-517
<3>[    2.852284] [drm:dsi_display_init [msm_drm]] *ERROR* [msm-dsi-error]: failed to get dsi controller, rc=-517
<3>[    2.852352] [drm:dsi_display_init [msm_drm]] *ERROR* [msm-dsi-error]: [(null)] failed to initialize resources, rc=-517
<3>[    2.852420] [drm:dsi_display_init [msm_drm]] *ERROR* [msm-dsi-error]: device init failed, rc=-517
<6>[    2.852662] aw8697 driver version v1.3.6
<6>[    2.852745] aw8697_i2c_probe enter
<6>[    2.852756] aw8697_haptic 6-005a: aw8697_parse_dt: reset gpio provided ok
<6>[    2.852760] aw8697_haptic 6-005a: aw8697_parse_dt: irq gpio provided ok.
<6>[    2.852762] aw8697_haptic 6-005a: aw8697_parse_dt: aw8697->device_id=9595
<6>[    2.852765] aw8697_haptic 6-005a: aw8697_parse_dt: aw8697 boost_voltage=22
<6>[    2.852774] aw8697_hw_reset enter
<3>[    2.852979] OF: graph: no port node found in /soc/qcom,dsi-display-secondary
<3>[    2.853072] [drm:dsi_ctrl_get [msm_drm]] *ERROR* [msm-dsi-error]: inv: Device with of node not found rc=-517
<3>[    2.853140] [drm:dsi_display_init [msm_drm]] *ERROR* [msm-dsi-error]: failed to get dsi controller, rc=-517
<3>[    2.853206] [drm:dsi_display_init [msm_drm]] *ERROR* [msm-dsi-error]: [(null)] failed to initialize resources, rc=-517
<3>[    2.853269] [drm:dsi_display_init [msm_drm]] *ERROR* [msm-dsi-error]: device init failed, rc=-517
<6>[    2.854039] msm_cam_smmu soc:qcom,cam_smmu:msm_cam_smmu_jpeg: Adding to iommu group 52
<6>[    2.856715] [ info][sia81xx_driver] sia81xx_pa_init: sia81xx driver version : 1.2.0C \x0d
<6>[    2.856722] [ info][sia81xx_timer_task] sia81xx_timer_task_init: run !! 
<6>[    2.856724] [ info][sia81xx_afe] sia81xx_afe_init: run !! \x0d
<6>[    2.856729] [ info][sia81xx_set_vdd] sia81xx_set_vdd_init: run !! 
<6>[    2.858872] llcc_perfmon: Revision 2, has 1 memory controllers connected with LLCC
<6>[    2.860411] modprobe (577): highest shadow stack usage: 344 bytes
<6>[    2.861112] aw8697_read_chipid aw8697 detected
<6>[    2.861344] tfa98xx_i2c_init(): TFA98XX driver version v6.5.3
<6>[    2.861496] tfa98xx_i2c_probe(): tfa98xx_i2c_probe: addr=0x34
<3>[    2.864201] [TP]synaptics-s3908: syna_tcm_probe read_length:9
<3>[    2.867208] [TP]touchpanel: register_common_touch_device  is called
<3>[    2.867215] [TP]touchpanel: ts->tp_index not specified
<3>[    2.867217] [TP]touchpanel: ts->tp_index is 0
<3>[    2.867247] [TP0]touchpanel: init_parse_dts : irq_gpio = 331, irq_flags = 0x2008, reset_gpio = 330
<3>[    2.867251] [TP0]touchpanel: ts->cs-gpio not specified
<3>[    2.867305] [TP0]touchpanel: Failed to get the cs-gpio high state pinctrl
<3>[    2.867307] [TP0]touchpanel:  Failed to get the cs-gpio low state pinctrl 
<3>[    2.867309] [TP0]touchpanel: Failed to get the input state pinctrl handle
<3>[    2.867311] [TP]touchpanel: Failed to get pinctrl state:oplus_spi_active, r:-19
<3>[    2.867311] [TP]touchpanel: Failed to get pinctrl state:oplus_int_active, r:-19
<3>[    2.867313] [TP]touchpanel: Failed to get pinctrl state:oplus_reset_active, r:-19
<3>[    2.867315] [TP]touchpanel: success get avtive pinctrl state
<3>[    2.867317] [TP]touchpanel: Failed to get pinctrl state:oplus_spi_suspend, r:-19
<3>[    2.867318] [TP]touchpanel: Failed to get pinctrl state:oplus_int_suspend, r:-19
<3>[    2.867320] [TP]touchpanel: Failed to get pinctrl state:oplus_reset_suspend, r:-19
<3>[    2.867322] [TP]touchpanel: success get suspend pinctrl state
<3>[    2.867334] [TP0]touchpanel: panel_type not specified, need to default 1
<3>[    2.867336] [TP0]touchpanel: find 1 num chip in dts
<3>[    2.867338] [TP0]touchpanel: panel_data.chip_name = S3908
<3>[    2.867341] [TP0]touchpanel: now has 3 num panel in dts
<3>[    2.867346] [TP] Driver match support project [19815]
<3>[    2.867348] [TP] match panel type OK , panel type is [8]
<3>[    2.867351] [TP0]touchpanel: tp_type not specified
<3>[    2.867353] [TP0]touchpanel: read firmware-data-0 firmware in dts
<3>[    2.867354] [TP0]touchpanel: No firmware in dts !
<3>[    2.867357] [TP0]touchpanel: ts->irq_need_dev_resume_time not specified
<3>[    2.867359] [TP0]touchpanel: ts->irq_need_dev_resume_time = 50 ms
<3>[    2.867362] [TP0]touchpanel: tx_num = 17, rx_num = 38 
<3>[    2.867365] [TP0]touchpanel: LCD_WIDTH = 1440, LCD_HEIGHT = 3216, max_x = 1440, max_y = 3216, limit_witdh = 0, limit_height = 54
<3>[    2.867367] [TP0]touchpanel: error:button-type should be setting in dts!
<3>[    2.867369] [TP0]touchpanel: key_tx is 0, key_rx is 0
<3>[    2.867372] [TP0]touchpanel: smooth_level_array not specified -22
<3>[    2.867374] [TP0]touchpanel: sensitive_level_array not specified -22
<3>[    2.867377] [TP0]touchpanel: error:game_perf_para_default should be setting in dts!
<3>[    2.867379] [TP0]touchpanel: panel is oncell!
<3>[    2.867382] [TP0]touchpanel: ts->high_frame_rate_time not specified or support
<3>[    2.867388] [TP0]touchpanel: ts_check_panel_dt: panel[0] IS_ERR =1 
<3>[    2.867392] [TP0]touchpanel: ts_check_panel_dt: panel[1] IS_ERR =1 
<3>[    2.867395] [TP0]touchpanel: ts_check_panel_dt: panel[2] IS_ERR =1 
<3>[    2.867397] [TP0]touchpanel: register_common_touch_device: ts_check_panel_dt failed.
<3>[    2.867400] [TP]synaptics-s3908: Failed to init device information
<6>[    2.868225] [drm:dsi_display_dev_probe [msm_drm]] [msm-dsi-info]: IRIS_LOG I UEFI display[0] name: qcom,mdss_dsi_samsung_amb670yf01_dsc_cmd
<6>[    2.868342] [drm:dsi_display_dev_probe [msm_drm]] [msm-dsi-info]: IRIS_LOG I UEFI display[1] name: qcom,mdss_dsi_samsung_amb670yf01_dsc_cmd_2nd
<6>[    2.868418] [drm:dsi_display_dev_probe [msm_drm]] [msm-dsi-info]: IRIS_LOG I actual display[1] name: qcom,mdss_dsi_samsung_amb670yf01_dsc_cmd_2nd
<3>[    2.868465] OF: graph: no port node found in /soc/qcom,dsi-display-primary
<3>[    2.868534] [drm:dsi_ctrl_get [msm_drm]] *ERROR* [msm-dsi-error]: inv: Device with of node not found rc=-517
<3>[    2.868599] [drm:dsi_display_init [msm_drm]] *ERROR* [msm-dsi-error]: failed to get dsi controller, rc=-517
<3>[    2.868664] [drm:dsi_display_init [msm_drm]] *ERROR* [msm-dsi-error]: [(null)] failed to initialize resources, rc=-517
<3>[    2.868728] [drm:dsi_display_init [msm_drm]] *ERROR* [msm-dsi-error]: device init failed, rc=-517
<6>[    2.873151] msm_cam_smmu soc:qcom,cam_smmu:msm_cam_smmu_icp: Adding to iommu group 53
<6>[    2.873584] gpio gpiochip0: (f000000.pinctrl): allocate IRQ 370, hwirq 14
<6>[    2.873591] gpio gpiochip0: (f000000.pinctrl): found parent hwirq 80
<6>[    2.873597] gpio gpiochip0: (f000000.pinctrl): alloc_irqs_parent for 370 parent hwirq 80
<3>[    2.875680] tfa98xx 4-0034: Revision register: reg 0xc74
<6>[    2.875691] tfa98xx_i2c_probe(): TFA9874 detected
<3>[    2.875697] tfa98xx 4-0034: min_mohms=5000, max_mohms=8000
<3>[    2.875701] tfa98xx 4-0034: channel=0   (0-left/top, 1-right/bottom, 0xff-default, not initialized)
<3>[    2.875706] tfa98xx 4-0034: Failed to parse tfa_mi2s_id node
<3>[    2.875709] tfa98xx 4-0034: tfa mi2s_id: 2
<6>[    2.875740] tfa98xx_i2c_probe(): tfa98xx_i2c_probe: create proc 'ftm_tfa98xx'!
<6>[    2.875746] tfa98xx_i2c_probe(): ftm_mode=0
<6>[    2.875753] tfa98xx_i2c_probe(): tfa98xx_i2c_probe Probe completed successfully!
<6>[    2.875807] tfa98xx_i2c_probe(): tfa98xx_i2c_probe: addr=0x35
<3>[    2.880000] OF: graph: no port node found in /soc/qcom,dsi-display-secondary
<3>[    2.881040] [drm:dsi_ctrl_get [msm_drm]] *ERROR* [msm-dsi-error]: inv: Device with of node not found rc=-517
<3>[    2.881645] [drm:dsi_display_init [msm_drm]] *ERROR* [msm-dsi-error]: failed to get dsi controller, rc=-517
<6>[    2.881647] msmdrm_smmu soc:qcom,smmu_sde_unsec_cb: Adding to iommu group 54
<3>[    2.881978] [drm:dsi_display_init [msm_drm]] *ERROR* [msm-dsi-error]: [(null)] failed to initialize resources, rc=-517
<6>[    2.881981] aw8697_vibrator_init enter
<3>[    2.882293] [drm:dsi_display_init [msm_drm]] *ERROR* [msm-dsi-error]: device init failed, rc=-517
<6>[    2.882295] aw8697_haptic_init enter
<6>[    2.882362] [drm] probing device qcom,smmu_sde_unsec
<6>[    2.882366] [drm] Created domain mdp_ns, secure=0
<6>[    2.882404] aw8697_op_clean_status enter
<6>[    2.882734] msm_cam_smmu soc:qcom,cam_smmu:msm_cam_smmu_cpas_cdm: Adding to iommu group 55
<3>[    2.883567] [TP]synaptics-s3908: syna_tcm_probe: enter
<3>[    2.883690] [TP]synaptics-s3908: syna_tcm_probe read_length:9
<3>[    2.883923] [TP]touchpanel: register_common_touch_device  is called
<3>[    2.883932] [TP]touchpanel: ts->tp_index not specified
<3>[    2.883937] [TP]touchpanel: ts->tp_index is 0
<3>[    2.884050] [TP0]touchpanel: init_parse_dts : irq_gpio = 331, irq_flags = 0x2008, reset_gpio = 330
<3>[    2.884062] [TP0]touchpanel: ts->cs-gpio not specified
<3>[    2.884243] [TP0]touchpanel: Failed to get the cs-gpio high state pinctrl
<3>[    2.884250] [TP0]touchpanel:  Failed to get the cs-gpio low state pinctrl 
<3>[    2.884254] [TP0]touchpanel: Failed to get the input state pinctrl handle
<3>[    2.884260] [TP]touchpanel: Failed to get pinctrl state:oplus_spi_active, r:-19
<3>[    2.884262] [TP]touchpanel: Failed to get pinctrl state:oplus_int_active, r:-19
<3>[    2.884266] [TP]touchpanel: Failed to get pinctrl state:oplus_reset_active, r:-19
<3>[    2.884271] [TP]touchpanel: success get avtive pinctrl state
<3>[    2.884276] [TP]touchpanel: Failed to get pinctrl state:oplus_spi_suspend, r:-19
<3>[    2.884281] [TP]touchpanel: Failed to get pinctrl state:oplus_int_suspend, r:-19
<3>[    2.884286] [TP]touchpanel: Failed to get pinctrl state:oplus_reset_suspend, r:-19
<3>[    2.884291] [TP]touchpanel: success get suspend pinctrl state
<3>[    2.884326] [TP0]touchpanel: panel_type not specified, need to default 1
<3>[    2.884331] [TP0]touchpanel: find 1 num chip in dts
<3>[    2.884336] [TP0]touchpanel: panel_data.chip_name = S3908
<3>[    2.884343] [TP0]touchpanel: now has 3 num panel in dts
<3>[    2.884354] [TP] Driver match support project [19815]
<3>[    2.884360] [TP] match panel type OK , panel type is [8]
<3>[    2.884366] [TP0]touchpanel: tp_type not specified
<3>[    2.884371] [TP0]touchpanel: read firmware-data-0 firmware in dts
<3>[    2.884373] [TP0]touchpanel: No firmware in dts !
<3>[    2.884383] [TP0]touchpanel: ts->irq_need_dev_resume_time not specified
<3>[    2.884388] [TP0]touchpanel: ts->irq_need_dev_resume_time = 50 ms
<3>[    2.884394] [TP0]touchpanel: tx_num = 17, rx_num = 38 
<3>[    2.884404] [TP0]touchpanel: LCD_WIDTH = 1440, LCD_HEIGHT = 3216, max_x = 1440, max_y = 3216, limit_witdh = 0, limit_height = 54
<3>[    2.884410] [TP0]touchpanel: error:button-type should be setting in dts!
<3>[    2.884414] [TP0]touchpanel: key_tx is 0, key_rx is 0
<3>[    2.884424] [TP0]touchpanel: smooth_level_array not specified -22
<3>[    2.884431] [TP0]touchpanel: sensitive_level_array not specified -22
<3>[    2.884437] [TP0]touchpanel: error:game_perf_para_default should be setting in dts!
<3>[    2.884443] [TP0]touchpanel: panel is oncell!
<3>[    2.884451] [TP0]touchpanel: ts->high_frame_rate_time not specified or support
<3>[    2.884472] [TP0]touchpanel: ts_check_panel_dt: panel[0] IS_ERR =1 
<3>[    2.884483] [TP0]touchpanel: ts_check_panel_dt: panel[1] IS_ERR =1 
<3>[    2.884495] [TP0]touchpanel: ts_check_panel_dt: panel[2] IS_ERR =1 
<3>[    2.884500] [TP0]touchpanel: register_common_touch_device: ts_check_panel_dt failed.
<3>[    2.884506] [TP]synaptics-s3908: Failed to init device information
<3>[    2.886645] tfa98xx 4-0035: Revision register: reg 0xc74
<6>[    2.886651] tfa98xx_i2c_probe(): TFA9874 detected
<3>[    2.886659] tfa98xx 4-0035: min_mohms=5000, max_mohms=8000
<3>[    2.886662] tfa98xx 4-0035: channel=1   (0-left/top, 1-right/bottom, 0xff-default, not initialized)
<3>[    2.886665] tfa98xx 4-0035: Failed to parse tfa_mi2s_id node
<3>[    2.886667] tfa98xx 4-0035: tfa mi2s_id: 2
<6>[    2.886687] tfa98xx_i2c_probe(): ftm_mode=0
<6>[    2.886693] tfa98xx_i2c_probe(): tfa98xx_i2c_probe Probe completed successfully!
<6>[    2.886965] msmdrm_smmu soc:qcom,smmu_sde_sec_cb: Adding to iommu group 56
<6>[    2.887013] [drm] probing device qcom,smmu_sde_sec
<6>[    2.887017] [drm] Created domain mdp_s, secure=1
<6>[    2.888578] [drm:dsi_display_dev_probe [msm_drm]] [msm-dsi-info]: IRIS_LOG I UEFI display[0] name: qcom,mdss_dsi_samsung_amb670yf01_dsc_cmd
<3>[    2.888579] ams-tof [INFO]  I2C Address: 0x41\x0a
<6>[    2.888630] input: tof8801 as /devices/platform/soc/990000.i2c/i2c-9/9-0041/input/input5
<3>[    2.888691] ams-tof [INFO]  Probe ok.\x0a
<6>[    2.889796] [drm:dsi_display_dev_probe [msm_drm]] [msm-dsi-info]: IRIS_LOG I UEFI display[1] name: qcom,mdss_dsi_samsung_amb670yf01_dsc_cmd_2nd
<6>[    2.889798] [drm:sde_dbg_init:2429] evtlog_status: enable:11, panic:1, dump:2
<6>[    2.890812] [drm:dsi_display_dev_probe [msm_drm]] [msm-dsi-info]: IRIS_LOG I actual display[1] name: qcom,mdss_dsi_samsung_amb670yf01_dsc_cmd_2nd
<3>[    2.891067] OF: graph: no port node found in /soc/qcom,dsi-display-primary
<3>[    2.891900] [drm:dsi_ctrl_get [msm_drm]] *ERROR* [msm-dsi-error]: inv: Device with of node not found rc=-517
<6>[    2.891902] lahaina-cam_cc ad00000.qcom,camcc: sync-state
<3>[    2.892899] [drm:dsi_display_init [msm_drm]] *ERROR* [msm-dsi-error]: failed to get dsi controller, rc=-517
<6>[    2.892901] CAM_WARN: CAM-MEM: cam_req_mgr_debug_register: 139 DebugFS not enabled in kernel!
<6>[    2.892943] CAM_INFO: CAM-CRM: cam_req_mgr_component_master_bind: 872 All probes done, binding slave components
<3>[    2.893868] [drm:dsi_display_init [msm_drm]] *ERROR* [msm-dsi-error]: [(null)] failed to initialize resources, rc=-517
<6>[    2.893870] CAM_WARN: CAM-SYNC: cam_sync_create_debugfs: 1080 DebugFS not enabled in kernel!
<6>[    2.893876] synx: registered bind ops type 0 for cam_sync
<6>[    2.893986] cam_req_mgr soc:qcom,cam-req-mgr: bound soc:qcom,cam-sync (ops cam_sync_component_ops [camera])
<6>[    2.893994] CAM_WARN: CAM-SMMU: cam_smmu_create_debug_fs: 4191 DebugFS not enabled in kernel!
<3>[    2.894658] [drm:dsi_display_init [msm_drm]] *ERROR* [msm-dsi-error]: device init failed, rc=-517
<6>[    2.894723] cam_req_mgr soc:qcom,cam-req-mgr: bound soc:qcom,cam_smmu (ops cam_smmu_component_ops [camera])
<6>[    2.894790] cam_req_mgr soc:qcom,cam-req-mgr: bound soc:qcom,cam_smmu:msm_cam_smmu_ife (ops cam_smmu_cb_component_ops [camera])
<6>[    2.894849] cam_req_mgr soc:qcom,cam-req-mgr: bound soc:qcom,cam_smmu:msm_cam_smmu_jpeg (ops cam_smmu_cb_component_ops [camera])
<6>[    2.894901] cam_req_mgr soc:qcom,cam-req-mgr: bound soc:qcom,cam_smmu:msm_cam_icp_fw (ops cam_smmu_fw_dev_component_ops [camera])
<6>[    2.894912] CAM_INFO: CAM-SMMU: cam_smmu_get_memory_regions_info: 4026 [icp] : Discard region specified [0xdff00000 0xe0200000] in [0x10c00000 0xfef00000]
<6>[    2.894976] cam_req_mgr soc:qcom,cam-req-mgr: bound soc:qcom,cam_smmu:msm_cam_smmu_icp (ops cam_smmu_cb_component_ops [camera])
<6>[    2.895031] cam_req_mgr soc:qcom,cam-req-mgr: bound soc:qcom,cam_smmu:msm_cam_smmu_cpas_cdm (ops cam_smmu_cb_component_ops [camera])
<6>[    2.895083] cam_req_mgr soc:qcom,cam-req-mgr: bound soc:qcom,cam_smmu:msm_cam_smmu_secure (ops cam_smmu_cb_component_ops [camera])
<3>[    2.896060] OF: graph: no port node found in /soc/qcom,dsi-display-secondary
<3>[    2.897220] [drm:dsi_ctrl_get [msm_drm]] *ERROR* [msm-dsi-error]: inv: Device with of node not found rc=-517
<3>[    2.897497] [drm:dsi_display_init [msm_drm]] *ERROR* [msm-dsi-error]: failed to get dsi controller, rc=-517
<3>[    2.897775] [drm:dsi_display_init [msm_drm]] *ERROR* [msm-dsi-error]: [(null)] failed to initialize resources, rc=-517
<3>[    2.898026] [drm:dsi_display_init [msm_drm]] *ERROR* [msm-dsi-error]: device init failed, rc=-517
<6>[    2.898356] modprobe (603) used greatest stack depth: 11088 bytes left
<6>[    2.898409] CAM_INFO: CAM-CPAS: cam_cpas_get_hw_features: 489 No or invalid fuse entries count: -22
<6>[    2.899536] [drm:dsi_ctrl_dev_probe [msm_drm]] [msm-dsi-info]: dsi-ctrl-0: Probe successful
<6>[    2.899820] CAM_WARN: CAM-CPAS: cam_cpas_util_create_debugfs: 2414 DebugFS not enabled in kernel!
<6>[    2.899825] CAM_INFO: CAM-CPAS: cam_cpas_hw_get_hw_info: 1861 fuse info->num_fuses 0
<6>[    2.900059] cam_req_mgr soc:qcom,cam-req-mgr: bound ac40000.qcom,cam-cpas (ops cam_cpas_dev_component_ops [camera])
<6>[    2.900477] cam_req_mgr soc:qcom,cam-req-mgr: bound soc:qcom,cam-cdm-intf (ops cam_cdm_intf_component_ops [camera])
<6>[    2.900767] [drm:dsi_ctrl_dev_probe [msm_drm]] [msm-dsi-info]: dsi-ctrl-1: Probe successful
<6>[    2.903774] cam_req_mgr soc:qcom,cam-req-mgr: bound ac4d000.qcom,cpas-cdm0 (ops cam_hw_cdm_component_ops [camera])
<3>[    2.905103] aw8697_haptic_init get f0_pre=1700
<6>[    2.905108] aw8697_i2c_probe probe completed successfully!
<6>[    2.907442] cam_req_mgr soc:qcom,cam-req-mgr: bound acb4200.qcom,ife-cdm0 (ops cam_hw_cdm_component_ops [camera])
<3>[    2.907734] msm-dai-tdm soc:qcom,msm-dai-tdm-hsif0-tx: msm_dai_tdm_q6_probe: group id not supported 0x916f
<4>[    2.907739] msm-dai-tdm: probe of soc:qcom,msm-dai-tdm-hsif0-tx failed with error -22
<6>[    2.911035] cam_req_mgr soc:qcom,cam-req-mgr: bound acc3200.qcom,ife-cdm1 (ops cam_hw_cdm_component_ops [camera])
<6>[    2.914926] cam_req_mgr soc:qcom,cam-req-mgr: bound acef200.qcom,ife-cdm2 (ops cam_hw_cdm_component_ops [camera])
<6>[    2.915836] cam_req_mgr soc:qcom,cam-req-mgr: bound ac97000.qcom,tpg0 (ops cam_top_tpg_component_ops [camera])
<6>[    2.916695] cam_req_mgr soc:qcom,cam-req-mgr: bound ac98000.qcom,tpg1 (ops cam_top_tpg_component_ops [camera])
<6>[    2.916874] cam_req_mgr soc:qcom,cam-req-mgr: bound acb5200.qcom,csid0 (ops cam_ife_csid_component_ops [camera])
<6>[    2.917034] cam_req_mgr soc:qcom,cam-req-mgr: bound acc4200.qcom,csid1 (ops cam_ife_csid_component_ops [camera])
<6>[    2.917191] cam_req_mgr soc:qcom,cam-req-mgr: bound acf0200.qcom,csid2 (ops cam_ife_csid_component_ops [camera])
<6>[    2.917327] cam_req_mgr soc:qcom,cam-req-mgr: bound acd9200.qcom,csid-lite0 (ops cam_ife_csid_component_ops [camera])
<6>[    2.917460] cam_req_mgr soc:qcom,cam-req-mgr: bound acdb400.qcom,csid-lite1 (ops cam_ife_csid_component_ops [camera])
<6>[    2.918401] cam_req_mgr soc:qcom,cam-req-mgr: bound acb4000.qcom,ife0 (ops cam_vfe_component_ops [camera])
<6>[    2.919331] cam_req_mgr soc:qcom,cam-req-mgr: bound acc3000.qcom,ife1 (ops cam_vfe_component_ops [camera])
<6>[    2.920111] modprobe (603): highest shadow stack usage: 376 bytes
<6>[    2.920306] cam_req_mgr soc:qcom,cam-req-mgr: bound acef000.qcom,ife2 (ops cam_vfe_component_ops [camera])
<6>[    2.921134] cam_req_mgr soc:qcom,cam-req-mgr: bound acd9000.qcom,ife-lite0 (ops cam_vfe_component_ops [camera])
<6>[    2.921933] cam_req_mgr soc:qcom,cam-req-mgr: bound acdb200.qcom,ife-lite1 (ops cam_vfe_component_ops [camera])
<6>[    2.922062] CAM_ERR: CAM-ISP: cam_vfe_hw_init: 228 inval param
<6>[    2.922065] CAM_ERR: CAM-ISP: cam_vfe_hw_init: 228 inval param
<6>[    2.922109] CAM_WARN: CAM-ISP: cam_ife_hw_mgr_debug_register: 8269 DebugFS not enabled in kernel!
<6>[    2.922121] CAM_WARN: CAM-ISP: cam_isp_context_debug_register: 6391 DebugFS not enabled in kernel!
<6>[    2.922223] cam_req_mgr soc:qcom,cam-req-mgr: bound soc:qcom,cam-isp (ops cam_isp_dev_component_ops [camera])
<6>[    2.922276] cam_req_mgr soc:qcom,cam-req-mgr: bound soc:qcom,cam-res-mgr (ops cam_res_mgr_component_ops [camera])
<6>[    2.922648] CAM_WARN: CAM-CCI: cam_cci_create_debugfs_entry: 430 DebugFS not enabled
<6>[    2.922704] cam_req_mgr soc:qcom,cam-req-mgr: bound ac4f000.qcom,cci0 (ops cam_cci_component_ops [camera])
<6>[    2.923001] CAM_WARN: CAM-CCI: cam_cci_create_debugfs_entry: 441 DebugFS not enabled
<6>[    2.923058] cam_req_mgr soc:qcom,cam-req-mgr: bound ac50000.qcom,cci1 (ops cam_cci_component_ops [camera])
<6>[    2.923186] CAM_WARN: CAM-CSIPHY: cam_csiphy_debug_register: 66 DebugFS not enabled in kernel!
<6>[    2.923240] cam_req_mgr soc:qcom,cam-req-mgr: bound ac6a000.qcom,csiphy0 (ops cam_csiphy_component_ops [camera])
<6>[    2.923347] CAM_WARN: CAM-CSIPHY: cam_csiphy_debug_register: 66 DebugFS not enabled in kernel!
<6>[    2.923400] cam_req_mgr soc:qcom,cam-req-mgr: bound ac6c000.qcom,csiphy1 (ops cam_csiphy_component_ops [camera])
<6>[    2.923509] CAM_WARN: CAM-CSIPHY: cam_csiphy_debug_register: 66 DebugFS not enabled in kernel!
<6>[    2.923562] cam_req_mgr soc:qcom,cam-req-mgr: bound ac6e000.qcom,csiphy2 (ops cam_csiphy_component_ops [camera])
<6>[    2.923670] CAM_WARN: CAM-CSIPHY: cam_csiphy_debug_register: 66 DebugFS not enabled in kernel!
<6>[    2.923722] cam_req_mgr soc:qcom,cam-req-mgr: bound ac70000.qcom,csiphy3 (ops cam_csiphy_component_ops [camera])
<6>[    2.923825] CAM_WARN: CAM-CSIPHY: cam_csiphy_debug_register: 66 DebugFS not enabled in kernel!
<6>[    2.923876] cam_req_mgr soc:qcom,cam-req-mgr: bound ac72000.qcom,csiphy4 (ops cam_csiphy_component_ops [camera])
<6>[    2.923985] CAM_WARN: CAM-CSIPHY: cam_csiphy_debug_register: 66 DebugFS not enabled in kernel!
<6>[    2.924038] cam_req_mgr soc:qcom,cam-req-mgr: bound ac74000.qcom,csiphy5 (ops cam_csiphy_component_ops [camera])
<6>[    2.924050] CAM_INFO: CAM-ACTUATOR: cam_actuator_component_bind: 281 enter
<6>[    2.924052] CAM_INFO: CAM-ACTUATOR: cam_actuator_component_bind: 312 calling parse actuator dt
<6>[    2.924058] CAM_INFO: CAM-ACTUATOR: cam_actuator_parse_dt: 63 calling devm reg=2
<6>[    2.924082] CAM_INFO: CAM-ACTUATOR: cam_actuator_parse_dt: 76 get for regulator cam_vio
<6>[    2.924100] CAM_INFO: CAM-ACTUATOR: cam_actuator_parse_dt: 76 get for regulator cam_vaf
<6>[    2.924175] cam_req_mgr soc:qcom,cam-req-mgr: bound ac4f000.qcom,cci0:qcom,actuator@0 (ops cam_actuator_component_ops [camera])
<6>[    2.924178] CAM_INFO: CAM-ACTUATOR: cam_actuator_component_bind: 281 enter
<6>[    2.924180] CAM_INFO: CAM-ACTUATOR: cam_actuator_component_bind: 312 calling parse actuator dt
<6>[    2.924184] CAM_INFO: CAM-ACTUATOR: cam_actuator_parse_dt: 63 calling devm reg=1
<6>[    2.924201] CAM_INFO: CAM-ACTUATOR: cam_actuator_parse_dt: 76 get for regulator cam_vaf
<6>[    2.924268] cam_req_mgr soc:qcom,cam-req-mgr: bound ac4f000.qcom,cci0:qcom,actuator@1 (ops cam_actuator_component_ops [camera])
<6>[    2.924270] CAM_INFO: CAM-ACTUATOR: cam_actuator_component_bind: 281 enter
<6>[    2.924272] CAM_INFO: CAM-ACTUATOR: cam_actuator_component_bind: 312 calling parse actuator dt
<6>[    2.924276] CAM_INFO: CAM-ACTUATOR: cam_actuator_parse_dt: 63 calling devm reg=1
<6>[    2.924295] CAM_INFO: CAM-ACTUATOR: cam_actuator_parse_dt: 76 get for regulator cam_vaf
<6>[    2.924361] cam_req_mgr soc:qcom,cam-req-mgr: bound ac50000.qcom,cci1:qcom,actuator@2 (ops cam_actuator_component_ops [camera])
<6>[    2.924365] CAM_INFO: CAM-SENSOR: cam_sensor_component_bind: 302 calling parse_dt
<6>[    2.924399] CAM_INFO: CAM-SENSOR: cam_sensor_parse_dt: 276 calling devm reg=6
<6>[    2.924421] CAM_INFO: CAM-SENSOR: cam_sensor_parse_dt: 289 get for regulator cam_vio
<6>[    2.924436] CAM_INFO: CAM-SENSOR: cam_sensor_parse_dt: 289 get for regulator cam_vana
<6>[    2.924450] CAM_INFO: CAM-SENSOR: cam_sensor_parse_dt: 289 get for regulator cam_v_custom1
<6>[    2.924455] CAM_INFO: CAM-SENSOR: cam_sensor_parse_dt: 289 get for regulator cam_vdig
<6>[    2.924470] CAM_INFO: CAM-SENSOR: cam_sensor_parse_dt: 289 get for regulator cam_clk
<6>[    2.924486] CAM_INFO: CAM-SENSOR: cam_sensor_parse_dt: 289 get for regulator cam_vaf
<6>[    2.924573] cam_req_mgr soc:qcom,cam-req-mgr: bound ac4f000.qcom,cci0:qcom,cam-sensor@0 (ops cam_sensor_component_ops [camera])
<6>[    2.924576] CAM_INFO: CAM-SENSOR: cam_sensor_component_bind: 302 calling parse_dt
<6>[    2.924606] CAM_INFO: CAM-SENSOR: cam_sensor_parse_dt: 276 calling devm reg=6
<6>[    2.924624] CAM_INFO: CAM-SENSOR: cam_sensor_parse_dt: 289 get for regulator cam_vio
<6>[    2.924636] CAM_INFO: CAM-SENSOR: cam_sensor_parse_dt: 289 get for regulator cam_vana
<6>[    2.924654] CAM_INFO: CAM-SENSOR: cam_sensor_parse_dt: 289 get for regulator cam_v_custom1
<6>[    2.924669] CAM_INFO: CAM-SENSOR: cam_sensor_parse_dt: 289 get for regulator cam_clk
<6>[    2.924684] CAM_INFO: CAM-SENSOR: cam_sensor_parse_dt: 289 get for regulator cam_vaf
<6>[    2.924689] CAM_INFO: CAM-SENSOR: cam_sensor_parse_dt: 289 get for regulator cam_vdig
<6>[    2.924778] cam_req_mgr soc:qcom,cam-req-mgr: bound ac4f000.qcom,cci0:qcom,cam-sensor@1 (ops cam_sensor_component_ops [camera])
<6>[    2.924780] CAM_INFO: CAM-SENSOR: cam_sensor_component_bind: 302 calling parse_dt
<6>[    2.924802] CAM_INFO: CAM-SENSOR: cam_sensor_parse_dt: 276 calling devm reg=3
<6>[    2.924820] CAM_INFO: CAM-SENSOR: cam_sensor_parse_dt: 289 get for regulator cam_vio
<6>[    2.924833] CAM_INFO: CAM-SENSOR: cam_sensor_parse_dt: 289 get for regulator cam_vana
<6>[    2.924849] CAM_INFO: CAM-SENSOR: cam_sensor_parse_dt: 289 get for regulator cam_clk
<6>[    2.924925] cam_req_mgr soc:qcom,cam-req-mgr: bound ac4f000.qcom,cci0:qcom,cam-sensor@4 (ops cam_sensor_component_ops [camera])
<6>[    2.924927] CAM_INFO: CAM-SENSOR: cam_sensor_component_bind: 302 calling parse_dt
<6>[    2.924950] CAM_INFO: CAM-SENSOR: cam_sensor_parse_dt: 276 calling devm reg=4
<6>[    2.924968] CAM_INFO: CAM-SENSOR: cam_sensor_parse_dt: 289 get for regulator cam_vio
<6>[    2.924983] CAM_INFO: CAM-SENSOR: cam_sensor_parse_dt: 289 get for regulator cam_vana
<6>[    2.924999] CAM_INFO: CAM-SENSOR: cam_sensor_parse_dt: 289 get for regulator cam_vdig
<6>[    2.925014] CAM_INFO: CAM-SENSOR: cam_sensor_parse_dt: 289 get for regulator cam_clk
<6>[    2.925096] cam_req_mgr soc:qcom,cam-req-mgr: bound ac50000.qcom,cci1:qcom,cam-sensor@2 (ops cam_sensor_component_ops [camera])
<6>[    2.925099] CAM_INFO: CAM-SENSOR: cam_sensor_component_bind: 302 calling parse_dt
<6>[    2.925122] CAM_INFO: CAM-SENSOR: cam_sensor_parse_dt: 276 calling devm reg=5
<6>[    2.925142] CAM_INFO: CAM-SENSOR: cam_sensor_parse_dt: 289 get for regulator cam_vio
<6>[    2.925156] CAM_INFO: CAM-SENSOR: cam_sensor_parse_dt: 289 get for regulator cam_vana
<6>[    2.925172] CAM_INFO: CAM-SENSOR: cam_sensor_parse_dt: 289 get for regulator cam_vdig
<6>[    2.925189] CAM_INFO: CAM-SENSOR: cam_sensor_parse_dt: 289 get for regulator cam_vaf
<6>[    2.925203] CAM_INFO: CAM-SENSOR: cam_sensor_parse_dt: 289 get for regulator cam_clk
<6>[    2.925297] cam_req_mgr soc:qcom,cam-req-mgr: bound ac50000.qcom,cci1:qcom,cam-sensor@3 (ops cam_sensor_component_ops [camera])
<6>[    2.925306] CAM_INFO: CAM-EEPROM: cam_eeprom_get_dt_data: 219 No GPIO found
<6>[    2.925310] CAM_INFO: CAM-EEPROM: cam_eeprom_parse_dt: 385 calling eprom devm reg=5
<6>[    2.925331] CAM_INFO: CAM-EEPROM: cam_eeprom_parse_dt: 398 get for regulator cam_vio
<6>[    2.925349] CAM_INFO: CAM-EEPROM: cam_eeprom_parse_dt: 398 get for regulator cam_vaf
<6>[    2.925363] CAM_INFO: CAM-EEPROM: cam_eeprom_parse_dt: 398 get for regulator cam_v_custom1
<6>[    2.925378] CAM_INFO: CAM-EEPROM: cam_eeprom_parse_dt: 398 get for regulator cam_clk
<6>[    2.925393] CAM_INFO: CAM-EEPROM: cam_eeprom_parse_dt: 398 get for regulator cam_vana
<6>[    2.925395] CAM_INFO: CAM-EEPROM: cam_eeprom_parse_dt: 407 read change_cci success, value:1
<6>[    2.925397] CAM_INFO: CAM-EEPROM: cam_eeprom_parse_dt: 415 read cci-master-ois success, value:1
<6>[    2.925400] CAM_INFO: CAM-EEPROM: cam_eeprom_parse_dt: 424 read cci-device-ois success, value:1
<6>[    2.925486] cam_req_mgr soc:qcom,cam-req-mgr: bound ac4f000.qcom,cci0:qcom,eeprom@0 (ops cam_eeprom_component_ops [camera])
<6>[    2.925492] CAM_INFO: CAM-EEPROM: cam_eeprom_get_dt_data: 219 No GPIO found
<6>[    2.925495] CAM_INFO: CAM-EEPROM: cam_eeprom_parse_dt: 385 calling eprom devm reg=2
<6>[    2.925511] CAM_INFO: CAM-EEPROM: cam_eeprom_parse_dt: 398 get for regulator cam_vio
<6>[    2.925527] CAM_INFO: CAM-EEPROM: cam_eeprom_parse_dt: 398 get for regulator cam_clk
<6>[    2.925530] CAM_ERR: CAM-EEPROM: cam_eeprom_parse_dt: 404 get change_cci failed rc:-22, default 0
<6>[    2.925532] CAM_ERR: CAM-EEPROM: cam_eeprom_parse_dt: 412 get cci-master-ois failed rc:-22, default 0
<6>[    2.925534] CAM_ERR: CAM-EEPROM: cam_eeprom_parse_dt: 421 get cci-device-ois failed rc:-22, default 0
<6>[    2.925606] cam_req_mgr soc:qcom,cam-req-mgr: bound ac4f000.qcom,cci0:qcom,eeprom@1 (ops cam_eeprom_component_ops [camera])
<6>[    2.925625] CAM_INFO: CAM-EEPROM: cam_eeprom_parse_dt: 385 calling eprom devm reg=4
<6>[    2.925643] CAM_INFO: CAM-EEPROM: cam_eeprom_parse_dt: 398 get for regulator cam_vio
<6>[    2.925656] CAM_INFO: CAM-EEPROM: cam_eeprom_parse_dt: 398 get for regulator cam_vana
<6>[    2.925671] CAM_INFO: CAM-EEPROM: cam_eeprom_parse_dt: 398 get for regulator cam_vdig
<6>[    2.925684] CAM_INFO: CAM-EEPROM: cam_eeprom_parse_dt: 398 get for regulator cam_clk
<6>[    2.925686] CAM_ERR: CAM-EEPROM: cam_eeprom_parse_dt: 404 get change_cci failed rc:-22, default 0
<6>[    2.925689] CAM_ERR: CAM-EEPROM: cam_eeprom_parse_dt: 412 get cci-master-ois failed rc:-22, default 0
<6>[    2.925691] CAM_ERR: CAM-EEPROM: cam_eeprom_parse_dt: 421 get cci-device-ois failed rc:-22, default 0
<6>[    2.925773] cam_req_mgr soc:qcom,cam-req-mgr: bound ac50000.qcom,cci1:qcom,eeprom@2 (ops cam_eeprom_component_ops [camera])
<6>[    2.925792] CAM_INFO: CAM-EEPROM: cam_eeprom_parse_dt: 385 calling eprom devm reg=5
<6>[    2.925808] CAM_INFO: CAM-EEPROM: cam_eeprom_parse_dt: 398 get for regulator cam_vio
<6>[    2.925823] CAM_INFO: CAM-EEPROM: cam_eeprom_parse_dt: 398 get for regulator cam_vana
<6>[    2.925837] CAM_INFO: CAM-EEPROM: cam_eeprom_parse_dt: 398 get for regulator cam_vdig
<6>[    2.925852] CAM_INFO: CAM-EEPROM: cam_eeprom_parse_dt: 398 get for regulator cam_vaf
<6>[    2.925868] CAM_INFO: CAM-EEPROM: cam_eeprom_parse_dt: 398 get for regulator cam_clk
<6>[    2.925870] CAM_ERR: CAM-EEPROM: cam_eeprom_parse_dt: 404 get change_cci failed rc:-22, default 0
<6>[    2.925873] CAM_ERR: CAM-EEPROM: cam_eeprom_parse_dt: 412 get cci-master-ois failed rc:-22, default 0
<6>[    2.925875] CAM_ERR: CAM-EEPROM: cam_eeprom_parse_dt: 421 get cci-device-ois failed rc:-22, default 0
<6>[    2.925961] cam_req_mgr soc:qcom,cam-req-mgr: bound ac50000.qcom,cci1:qcom,eeprom@3 (ops cam_eeprom_component_ops [camera])
<6>[    2.925971] CAM_INFO: CAM-OIS: cam_ois_get_dt_data: 40 calling devm reg=4
<6>[    2.925991] CAM_INFO: CAM-OIS: cam_ois_get_dt_data: 52 get for regulator cam_vio
<6>[    2.926006] CAM_INFO: CAM-OIS: cam_ois_get_dt_data: 52 get for regulator cam_vaf
<6>[    2.926019] CAM_INFO: CAM-OIS: cam_ois_get_dt_data: 52 get for regulator cam_v_custom1
<6>[    2.926031] CAM_INFO: CAM-OIS: cam_ois_get_dt_data: 52 get for regulator cam_vdig
<6>[    2.926053] CAM_INFO: CAM-OIS: cam_ois_driver_soc_init: 153 read ois_gyro,position success, value:5
<6>[    2.926056] CAM_INFO: CAM-OIS: cam_ois_driver_soc_init: 162 read ois,type success, value:1
<6>[    2.926058] CAM_INFO: CAM-OIS: cam_ois_driver_soc_init: 171 read ois_gyro,type success, value:3
<6>[    2.926060] CAM_INFO: CAM-OIS: cam_ois_driver_soc_init: 179 read ois,name success, value:LC898124
<6>[    2.926062] CAM_INFO: CAM-OIS: cam_ois_driver_soc_init: 188 read ois_module,vendor success, value:0
<6>[    2.926064] CAM_INFO: CAM-OIS: cam_ois_driver_soc_init: 197 read ois_actuator,vednor success, value:0
<6>[    2.926067] CAM_INFO: CAM-OIS: cam_ois_driver_soc_init: 206 read ois,fw success, value:1
<6>[    2.926069] CAM_ERR: CAM-OIS: cam_ois_driver_soc_init: 212 get change_cci failed rc:-22, default 0
<6>[    2.926071] CAM_ERR: CAM-OIS: cam_ois_driver_soc_init: 222 get ois_eis_function failed rc:-22, default 0
<6>[    2.926073] CAM_INFO: CAM-OIS: cam_ois_driver_soc_init: 234 read download,fw success, value:1
<6>[    2.926091] CAM_INFO: CAM-OIS: InitOISResource: 1929 ois type=1,ois_ctrls[1] = 0000000056570c6f
<6>[    2.926098] CAM_INFO: CAM-OIS: InitOISResource: 1963 Create successs
<6>[    2.926100] CAM_INFO: CAM-OIS: InitOISResource: 1972 Create successs
<6>[    2.926102] CAM_INFO: CAM-OIS: InitOISResource: 1981 Create successs
<6>[    2.926153] cam_req_mgr soc:qcom,cam-req-mgr: bound ac4f000.qcom,cci0:qcom,ois@1 (ops cam_ois_component_ops [camera])
<6>[    2.926159] CAM_INFO: CAM-OIS: cam_ois_get_dt_data: 40 calling devm reg=4
<6>[    2.926176] CAM_INFO: CAM-OIS: cam_ois_get_dt_data: 52 get for regulator cam_vio
<6>[    2.926192] CAM_INFO: CAM-OIS: cam_ois_get_dt_data: 52 get for regulator cam_vaf
<6>[    2.926205] CAM_INFO: CAM-OIS: cam_ois_get_dt_data: 52 get for regulator cam_v_custom1
<6>[    2.926219] CAM_INFO: CAM-OIS: cam_ois_get_dt_data: 52 get for regulator cam_vana
<6>[    2.926237] CAM_INFO: CAM-OIS: cam_ois_get_dt_data: 68 No GPIO found
<6>[    2.926239] CAM_INFO: CAM-OIS: cam_ois_driver_soc_init: 153 read ois_gyro,position success, value:3
<6>[    2.926241] CAM_INFO: CAM-OIS: cam_ois_driver_soc_init: 162 read ois,type success, value:0
<6>[    2.926243] CAM_INFO: CAM-OIS: cam_ois_driver_soc_init: 171 read ois_gyro,type success, value:6
<6>[    2.926245] CAM_INFO: CAM-OIS: cam_ois_driver_soc_init: 179 read ois,name success, value:LC898128
<6>[    2.926247] CAM_INFO: CAM-OIS: cam_ois_driver_soc_init: 188 read ois_module,vendor success, value:6
<6>[    2.926249] CAM_INFO: CAM-OIS: cam_ois_driver_soc_init: 197 read ois_actuator,vednor success, value:1
<6>[    2.926251] CAM_INFO: CAM-OIS: cam_ois_driver_soc_init: 206 read ois,fw success, value:1
<6>[    2.926253] CAM_INFO: CAM-OIS: cam_ois_driver_soc_init: 215 read change_cci success, value:1
<6>[    2.926255] CAM_INFO: CAM-OIS: cam_ois_driver_soc_init: 225 read ois_eis_function success, value:2
<6>[    2.926257] CAM_ERR: CAM-OIS: cam_ois_driver_soc_init: 231 get download,fw failed rc:-22, default 0
<6>[    2.926277] CAM_INFO: CAM-OIS: InitOISResource: 1926 ois type=0,ois_ctrls[0] = 00000000b313d439
<6>[    2.926279] CAM_ERR: CAM-OIS: InitOISResource: 1942 ois_control node exist
<6>[    2.926330] cam_req_mgr soc:qcom,cam-req-mgr: bound ac50000.qcom,cci1:qcom,ois@0 (ops cam_ois_component_ops [camera])
<6>[    2.926335] CAM_ERR: CAM-TOF: cam_tof_get_dt_data: 278 dtsi cci_client->sid= 0x41
<6>[    2.926356] CAM_INFO: CAM-TOF: cam_tof_component_bind: 356 tof8801 probe success
<6>[    2.926405] cam_req_mgr soc:qcom,cam-req-mgr: bound ac50000.qcom,cci1:ams,pltf_tof8801@0 (ops cam_tof_component_ops [camera])
<3>[    2.926410] get flash_name failed rc -22
<3>[    2.926412] get flash_current failed rc -22
<6>[    2.926414] CAM_ERR: CAM-FLASH: cam_get_source_node_info: 80 flash-type read failed rc=-22
<6>[    2.926448] CAM_WARN: CAM-FLASH: cam_get_source_node_info: 265 op-current prop unavailable: -22
<6>[    2.926454] CAM_WARN: CAM-FLASH: cam_get_source_node_info: 265 op-current prop unavailable: -22
<3>[    2.926470] flash_proc_init get flash name is NULL 124
<6>[    2.926521] cam_req_mgr soc:qcom,cam-req-mgr: bound soc:qcom,camera-flash@0 (ops cam_flash_component_ops [camera])
<3>[    2.926525] get flash_name failed rc -22
<3>[    2.926527] get flash_current failed rc -22
<6>[    2.926529] CAM_ERR: CAM-FLASH: cam_get_source_node_info: 80 flash-type read failed rc=-22
<6>[    2.926533] CAM_WARN: CAM-FLASH: cam_get_source_node_info: 265 op-current prop unavailable: -22
<6>[    2.926535] CAM_WARN: CAM-FLASH: cam_get_source_node_info: 265 op-current prop unavailable: -22
<3>[    2.926551] flash_proc_init get flash name is NULL 124
<6>[    2.926600] cam_req_mgr soc:qcom,cam-req-mgr: bound soc:qcom,camera-flash@1 (ops cam_flash_component_ops [camera])
<3>[    2.926605] get flash_name failed rc -22
<3>[    2.926607] get flash_current failed rc -22
<6>[    2.926609] CAM_ERR: CAM-FLASH: cam_get_source_node_info: 80 flash-type read failed rc=-22
<6>[    2.926613] CAM_WARN: CAM-FLASH: cam_get_source_node_info: 265 op-current prop unavailable: -22
<6>[    2.926615] CAM_WARN: CAM-FLASH: cam_get_source_node_info: 265 op-current prop unavailable: -22
<3>[    2.926631] flash_proc_init get flash name is NULL 124
<6>[    2.926680] cam_req_mgr soc:qcom,cam-req-mgr: bound soc:qcom,camera-flash@2 (ops cam_flash_component_ops [camera])
<6>[    2.926817] cam_req_mgr soc:qcom,cam-req-mgr: bound ac00000.qcom,a5 (ops cam_a5_component_ops [camera])
<6>[    2.926906] cam_req_mgr soc:qcom,cam-req-mgr: bound ac9a000.qcom,ipe0 (ops cam_ipe_component_ops [camera])
<6>[    2.926989] cam_req_mgr soc:qcom,cam-req-mgr: bound ac7a000.qcom,bps (ops cam_bps_component_ops [camera])
<6>[    2.928008] CAM_WARN: CAM-ICP: cam_icp_hw_mgr_create_debugfs_entry: 1939 DebugFS not enabled in kernel!
<6>[    2.928121] cam_req_mgr soc:qcom,cam-req-mgr: bound soc:qcom,cam-icp (ops cam_icp_component_ops [camera])
<6>[    2.928263] cam_req_mgr soc:qcom,cam-req-mgr: bound ac53000.qcom,jpegenc (ops cam_jpeg_enc_component_ops [camera])
<6>[    2.928388] cam_req_mgr soc:qcom,cam-req-mgr: bound ac57000.qcom,jpegdma (ops cam_jpeg_dma_component_ops [camera])
<6>[    2.928773] CAM_WARN: CAM-JPEG: cam_jpeg_mgr_create_debugfs_entry: 1883 DebugFS not enabled in kernel!
<6>[    2.928856] cam_req_mgr soc:qcom,cam-req-mgr: bound soc:qcom,cam-jpeg (ops cam_jpeg_dev_component_ops [camera])
<6>[    2.928927] lahaina-gcc 100000.qcom,gcc: sync-state
<6>[    2.929449] CAM_INFO: CAM-UTIL: camera_init: 292 Spectra camera driver initialized
<3>[    2.929659] [TP]synaptics-s3908: syna_tcm_probe: enter
<3>[    2.929857] [TP]synaptics-s3908: syna_tcm_probe read_length:9
<3>[    2.930005] [TP]touchpanel: register_common_touch_device  is called
<3>[    2.930018] [TP]touchpanel: ts->tp_index not specified
<3>[    2.930025] [TP]touchpanel: ts->tp_index is 0
<3>[    2.930111] [TP0]touchpanel: init_parse_dts : irq_gpio = 331, irq_flags = 0x2008, reset_gpio = 330
<3>[    2.930127] [TP0]touchpanel: ts->cs-gpio not specified
<3>[    2.930287] [TP0]touchpanel: Failed to get the cs-gpio high state pinctrl
<3>[    2.930296] [TP0]touchpanel:  Failed to get the cs-gpio low state pinctrl 
<3>[    2.930303] [TP0]touchpanel: Failed to get the input state pinctrl handle
<3>[    2.930310] [TP]touchpanel: Failed to get pinctrl state:oplus_spi_active, r:-19
<3>[    2.930313] [TP]touchpanel: Failed to get pinctrl state:oplus_int_active, r:-19
<3>[    2.930321] [TP]touchpanel: Failed to get pinctrl state:oplus_reset_active, r:-19
<3>[    2.930327] [TP]touchpanel: success get avtive pinctrl state
<3>[    2.930335] [TP]touchpanel: Failed to get pinctrl state:oplus_spi_suspend, r:-19
<3>[    2.930342] [TP]touchpanel: Failed to get pinctrl state:oplus_int_suspend, r:-19
<3>[    2.930349] [TP]touchpanel: Failed to get pinctrl state:oplus_reset_suspend, r:-19
<3>[    2.930356] [TP]touchpanel: success get suspend pinctrl state
<3>[    2.930411] [TP0]touchpanel: panel_type not specified, need to default 1
<3>[    2.930419] [TP0]touchpanel: find 1 num chip in dts
<3>[    2.930428] [TP0]touchpanel: panel_data.chip_name = S3908
<3>[    2.930439] [TP0]touchpanel: now has 3 num panel in dts
<3>[    2.930455] [TP] Driver match support project [19815]
<3>[    2.930463] [TP] match panel type OK , panel type is [8]
<3>[    2.930472] [TP0]touchpanel: tp_type not specified
<3>[    2.930479] [TP0]touchpanel: read firmware-data-0 firmware in dts
<3>[    2.930483] [TP0]touchpanel: No firmware in dts !
<3>[    2.930495] [TP0]touchpanel: ts->irq_need_dev_resume_time not specified
<3>[    2.930502] [TP0]touchpanel: ts->irq_need_dev_resume_time = 50 ms
<3>[    2.930511] [TP0]touchpanel: tx_num = 17, rx_num = 38 
<3>[    2.930523] [TP0]touchpanel: LCD_WIDTH = 1440, LCD_HEIGHT = 3216, max_x = 1440, max_y = 3216, limit_witdh = 0, limit_height = 54
<3>[    2.930532] [TP0]touchpanel: error:button-type should be setting in dts!
<3>[    2.930537] [TP0]touchpanel: key_tx is 0, key_rx is 0
<3>[    2.930549] [TP0]touchpanel: smooth_level_array not specified -22
<3>[    2.930558] [TP0]touchpanel: sensitive_level_array not specified -22
<3>[    2.930567] [TP0]touchpanel: error:game_perf_para_default should be setting in dts!
<3>[    2.930574] [TP0]touchpanel: panel is oncell!
<3>[    2.930586] [TP0]touchpanel: ts->high_frame_rate_time not specified or support
<3>[    2.930609] [TP0]touchpanel: ts_check_panel_dt: panel[0] IS_ERR =1 
<3>[    2.930623] [TP0]touchpanel: ts_check_panel_dt: panel[1] IS_ERR =1 
<3>[    2.930637] [TP0]touchpanel: ts_check_panel_dt: panel[2] IS_ERR =1 
<3>[    2.930646] [TP0]touchpanel: register_common_touch_device: ts_check_panel_dt failed.
<3>[    2.930652] [TP]synaptics-s3908: Failed to init device information
<6>[    2.932181] modprobe (602) used greatest stack depth: 8752 bytes left
<6>[    2.932566] [drm:dsi_display_dev_probe [msm_drm]] [msm-dsi-info]: IRIS_LOG I UEFI display[0] name: qcom,mdss_dsi_samsung_amb670yf01_dsc_cmd
<6>[    2.932793] [drm:dsi_display_dev_probe [msm_drm]] [msm-dsi-info]: IRIS_LOG I UEFI display[1] name: qcom,mdss_dsi_samsung_amb670yf01_dsc_cmd_2nd
<6>[    2.933014] [drm:dsi_display_dev_probe [msm_drm]] [msm-dsi-info]: IRIS_LOG I actual display[1] name: qcom,mdss_dsi_samsung_amb670yf01_dsc_cmd_2nd
<3>[    2.933091] OF: graph: no port node found in /soc/qcom,dsi-display-primary
<3>[    2.933108] IRIS_LOG I iris_query_capability(), iris chip enable: true, soft iris enable: true
<6>[    2.933190] kVRR oplus_adfr_init now.
<6>[    2.933195] kVRR adfr config = 0XF, adfr compatibility mode = 0
<3>[    2.933430] [drm:dsi_panel_parse_gpios [msm_drm]] *ERROR* [msm-dsi-error]: [samsung amb670yf01 dsc cmd mode panel] failed get panel_vddr_aod_en_gpio, rc=0
<3>[    2.933651] [drm:dsi_panel_parse_gpios [msm_drm]] *ERROR* [msm-dsi-error]: [samsung amb670yf01 dsc cmd mode panel] failed get panel_ddic_en_gpio, rc=0
<3>[    2.933908] [drm:dsi_panel_parse_oplus_config [msm_drm]] *ERROR* [msm-dsi-error]: [samsung amb670yf01 dsc cmd mode panel] oplus,dsi-fod-brightness not found
<6>[    2.934126] [drm:dsi_panel_parse_oplus_config [msm_drm]] [msm-dsi-info]: is_pxlw_iris5: false
<6>[    2.934131] [dsi_panel_parse_oplus_config]osc mode support: Not
<6>[    2.934346] [drm:dsi_panel_parse_oplus_config [msm_drm]] [msm-dsi-info]: apollo_backlight_enable: false
<6>[    2.934560] [drm:dsi_panel_parse_oplus_config [msm_drm]] [msm-dsi-info]: oplus,mdss-dsi-pre-bl-delay-enabled: false
<6>[    2.934773] [drm:dsi_panel_parse_oplus_config [msm_drm]] [msm-dsi-info]: oplus,mdss-dsi-cabc-enabled: false
<6>[    2.934988] [drm:dsi_panel_parse_oplus_config [msm_drm]] [msm-dsi-info]: oplus,mdss-dsi-cabc-enabled: false
<3>[    2.934993] fp_type=0x4
<3>[    2.935003] [dsi_panel_parse_panel_power_cfg] 
<3>[    2.935014] [samsung amb670yf01 dsc cmd mode panel] surccess to parse vddi name vddio
<3>[    2.935023] [samsung amb670yf01 dsc cmd mode panel] surccess to parse vddr name vddio
<3>[    2.935028] [dsi_panel_parse_panel_power_cfg] panel_voltage[0] = 0,1800000,1850000,1950000,vddio
<3>[    2.935034] [dsi_panel_parse_panel_power_cfg] panel_voltage[1] = 1,1800000,1850000,1950000,vddio
<3>[    2.935039] [dsi_panel_parse_panel_power_cfg] panel_voltage[2] = 2,0,1,2,
<4>[    2.935475] msm-dsi-display soc:qcom,dsi-display-primary: soc:qcom,dsi-display-primary supply lab not found, using dummy regulator
<3>[    2.935588] IRIS_LOG I iris_dsi_display_res_init(), display type: primary
<3>[    2.935595] IRIS_LOG I iris_parse_param(1641), enter.
<3>[    2.935602] IRIS_LOG I iris_parse_param(), lightup node: pxlw,iris_cfg_samsung_amb670yf01_dsc_cmd
<3>[    2.935609] IRIS_LOG I pxlw,split-pkt-payload-size: 228
<3>[    2.935614] IRIS_LOG E pxlw,add-last-for-split-pkt: 2, pxlw,add-pt-last-for-split-pkt: 0
<3>[    2.935620] IRIS_LOG I pxlw,min-color-temp: 2500
<3>[    2.935625] IRIS_LOG I pxlw,max-color-temp: 10000
<3>[    2.935677] IRIS_LOG I _iris_alloc_desc_buf(), alloc 00000000bf712564, count 293
<3>[    2.936552] IRIS_LOG I _iris_alloc_desc_buf(), alloc 0000000077ec2dbe, count 293
<3>[    2.937353] IRIS_LOG I no lut mode set, use default
<3>[    2.937360] IRIS_LOG I pxlw,lut-mode: 0
<3>[    2.937365] IRIS_LOG E pxlw,chip-version: 0x6935
<3>[    2.937371] IRIS_LOG I iris_parse_lp_ctrl(), parse low power info: 0 1 1
<3>[    2.937387] IRIS_LOG E _iris_parse_tx_mode, panel_mode = 1
<3>[    2.937393] IRIS_LOG E get property: pxlw, iris-tx-mode: 1
<3>[    2.937397] IRIS_LOG I _iris_parse_tx_mode(), pwil mode: 0
<3>[    2.937417] IRIS_LOG E get property: pxlw, loop-back-mode: 0
<3>[    2.937422] IRIS_LOG E get property: pxlw, loop-back-mode-res: 255
<3>[    2.937427] IRIS_LOG I iris_parse_param(1740), exit.
<3>[    2.937432] IRIS_LOG I iris_init(), for dispaly: primary, panel: samsung amb670yf01 dsc cmd mode panel, cfg index: 0
<3>[    2.937456] IRIS_LOG E debugfs_create_dir for iris_debug failed, error -19
<3>[    2.938271] IRIS_LOG I _iris_dev_probe()
<3>[    2.938370] IRIS_LOG I iris_parse_gpio(), for [samsung amb670yf01 dsc cmd mode panel], panel type: primary, is secondary: false
<3>[    2.938383] IRIS_LOG I iris_parse_gpio(), wakeup gpio 318
<3>[    2.938393] IRIS_LOG I iris_parse_gpio(), abyp ready status gpio 319
<3>[    2.938402] IRIS_LOG I iris_parse_gpio(), iris reset gpio 317
<3>[    2.938410] IRIS_LOG I iris_parse_gpio(), iris vdd gpio -2
<3>[    2.938414] IRIS_LOG W iris_parse_gpio(), iris vdd gpio not specified
<3>[    2.938419] IRIS_LOG I iris_request_gpio(), for [samsung amb670yf01 dsc cmd mode panel] primary, secondary: 0
<6>[    2.939407] KernelSU: susfs: mark no sucompat checks for pid: '701', exec: '/vendor/bin/modprobe'
<3>[    2.939711] OF: graph: no port node found in /soc/qcom,dsi-display-secondary
<3>[    2.939725] IRIS_LOG I iris_query_capability(), sencondary panel: samsung amb670yf01 dsc cmd mode panel 2nd
<6>[    2.939793] kVRR oplus_adfr_init now.
<4>[    2.939795] kVRR adfr config = 0XF already!
<3>[    2.940024] [drm:dsi_panel_parse_gpios [msm_drm]] *ERROR* [msm-dsi-error]: [samsung amb670yf01 dsc cmd mode panel 2nd] failed get panel_vout_gpio, rc=0
<3>[    2.940275] [drm:dsi_panel_parse_gpios [msm_drm]] *ERROR* [msm-dsi-error]: [samsung amb670yf01 dsc cmd mode panel 2nd] failed get panel_vddr_aod_en_gpio, rc=0
<3>[    2.940494] [drm:dsi_panel_parse_gpios [msm_drm]] *ERROR* [msm-dsi-error]: [samsung amb670yf01 dsc cmd mode panel 2nd] failed get panel_ddic_en_gpio, rc=0
<3>[    2.940742] [drm:dsi_panel_parse_oplus_fod_config [msm_drm]] *ERROR* [msm-dsi-error]: [samsung amb670yf01 dsc cmd mode panel 2nd] oplus,dsi-fod-brightness  not found
<3>[    2.940957] [drm:dsi_panel_parse_oplus_config [msm_drm]] *ERROR* [msm-dsi-error]: [samsung amb670yf01 dsc cmd mode panel 2nd] oplus,dsi-fod-brightness not found
<3>[    2.940963] Failed to found panel name, using dumming name
<3>[    2.940968] Failed to found panel name, using dumming name
<6>[    2.941179] [drm:dsi_panel_parse_oplus_config [msm_drm]] [msm-dsi-info]: is_pxlw_iris5: false
<6>[    2.941182] [dsi_panel_parse_oplus_config]osc mode support: Not
<6>[    2.941395] [drm:dsi_panel_parse_oplus_config [msm_drm]] [msm-dsi-info]: apollo_backlight_enable: false
<6>[    2.941610] [drm:dsi_panel_parse_oplus_config [msm_drm]] [msm-dsi-info]: oplus,mdss-dsi-pre-bl-delay-enabled: false
<6>[    2.941824] [drm:dsi_panel_parse_oplus_config [msm_drm]] [msm-dsi-info]: oplus,mdss-dsi-cabc-enabled: false
<6>[    2.942038] [drm:dsi_panel_parse_oplus_config [msm_drm]] [msm-dsi-info]: oplus,mdss-dsi-cabc-enabled: false
<3>[    2.942043] fp_type=0x4
<3>[    2.942257] [drm:dsi_panel_parse_oplus_dc_config [msm_drm]] *ERROR* [msm-dsi-error]: [samsung amb670yf01 dsc cmd mode panel 2nd] oplus,dsi-dc-brightness  not found
<3>[    2.942477] [drm:dsi_panel_get [msm_drm]] *ERROR* [msm-dsi-error]: failed to parse dc config, rc=-22
<3>[    2.942482] [dsi_panel_parse_panel_power_cfg] 
<4>[    2.943050] msm-dsi-display soc:qcom,dsi-display-secondary: soc:qcom,dsi-display-secondary supply lab not found, using dummy regulator
<3>[    2.943162] IRIS_LOG I iris_dsi_display_res_init(), display type: secondary
<3>[    2.943169] IRIS_LOG I iris_parse_param(1641), enter.
<3>[    2.943175] IRIS_LOG I iris_init(), for dispaly: secondary, panel: samsung amb670yf01 dsc cmd mode panel 2nd, cfg index: 1
<6>[    2.943459] msm_drm ae00000.qcom,mdss_mdp: bound soc:qcom,smmu_sde_unsec_cb (ops msm_smmu_comp_ops [msm_drm])
<6>[    2.943675] msm_drm ae00000.qcom,mdss_mdp: bound soc:qcom,smmu_sde_sec_cb (ops msm_smmu_comp_ops [msm_drm])
<6>[    2.943891] msm_drm ae00000.qcom,mdss_mdp: bound ae90000.qcom,dp_display (ops dp_display_comp_ops [msm_drm])
<6>[    2.944112] msm_drm ae00000.qcom,mdss_mdp: bound soc:qcom,wb-display@0 (ops sde_wb_comp_ops [msm_drm])
<6>[    2.944548] [drm:dsi_display_bind [msm_drm]] [msm-dsi-info]: Successfully bind display panel 'qcom,mdss_dsi_samsung_amb670yf01_dsc_cmd'
<6>[    2.944594] gpio gpiochip0: (f000000.pinctrl): allocate IRQ 371, hwirq 82
<6>[    2.944601] gpio gpiochip0: (f000000.pinctrl): found parent hwirq 140
<6>[    2.944610] gpio gpiochip0: (f000000.pinctrl): alloc_irqs_parent for 371 parent hwirq 140
<4>[    2.944887] oplus_display_panel_init
<6>[    2.945327] msm_drm ae00000.qcom,mdss_mdp: bound soc:qcom,dsi-display-primary (ops dsi_display_comp_ops [msm_drm])
<6>[    2.945655] [drm:dsi_display_bind [msm_drm]] [msm-dsi-info]: Successfully bind display panel 'qcom,mdss_dsi_samsung_amb670yf01_dsc_cmd_2nd'
<6>[    2.945686] gpio gpiochip0: (f000000.pinctrl): allocate IRQ 372, hwirq 83
<6>[    2.945693] gpio gpiochip0: (f000000.pinctrl): found parent hwirq 141
<6>[    2.945700] gpio gpiochip0: (f000000.pinctrl): alloc_irqs_parent for 372 parent hwirq 141
<4>[    2.945791] sysfs: cannot create duplicate filename '/kernel/oplus_display'
<4>[    2.945800] CPU: 2 PID: 266 Comm: kworker/u16:3 Tainted: G S                5.4.302-qgki-g052626d30254 #16
<4>[    2.945804] Hardware name: Qualcomm Technologies, Inc. Lahaina MTP lemonadep (DT)
<4>[    2.945818] Workqueue: events_unbound deferred_probe_work_func.2b500e852cead69fde05a2b98ceb2fa6.cfi_jt
<4>[    2.945823] Call trace:
<4>[    2.945830] dump_backtrace.cfi_jt+0x0/0x4
<4>[    2.945838] show_stack+0x18/0x24
<4>[    2.945845] __dump_stack+0x24/0x30
<4>[    2.945850] dump_stack+0xb0/0xd8
<4>[    2.945857] sysfs_create_dir_ns+0xe0/0x13c
<4>[    2.945863] kobject_add_internal+0x288/0x650
<4>[    2.945868] kobject_add+0x90/0xf8
<4>[    2.945873] kobject_create_and_add+0x8c/0x168
<4>[    2.946083] oplus_display_private_api_init+0x34/0xfc [msm_drm]
<4>[    2.946295] dsi_display_bind+0x8d0/0x970 [msm_drm]
<4>[    2.946305] component_bind_all+0x15c/0x2bc
<4>[    2.946516] msm_drm_bind+0xe4/0x8c4 [msm_drm]
<4>[    2.946522] try_to_bring_up_master+0x1cc/0x240
<4>[    2.946528] __component_add.llvm.1336659966954181618+0xd0/0x184
<4>[    2.946534] component_add+0x14/0x20
<4>[    2.946744] dsi_display_init+0xce4/0xd40 [msm_drm]
<4>[    2.946959] dsi_display_dev_probe+0x5b4/0x61c [msm_drm]
<4>[    2.946965] platform_drv_probe+0xf8/0x100
<4>[    2.946971] really_probe+0x1e4/0x5a0
<4>[    2.946976] driver_probe_device+0x64/0xa8
<4>[    2.946981] __device_attach_driver+0x130/0x170
<4>[    2.946986] bus_for_each_drv+0xb0/0x11c
<4>[    2.946992] __device_attach.llvm.9818174370691914242+0xec/0x164
<4>[    2.946997] bus_probe_device+0x3c/0xe0
<4>[    2.947002] deferred_probe_work_func+0xb0/0xc8
<4>[    2.947009] process_one_work+0x210/0x4ac
<4>[    2.947014] worker_thread+0x280/0x4dc
<4>[    2.947019] kthread+0x150/0x188
<4>[    2.947026] ret_from_fork+0x10/0x18
<3>[    2.947032] kobject_add_internal failed for oplus_display with -EEXIST, don't try to register things with the same name in the same directory.
<4>[    2.947037] kobject_create_and_add: kobject_add error: -17
<3>[    2.947043] IRIS_LOG I iris_register_osd_irq(), for display qcom,mdss_dsi_samsung_amb670yf01_dsc_cmd_2nd, osd status gpio is 319
<6>[    2.947077] gpio gpiochip0: (f000000.pinctrl): allocate IRQ 373, hwirq 11
<6>[    2.947084] gpio gpiochip0: (f000000.pinctrl): found parent hwirq 83
<6>[    2.947091] gpio gpiochip0: (f000000.pinctrl): alloc_irqs_parent for 373 parent hwirq 83
<3>[    2.947100] IRIS_LOG I iris_register_osd_irq, display: qcom,mdss_dsi_samsung_amb670yf01_dsc_cmd_2nd, irq: 373
<6>[    2.947395] msm_drm ae00000.qcom,mdss_mdp: bound soc:qcom,dsi-display-secondary (ops dsi_display_comp_ops [msm_drm])
<6>[    2.947613] msm_drm ae00000.qcom,mdss_mdp: bound af20000.qcom,sde_rscc (ops sde_rsc_comp_ops [msm_drm])
<6>[    2.947644] [drm] mapped mdp address space @000000008b10d2a2
<6>[    2.949506] [drm:_sde_kms_get_splash_data:4600] :2 displays share same splash buf
<6>[    2.951633] [drm:_sde_kms_hw_init_blocks:4775] sde hardware revision:0x70000000
<3>[    2.951938] [drm:msm_smmu_new [msm_drm]] *ERROR* unable to find domain 1 compat: qcom,smmu_sde_nrt_unsec
<3>[    2.952159] [drm:msm_smmu_new [msm_drm]] *ERROR* unable to find domain 3 compat: qcom,smmu_sde_nrt_sec
<6>[    2.952162] modprobe (602): highest shadow stack usage: 456 bytes
<6>[    2.955186] [drm:dsi_panel_get_mode [msm_drm]] [msm-dsi-info]: default topology: lm: 2 comp_enc:2 intf: 1
<6>[    2.955942] [drm:dsi_panel_parse_oplus_mode_config [msm_drm]] [msm-dsi-info]: oplus,fod-on-vblank is 0
<6>[    2.956155] [drm:dsi_panel_parse_oplus_mode_config [msm_drm]] [msm-dsi-info]: oplus,fod-off-vblank is 0
<6>[    2.956425] [drm:dsi_panel_get_mode [msm_drm]] [msm-dsi-info]: vsync width = 4166, vsync period = 8333
<6>[    2.956725] [drm:dsi_panel_get_mode [msm_drm]] [msm-dsi-info]: default topology: lm: 2 comp_enc:2 intf: 1
<6>[    2.957492] [drm:dsi_panel_parse_oplus_mode_config [msm_drm]] [msm-dsi-info]: oplus,fod-on-vblank is 0
<6>[    2.957702] [drm:dsi_panel_parse_oplus_mode_config [msm_drm]] [msm-dsi-info]: oplus,fod-off-vblank is 0
<6>[    2.957940] [drm:dsi_panel_get_mode [msm_drm]] [msm-dsi-info]: vsync width = 5555, vsync period = 11111
<6>[    2.958266] [drm:dsi_panel_get_mode [msm_drm]] [msm-dsi-info]: default topology: lm: 2 comp_enc:2 intf: 1
<6>[    2.958987] [drm:dsi_panel_parse_oplus_mode_config [msm_drm]] [msm-dsi-info]: oplus,fod-on-vblank is 0
<6>[    2.959197] [drm:dsi_panel_parse_oplus_mode_config [msm_drm]] [msm-dsi-info]: oplus,fod-off-vblank is 0
<6>[    2.959438] [drm:dsi_panel_get_mode [msm_drm]] [msm-dsi-info]: vsync width = 8333, vsync period = 16666
<6>[    2.959762] [drm:dsi_panel_get_mode [msm_drm]] [msm-dsi-info]: default topology: lm: 2 comp_enc:2 intf: 1
<6>[    2.960283] [drm:dsi_panel_parse_oplus_mode_config [msm_drm]] [msm-dsi-info]: oplus,fod-on-vblank is 0
<6>[    2.960343] [drm:dsi_panel_parse_oplus_mode_config [msm_drm]] [msm-dsi-info]: oplus,fod-off-vblank is 0
<6>[    2.960415] [drm:dsi_panel_get_mode [msm_drm]] [msm-dsi-info]: vsync width = 8333, vsync period = 16666
<6>[    2.960516] [drm:dsi_panel_get_mode [msm_drm]] [msm-dsi-info]: default topology: lm: 2 comp_enc:2 intf: 1
<6>[    2.960774] [drm:dsi_panel_parse_oplus_mode_config [msm_drm]] [msm-dsi-info]: oplus,fod-on-vblank is 0
<6>[    2.960831] [drm:dsi_panel_parse_oplus_mode_config [msm_drm]] [msm-dsi-info]: oplus,fod-off-vblank is 0
<6>[    2.960899] [drm:dsi_panel_get_mode [msm_drm]] [msm-dsi-info]: vsync width = 5555, vsync period = 11111
<6>[    2.961008] [drm:dsi_panel_get_mode [msm_drm]] [msm-dsi-info]: default topology: lm: 2 comp_enc:2 intf: 1
<6>[    2.961242] [drm:dsi_panel_parse_oplus_mode_config [msm_drm]] [msm-dsi-info]: oplus,fod-on-vblank is 0
<6>[    2.961298] [drm:dsi_panel_parse_oplus_mode_config [msm_drm]] [msm-dsi-info]: oplus,fod-off-vblank is 0
<6>[    2.961368] [drm:dsi_panel_get_mode [msm_drm]] [msm-dsi-info]: vsync width = 4166, vsync period = 8333
<6>[    2.961798] [drm:dsi_panel_get_mode [msm_drm]] [msm-dsi-info]: default topology: lm: 2 comp_enc:2 intf: 1
<6>[    2.962012] [drm:dsi_panel_parse_oplus_mode_config [msm_drm]] [msm-dsi-info]: oplus,fod-on-vblank is 0
<6>[    2.962068] [drm:dsi_panel_parse_oplus_mode_config [msm_drm]] [msm-dsi-info]: oplus,fod-off-vblank is 0
<6>[    2.962136] [drm:dsi_panel_get_mode [msm_drm]] [msm-dsi-info]: vsync width = 8333, vsync period = 16666
<6>[    2.962252] [drm:dsi_panel_get_mode [msm_drm]] [msm-dsi-info]: default topology: lm: 2 comp_enc:2 intf: 1
<6>[    2.962462] [drm:dsi_panel_parse_oplus_mode_config [msm_drm]] [msm-dsi-info]: oplus,fod-on-vblank is 0
<6>[    2.962517] [drm:dsi_panel_parse_oplus_mode_config [msm_drm]] [msm-dsi-info]: oplus,fod-off-vblank is 1
<6>[    2.962586] [drm:dsi_panel_get_mode [msm_drm]] [msm-dsi-info]: vsync width = 5555, vsync period = 11111
<6>[    2.962703] [drm:dsi_panel_get_mode [msm_drm]] [msm-dsi-info]: default topology: lm: 2 comp_enc:2 intf: 1
<6>[    2.962923] [drm:dsi_panel_parse_oplus_mode_config [msm_drm]] [msm-dsi-info]: oplus,fod-on-vblank is 0
<6>[    2.962977] [drm:dsi_panel_parse_oplus_mode_config [msm_drm]] [msm-dsi-info]: oplus,fod-off-vblank is 1
<6>[    2.963045] [drm:dsi_panel_get_mode [msm_drm]] [msm-dsi-info]: vsync width = 4166, vsync period = 8333
<6>[    2.963156] [drm:dsi_panel_get_mode [msm_drm]] [msm-dsi-info]: default topology: lm: 2 comp_enc:2 intf: 1
<6>[    2.963415] [drm:dsi_panel_parse_oplus_mode_config [msm_drm]] [msm-dsi-info]: oplus,fod-on-vblank is 0
<6>[    2.963472] [drm:dsi_panel_parse_oplus_mode_config [msm_drm]] [msm-dsi-info]: oplus,fod-off-vblank is 1
<6>[    2.963549] [drm:dsi_panel_get_mode [msm_drm]] [msm-dsi-info]: vsync width = 8333, vsync period = 16666
<6>[    2.963653] [drm:dsi_panel_get_mode [msm_drm]] [msm-dsi-info]: default topology: lm: 2 comp_enc:2 intf: 1
<6>[    2.963905] [drm:dsi_panel_parse_oplus_mode_config [msm_drm]] [msm-dsi-info]: oplus,fod-on-vblank is 0
<6>[    2.963961] [drm:dsi_panel_parse_oplus_mode_config [msm_drm]] [msm-dsi-info]: oplus,fod-off-vblank is 1
<6>[    2.964040] [drm:dsi_panel_get_mode [msm_drm]] [msm-dsi-info]: vsync width = 6944, vsync period = 13888
<6>[    2.964158] [drm:dsi_panel_get_mode [msm_drm]] [msm-dsi-info]: default topology: lm: 2 comp_enc:2 intf: 1
<6>[    2.964405] [drm:dsi_panel_parse_oplus_mode_config [msm_drm]] [msm-dsi-info]: oplus,fod-on-vblank is 0
<6>[    2.964460] [drm:dsi_panel_parse_oplus_mode_config [msm_drm]] [msm-dsi-info]: oplus,fod-off-vblank is 1
<6>[    2.964537] [drm:dsi_panel_get_mode [msm_drm]] [msm-dsi-info]: vsync width = 5555, vsync period = 11111
<6>[    2.964638] [drm:dsi_panel_get_mode [msm_drm]] [msm-dsi-info]: default topology: lm: 2 comp_enc:2 intf: 1
<6>[    2.964880] [drm:dsi_panel_parse_oplus_mode_config [msm_drm]] [msm-dsi-info]: oplus,fod-on-vblank is 0
<6>[    2.964936] [drm:dsi_panel_parse_oplus_mode_config [msm_drm]] [msm-dsi-info]: oplus,fod-off-vblank is 1
<6>[    2.965012] [drm:dsi_panel_get_mode [msm_drm]] [msm-dsi-info]: vsync width = 4166, vsync period = 8333
<6>[    2.965115] [drm:dsi_panel_get_mode [msm_drm]] [msm-dsi-info]: default topology: lm: 2 comp_enc:2 intf: 1
<6>[    2.965324] [drm:dsi_panel_parse_oplus_mode_config [msm_drm]] [msm-dsi-info]: oplus,fod-on-vblank is 0
<6>[    2.965379] [drm:dsi_panel_parse_oplus_mode_config [msm_drm]] [msm-dsi-info]: oplus,fod-off-vblank is 0
<6>[    2.965452] [drm:dsi_panel_get_mode [msm_drm]] [msm-dsi-info]: vsync width = 8333, vsync period = 16666
<6>[    2.965559] [drm:dsi_panel_get_mode [msm_drm]] [msm-dsi-info]: default topology: lm: 2 comp_enc:2 intf: 1
<6>[    2.965772] [drm:dsi_panel_parse_oplus_mode_config [msm_drm]] [msm-dsi-info]: oplus,fod-on-vblank is 0
<6>[    2.965830] [drm:dsi_panel_parse_oplus_mode_config [msm_drm]] [msm-dsi-info]: oplus,fod-off-vblank is 1
<6>[    2.965900] [drm:dsi_panel_get_mode [msm_drm]] [msm-dsi-info]: vsync width = 5555, vsync period = 11111
<6>[    2.966003] [drm:dsi_panel_get_mode [msm_drm]] [msm-dsi-info]: default topology: lm: 2 comp_enc:2 intf: 1
<6>[    2.966206] [drm:dsi_panel_parse_oplus_mode_config [msm_drm]] [msm-dsi-info]: oplus,fod-on-vblank is 0
<6>[    2.966260] [drm:dsi_panel_parse_oplus_mode_config [msm_drm]] [msm-dsi-info]: oplus,fod-off-vblank is 1
<6>[    2.966326] [drm:dsi_panel_get_mode [msm_drm]] [msm-dsi-info]: vsync width = 4166, vsync period = 8333
<6>[    2.966431] [drm:dsi_panel_get_mode [msm_drm]] [msm-dsi-info]: default topology: lm: 2 comp_enc:2 intf: 1
<6>[    2.966680] [drm:dsi_panel_parse_oplus_mode_config [msm_drm]] [msm-dsi-info]: oplus,fod-on-vblank is 0
<6>[    2.966736] [drm:dsi_panel_parse_oplus_mode_config [msm_drm]] [msm-dsi-info]: oplus,fod-off-vblank is 1
<6>[    2.966812] [drm:dsi_panel_get_mode [msm_drm]] [msm-dsi-info]: vsync width = 8333, vsync period = 16666
<6>[    2.966914] [drm:dsi_panel_get_mode [msm_drm]] [msm-dsi-info]: default topology: lm: 2 comp_enc:2 intf: 1
<6>[    2.967168] [drm:dsi_panel_parse_oplus_mode_config [msm_drm]] [msm-dsi-info]: oplus,fod-on-vblank is 0
<6>[    2.967224] [drm:dsi_panel_parse_oplus_mode_config [msm_drm]] [msm-dsi-info]: oplus,fod-off-vblank is 1
<6>[    2.967299] [drm:dsi_panel_get_mode [msm_drm]] [msm-dsi-info]: vsync width = 6944, vsync period = 13888
<6>[    2.967400] [drm:dsi_panel_get_mode [msm_drm]] [msm-dsi-info]: default topology: lm: 2 comp_enc:2 intf: 1
<6>[    2.967643] [drm:dsi_panel_parse_oplus_mode_config [msm_drm]] [msm-dsi-info]: oplus,fod-on-vblank is 0
<6>[    2.967699] [drm:dsi_panel_parse_oplus_mode_config [msm_drm]] [msm-dsi-info]: oplus,fod-off-vblank is 1
<6>[    2.967774] [drm:dsi_panel_get_mode [msm_drm]] [msm-dsi-info]: vsync width = 5555, vsync period = 11111
<6>[    2.967876] [drm:dsi_panel_get_mode [msm_drm]] [msm-dsi-info]: default topology: lm: 2 comp_enc:2 intf: 1
<6>[    2.968137] [drm:dsi_panel_parse_oplus_mode_config [msm_drm]] [msm-dsi-info]: oplus,fod-on-vblank is 0
<6>[    2.968193] [drm:dsi_panel_parse_oplus_mode_config [msm_drm]] [msm-dsi-info]: oplus,fod-off-vblank is 1
<6>[    2.968269] [drm:dsi_panel_get_mode [msm_drm]] [msm-dsi-info]: vsync width = 4166, vsync period = 8333
<6>[    2.968368] [drm:dsi_panel_get_mode [msm_drm]] [msm-dsi-info]: default topology: lm: 2 comp_enc:2 intf: 1
<6>[    2.968555] [drm:dsi_panel_parse_oplus_mode_config [msm_drm]] [msm-dsi-info]: oplus,fod-on-vblank is 0
<6>[    2.968610] [drm:dsi_panel_parse_oplus_mode_config [msm_drm]] [msm-dsi-info]: oplus,fod-off-vblank is 1
<6>[    2.968673] [drm:dsi_panel_get_mode [msm_drm]] [msm-dsi-info]: vsync width = 8333, vsync period = 16666
<4>[    2.968872] [drm:dp_parser_get_vreg][msm-dp-warn][266 ]no supply entry present: ???
<4>[    2.968875] [drm:dp_parser_get_vreg][msm-dp-warn][266 ]no supply entry present: ???
<4>[    2.968876] [drm:dp_parser_get_vreg][msm-dp-warn][266 ]no supply entry present: ???
<4>[    2.968878] [drm:dp_parser_get_vreg][msm-dp-warn][266 ]no supply entry present: qcom,pll-supply-entries
<6>[    2.969593] [drm:dp_pll_get][msm-dp-info][266 ]revision=DP_PLL_5NM_V1, ssc_en=0, bonding_en=0
<3>[    2.969713] [drm:dp_power_clk_init][msm-dp-err][266 ]Unable to get DP link clk RCG: -2
<3>[    2.969716] [drm:dp_power_clk_init][msm-dp-err][266 ]Unable to get DP link parent: -2
<6>[    2.970003] [drm:dp_display_initialize_hdcp][msm-dp-info][266 ]HDCP 1.3 initialized
<6>[    2.970191] [drm:dp_display_initialize_hdcp][msm-dp-info][266 ]HDCP 2.2 initialized
<4>[    2.970194] [drm:dp_debug_init][msm-dp-warn][266 ]Not creating debug root dir.
<14>[    2.970462] init: wait for '/sys/devices/soc0/soc_id' took 0ms
<6>[    2.971133] hh_msgq: Registered client for label: 2
<6>[    2.971787] [drm] Supports vblank timestamp caching Rev 2 (21.10.2013).
<6>[    2.971788] [drm] No driver support for vblank timestamp query.
<6>[    2.971951] [drm] Initialized msm_drm 1.4.0 20130625 for ae00000.qcom,mdss_mdp on minor 0
<6>[    2.971952] [drm] cont_splash enabled in 1 of 2 display(s)
<6>[    2.972081] [drm:dsi_ctrl_isr_configure [msm_drm]] [msm-dsi-info]: dsi-ctrl-0: IRQ 375 registered
<6>[    2.972330] disp_cc-lahaina af00000.qcom,dispcc: sync-state
<3>[    2.972829] [TP]synaptics-s3908: syna_tcm_probe: enter
<3>[    2.972880] [TP]synaptics-s3908: syna_tcm_probe read_length:9
<3>[    2.972923] [TP]touchpanel: register_common_touch_device  is called
<3>[    2.972926] [TP]touchpanel: ts->tp_index not specified
<3>[    2.972928] [TP]touchpanel: ts->tp_index is 0
<3>[    2.972955] [TP0]touchpanel: init_parse_dts : irq_gpio = 331, irq_flags = 0x2008, reset_gpio = 330
<3>[    2.972958] [TP0]touchpanel: ts->cs-gpio not specified
<3>[    2.972989] [TP0]touchpanel: Failed to get the cs-gpio high state pinctrl
<3>[    2.972990] [TP0]touchpanel:  Failed to get the cs-gpio low state pinctrl 
<3>[    2.972992] [TP0]touchpanel: Failed to get the input state pinctrl handle
<3>[    2.972994] [TP]touchpanel: Failed to get pinctrl state:oplus_spi_active, r:-19
<3>[    2.972994] [TP]touchpanel: Failed to get pinctrl state:oplus_int_active, r:-19
<3>[    2.972996] [TP]touchpanel: Failed to get pinctrl state:oplus_reset_active, r:-19
<3>[    2.972997] [TP]touchpanel: success get avtive pinctrl state
<3>[    2.972999] [TP]touchpanel: Failed to get pinctrl state:oplus_spi_suspend, r:-19
<3>[    2.973000] [TP]touchpanel: Failed to get pinctrl state:oplus_int_suspend, r:-19
<3>[    2.973002] [TP]touchpanel: Failed to get pinctrl state:oplus_reset_suspend, r:-19
<3>[    2.973004] [TP]touchpanel: success get suspend pinctrl state
<3>[    2.973017] [TP0]touchpanel: panel_type not specified, need to default 1
<3>[    2.973019] [TP0]touchpanel: find 1 num chip in dts
<3>[    2.973021] [TP0]touchpanel: panel_data.chip_name = S3908
<3>[    2.973024] [TP0]touchpanel: now has 3 num panel in dts
<3>[    2.973028] [TP] Driver match support project [19815]
<3>[    2.973030] [TP] match panel type OK , panel type is [8]
<3>[    2.973033] [TP0]touchpanel: tp_type not specified
<3>[    2.973034] [TP0]touchpanel: read firmware-data-0 firmware in dts
<3>[    2.973035] [TP0]touchpanel: No firmware in dts !
<3>[    2.973038] [TP0]touchpanel: ts->irq_need_dev_resume_time not specified
<3>[    2.973040] [TP0]touchpanel: ts->irq_need_dev_resume_time = 50 ms
<3>[    2.973042] [TP0]touchpanel: tx_num = 17, rx_num = 38 
<3>[    2.973045] [TP0]touchpanel: LCD_WIDTH = 1440, LCD_HEIGHT = 3216, max_x = 1440, max_y = 3216, limit_witdh = 0, limit_height = 54
<3>[    2.973048] [TP0]touchpanel: error:button-type should be setting in dts!
<3>[    2.973049] [TP0]touchpanel: key_tx is 0, key_rx is 0
<3>[    2.973052] [TP0]touchpanel: smooth_level_array not specified -22
<3>[    2.973055] [TP0]touchpanel: sensitive_level_array not specified -22
<3>[    2.973057] [TP0]touchpanel: error:game_perf_para_default should be setting in dts!
<3>[    2.973059] [TP0]touchpanel: panel is oncell!
<3>[    2.973062] [TP0]touchpanel: ts->high_frame_rate_time not specified or support
<3>[    2.973068] [TP0]touchpanel: ts_check_panel_dt: panel[0] IS_ERR =0 
<4>[    2.973118] synaptics-s3908 9-004b: 9-004b supply vcc_1v8 not found, using dummy regulator
<3>[    2.973174] [TP0]touchpanel: set avdd voltage to 3008000 uV
<3>[    2.973216] [TP]touchpanel: Enable the Regulator2v8.
<3>[    2.973440] [TP]touchpanel: Enable the enable_avdd_gpio, hw_res->enable2v8_gpio is 339
<3>[    2.973443] [TP]touchpanel: Enable the Regulator vddi.
<3>[    2.973445] [TP]touchpanel: Enable the vddi_gpio
<6>[    2.973934] KernelSU: susfs: mark no sucompat checks for pid: '730', exec: '/system/bin/aconfigd-system'
<13>[    2.997247] main[730]: Starting aconfigd_system command: EarlyPlatformInit
<6>[    2.999763] KernelSU: susfs: mark no sucompat checks for pid: '731', exec: '/system/bin/prng_seeder'
<6>[    3.001480] KernelSU: susfs: mark no sucompat checks for pid: '732', exec: '/vendor/bin/boringssl_self_test32'
<6>[    3.020419] KernelSU: susfs: mark no sucompat checks for pid: '733', exec: '/vendor/bin/boringssl_self_test64'
<6>[    3.026519] KernelSU: susfs: mark no sucompat checks for pid: '734', exec: '/vendor/bin/init.qti.media.sh'
<6>[    3.027893] KernelSU: susfs: mark no sucompat checks for pid: '735', exec: '/vendor/bin/init.qti.qcv.sh'
<5>[    3.053828] audit: type=1107 audit(120130.127:4): pid=1 uid=0 auid=4294967295 ses=4294967295 subj=u:r:init:s0 msg='avc:  denied  { set } for property=ro.netflix.bsp_rev pid=747 uid=1013 gid=1013 scontext=u:r:vendor_qti_media:s0 tcontext=u:object_r:vendor_exported_system_prop:s0 tclass=property_service permissive=0'
<5>[    3.060202] Registered swp emulation handler
<6>[    3.062855] KernelSU: susfs: mark no sucompat checks for pid: '748', exec: '/system/bin/logd'
<6>[    3.064836] KernelSU: susfs: mark no sucompat checks for pid: '749', exec: '/system/bin/lmkd'
<6>[    3.066387] KernelSU: susfs: mark no sucompat checks for pid: '750', exec: '/system/bin/servicemanager'
<6>[    3.068570] KernelSU: susfs: mark no sucompat checks for pid: '751', exec: '/system/system_ext/bin/hwservicemanager'
<6>[    3.070455] KernelSU: susfs: mark no sucompat checks for pid: '752', exec: '/vendor/bin/vndservicemanager'
<3>[    3.072089] [TP0]touchpanel: init_input_device is called
<6>[    3.074071] input: touchpanel as /devices/platform/soc/990000.i2c/i2c-9/9-004b/input/input6
<6>[    3.074110] input: touchpanel_kpd as /devices/platform/soc/990000.i2c/i2c-9/9-004b/input/input7
<6>[    3.074275] [TP]vendor:SAMSUNG fw:tp/19815/FW_S3908_SAMSUNG.img limit:tp/19815/LIMIT_S3908_SAMSUNG.img
<3>[    3.074277] [TP]synaptics-s3908: chip_info->tp_type = 8, panel_data->fw_name = tp/19815/FW_S3908_SAMSUNG.img
<3>[    3.074281] [TP]synaptics-s3908: syna_get_chip_info: Enter
<3>[    3.074283] [TP]synaptics-s3908: syna_tcm_fw_update_in_bl not support.
<12>[    3.078437] logd: libprocessgroup: A JoinCgroup action in the SystemMemoryProcess profile is used for controller memory in the cgroup v2 hierarchy and will be ignored
<12>[    3.079090] logd: libprocessgroup: Unknown profile action: SetClamps
<12>[    3.079094] logd: libprocessgroup: Unknown profile action: SetClamps
<12>[    3.079101] logd: libprocessgroup: A JoinCgroup action in the SystemMemoryProcess profile is used for controller memory in the cgroup v2 hierarchy and will be ignored
<6>[    3.080061] subsys-pil-tz soc:qcom,ipa_fws: ipa_fws: Brought out of reset
<6>[    3.080069] subsys-pil-tz: subsys_powerup(): pil_boot is successful from ipa_fws and waiting for error ready
<6>[    3.080088] IPA FW loaded successfully
<3>[    3.080093] gsi soc:qcom,msm_gsi: gsi_pending_irq_type:3076 no client registered
<14>[    3.080640] init: wait for '/dev/block/platform/soc/1d84000.ufshc' took 0ms
<3>[    3.080869] gsi soc:qcom,msm_gsi: gsi_register_device:1233 GSI irq is wake enabled 36
<3>[    3.082767] ipa ipa3_rmnet_ctl_register_pm_client:678 rmnet_ctl register done
<6>[    3.082774] IPA driver is now in ready state
<6>[    3.082775] IPA driver initialization was successful.
<6>[    3.082779] rmnet_ipa3 started initialization
<6>[    3.082781] IPA SSR support = True
<6>[    3.082782] IPA SG support = True
<6>[    3.082783] IPA Napi Enable = True
<6>[    3.082784] using default for wan-rx-desc-size = 256
<3>[    3.082957] ipa-wan ipa3_wwan_register_netdev_pm_client:2562 rmnet_ipa%d register done
<3>[    3.083143] ipa-wan ipa3_wwan_probe:2738 rmnet_ipa completed initialization
<38>[    3.083743] logd.auditd: start
<46>[    3.083748] logd.klogd: 3083732445
<14>[    3.085833] servicemanager: Starting sm instance on /dev/binder
<6>[    3.089886] KernelSU: susfs: mark no sucompat checks for pid: '773', exec: '/system/bin/boringssl_self_test32'
<14>[    3.091384] logd: Loaded bug_map file: /system_ext/etc/selinux/bug_map
<14>[    3.091619] vndservicemanager: Starting sm instance on /dev/vndbinder
<14>[    3.092102] SELinux: SELinux: Loaded vndservice context from:
<14>[    3.092106] SELinux: \x09\x09/vendor/etc/selinux/vndservice_contexts
<14>[    3.093361] SELinux: SELinux: Loaded service context from:
<14>[    3.093432] SELinux: \x09\x09/system/etc/selinux/plat_service_contexts
<14>[    3.093442] SELinux: \x09\x09/system_ext/etc/selinux/system_ext_service_contexts
<14>[    3.093450] SELinux: \x09\x09/product/etc/selinux/product_service_contexts
<14>[    3.093458] SELinux: \x09\x09/vendor/etc/selinux/vendor_service_contexts
<14>[    3.093466] SELinux: \x09\x09/odm/etc/selinux/odm_service_contexts
<14>[    3.093928] logd: Loaded bug_map file: /vendor/etc/selinux/selinux_denial_metadata
<14>[    3.094197] logd: Loaded bug_map file: /system/etc/selinux/bug_map
<6>[    3.098767] KernelSU: susfs: mark no sucompat checks for pid: '774', exec: '/system/bin/boringssl_self_test64'
<6>[    3.105065] KernelSU: susfs: mark no sucompat checks for pid: '775', exec: '/vendor/bin/hw/android.hardware.keymaster@4.1-service-qti'
<14>[    3.105380] init: wait for '/dev/qseecom' took 0ms
<6>[    3.107310] KernelSU: susfs: mark no sucompat checks for pid: '776', exec: '/vendor/bin/qseecomd'
<6>[    3.109846] KernelSU: susfs: mark no sucompat checks for pid: '777', exec: '/vendor/bin/hw/vendor.qti.hardware.qseecom@1.0-service'
<6>[    3.114682] KernelSU: susfs: mark no sucompat checks for pid: '778', exec: '/system/bin/vold'
<6>[    3.121106] EXT4-fs (sda3): mounted filesystem with ordered data mode. Opts: barrier=1
<3>[    3.125117] i2c_geni 990000.i2c: GSI QN err:0x0, status:0x4e1, err:2
<3>[    3.125171] i2c_geni 990000.i2c: GSI QN err:0x0, status:0x4e1, err:2
<6>[    3.126060] EXT4-fs (sde14): mounted filesystem with ordered data mode. Opts: barrier=1
<4>[    3.129121] FAT-fs (sde29): Volume was not properly unmounted. Some data may be corrupt. Please run fsck.
<14>[    3.137519] init: wait for '/dev/block/bootdevice/by-name/spunvm' took 0ms
<4>[    3.138633] FAT-fs (sde74): Volume was not properly unmounted. Some data may be corrupt. Please run fsck.
<6>[    3.142004] KernelSU: susfs: mark no sucompat checks for pid: '796', exec: '/system/bin/vdc'
<11>[    3.142286] cutils-trace: Error opening trace file: No such file or directory (2)
<12>[    3.142487] libbinder.BackendUnifiedServiceManager: Thread Pool max thread count is 0. Cannot cache binder as linkToDeath cannot be implemented. serviceName: vold
<14>[    3.142721] servicemanager: getDeviceHalManifest: Reading VINTF information.
<14>[    3.143618] servicemanager: Loaded APEX Infos from /bootstrap-apex/apex-info-list.xml
<11>[    3.146859] cutils-trace: Error opening trace file: No such file or directory (2)
<12>[    3.147083] libbinder.BackendUnifiedServiceManager: Thread Pool max thread count is 0. Cannot cache binder as linkToDeath cannot be implemented. serviceName: vold
<15>[    3.147098] vdc: Waited 0ms for vold
<3>[    3.149145] [TP]synaptics-s3908: Received identify report (firmware mode = 0x01)
<3>[    3.149154] [TP]synaptics-s3908: syna_async_work_callback: async work enter
<6>[    3.154162] KernelSU: susfs: mark no sucompat checks for pid: '801', exec: '/system/bin/aconfigd-system'
<6>[    3.156161] input input5: tof_input_dev_open
<6>[    3.169128] KernelSU: susfs: mark no sucompat checks for pid: '802', exec: '/system/bin/recovery-refresh'
<6>[    3.173338] KernelSU: susfs: mark no sucompat checks for pid: '803', exec: '/system/bin/hw/android.system.suspend-service'
<6>[    3.175472] KernelSU: susfs: mark no sucompat checks for pid: '804', exec: '/system/bin/keystore2'
<6>[    3.176848] KernelSU: susfs: mark no sucompat checks for pid: '805', exec: '/vendor/bin/hw/android.hardware.boot-service.qti'
<6>[    3.178559] KernelSU: susfs: mark no sucompat checks for pid: '806', exec: '/vendor/bin/hw/android.hardware.gatekeeper@1.0-service-qti'
<6>[    3.180669] KernelSU: susfs: mark no sucompat checks for pid: '810', exec: '/vendor/bin/hw/android.hardware.nfc-service.nxp'
<6>[    3.182316] KernelSU: susfs: mark no sucompat checks for pid: '811', exec: '/vendor/bin/sscrpcd'
<6>[    3.184588] KernelSU: susfs: mark no sucompat checks for pid: '812', exec: '/system/bin/vdc'
<14>[    3.189213] android.hardware.boot-service.qti: [libfstab] Using Android DT directory /proc/device-tree/firmware/android/
<14>[    3.189296] android.hardware.boot-service.qti: [libfstab] dt_fstab: Skip disabled entry for partition vendor
<3>[    3.189389] [TP]synaptics-s3908: Firmware mode = 0x01, boot status 0x00, app status 0x00
<12>[    3.190571] libbinder.BackendUnifiedServiceManager: Thread Pool max thread count is 0. Cannot cache binder as linkToDeath cannot be implemented. serviceName: android.hardware.boot.IBootControl/default
<14>[    3.190580] android.hardware.boot-service.qti: IBootControl AIDL service running...
<3>[    3.193264] [TP]synaptics-s3908: fw id 0, custom config id 0xEE003022
<12>[    3.194962] libbinder.BackendUnifiedServiceManager: Thread Pool max thread count is 0. Cannot cache binder as linkToDeath cannot be implemented. serviceName: vold
<15>[    3.194980] vdc: Waited 0ms for vold
<36>[    3.197604] type=1400 audit(120130.271:5): avc:  denied  { kill } for  comm="vdc" capability=5  scontext=u:r:vdc:s0 tcontext=u:r:vdc:s0 tclass=capability permissive=0
<6>[    3.199486] KernelSU: susfs: mark no sucompat checks for pid: '814', exec: '/system/bin/vdc'
<3>[    3.202090] [TP]synaptics-s3908: syna_tcm_normal_mode : enter
<12>[    3.202661] libbinder.BackendUnifiedServiceManager: Thread Pool max thread count is 0. Cannot cache binder as linkToDeath cannot be implemented. serviceName: vold
<15>[    3.202672] vdc: Waited 0ms for vold
<3>[    3.225267] [TP]synaptics-s3908: syna_report_refresh_switch: refresh_switch: 0 HZ success!
<3>[    3.226071] [TP0]touchpanel: init_touchpanel_proc entry
<3>[    3.226084] [TP0]touchpanel: init_debug_info_proc entry
<3>[    3.226140] [TP0]touchpanel: Touch panel probe : normal end
<3>[    3.226144] [TP]synaptics-s3908: default rate 90
<3>[    3.226146] [TP]synaptics-s3908: default game value 2
<3>[    3.226148] [TP]synaptics-s3908: default gesture mask value 65535
<3>[    3.226150] [TP]synaptics-s3908: fps_report_rate is not dubole 6
<3>[    3.226152] [TP]synaptics-s3908: fwupdate_bootloader 0
<3>[    3.226154] [TP]synaptics-s3908: normal_config_version 0
<11>[    3.428413] vold: [libfs_mgr] Failed to open /sys/fs/f2fs/features/linear_lookup: No such file or directory
<14>[    3.432392] fsck.f2fs: Info: Automatic fix mode enabled.
<14>[    3.432750] fsck.f2fs: Info: not exist /proc/version!
<14>[    3.432915] fsck.f2fs: Info: MKFS version
<14>[    3.432916] fsck.f2fs:   "5.4.290-qgki-ga5461d203943"
<14>[    3.432938] fsck.f2fs: Info: FSCK version
<14>[    3.432942] fsck.f2fs:   from "5.4.302-qgki-g052626d30254"
<14>[    3.432943] fsck.f2fs:     to "5.4.302-qgki-g052626d30254"
<14>[    3.432947] fsck.f2fs: Info: superblock features = 1499 :  encrypt extra_attr project_quota quota verity casefold
<14>[    3.432961] fsck.f2fs: Info: superblock encrypt level = 0, salt = 00000000000000000000000000000000
<14>[    3.432962] fsck.f2fs: Info: Segments per section = 1
<6>[    3.520772] F2FS-fs (dm-48): Using encoding defined by superblock: utf8-12.1.0 with flags 0x0
<5>[    3.596168] F2FS-fs (dm-48): Mounted with checkpoint version = ca2a5d2
<6>[    3.601397] KernelSU: susfs: mark no sucompat checks for pid: '836', exec: '/system/bin/vdc'
<12>[    3.605350] libbinder.BackendUnifiedServiceManager: Thread Pool max thread count is 0. Cannot cache binder as linkToDeath cannot be implemented. serviceName: vold
<15>[    3.605363] vdc: Waited 0ms for vold
<6>[    3.608282] KernelSU: susfs: mark no sucompat checks for pid: '837', exec: '/system/bin/vdc'
<12>[    3.611924] libbinder.BackendUnifiedServiceManager: Thread Pool max thread count is 0. Cannot cache binder as linkToDeath cannot be implemented. serviceName: vold
<15>[    3.611936] vdc: Waited 0ms for vold
<6>[    3.636870] fscrypt: AES-256-CTS-CBC using implementation "cts-cbc-aes-ce"
<6>[    3.641221] KernelSU: susfs: mark no sucompat checks for pid: '843', exec: '/system/bin/tombstoned'
<6>[    3.643554] KernelSU: susfs: mark no sucompat checks for pid: '844', exec: '/system/bin/vdc'
<12>[    3.647297] libbinder.BackendUnifiedServiceManager: Thread Pool max thread count is 0. Cannot cache binder as linkToDeath cannot be implemented. serviceName: vold
<15>[    3.647310] vdc: Waited 0ms for vold
<6>[    3.668964] KernelSU: susfs: mark no sucompat checks for pid: '847', exec: '/system/bin/logd'
<6>[    3.675352] KernelSU: susfs: mark no sucompat checks for pid: '848', exec: '/system/bin/apexd'
<14>[    3.680331] apexd: Started. subcommand = (null)
<12>[    3.680882] libbinder.BackendUnifiedServiceManager: Thread Pool max thread count is 0. Cannot cache binder as linkToDeath cannot be implemented. serviceName: vold
<14>[    3.680983] apexd: Scanning /system/apex for pre-installed ApexFiles
<14>[    3.681099] apexd: Found pre-installed APEX /system/apex/com.android.adservices.capex
<14>[    3.681103] apexd: Found pre-installed APEX /system/apex/com.android.rkpd.apex
<14>[    3.681105] apexd: Found pre-installed APEX /system/apex/com.android.art.capex
<14>[    3.681107] apexd: Found pre-installed APEX /system/apex/com.android.neuralnetworks.capex
<14>[    3.681109] apexd: Found pre-installed APEX /system/apex/com.android.profiling.capex
<14>[    3.681112] apexd: Found pre-installed APEX /system/apex/com.android.uprobestats.capex
<14>[    3.681114] apexd: Found pre-installed APEX /system/apex/com.android.os.statsd.apex
<6>[    3.696228] KernelSU: susfs: mark no sucompat checks for pid: '885', exec: '/bin/rm'
<6>[    3.710239] KernelSU: susfs: mark no sucompat checks for pid: '886', exec: '/system/bin/chattr'
<6>[    3.768941] device-mapper: verity: sha256 using implementation "sha256-ce"
<6>[    3.769056] device-mapper: verity: sha256 using implementation "sha256-ce"
<6>[    3.770096] device-mapper: verity: sha256 using implementation "sha256-ce"
<6>[    3.770307] device-mapper: verity: sha256 using implementation "sha256-ce"
<6>[    3.770337] device-mapper: verity: sha256 using implementation "sha256-ce"
<6>[    3.770574] device-mapper: verity: sha256 using implementation "sha256-ce"
<6>[    3.771158] device-mapper: verity: sha256 using implementation "sha256-ce"
<6>[    3.771274] device-mapper: verity: sha256 using implementation "sha256-ce"
<6>[    3.771470] device-mapper: verity: sha256 using implementation "sha256-ce"
<6>[    3.771932] device-mapper: verity: sha256 using implementation "sha256-ce"
<6>[    3.771955] device-mapper: verity: sha256 using implementation "sha256-ce"
<6>[    3.771968] device-mapper: verity: sha256 using implementation "sha256-ce"
<6>[    3.772859] device-mapper: verity: sha256 using implementation "sha256-ce"
<6>[    3.773021] device-mapper: verity: sha256 using implementation "sha256-ce"
<6>[    3.773197] device-mapper: verity: sha256 using implementation "sha256-ce"
<6>[    3.773216] EXT4-fs (loop9): mounted filesystem without journal. Opts: (null)
<6>[    3.773732] device-mapper: verity: sha256 using implementation "sha256-ce"
<6>[    3.774408] device-mapper: verity: sha256 using implementation "sha256-ce"
<6>[    3.774629] device-mapper: verity: sha256 using implementation "sha256-ce"
<6>[    3.774737] device-mapper: verity: sha256 using implementation "sha256-ce"
<6>[    3.775646] device-mapper: verity: sha256 using implementation "sha256-ce"
<6>[    3.775790] device-mapper: verity: sha256 using implementation "sha256-ce"
<6>[    3.775800] device-mapper: verity: sha256 using implementation "sha256-ce"
<6>[    3.775814] EXT4-fs (loop36): mounted filesystem without journal. Opts: (null)
<6>[    3.775893] EXT4-fs (loop22): mounted filesystem without journal. Opts: (null)
<6>[    3.775896] device-mapper: verity: sha256 using implementation "sha256-ce"
<6>[    3.776096] device-mapper: verity: sha256 using implementation "sha256-ce"
<6>[    3.776100] EXT4-fs (dm-12): mounted filesystem without journal. Opts: (null)
<6>[    3.776507] device-mapper: verity: sha256 using implementation "sha256-ce"
<6>[    3.777225] EXT4-fs (loop7): mounted filesystem without journal. Opts: (null)
<6>[    3.778111] EXT4-fs (dm-42): mounted filesystem without journal. Opts: (null)
<6>[    3.778640] EXT4-fs (loop38): mounted filesystem without journal. Opts: (null)
<6>[    3.778682] EXT4-fs (dm-36): mounted filesystem without journal. Opts: (null)
<6>[    3.778866] EXT4-fs (loop18): mounted filesystem without journal. Opts: (null)
<6>[    3.778893] EXT4-fs (dm-13): mounted filesystem without journal. Opts: (null)
<6>[    3.779479] EXT4-fs (loop37): mounted filesystem without journal. Opts: (null)
<6>[    3.779510] EXT4-fs (loop25): mounted filesystem without journal. Opts: (null)
<6>[    3.779660] EXT4-fs (dm-39): mounted filesystem without journal. Opts: (null)
<6>[    3.779707] EXT4-fs (dm-22): mounted filesystem without journal. Opts: (null)
<6>[    3.780412] EXT4-fs (dm-24): mounted filesystem without journal. Opts: (null)
<6>[    3.780420] EXT4-fs (dm-31): mounted filesystem without journal. Opts: (null)
<6>[    3.780565] EXT4-fs (dm-25): mounted filesystem without journal. Opts: (null)
<6>[    3.780584] device-mapper: verity: sha256 using implementation "sha256-ce"
<6>[    3.780949] EXT4-fs (dm-16): mounted filesystem without journal. Opts: (null)
<6>[    3.781187] EXT4-fs (dm-28): mounted filesystem without journal. Opts: (null)
<6>[    3.781247] EXT4-fs (dm-23): mounted filesystem without journal. Opts: (null)
<6>[    3.781352] EXT4-fs (dm-41): mounted filesystem without journal. Opts: (null)
<6>[    3.782061] EXT4-fs (dm-44): mounted filesystem without journal. Opts: (null)
<6>[    3.782196] EXT4-fs (loop20): mounted filesystem without journal. Opts: (null)
<6>[    3.782406] EXT4-fs (dm-37): mounted filesystem without journal. Opts: (null)
<6>[    3.782460] EXT4-fs (dm-18): mounted filesystem without journal. Opts: (null)
<6>[    3.782512] EXT4-fs (dm-19): mounted filesystem without journal. Opts: (null)
<6>[    3.782688] EXT4-fs (dm-29): mounted filesystem without journal. Opts: (null)
<6>[    3.782882] EXT4-fs (dm-33): mounted filesystem without journal. Opts: (null)
<6>[    3.783072] EXT4-fs (dm-14): mounted filesystem without journal. Opts: (null)
<6>[    3.783761] EXT4-fs (dm-45): mounted filesystem without journal. Opts: (null)
<6>[    3.783846] EXT4-fs (dm-34): mounted filesystem without journal. Opts: (null)
<6>[    3.783872] EXT4-fs (loop39): mounted filesystem without journal. Opts: (null)
<6>[    3.784157] EXT4-fs (dm-21): mounted filesystem without journal. Opts: (null)
<6>[    3.784189] EXT4-fs (dm-35): mounted filesystem without journal. Opts: (null)
<6>[    3.784263] EXT4-fs (dm-40): mounted filesystem without journal. Opts: (null)
<6>[    3.784925] EXT4-fs (dm-20): mounted filesystem without journal. Opts: (null)
<6>[    3.801844] KernelSU: susfs: mark no sucompat checks for pid: '1023', exec: '/apex/com.android.runtime/bin/linkerconfig'
<6>[    3.808047] OPLUS_CHG[P9415]: p9415_check_ldo_on_work[1475]: connected_ldo_on = false
<3>[    3.808052] OPLUS_CHG[P9415]: p9415_check_ldo_on_work[1477]: Connect but no ldo on event irq, check again.
<6>[    3.808474] OPLUS_CHG[P9415]: p9415_event_process[1353]: read P9415_REG_STATUS = 0x40 0x00
<6>[    3.808479] OPLUS_CHG[P9415]: p9415_event_process[1357]: LDO is on, connected.
<6>[    3.808482] OPLUS_CHG[WLS]: oplus_chg_wls_mod_notifier_call[2466]: wls online
<6>[    3.808484] OPLUS_CHG[INTF]: oplus_chg_intf_usb_event_notifier_call[913]: wls online
<6>[    3.808487] OPLUS_CHG[COMM]: oplus_chg_comm_event_notifier_call[834]: wls online
<3>[    3.808523] OPLUS_CHG[GKI]: battery_psy_get_prop[545]: Couldn't get prop 0 rc = -19
<3>[    3.808532] OPLUS_CHG[GKI]: battery_psy_get_prop[545]: Couldn't get prop 0 rc = -19
<3>[    3.808534] OPLUS_CHG[GKI]: battery_psy_get_prop[545]: Couldn't get prop 2 rc = -19
<3>[    3.808536] OPLUS_CHG[GKI]: battery_psy_get_prop[545]: Couldn't get prop 3 rc = -19
<3>[    3.808537] OPLUS_CHG[GKI]: battery_psy_get_prop[545]: Couldn't get prop 1 rc = -19
<3>[    3.808539] OPLUS_CHG[GKI]: battery_psy_get_prop[545]: Couldn't get prop 46 rc = -19
<3>[    3.808541] OPLUS_CHG[GKI]: battery_psy_get_prop[545]: Couldn't get prop 14 rc = -19
<3>[    3.808542] OPLUS_CHG[GKI]: battery_psy_get_prop[545]: Couldn't get prop 12 rc = -19
<3>[    3.808544] OPLUS_CHG[GKI]: battery_psy_get_prop[545]: Couldn't get prop 8 rc = -19
<3>[    3.808546] OPLUS_CHG[GKI]: battery_psy_get_prop[545]: Couldn't get prop 17 rc = -19
<3>[    3.808547] OPLUS_CHG[GKI]: battery_psy_get_prop[545]: Couldn't get prop 33 rc = -19
<3>[    3.808549] OPLUS_CHG[GKI]: battery_psy_get_prop[545]: Couldn't get prop 34 rc = -19
<3>[    3.808551] OPLUS_CHG[GKI]: battery_psy_get_prop[545]: Couldn't get prop 51 rc = -19
<3>[    3.808552] OPLUS_CHG[GKI]: battery_psy_get_prop[545]: Couldn't get prop 6 rc = -19
<3>[    3.808554] OPLUS_CHG[GKI]: battery_psy_get_prop[545]: Couldn't get prop 28 rc = -19
<3>[    3.808556] OPLUS_CHG[GKI]: battery_psy_get_prop[545]: Couldn't get prop 7 rc = -19
<3>[    3.808557] OPLUS_CHG[GKI]: battery_psy_get_prop[545]: Couldn't get prop 22 rc = -19
<3>[    3.808559] OPLUS_CHG[GKI]: battery_psy_get_prop[545]: Couldn't get prop 24 rc = -19
<3>[    3.808561] OPLUS_CHG[GKI]: battery_psy_get_prop[545]: Couldn't get prop 72 rc = -19
<3>[    3.808562] OPLUS_CHG[GKI]: battery_psy_get_prop[545]: Couldn't get prop 62 rc = -19
<3>[    3.808564] OPLUS_CHG[GKI]: battery_psy_get_prop[545]: Couldn't get prop 61 rc = -19
<3>[    3.808566] OPLUS_CHG[GKI]: battery_psy_get_prop[545]: Couldn't get prop 60 rc = -19
<3>[    3.808567] OPLUS_CHG[GKI]: battery_psy_get_prop[545]: Couldn't get prop 20 rc = -19
<3>[    3.808569] OPLUS_CHG[GKI]: battery_psy_get_prop[545]: Couldn't get prop 21 rc = -19
<3>[    3.808571] OPLUS_CHG[GKI]: battery_psy_get_prop[545]: Couldn't get prop 26 rc = -19
<3>[    3.808572] OPLUS_CHG[GKI]: battery_psy_get_prop[545]: Couldn't get prop 9 rc = -19
<3>[    3.808596] OPLUS_CHG[GKI]: battery_psy_get_prop[545]: Couldn't get prop 46 rc = -19
<3>[    3.808599] bcl_soc:bcl_read_soc battery percentage read error:-61
<6>[    3.824348] KernelSU: susfs: mark no sucompat checks for pid: '1024', exec: '/system/bin/aconfigd-system'
<6>[    3.827025] KernelSU: susfs: mark no sucompat checks for pid: '1025', exec: '/apex/com.android.configinfrastructure/bin/aconfigd-mainline'
<6>[    3.868563] KernelSU: susfs: mark no sucompat checks for pid: '1026', exec: '/apex/com.android.configinfrastructure/bin/aconfigd-mainline'
<6>[    3.870084] KernelSU: susfs: mark no sucompat checks for pid: '1027', exec: '/apex/com.android.sdkext/bin/derive_sdk'
<6>[    3.880736] KernelSU: susfs: mark no sucompat checks for pid: '1028', exec: '/system/bin/vdc'
<12>[    3.884807] libbinder.BackendUnifiedServiceManager: Thread Pool max thread count is 0. Cannot cache binder as linkToDeath cannot be implemented. serviceName: vold
<15>[    3.884816] vdc: Waited 0ms for vold
<6>[    3.908033] OPLUS_CHG[P9415]: p9415_check_event_work[1457]: od2_state = true
<3>[    4.320942] register 0x52f8: 0x6a, 0x82
<3>[    4.320947] register 0x52f8: 0x826a
<3>[    4.320949] rk826 detected, register 0x52f8: 0x826a
<5>[    4.332026] [OPLUS_CHG][opchg_set_reset_active] adapter_fw_need_update:0,btb_temp_over:0,mcu_update_ing:1,return
<5>[    4.332028] [OPLUS_CHG][opchg_set_reset_sleep] adapter_fw_need_update:0,btb_temp_over:0,mcu_update_ing:1,return
<5>[    4.348023] [OPLUS_CHG][oplus_is_rf_ftm_mode] boot_mode:0, return false
<5>[    4.370559] [OPLUS_CHG][opchg_set_reset_active_force]opchg_set_reset_active_force
<5>[    5.024073] sd 0:0:0:5: [sdf] Synchronizing SCSI cache
<5>[    5.024109] sd 0:0:0:2: [sdc] Synchronizing SCSI cache
<6>[    5.203066] SELinux:  Context u:object_r:zygisk_file:s0 is not valid (left unmapped).
<6>[    5.233744] KernelSU: susfs: mark no sucompat checks for pid: '1031', exec: '/apex/com.android.sdkext/bin/derive_classpath'
<6>[    5.256844] KernelSU: susfs: mark no sucompat checks for pid: '1032', exec: '/apex/com.android.art/bin/art_boot'
<6>[    5.268594] KernelSU: susfs: mark no sucompat checks for pid: '1033', exec: '/system/bin/odsign'
<6>[    5.312844] fs-verity: sha256 using implementation "sha256-ce"
<6>[    5.426774] KernelSU: susfs: mark no sucompat checks for pid: '1037', exec: '/system/bin/apexd'
<14>[    5.434329] apexd: Started. subcommand = --snapshotde
<12>[    5.434654] libbinder.BackendUnifiedServiceManager: Thread Pool max thread count is 0. Cannot cache binder as linkToDeath cannot be implemented. serviceName: vold
<14>[    5.434837] apexd-snapshotde: Marking APEXd as ready
<6>[    5.437639] KernelSU: hook_manager: escape to root for init executing ksud: 1038
<6>[    5.444165] KernelSU: ksu fd installed: 5 for pid 1038
<6>[    5.444166] KernelSU: [1038] install ksu fd: 5
<6>[    5.444169] KernelSU: post-fs-data triggered
<6>[    5.444170] KernelSU: on_post_fs_data!
<6>[    5.444171] KernelSU: susfs: post_fs_data triggered (v2.0.0)
<6>[    5.444430] KernelSU: allowlist version: 3
<6>[    5.444434] KernelSU: load_allow_uid, name: $, uid: 9999, allow: 0
<6>[    5.444436] KernelSU: set app profile, key: $, uid: 9999, umount modules: 1
<6>[    5.444438] KernelSU: load_allow_uid, name: me.zhanghai.android.files, uid: 10485, allow: 1
<6>[    5.444439] KernelSU: set root profile, key: me.zhanghai.android.files, uid: 10485, gid: 0, context: u:r:su:s0
<6>[    5.444440] KernelSU: load_allow_uid, name: org.swiftapps.swiftbackup, uid: 10483, allow: 1
<6>[    5.444441] KernelSU: set root profile, key: org.swiftapps.swiftbackup, uid: 10483, gid: 0, context: u:r:su:s0
<6>[    5.444442] KernelSU: load_allow_uid, name: com.dergoogler.mmrl.wx, uid: 10896, allow: 1
<6>[    5.444443] KernelSU: set root profile, key: com.dergoogler.mmrl.wx, uid: 10896, gid: 0, context: u:r:su:s0
<6>[    5.444444] KernelSU: load_allow_uid, name: com.dergoogler.mmrl, uid: 10721, allow: 1
<6>[    5.444445] KernelSU: set root profile, key: com.dergoogler.mmrl, uid: 10721, gid: 0, context: u:r:su:s0
<6>[    5.444489] KernelSU: load_allow_uid, name: com.keshav.capturesposed, uid: 10548, allow: 1
<6>[    5.444490] KernelSU: set root profile, key: com.keshav.capturesposed, uid: 10548, gid: 0, context: u:r:su:s0
<6>[    5.444491] KernelSU: load_allow_uid, name: org.frknkrc44.hma_oss, uid: 10492, allow: 1
<6>[    5.444492] KernelSU: set root profile, key: org.frknkrc44.hma_oss, uid: 10492, gid: 0, context: u:r:su:s0
<6>[    5.444493] KernelSU: load_allow_uid, name: com.coderstory.toolkit, uid: 10559, allow: 1
<6>[    5.444494] KernelSU: set root profile, key: com.coderstory.toolkit, uid: 10559, gid: 0, context: u:r:su:s0
<6>[    5.444495] KernelSU: load_allow_uid, name: com.github.tianma8023.xposed.smscode, uid: 10906, allow: 1
<6>[    5.444496] KernelSU: set root profile, key: com.github.tianma8023.xposed.smscode, uid: 10906, gid: 0, context: u:r:su:s0
<6>[    5.444497] KernelSU: load_allow_uid, name: eu.faircode.xlua, uid: 10905, allow: 1
<6>[    5.444498] KernelSU: set root profile, key: eu.faircode.xlua, uid: 10905, gid: 0, context: u:r:su:s0
<6>[    5.444499] KernelSU: load_allow_uid, name: com.fk.smartpixelsposed, uid: 10832, allow: 1
<6>[    5.444500] KernelSU: set root profile, key: com.fk.smartpixelsposed, uid: 10832, gid: 0, context: u:r:su:s0
<6>[    5.444501] KernelSU: load_allow_uid, name: com.smartpack.packagemanager, uid: 10764, allow: 1
<6>[    5.444502] KernelSU: set root profile, key: com.smartpack.packagemanager, uid: 10764, gid: 0, context: u:r:su:s0
<6>[    5.444503] KernelSU: load_allow_uid, name: com.github.dan.NoStorageRestrict, uid: 10740, allow: 1
<6>[    5.444503] KernelSU: set root profile, key: com.github.dan.NoStorageRestrict, uid: 10740, gid: 0, context: u:r:su:s0
<6>[    5.444504] KernelSU: load_allow_uid, name: io.github.nitsuya.donottryaccessibility, uid: 10588, allow: 1
<6>[    5.444505] KernelSU: set root profile, key: io.github.nitsuya.donottryaccessibility, uid: 10588, gid: 0, context: u:r:su:s0
<6>[    5.444506] KernelSU: load_allow_uid, name: io.github.tehcneko.clipboardwhitelist, uid: 10555, allow: 1
<6>[    5.444507] KernelSU: set root profile, key: io.github.tehcneko.clipboardwhitelist, uid: 10555, gid: 0, context: u:r:su:s0
<6>[    5.444508] KernelSU: load_allow_uid, name: top.ltfan.notdeveloper, uid: 10662, allow: 1
<6>[    5.444509] KernelSU: set root profile, key: top.ltfan.notdeveloper, uid: 10662, gid: 0, context: u:r:su:s0
<6>[    5.444510] KernelSU: load_allow_uid, name: net.accelf.devoptshide, uid: 10574, allow: 1
<6>[    5.444511] KernelSU: set root profile, key: net.accelf.devoptshide, uid: 10574, gid: 0, context: u:r:su:s0
<6>[    5.444512] KernelSU: load_allow_uid, name: dev.zwander.installwithoptions, uid: 10669, allow: 1
<6>[    5.444513] KernelSU: set root profile, key: dev.zwander.installwithoptions, uid: 10669, gid: 0, context: u:r:su:s0
<6>[    5.444514] KernelSU: load_allow_uid, name: moe.haruue.wadb, uid: 10898, allow: 1
<6>[    5.444515] KernelSU: set root profile, key: moe.haruue.wadb, uid: 10898, gid: 0, context: u:r:su:s0
<6>[    5.444516] KernelSU: load_allow_uid, name: moe.shizuku.privileged.api, uid: 10828, allow: 1
<6>[    5.444516] KernelSU: set root profile, key: moe.shizuku.privileged.api, uid: 10828, gid: 0, context: u:r:su:s0
<6>[    5.444519] KernelSU: load_allow_uid, name: de.buttercookie.disabletargetapiblock, uid: 10578, allow: 1
<6>[    5.444521] KernelSU: set root profile, key: de.buttercookie.disabletargetapiblock, uid: 10578, gid: 0, context: u:r:su:s0
<6>[    5.444655] KernelSU: load_allow_uid, name: pub.chara.disablealttab, uid: 10579, allow: 1
<6>[    5.444657] KernelSU: set root profile, key: pub.chara.disablealttab, uid: 10579, gid: 0, context: u:r:su:s0
<6>[    5.444658] KernelSU: load_allow_uid, name: io.github.auag0.disableaudiofocus, uid: 10580, allow: 1
<6>[    5.444659] KernelSU: set root profile, key: io.github.auag0.disableaudiofocus, uid: 10580, gid: 0, context: u:r:su:s0
<6>[    5.444659] KernelSU: load_allow_uid, name: io.github.lsposed.disableflagsecure, uid: 10603, allow: 1
<6>[    5.444660] KernelSU: set root profile, key: io.github.lsposed.disableflagsecure, uid: 10603, gid: 0, context: u:r:su:s0
<6>[    5.444661] KernelSU: load_allow_uid, name: ru.mike.mapstweaks, uid: 10708, allow: 1
<6>[    5.444662] KernelSU: set root profile, key: ru.mike.mapstweaks, uid: 10708, gid: 0, context: u:r:su:s0
<6>[    5.444663] KernelSU: load_allow_uid, name: com.rel.languager, uid: 10685, allow: 1
<6>[    5.444664] KernelSU: set root profile, key: com.rel.languager, uid: 10685, gid: 0, context: u:r:su:s0
<6>[    5.444665] KernelSU: load_allow_uid, name: ltd.nextalone.pkginstallerplus, uid: 10670, allow: 1
<6>[    5.444666] KernelSU: set root profile, key: ltd.nextalone.pkginstallerplus, uid: 10670, gid: 0, context: u:r:su:s0
<6>[    5.444667] KernelSU: load_allow_uid, name: com.akylas.enforcedoze, uid: 10605, allow: 1
<6>[    5.444668] KernelSU: set root profile, key: com.akylas.enforcedoze, uid: 10605, gid: 0, context: u:r:su:s0
<6>[    5.444669] KernelSU: load_allow_uid, name: com.termux, uid: 10863, allow: 1
<6>[    5.444670] KernelSU: set root profile, key: com.termux, uid: 10863, gid: 0, context: u:r:su:s0
<6>[    5.444672] KernelSU: load_allow_uid, name: com.termux.x11, uid: 10864, allow: 1
<6>[    5.444674] KernelSU: set root profile, key: com.termux.x11, uid: 10864, gid: 0, context: u:r:su:s0
<6>[    5.444676] KernelSU: load_allow_uid, name: in.hridayan.ashell, uid: 10524, allow: 1
<6>[    5.444679] KernelSU: set root profile, key: in.hridayan.ashell, uid: 10524, gid: 0, context: u:r:su:s0
<6>[    5.444681] KernelSU: load_allow_uid, name: com.oasisfeng.island, uid: 10766, allow: 1
<6>[    5.444683] KernelSU: set root profile, key: com.oasisfeng.island, uid: 10766, gid: 0, context: u:r:su:s0
<6>[    5.444684] KernelSU: load_allow_uid, name: me.hexian000.nativeprocess, uid: 10731, allow: 1
<6>[    5.444685] KernelSU: set root profile, key: me.hexian000.nativeprocess, uid: 10731, gid: 0, context: u:r:su:s0
<6>[    5.444686] KernelSU: load_allow_uid, name: com.rk.taskmanager, uid: 10855, allow: 1
<6>[    5.444687] KernelSU: set root profile, key: com.rk.taskmanager, uid: 10855, gid: 0, context: u:r:su:s0
<6>[    5.444688] KernelSU: load_allow_uid, name: com.activitymanager, uid: 10503, allow: 1
<6>[    5.444689] KernelSU: set root profile, key: com.activitymanager, uid: 10503, gid: 0, context: u:r:su:s0
<6>[    5.444690] KernelSU: load_allow_uid, name: ru.uneqewgf.hsdimpbam, uid: 10805, allow: 1
<6>[    5.444691] KernelSU: set root profile, key: ru.uneqewgf.hsdimpbam, uid: 10805, gid: 0, context: u:r:su:s0
<6>[    5.444692] KernelSU: load_allow_uid, name: com.smartpack.kernelmanager, uid: 10893, allow: 1
<6>[    5.444693] KernelSU: set root profile, key: com.smartpack.kernelmanager, uid: 10893, gid: 0, context: u:r:su:s0
<6>[    5.444694] KernelSU: load_allow_uid, name: id.kuato.diskhealth, uid: 10895, allow: 1
<6>[    5.444695] KernelSU: set root profile, key: id.kuato.diskhealth, uid: 10895, gid: 0, context: u:r:su:s0
<6>[    5.444696] KernelSU: load_allow_uid, name: com.wstxda.switchai, uid: 10850, allow: 1
<6>[    5.444697] KernelSU: set root profile, key: com.wstxda.switchai, uid: 10850, gid: 0, context: u:r:su:s0
<6>[    5.444698] KernelSU: load_allow_uid, name: io.github.wzhy.xaudiocapture, uid: 10511, allow: 1
<6>[    5.444700] KernelSU: set root profile, key: io.github.wzhy.xaudiocapture, uid: 10511, gid: 0, context: u:r:su:s0
<6>[    5.444701] KernelSU: load_allow_uid, name: io.github.revenge.xposed, uid: 10911, allow: 1
<6>[    5.444702] KernelSU: set root profile, key: io.github.revenge.xposed, uid: 10911, gid: 0, context: u:r:su:s0
<6>[    5.444703] KernelSU: load_allow_uid, name: lsposed.orange, uid: 10550, allow: 1
<6>[    5.444704] KernelSU: set root profile, key: lsposed.orange, uid: 10550, gid: 0, context: u:r:su:s0
<6>[    5.444705] KernelSU: load_allow_uid, name: ru.zdevs.zarchiver, uid: 10677, allow: 1
<6>[    5.444706] KernelSU: set root profile, key: ru.zdevs.zarchiver, uid: 10677, gid: 0, context: u:r:su:s0
<6>[    5.444706] KernelSU: load_allow_uid, name: com.bartixxx.opflashcontrol, uid: 10755, allow: 1
<6>[    5.444708] KernelSU: set root profile, key: com.bartixxx.opflashcontrol, uid: 10755, gid: 0, context: u:r:su:s0
<6>[    5.444708] KernelSU: load_allow_uid, name: in.hridayan.ashell, uid: 1110524, allow: 1
<6>[    5.444710] KernelSU: set root profile, key: in.hridayan.ashell, uid: 1110524, gid: 0, context: u:r:su:s0
<6>[    5.444711] KernelSU: load_allow_uid, name: com.merxury.blocker, uid: 10540, allow: 1
<6>[    5.444712] KernelSU: set root profile, key: com.merxury.blocker, uid: 10540, gid: 0, context: u:r:su:s0
<6>[    5.444713] KernelSU: load_allow_uid, name: rikka.appops, uid: 10584, allow: 1
<6>[    5.444714] KernelSU: set root profile, key: rikka.appops, uid: 10584, gid: 0, context: u:r:su:s0
<6>[    5.444715] KernelSU: load_allow_uid, name: ru.bluecat.android.xposed.mods.appsettings, uid: 10780, allow: 1
<6>[    5.444716] KernelSU: set root profile, key: ru.bluecat.android.xposed.mods.appsettings, uid: 10780, gid: 0, context: u:r:su:s0
<6>[    5.444717] KernelSU: load_allow_uid, name: com.lb.contacts_sync, uid: 10907, allow: 1
<6>[    5.444718] KernelSU: set root profile, key: com.lb.contacts_sync, uid: 10907, gid: 0, context: u:r:su:s0
<6>[    5.444719] KernelSU: load_allow_uid, name: com.reveny.vbmetafix.service, uid: 10650, allow: 1
<6>[    5.444720] KernelSU: set root profile, key: com.reveny.vbmetafix.service, uid: 10650, gid: 0, context: u:r:su:s0
<6>[    5.444721] KernelSU: load_allow_uid, name: eu.darken.sdmse, uid: 10881, allow: 1
<6>[    5.444722] KernelSU: set root profile, key: eu.darken.sdmse, uid: 10881, gid: 0, context: u:r:su:s0
<6>[    5.444723] KernelSU: load_allow_uid, name: com.wstxda.gsl, uid: 10788, allow: 1
<6>[    5.444725] KernelSU: set root profile, key: com.wstxda.gsl, uid: 10788, gid: 0, context: u:r:su:s0
<6>[    5.444726] KernelSU: load_allow_uid, name: com.twifucker.hachidori, uid: 10945, allow: 1
<6>[    5.444727] KernelSU: set root profile, key: com.twifucker.hachidori, uid: 10945, gid: 0, context: u:r:su:s0
<6>[    5.444728] KernelSU: load_allow_uid, name: de.szalkowski.activitylauncher.oss, uid: 10741, allow: 1
<6>[    5.444729] KernelSU: set root profile, key: de.szalkowski.activitylauncher.oss, uid: 10741, gid: 0, context: u:r:su:s0
<6>[    5.444730] KernelSU: load_allow_uid, name: io.github.sds100.keymapper, uid: 10644, allow: 1
<6>[    5.444731] KernelSU: set root profile, key: io.github.sds100.keymapper, uid: 10644, gid: 0, context: u:r:su:s0
<6>[    5.444732] KernelSU: load_allow_uid, name: com.reveny.vbmetafix.service, uid: 1110650, allow: 1
<6>[    5.444734] KernelSU: set root profile, key: com.reveny.vbmetafix.service, uid: 1110650, gid: 0, context: u:r:su:s0
<6>[    5.444735] KernelSU: load_allow_uid, name: com.merxury.blocker, uid: 1110540, allow: 1
<6>[    5.444736] KernelSU: set root profile, key: com.merxury.blocker, uid: 1110540, gid: 0, context: u:r:su:s0
<6>[    5.444737] KernelSU: load_allow_uid, name: io.github.chsbuffer.revancedxposed, uid: 10827, allow: 1
<6>[    5.444738] KernelSU: set root profile, key: io.github.chsbuffer.revancedxposed, uid: 10827, gid: 0, context: u:r:su:s0
<6>[    5.444740] KernelSU: load_allow_uid, name: io.github.dovecoteescapee.byedpi, uid: 10493, allow: 1
<6>[    5.444741] KernelSU: set root profile, key: io.github.dovecoteescapee.byedpi, uid: 10493, gid: 0, context: u:r:su:s0
<6>[    5.444742] KernelSU: load_allow_uid, name: com.aoya.telegami, uid: 10004, allow: 1
<6>[    5.444743] KernelSU: set root profile, key: com.aoya.telegami, uid: 10004, gid: 0, context: u:r:su:s0
<6>[    5.444744] KernelSU: load_allow_uid, name: Telegram.Speed.Hook, uid: 10861, allow: 1
<6>[    5.444745] KernelSU: set root profile, key: Telegram.Speed.Hook, uid: 10861, gid: 0, context: u:r:su:s0
<6>[    5.444746] KernelSU: load_allow_uid, name: com.rosan.installer.x.revived, uid: 10948, allow: 1
<6>[    5.444748] KernelSU: set root profile, key: com.rosan.installer.x.revived, uid: 10948, gid: 0, context: u:r:su:s0
<6>[    5.444749] KernelSU: load_allow_uid, name: com.android.shell, uid: 2000, allow: 0
<6>[    5.444750] KernelSU: set app profile, key: com.android.shell, uid: 2000, umount modules: 1
<6>[    5.444751] KernelSU: load_allow_uid, name: com.chiller3.bcr, uid: 10124, allow: 1
<6>[    5.444752] KernelSU: set root profile, key: com.chiller3.bcr, uid: 10124, gid: 0, context: u:r:su:s0
<6>[    5.444753] KernelSU: load_allow_list read err: 0
<6>[    5.444754] KernelSU: ksu_show_allow_list
<6>[    5.444755] KernelSU: uid :9999, allow: 0
<6>[    5.444755] KernelSU: uid :10485, allow: 1
<6>[    5.444756] KernelSU: uid :10483, allow: 1
<6>[    5.444756] KernelSU: uid :10896, allow: 1
<6>[    5.444757] KernelSU: uid :10721, allow: 1
<6>[    5.444757] KernelSU: uid :10548, allow: 1
<6>[    5.444758] KernelSU: uid :10492, allow: 1
<6>[    5.444758] KernelSU: uid :10559, allow: 1
<6>[    5.444759] KernelSU: uid :10906, allow: 1
<6>[    5.444759] KernelSU: uid :10905, allow: 1
<6>[    5.444761] KernelSU: uid :10832, allow: 1
<6>[    5.444763] KernelSU: uid :10764, allow: 1
<6>[    5.444765] KernelSU: uid :10740, allow: 1
<6>[    5.444767] KernelSU: uid :10588, allow: 1
<6>[    5.444769] KernelSU: uid :10555, allow: 1
<6>[    5.444770] KernelSU: uid :10662, allow: 1
<6>[    5.444772] KernelSU: uid :10574, allow: 1
<6>[    5.444774] KernelSU: uid :10669, allow: 1
<6>[    5.444776] KernelSU: uid :10898, allow: 1
<6>[    5.444778] KernelSU: uid :10828, allow: 1
<6>[    5.444780] KernelSU: uid :10578, allow: 1
<6>[    5.444781] KernelSU: uid :10579, allow: 1
<6>[    5.444783] KernelSU: uid :10580, allow: 1
<6>[    5.444783] KernelSU: uid :10603, allow: 1
<6>[    5.444784] KernelSU: uid :10708, allow: 1
<6>[    5.444784] KernelSU: uid :10685, allow: 1
<6>[    5.444785] KernelSU: uid :10670, allow: 1
<6>[    5.444785] KernelSU: uid :10605, allow: 1
<6>[    5.444786] KernelSU: uid :10863, allow: 1
<6>[    5.444786] KernelSU: uid :10864, allow: 1
<6>[    5.444787] KernelSU: uid :10524, allow: 1
<6>[    5.444787] KernelSU: uid :10766, allow: 1
<6>[    5.444788] KernelSU: uid :10731, allow: 1
<6>[    5.444788] KernelSU: uid :10855, allow: 1
<6>[    5.444789] KernelSU: uid :10503, allow: 1
<6>[    5.444789] KernelSU: uid :10805, allow: 1
<6>[    5.444790] KernelSU: uid :10893, allow: 1
<6>[    5.444790] KernelSU: uid :10895, allow: 1
<6>[    5.444791] KernelSU: uid :10850, allow: 1
<6>[    5.444791] KernelSU: uid :10511, allow: 1
<6>[    5.444792] KernelSU: uid :10911, allow: 1
<6>[    5.444792] KernelSU: uid :10550, allow: 1
<6>[    5.444793] KernelSU: uid :10677, allow: 1
<6>[    5.444793] KernelSU: uid :10755, allow: 1
<6>[    5.444794] KernelSU: uid :1110524, allow: 1
<6>[    5.444794] KernelSU: uid :10540, allow: 1
<6>[    5.444795] KernelSU: uid :10584, allow: 1
<6>[    5.444795] KernelSU: uid :10780, allow: 1
<6>[    5.444796] KernelSU: uid :10907, allow: 1
<6>[    5.444796] KernelSU: uid :10650, allow: 1
<6>[    5.444796] KernelSU: uid :10881, allow: 1
<6>[    5.444797] KernelSU: uid :10788, allow: 1
<6>[    5.444797] KernelSU: uid :10945, allow: 1
<6>[    5.444798] KernelSU: uid :10741, allow: 1
<6>[    5.444798] KernelSU: uid :10644, allow: 1
<6>[    5.444799] KernelSU: uid :1110650, allow: 1
<6>[    5.444799] KernelSU: uid :1110540, allow: 1
<6>[    5.444800] KernelSU: uid :10827, allow: 1
<6>[    5.444800] KernelSU: uid :10493, allow: 1
<6>[    5.444801] KernelSU: uid :10004, allow: 1
<6>[    5.444801] KernelSU: uid :10861, allow: 1
<6>[    5.444802] KernelSU: uid :10948, allow: 1
<6>[    5.444802] KernelSU: uid :2000, allow: 0
<6>[    5.444803] KernelSU: uid :10124, allow: 1
<6>[    5.444820] KernelSU: watching /data/system
<6>[    5.444821] KernelSU: observer init done
<6>[    5.444822] KernelSU: stop input_hook
<6>[    5.451045] KernelSU: volumedown_pressed_count: 0
<6>[    5.493119] KernelSU: target type magisk does not exist
<6>[    5.493680] KernelSU: target type nsfs does not exist
<6>[    5.493728] KernelSU: target type nsfs does not exist
<6>[    5.495482] KernelSU: volumedown_pressed_count: 0
<14>[    5.519815] bindhosts: post-fs-data.sh - ksud with kernel umount found!
<14>[    5.519887] bindhosts: post-fs-data.sh - rezygisk found!
<5>[    5.520134] sd 0:0:0:1: [sdb] Synchronizing SCSI cache
<6>[    5.522860] KernelSU: susfs: CMD_SUSFS_SHOW_ENABLED_FEATURES
<14>[    5.532272] bindhosts: post-fs-data.sh - probing done
<6>[    5.539638] KernelSU: susfs: CMD_SUSFS_SHOW_ENABLED_FEATURES
<6>[    5.548887] KernelSU: susfs: CMD_SUSFS_SHOW_ENABLED_FEATURES
<6>[    5.555599] susfs:[0][1107][susfs_set_hide_sus_mnts_for_non_su_procs] susfs_hide_sus_mnts_for_non_su_procs: 1
<6>[    5.555601] KernelSU: susfs: CMD_SUSFS_HIDE_SUS_MNTS_FOR_NON_SU_PROCS
<6>[    5.557967] susfs:[0][1108][susfs_set_avc_log_spoofing] enabled: 1
<6>[    5.557969] KernelSU: susfs: CMD_SUSFS_ENABLE_AVC_LOG_SPOOFING
<5>[    5.568082] sd 0:0:0:3: [sdd] Synchronizing SCSI cache
<5>[    5.792082] [OPLUS_CHG][rk826_is_rf_ftm_mode] boot_mode:0, return false
<5>[    5.792084] [OPLUS_CHG][rk826_fw_check_then_recover]begin
<3>[    5.792085] qpnp_is_charger_reboot charger_reboot:
<5>[    5.808064] [OPLUS_CHG][oplus_is_rf_ftm_mode] boot_mode:0, return false
<5>[    5.830615] [OPLUS_CHG][opchg_set_reset_active_force]opchg_set_reset_active_force
<5>[    6.288081] sd 0:0:0:4: [sde] Synchronizing SCSI cache
<5>[    6.880030] [OPLUS_CHG][opchg_set_clock_sleep] mcu_boot_by_gpio,return
<3>[    6.880403] i2c_geni 988000.i2c: i2c error :-107
<3>[    6.880410] op10 read register 0x08 fail, rc = -107
<5>[    6.880414] [OPLUS_CHG][opchg_set_clock_active] mcu_boot_by_gpio,return
<5>[    6.896034] [OPLUS_CHG][oplus_is_rf_ftm_mode] boot_mode:0, return false
<5>[    6.918563] [OPLUS_CHG][opchg_set_reset_active_force]opchg_set_reset_active_force
<6>[    7.290463] KernelSU: ksu fd installed: 5 for pid 1257
<6>[    7.290465] KernelSU: [1257] install ksu fd: 5
<6>[    7.329332] EXT4-fs (loop40): mounted filesystem with ordered data mode. Opts: 
<6>[    7.329408] KernelSU: do_nuke_ext4_sysfs: /data/adb/meta-hybrid/modules.img
<6>[    7.329414] KernelSU: nuke but module aren't mounted
<6>[    7.447512] KernelSU: cmd_add_try_umount: /mnt/aY505XuXcN added!
<6>[    7.447521] KernelSU: cmd_add_try_umount: /system/bin added!
<6>[    7.447530] KernelSU: cmd_add_try_umount: /system/priv-app added!
<6>[    7.447538] KernelSU: cmd_add_try_umount: /product/media added!
<6>[    7.447547] KernelSU: cmd_add_try_umount: /system/etc added!
<6>[    7.449825] KernelSU: ksu fd released
<6>[    7.453543] KernelSU: ksu fd installed: 5 for pid 1271
<6>[    7.453545] KernelSU: [1271] install ksu fd: 5
<6>[    7.453549] KernelSU: module mounted!
<6>[    7.453550] KernelSU: on_module_mounted!
<6>[    7.453797] KernelSU: ksu fd released
<6>[    7.454161] KernelSU: volumedown_pressed_count: 0
<6>[    7.491729] KernelSU: ksu fd released
<14>[    7.491857] init: Service 'exec 12 (/data/adb/ksud post-fs-data)' (pid 1038) exited with status 0 waiting took 2.054000 seconds
<14>[    7.491864] init: Sending SIGKILL to service 'exec 12 (/data/adb/ksud post-fs-data)' (pid 1038) process group...
<14>[    7.492038] libprocessgroup: Removed cgroup /sys/fs/cgroup/system/uid_0/pid_1038
<14>[    7.492086] init: processing action (post-fs-data) from (/system/etc/init/hw/init.usb.rc:6)
<14>[    7.492206] init: Verified that /data/adb has the encryption policy 5c1ceba04fa97fb1952b2a9c3867d3ca v2 modes 1/4 flags 0xa
<14>[    7.492210] init: processing action (post-fs-data) from (/vendor/etc/init/hw/init.qcom.rc:217)
<14>[    7.494018] init: Command 'rm /data/vendor/radio/shmbus' action=post-fs-data (/vendor/etc/init/hw/init.qcom.rc:275) took 0ms and failed: unlink() failed: No such file or directory
<14>[    7.495849] init: Command 'copy /vendor/radio/qcril_database/qcril.db /data/vendor/radio/qcril_prebuilt.db' action=post-fs-data (/vendor/etc/init/hw/init.qcom.rc:340) took 0ms and failed: Could not read input file '/vendor/radio/qcril_database/qcril.db': open() failed: No such file or directory
<14>[    7.495943] init: Command 'copy /vendor/radio/qcril_database/qcrilNr.db /data/vendor/radio/qcrilNr_prebuilt.db' action=post-fs-data (/vendor/etc/init/hw/init.qcom.rc:343) took 0ms and failed: Could not read input file '/vendor/radio/qcril_database/qcrilNr.db': open() failed: No such file or directory
<14>[    7.497986] init: processing action (post-fs-data) from (/vendor/etc/init/hw/init.target.rc:94)
<7>[    7.498289] cnss: File system is ready, fs_ready is 1, count is 1
<7>[    7.498292] cnss: Posting event: COLD_BOOT_CAL_START(5), state: 0x0 flags: 0x0
<7>[    7.498294] cnss: PM stay awake, state: 0x0, count: 1
<7>[    7.498303] cnss: PM relax, state: 0x0, count: 0
<7>[    7.498308] cnss: PM stay awake, state: 0x0, count: 1
<7>[    7.498311] cnss: Processing driver event: COLD_BOOT_CAL_START(5), state: 0x0
<7>[    7.498315] cnss: Regulator vdd-wlan-io is being enabled
<7>[    7.498319] cnss: Regulator wlan-ant-switch is being enabled
<7>[    7.498645] cnss: Regulator vdd-wlan-aon is being enabled
<7>[    7.499216] cnss: Regulator vdd-wlan-dig is being enabled
<7>[    7.499293] cnss: Regulator vdd-wlan-rfa1 is being enabled
<7>[    7.499363] cnss: Regulator vdd-wlan-rfa2 is being enabled
<7>[    7.499394] cnss: BT_EN_GPIO State: Off. Delay WLAN_GPIO enable
<6>[    7.500886] KernelSU: susfs: mark no sucompat checks for pid: '1294', exec: '/system/bin/recovery-persist'
<6>[    7.503544] KernelSU: susfs: mark no sucompat checks for pid: '1295', exec: '/vendor/bin/init.qti.display_boot.sh'
<6>[    7.506150] KernelSU: susfs: mark no sucompat checks for pid: '1296', exec: '/vendor/bin/time_daemon'
<6>[    7.509403] KernelSU: susfs: mark no sucompat checks for pid: '1297', exec: '/system/vendor/bin/ipacm'
<6>[    7.513274] KernelSU: susfs: mark no sucompat checks for pid: '1299', exec: '/vendor/bin/tri-state-key-calibrate'
<6>[    7.521067] KernelSU: susfs: mark no sucompat checks for pid: '1302', exec: '/apex/com.android.tethering/bin/netbpfload'
<6>[    7.531458] [tri_state_key]  proc_hall_data_calib_write : temp is 38,110,71,75,112,41:
<6>[    7.531463] [tri_state_key]  proc_hall_data_calib_write : data[38 110 71 75 112 41]
<6>[    7.531464] [tri_state_key]  initialCalibValue : Upmin:72, Mdmin:4, Dnmin:-71
<6>[    7.531465] [tri_state_key]  initialCalibValue : up_mid_tol:27, mid_down_tol:30
<6>[    7.532341] [tri_state_key]  ist8801_up_update_threshold : low:87, high:131
<6>[    7.533424] [tri_state_key]  ist8801_down_update_threshold : low:-500, high:500
<6>[    7.534441] [tri_state_key]  reupdata_threshold : tri_key:updata_threshold up:low:87,high: 131
<6>[    7.535160] [tri_state_key]  reupdata_threshold : tri_key:last_d0 is 39 ,last_d1 is 109
<6>[    7.535787] [tri_state_key]  report_calibration_location : no report
<14>[    7.536500] NetBpfLoad: NetBpfLoad (/apex/com.android.tethering/bin/netbpfload) api:36/3610 kver:50a00ef (64-on-aarch64) libbpf: v1.4 uid:0 rc:01
<14>[    7.536862] NetBpfLoad: Tethering APEX version 361099999
<14>[    7.536909] NetBpfLoad: detected 5 of 5: 2025Q4 api:36.1.0
<15>[    7.539676] NetBpfLoad: Loading ELF object /apex/com.android.tethering/etc/bpf/mainline/offload.o with license Apache 2.0
<15>[    7.539681] NetBpfLoad: Processing ELF object /apex/com.android.tethering/etc/bpf/mainline/offload.o
<15>[    7.587722] NetBpfLoad: bpf_create_map[tether_error_map] btf:1 -> 5
<14>[    7.587772] NetBpfLoad: map /sys/fs/bpf/tethering/map_offload_tether_error_map id 1
<15>[    7.587789] NetBpfLoad: bpf_create_map[tether_stats_map] btf:1 -> 6
<14>[    7.587804] NetBpfLoad: map /sys/fs/bpf/tethering/map_offload_tether_stats_map id 2
<15>[    7.587814] NetBpfLoad: bpf_create_map[tether_limit_map] btf:1 -> 7
<7>[    7.611068] cnss: Assert WLAN_EN GPIO successfully
<7>[    7.611074] cnss: Resuming PCI link
<6>[    7.611093] msm_pcie_enable: PCIe: Assert the reset of endpoint of RC0.
<6>[    7.614407] msm_pcie_enable: PCIe: RC0: PCIE20_PARF_INT_ALL_MASK: 0x7f80c202
<6>[    7.616463] pcie_phy_init: PCIe RC0 PHY is ready!
<6>[    7.626641] msm_pcie_enable: PCIe: Release the reset of endpoint of RC0.
<6>[    7.643181] msm_pcie_link_train: PCIe RC0 link initialized
<7>[    7.656287] cnss: Setting MHI state: INIT(0)
<7>[    7.657736] cnss: Setting MHI state: POWER_ON(2)
<4>[    7.657808] genirq: irq_chip gic_msm_pci_msi did not update eff. affinity mask of irq 333
<4>[    7.657903] cnss_pci 0000:01:00.0: Direct firmware load for qca6490/amss.bin failed with error -2
<4>[    7.657904] cnss_pci 0000:01:00.0: Falling back to sysfs fallback for: qca6490/amss.bin
<14>[    7.659108] ueventd: firmware: loading 'qca6490/amss.bin' for '/devices/platform/soc/1c00000.qcom,pcie/pci0000:00/0000:00:00.0/0000:01:00.0/firmware/qca6490!amss.bin'
<4>[    7.812289] printk: netbpfload: 267 output lines suppressed due to ratelimiting
<6>[    7.814632] KernelSU: susfs: mark no sucompat checks for pid: '1333', exec: '/system/bin/netd'
<6>[    7.816297] KernelSU: exec zygote, /data prepared, second_stage: 1
<6>[    7.816299] KernelSU: stop execve_hook
<6>[    7.816322] KernelSU: on_post_fs_data already done
<6>[    7.820134] Mass Storage Function, version: 2009/09/11
<6>[    7.820136] LUN: removable file: (no medium)
<6>[    7.822400] file system registered
<6>[    7.823675] f_cdev_alloc: port_name:at_usb0 (0000000000000000) portno:(0)
<6>[    7.824604] f_cdev_alloc: port_name:at_usb1 (0000000000000000) portno:(1)
<6>[    7.825507] f_cdev_alloc: port_name:at_usb2 (0000000000000000) portno:(2)
<6>[    7.827627] KernelSU: ksu fd installed: 6 for pid 1336
<6>[    7.827628] KernelSU: [1336] install ksu fd: 6
<6>[    7.827632] KernelSU: kernel_umount: set to 0
<4>[    7.832233] using random self ethernet address
<4>[    7.832235] using random host ethernet address
<6>[    7.842947] KernelSU: susfs: mark no sucompat checks for pid: '1352', exec: '/vendor/bin/init.qcom.usb.sh'
<6>[    7.843371] KernelSU: ksu fd installed: 6 for pid 1339
<6>[    7.843373] KernelSU: [1339] install ksu fd: 6
<6>[    7.843376] KernelSU: kernel_umount: set to 0
<6>[    7.904059] aw8697_ram_work_routine enter
<3>[    7.904061] aw8697_ram_update: aw8697->haptic_real_f0 [170]
<6>[    7.904066] aw8697_ram_update:9595 haptic bin name  aw8697_haptic_170.bin 
<4>[    7.904091] aw8697_haptic 6-005a: Direct firmware load for aw8697_haptic_170.bin failed with error -2
<4>[    7.904093] aw8697_haptic 6-005a: Falling back to sysfs fallback for: aw8697_haptic_170.bin
<14>[    7.905364] ueventd: firmware: loading 'aw8697_haptic_170.bin' for '/devices/platform/soc/88c000.i2c/i2c-6/6-005a/firmware/aw8697_haptic_170.bin'
<14>[    7.906213] ueventd: found /odm/firmware/aw8697_haptic_170.bin for /devices/platform/soc/88c000.i2c/i2c-6/6-005a/firmware/aw8697_haptic_170.bin
<6>[    7.906487] aw8697_ram_loaded enter
<6>[    7.906490] aw8697_ram_loaded: check sum pass : 0xbf3a
<6>[    7.906495] aw8697_container_update enter
<14>[    7.906550] ueventd: loading /devices/platform/soc/88c000.i2c/i2c-6/6-005a/firmware/aw8697_haptic_170.bin took 1ms
<6>[    7.907025] aw8697_container_update: base_addr=0x 800
<4>[    7.916412] subsys-pil-tz 98900000.qcom,turing: Direct firmware load for cdsp.mdt failed with error -2
<4>[    7.916414] subsys-pil-tz 98900000.qcom,turing: Falling back to sysfs fallback for: cdsp.mdt
<4>[    7.917312] subsys-pil-tz 17300000.qcom,lpass: Direct firmware load for adsp.mdt failed with error -2
<4>[    7.917314] subsys-pil-tz 17300000.qcom,lpass: Falling back to sysfs fallback for: adsp.mdt
<14>[    7.917371] ueventd: firmware: loading 'cdsp.mdt' for '/devices/platform/soc/98900000.qcom,turing/firmware/cdsp.mdt'
<14>[    7.917606] ueventd: found /vendor/firmware_mnt/image/cdsp.mdt for /devices/platform/soc/98900000.qcom,turing/firmware/cdsp.mdt
<14>[    7.918179] ueventd: firmware: loading 'adsp.mdt' for '/devices/platform/soc/17300000.qcom,lpass/firmware/adsp.mdt'
<14>[    7.918392] ueventd: loading /devices/platform/soc/98900000.qcom,turing/firmware/cdsp.mdt took 1ms
<6>[    7.918421] subsys-pil-tz 98900000.qcom,turing: cdsp: loading from 0x0000000089700000 to 0x000000008b500000
<14>[    7.918884] ueventd: found /vendor/firmware_mnt/image/adsp.mdt for /devices/platform/soc/17300000.qcom,lpass/firmware/adsp.mdt
<14>[    7.919158] ueventd: loading /devices/platform/soc/17300000.qcom,lpass/firmware/adsp.mdt took 1ms
<6>[    7.920088] subsys-pil-tz 17300000.qcom,lpass: adsp: loading from 0x0000000086100000 to 0x0000000088200000
<4>[    7.921847] subsys-pil-tz 98900000.qcom,turing: Direct firmware load for cdsp.b02 failed with error -2
<4>[    7.921848] subsys-pil-tz 98900000.qcom,turing: Falling back to sysfs fallback for: cdsp.b02
<4>[    7.921859] subsys-pil-tz 98900000.qcom,turing: Direct firmware load for cdsp.b03 failed with error -2
<4>[    7.921861] subsys-pil-tz 98900000.qcom,turing: Falling back to sysfs fallback for: cdsp.b03
<4>[    7.921870] subsys-pil-tz 98900000.qcom,turing: Direct firmware load for cdsp.b04 failed with error -2
<4>[    7.921871] subsys-pil-tz 98900000.qcom,turing: Falling back to sysfs fallback for: cdsp.b04
<4>[    7.921985] subsys-pil-tz 98900000.qcom,turing: Direct firmware load for cdsp.b05 failed with error -2
<4>[    7.921986] subsys-pil-tz 98900000.qcom,turing: Falling back to sysfs fallback for: cdsp.b05
<4>[    7.922093] subsys-pil-tz 98900000.qcom,turing: Direct firmware load for cdsp.b06 failed with error -2
<4>[    7.922094] subsys-pil-tz 98900000.qcom,turing: Falling back to sysfs fallback for: cdsp.b06
<4>[    7.922297] subsys-pil-tz 98900000.qcom,turing: Direct firmware load for cdsp.b07 failed with error -2
<4>[    7.922298] subsys-pil-tz 98900000.qcom,turing: Falling back to sysfs fallback for: cdsp.b07
<4>[    7.922339] subsys-pil-tz 98900000.qcom,turing: Direct firmware load for cdsp.b08 failed with error -2
<4>[    7.922341] subsys-pil-tz 98900000.qcom,turing: Falling back to sysfs fallback for: cdsp.b08
<4>[    7.923319] subsys-pil-tz 98900000.qcom,turing: Direct firmware load for cdsp.b09 failed with error -2
<4>[    7.923320] subsys-pil-tz 98900000.qcom,turing: Falling back to sysfs fallback for: cdsp.b09
<4>[    7.925418] subsys-pil-tz 98900000.qcom,turing: Direct firmware load for cdsp.b10 failed with error -2
<4>[    7.925420] subsys-pil-tz 98900000.qcom,turing: Falling back to sysfs fallback for: cdsp.b10
<4>[    7.925586] subsys-pil-tz 98900000.qcom,turing: Direct firmware load for cdsp.b11 failed with error -2
<4>[    7.925587] subsys-pil-tz 98900000.qcom,turing: Falling back to sysfs fallback for: cdsp.b11
<4>[    7.925720] subsys-pil-tz 98900000.qcom,turing: Direct firmware load for cdsp.b12 failed with error -2
<4>[    7.925722] subsys-pil-tz 98900000.qcom,turing: Falling back to sysfs fallback for: cdsp.b12
<4>[    7.927986] subsys-pil-tz 98900000.qcom,turing: Direct firmware load for cdsp.b13 failed with error -2
<4>[    7.927989] subsys-pil-tz 98900000.qcom,turing: Falling back to sysfs fallback for: cdsp.b13
<4>[    7.928328] subsys-pil-tz 98900000.qcom,turing: Direct firmware load for cdsp.b14 failed with error -2
<4>[    7.928329] subsys-pil-tz 98900000.qcom,turing: Falling back to sysfs fallback for: cdsp.b14
<4>[    7.928602] subsys-pil-tz 98900000.qcom,turing: Direct firmware load for cdsp.b15 failed with error -2
<4>[    7.928603] subsys-pil-tz 98900000.qcom,turing: Falling back to sysfs fallback for: cdsp.b15
<4>[    7.928661] subsys-pil-tz 17300000.qcom,lpass: Direct firmware load for adsp.b02 failed with error -2
<4>[    7.928663] subsys-pil-tz 17300000.qcom,lpass: Falling back to sysfs fallback for: adsp.b02
<4>[    7.928748] subsys-pil-tz 17300000.qcom,lpass: Direct firmware load for adsp.b03 failed with error -2
<4>[    7.928749] subsys-pil-tz 17300000.qcom,lpass: Falling back to sysfs fallback for: adsp.b03
<4>[    7.928986] subsys-pil-tz 17300000.qcom,lpass: Direct firmware load for adsp.b04 failed with error -2
<4>[    7.928988] subsys-pil-tz 17300000.qcom,lpass: Falling back to sysfs fallback for: adsp.b04
<4>[    7.929096] subsys-pil-tz 17300000.qcom,lpass: Direct firmware load for adsp.b05 failed with error -2
<4>[    7.929097] subsys-pil-tz 17300000.qcom,lpass: Falling back to sysfs fallback for: adsp.b05
<4>[    7.929176] subsys-pil-tz 17300000.qcom,lpass: Direct firmware load for adsp.b06 failed with error -2
<4>[    7.929177] subsys-pil-tz 17300000.qcom,lpass: Falling back to sysfs fallback for: adsp.b06
<4>[    7.929237] subsys-pil-tz 17300000.qcom,lpass: Direct firmware load for adsp.b07 failed with error -2
<4>[    7.929238] subsys-pil-tz 17300000.qcom,lpass: Falling back to sysfs fallback for: adsp.b07
<4>[    7.929357] subsys-pil-tz 17300000.qcom,lpass: Direct firmware load for adsp.b08 failed with error -2
<4>[    7.929360] subsys-pil-tz 17300000.qcom,lpass: Falling back to sysfs fallback for: adsp.b08
<4>[    7.929410] subsys-pil-tz 17300000.qcom,lpass: Direct firmware load for adsp.b09 failed with error -2
<4>[    7.929412] subsys-pil-tz 17300000.qcom,lpass: Falling back to sysfs fallback for: adsp.b09
<4>[    7.929589] subsys-pil-tz 17300000.qcom,lpass: Direct firmware load for adsp.b10 failed with error -2
<4>[    7.929591] subsys-pil-tz 17300000.qcom,lpass: Falling back to sysfs fallback for: adsp.b10
<4>[    7.929692] subsys-pil-tz 17300000.qcom,lpass: Direct firmware load for adsp.b11 failed with error -2
<4>[    7.929694] subsys-pil-tz 17300000.qcom,lpass: Falling back to sysfs fallback for: adsp.b11
<4>[    7.929763] subsys-pil-tz 17300000.qcom,lpass: Direct firmware load for adsp.b12 failed with error -2
<4>[    7.929765] subsys-pil-tz 17300000.qcom,lpass: Falling back to sysfs fallback for: adsp.b12
<4>[    7.929855] subsys-pil-tz 17300000.qcom,lpass: Direct firmware load for adsp.b13 failed with error -2
<4>[    7.929856] subsys-pil-tz 17300000.qcom,lpass: Falling back to sysfs fallback for: adsp.b13
<4>[    7.929984] subsys-pil-tz 17300000.qcom,lpass: Direct firmware load for adsp.b14 failed with error -2
<4>[    7.929985] subsys-pil-tz 17300000.qcom,lpass: Falling back to sysfs fallback for: adsp.b14
<4>[    7.930062] subsys-pil-tz 17300000.qcom,lpass: Direct firmware load for adsp.b15 failed with error -2
<4>[    7.930063] subsys-pil-tz 17300000.qcom,lpass: Falling back to sysfs fallback for: adsp.b15
<4>[    7.930172] subsys-pil-tz 17300000.qcom,lpass: Direct firmware load for adsp.b16 failed with error -2
<4>[    7.930174] subsys-pil-tz 17300000.qcom,lpass: Falling back to sysfs fallback for: adsp.b16
<4>[    7.930245] subsys-pil-tz 17300000.qcom,lpass: Direct firmware load for adsp.b17 failed with error -2
<4>[    7.930248] subsys-pil-tz 17300000.qcom,lpass: Falling back to sysfs fallback for: adsp.b17
<4>[    7.930944] subsys-pil-tz 17300000.qcom,lpass: Direct firmware load for adsp.b18 failed with error -2
<4>[    7.930946] subsys-pil-tz 17300000.qcom,lpass: Falling back to sysfs fallback for: adsp.b18
<4>[    7.931513] subsys-pil-tz 17300000.qcom,lpass: Direct firmware load for adsp.b19 failed with error -2
<4>[    7.931515] subsys-pil-tz 17300000.qcom,lpass: Falling back to sysfs fallback for: adsp.b19
<4>[    7.932093] subsys-pil-tz 17300000.qcom,lpass: Direct firmware load for adsp.b20 failed with error -2
<4>[    7.932095] subsys-pil-tz 17300000.qcom,lpass: Falling back to sysfs fallback for: adsp.b20
<4>[    7.932315] subsys-pil-tz 17300000.qcom,lpass: Direct firmware load for adsp.b21 failed with error -2
<4>[    7.932316] subsys-pil-tz 17300000.qcom,lpass: Falling back to sysfs fallback for: adsp.b21
<4>[    7.932435] subsys-pil-tz 17300000.qcom,lpass: Direct firmware load for adsp.b22 failed with error -2
<4>[    7.932436] subsys-pil-tz 17300000.qcom,lpass: Falling back to sysfs fallback for: adsp.b22
<4>[    7.933010] subsys-pil-tz 17300000.qcom,lpass: Direct firmware load for adsp.b23 failed with error -2
<4>[    7.933011] subsys-pil-tz 17300000.qcom,lpass: Falling back to sysfs fallback for: adsp.b23
<4>[    7.934089] subsys-pil-tz 17300000.qcom,lpass: Direct firmware load for adsp.b24 failed with error -2
<4>[    7.934091] subsys-pil-tz 17300000.qcom,lpass: Falling back to sysfs fallback for: adsp.b24
<4>[    7.934450] subsys-pil-tz 17300000.qcom,lpass: Direct firmware load for adsp.b25 failed with error -2
<4>[    7.934451] subsys-pil-tz 17300000.qcom,lpass: Falling back to sysfs fallback for: adsp.b25
<4>[    7.960983] cnss_pci 0000:01:00.0: Direct firmware load for amss.bin failed with error -2
<4>[    7.960986] cnss_pci 0000:01:00.0: Falling back to sysfs fallback for: amss.bin
<7>[    7.968513] cnss: MHI status cb is called with reason FW_FALLBACK(9)
<7>[    7.968517] cnss: Get device version info, family number: 0x4, device number: 0xc, major version: 0x1, minor version: 0x10
<7>[    7.968519] cnss: FW name is amss.bin, FW fallback name is amss.bin
<6>[    7.978883] subsys-pil-tz 98900000.qcom,turing: cdsp: Brought out of reset
<6>[    7.978889] subsys-pil-tz: subsys_powerup(): pil_boot is successful from cdsp and waiting for error ready
<6>[    7.981333] subsys-pil-tz 98900000.qcom,turing: cdsp: Power/Clock ready interrupt received
<6>[    7.981460] subsys-pil-tz: subsys_err_ready_intr_handler(): Subsystem error monitoring/handling services are up fromcdsp
<6>[    7.981702] adsprpc: fastrpc_restart_notifier_cb: cdsp subsystem is up
<6>[    7.982001] qcom_smd_qrtr_probe:Entered
<6>[    7.982203] msm_cvp: sess: Opening cvp instance: 0000000000000000
<6>[    7.982312] qcom_smd_qrtr_probe:SMD QRTR driver probed
<6>[    7.982576] sysmon-qmi: ssctl_new_server: Connection established between QMI handle and cdsp's SSCTL service
<6>[    7.982647] coresight-remote-etm soc:turing_etm0: Connection established between QMI handle and 13 service
<6>[    7.984869] subsys-restart: __subsystem_get(): Changing subsys fw_name to evass
<4>[    7.985073] subsys-pil-tz abb0000.qcom,evass: Direct firmware load for evass.mdt failed with error -2
<4>[    7.985074] subsys-pil-tz abb0000.qcom,evass: Falling back to sysfs fallback for: evass.mdt
<6>[    7.986472] Info: adsprpc (5254): kworker/0:3: fastrpc_rpmsg_probe: opened rpmsg channel for cdsp
<6>[    7.987352] subsys-pil-tz abb0000.qcom,evass: evass: loading from 0x0000000085c00000 to 0x00000000860e9000
<6>[    8.011128] cfg80211: failed to load regulatory.db
<6>[    8.031933] aw8697_container_update exit
<6>[    8.031937] aw8697_ram_loaded: fw update complete
<6>[    8.033182] aw8697_rtp_update enter
<4>[    8.033199] aw8697_haptic 6-005a: Direct firmware load for aw8697_rtp.bin failed with error -2
<4>[    8.033201] aw8697_haptic 6-005a: Falling back to sysfs fallback for: aw8697_rtp.bin
<6>[    8.035374] aw8697_rtp_loaded enter
<6>[    8.035376] aw8697_rtp_loaded: loaded aw8697_rtp.bin - size: 72000
<6>[    8.035380] aw8697_rtp_loaded: rtp size = 72000
<6>[    8.035386] aw8697_rtp_loaded: rtp update complete
<6>[    8.049819] subsys-pil-tz 17300000.qcom,lpass: adsp: Brought out of reset
<6>[    8.049824] subsys-pil-tz: subsys_powerup(): pil_boot is successful from adsp and waiting for error ready
<6>[    8.071642] subsys-pil-tz 17300000.qcom,lpass: adsp: Power/Clock ready interrupt received
<6>[    8.071738] subsys-pil-tz: subsys_err_ready_intr_handler(): Subsystem error monitoring/handling services are up fromadsp
<6>[    8.072394] adsprpc: fastrpc_restart_notifier_cb: adsp subsystem is up
<3>[    8.072397] adsp-loader soc:qcom,msm-adsp-loader: adsp_load_fw: Q6/ADSP image is loaded debug
<6>[    8.072854] qcom_smd_qrtr_probe:Entered
<6>[    8.073065] qcom_smd_qrtr_probe:SMD QRTR driver probed
<6>[    8.073897] sysmon-qmi: ssctl_new_server: Connection established between QMI handle and adsp's SSCTL service
<6>[    8.075709] coresight-remote-etm soc:audio_etm0: Connection established between QMI handle and 5 service
<7>[    8.075922] cnss: DRV subsystem is connected
<6>[    8.078855] Info: adsprpc (5254): kworker/0:2: fastrpc_rpmsg_probe: opened rpmsg channel for adsp
<6>[    8.079457] apr_tal_rpmsg soc:adsp.apr_audio_svc.-1.-1: apr_tal_rpmsg_probe: Channel[apr_audio_svc] state[Up]
<4>[    8.089014] subsys-pil-tz abb0000.qcom,evass: Direct firmware load for evass.b02 failed with error -2
<4>[    8.089017] subsys-pil-tz abb0000.qcom,evass: Falling back to sysfs fallback for: evass.b02
<4>[    8.089018] subsys-pil-tz abb0000.qcom,evass: Direct firmware load for evass.b03 failed with error -2
<4>[    8.089019] subsys-pil-tz abb0000.qcom,evass: Falling back to sysfs fallback for: evass.b03
<4>[    8.089031] subsys-pil-tz abb0000.qcom,evass: Direct firmware load for evass.b04 failed with error -2
<4>[    8.089033] subsys-pil-tz abb0000.qcom,evass: Falling back to sysfs fallback for: evass.b04
<4>[    8.089043] subsys-pil-tz abb0000.qcom,evass: Direct firmware load for evass.b05 failed with error -2
<4>[    8.089044] subsys-pil-tz abb0000.qcom,evass: Falling back to sysfs fallback for: evass.b05
<4>[    8.089075] subsys-pil-tz abb0000.qcom,evass: Direct firmware load for evass.b06 failed with error -2
<4>[    8.089076] subsys-pil-tz abb0000.qcom,evass: Falling back to sysfs fallback for: evass.b06
<4>[    8.089083] subsys-pil-tz abb0000.qcom,evass: Direct firmware load for evass.b07 failed with error -2
<4>[    8.089084] subsys-pil-tz abb0000.qcom,evass: Falling back to sysfs fallback for: evass.b07
<4>[    8.089093] subsys-pil-tz abb0000.qcom,evass: Direct firmware load for evass.b08 failed with error -2
<4>[    8.089094] subsys-pil-tz abb0000.qcom,evass: Falling back to sysfs fallback for: evass.b08
<4>[    8.089106] subsys-pil-tz abb0000.qcom,evass: Direct firmware load for evass.b09 failed with error -2
<4>[    8.089108] subsys-pil-tz abb0000.qcom,evass: Falling back to sysfs fallback for: evass.b09
<4>[    8.089147] subsys-pil-tz abb0000.qcom,evass: Direct firmware load for evass.b10 failed with error -2
<4>[    8.089148] subsys-pil-tz abb0000.qcom,evass: Falling back to sysfs fallback for: evass.b10
<4>[    8.089189] subsys-pil-tz abb0000.qcom,evass: Direct firmware load for evass.b19 failed with error -2
<4>[    8.089190] subsys-pil-tz abb0000.qcom,evass: Falling back to sysfs fallback for: evass.b19
<14>[    8.093737] servicemanager: Notifying apexservice they don't (previously: do) have clients when we now have no record of a client
<6>[    8.102257] subsys-pil-tz abb0000.qcom,evass: evass: Brought out of reset
<6>[    8.102264] subsys-pil-tz: subsys_powerup(): pil_boot is successful from evass and waiting for error ready
<6>[    8.115675] msm_cvp: warn: cvp_dsp_send_hfi_queue: Done init of HFI queue headers
<6>[    8.117389] msm_cvp:  err: hfi_process_sys_get_prop_image_version: bad_pkt: -316
<6>[    8.117405] msm_cvp:  err: Failed to create debugfs for msm_cvp
<3>[    8.117410] synx: session 0 not available, pid: 444
<3>[    8.117419] synx: synx_uninitialize: invalid session id 0
<6>[    8.117422] msm_cvp: sess: Closed cvp instance: 0000000000000000 session_id = 0
<6>[    8.119000] KernelSU: susfs: mark no sucompat checks for pid: '1465', exec: '/vendor/bin/init.qcom.early_boot.sh'
<3>[    8.133594] [OPLUS_CHG][oplus_chg_parse_swarp_dt]oplus_parse_swarp_dt, chip->vbatt_num = 2,chip->warp_project = 3.
<6>[    8.135045] OPLUS_CHG[PMIC]: battery_chg_parse_dt[1733]: otg type: 0
<3>[    8.135145] [OPLUS_CHG][oplus_chg_parse_charger_dt]usb_high_than_bat_decidegc:100
<3>[    8.135155] [OPLUS_CHG][oplus_chg_parse_charger_dt] CONFIG_HIGH_TEMP_VERSION disabled
<3>[    8.135231] [OPLUS_CHG][oplus_chg_parse_charger_dt] normal_phase1_bat_decidegc fail
<3>[    8.135241] [OPLUS_CHG][oplus_chg_parse_charger_dt] temp_normal_phase1_vfloat_mv fail
<3>[    8.135253] [OPLUS_CHG][oplus_chg_parse_charger_dt] temp_normal_phase1_fastchg_current_ma fail
<3>[    8.135262] [OPLUS_CHG][oplus_chg_parse_charger_dt] normal_phase2_bat_decidegc fail
<3>[    8.135272] [OPLUS_CHG][oplus_chg_parse_charger_dt] temp_normal_phase2_vfloat_mv fail
<3>[    8.135281] [OPLUS_CHG][oplus_chg_parse_charger_dt] temp_normal_phase2_fastchg_current_ma_high fail
<3>[    8.135291] [OPLUS_CHG][oplus_chg_parse_charger_dt] temp_normal_phase2_fastchg_current_ma_low fail
<3>[    8.135301] [OPLUS_CHG][oplus_chg_parse_charger_dt] normal_phase3_bat_decidegc fail
<3>[    8.135310] [OPLUS_CHG][oplus_chg_parse_charger_dt] temp_normal_phase3_vfloat_mv fail
<3>[    8.135319] [OPLUS_CHG][oplus_chg_parse_charger_dt] temp_normal_phase3_fastchg_current_ma_high fail
<3>[    8.135328] [OPLUS_CHG][oplus_chg_parse_charger_dt] temp_normal_phase3_fastchg_current_ma_low fail
<3>[    8.135337] [OPLUS_CHG][oplus_chg_parse_charger_dt] normal_phase4_bat_decidegc fail
<3>[    8.135346] [OPLUS_CHG][oplus_chg_parse_charger_dt] temp_normal_phase4_vfloat_mv fail
<3>[    8.135355] [OPLUS_CHG][oplus_chg_parse_charger_dt] temp_normal_phase4_fastchg_current_ma_high fail
<3>[    8.135363] [OPLUS_CHG][oplus_chg_parse_charger_dt] temp_normal_phase4_fastchg_current_ma_low fail
<3>[    8.135372] [OPLUS_CHG][oplus_chg_parse_charger_dt] normal_phase5_bat_decidegc fail
<3>[    8.135380] [OPLUS_CHG][oplus_chg_parse_charger_dt] temp_normal_phase5_vfloat_mv fail
<3>[    8.135390] [OPLUS_CHG][oplus_chg_parse_charger_dt] temp_normal_phase5_fastchg_current_ma fail
<5>[    8.135414] [OPLUS_CHG][oplus_chg_parse_charger_dt]normal_phase1_bat_decidegc = 0, \x09\x09\x09temp_normal_phase1_vfloat_mv = 0, \x09\x09\x09temp_normal_phase1_fastchg_current_ma = 0, \x09\x09\x09normal_phase2_bat_decidegc = 0, \x09\x09\x09temp_normal_phase2_vfloat_mv = 0, \x09\x09\x09temp_normal_phase2_fastchg_current_ma_high = 0, \x09\x09\x09temp_normal_phase2_fastchg_current_ma_low = 0, \x09\x09\x09normal_phase3_bat_decidegc = 0, \x09\x09\x09temp_normal_phase3_vfloat_mv = 0, \x09\x09\x09temp_normal_phase3_fastchg_current_ma_high = 0, \x09\x09\x09temp_normal_phase3_fastchg_current_ma_low = 0, \x09\x09\x09normal_phase4_bat_decidegc = 0, \x09\x09\x09temp_normal_phase4_vfloat_mv = 0, \x09\x09\x09temp_normal_phase4_fastchg_current_ma_high = 0, \x09\x09\x09temp_normal_phase4_fastchg_current_ma_low = 0, \x09\x09\x09normal_phase5_bat_decidegc = 0, \x09\x09\x09temp_normal_phase5_vfloat_mv = 0, \x09\x09\x09temp_normal_phase5_fastchg_current_ma = 0, \x09\x09\x09normal_phase6_bat_decidegc = 420, \x09\x09\x09temp_normal_phase6_vfloat_mv = 0, \x09\x09\x09temp_normal_phase6_fastchg_current_ma = 0
<5>[    8.135533] [OPLUS_CHG][oplus_chg_parse_charger_dt]vbatt_power_off = 3300, \x09\x09\x09vbatt_soc_1 = 3310, \x09\x09\x09normal_vterm_hw_inc = 18, \x09\x09\x09, \x09\x09\x09non_normal_vterm_hw_inc = 18, \x09\x09\x09vbatt_pdqc_to_9v_thr = 4000, \x09\x09\x09vbatt_pdqc_to_5v_thr = -22
<5>[    8.135623] [OPLUS_CHG][oplus_chg_parse_charger_dt]ff1_normal_fastchg_ma = 550, \x09\x09\x09ffc2_temp_warm_decidegc = 350, \x09\x09\x09ffc2_temp_high_decidegc = 400, \x09\x09\x09ffc2_normal_fastchg_ma = 350, \x09\x09\x09chip->limits.ffc2_warm_fastchg_ma = 350, \x09\x09\x09ffc2_exit_step_ma = 200, \x09\x09\x09ffc_normal_vfloat_sw_limit = 4445, \x09\x09\x09ffc_warm_vfloat_sw_limit = 4445, \x09\x09\x09ffc2_normal_vfloat_sw_limit = 4445, \x09\x09\x09ffc2_warm_vfloat_sw_limit = 4445, \x09\x09\x09ffc1_temp_normal_vfloat_mv = 4500, \x09\x09\x09ffc2_temp_normal_vfloat_mv = 4500, \x09\x09\x09ffc_normal_vfloat_over_sw_limit = 4500 \x09\x09\x09ffc2_temp_low_decidegc = 120 \x09\x09\x09limits.ff1_exit_step_ma = 400 \x09\x09\x09limits.ff1_warm_exit_step_ma = 400 \x09\x09\x09pd_input_current_charger_ma = 2000 \x09\x09\x09qc_input_current_charger_ma = 2000
<5>[    8.135649] [OPLUS_CHG][oplus_chg_parse_charger_dt]default_iterm_ma = 130, \x09\x09\x09default_temp_normal_fastchg_current_ma = 2200, \x09\x09\x09default_normal_vfloat_sw_limit = 4385, \x09\x09\x09default_temp_normal_vfloat_mv = 4435, \x09\x09\x09default_normal_vfloat_over_sw_limit = 4445
<5>[    8.135673] [OPLUS_CHG][oplus_chg_parse_charger_dt]default_temp_little_cool_fastchg_current_ma = 1100, \x09\x09\x09default_little_cool_vfloat_sw_limit = 4385, \x09\x09\x09default_temp_little_cool_vfloat_mv = 4435, \x09\x09\x09default_little_cool_vfloat_over_sw_limit = 4445
<5>[    8.135808] [OPLUS_CHG][oplus_chg_parse_charger_dt]chip->support_abnormal_vol_check:1
<5>[    8.135824] [OPLUS_CHG][oplus_chg_parse_charger_dt]input_current_charger_ma = 2000, \x09\x09\x09input_current_usb_ma = 500, \x09\x09\x09input_current_led_ma = 1200, \x09\x09\x09input_current_led_ma_normal = 2000, \x09\x09\x09input_current_led_ma_warm = 2000, \x09\x09\x09input_current_led_ma_high = 2000, \x09\x09\x09temp_normal_fastchg_current_ma = 1100, \x09\x09\x09temp_normal_vfloat_mv = 4430, \x09\x09\x09iterm_ma = 125, \x09\x09\x09recharge_mv = 100, \x09\x09\x09cold_bat_decidegc = -20, \x09\x09\x09temp_cold_vfloat_mv = 3980, \x09\x09\x09temp_cold_fastchg_current_ma = 0, \x09\x09\x09little_cold_bat_decidegc = 0, \x09\x09\x09temp_little_cold_vfloat_mv = 4435, \x09\x09\x09temp_little_cold_fastchg_current_ma = 1150, \x09\x09\x09cool_bat_decidegc = 50, \x09\x09\x09temp_cool_vfloat_mv = 4435, \x09\x09\x09temp_cool_fastchg_current_ma_high = 1800, \x09\x09\x09temp_cool_fastchg_current_ma_low = 1800, \x09\x09\x09little_cool_bat_decidegc = 120, \x09\x09\x09temp_little_cool_vfloat_mv = 4435, \x09\x09\x09temp_little_cool_fastchg_current_ma = 1100, \x09\x09\x09normal_bat_decidegc = 160, \x09\x09\x09warm_bat_decidegc = 470, \x09\x09\x09temp_warm_vfloat_mv = 4120, \x09\x09\x09temp_warm_fastchg_current_ma = 600, 
<3>[    8.135863] [OPLUS_CHG][oplus_chg_parse_charger_dt]warp_chg_led_on_strategy[0]: -20 340 1800 1 0
<3>[    8.135869] [OPLUS_CHG][oplus_chg_parse_charger_dt]warp_chg_led_on_strategy[1]: -20 370 1000 2 0
<3>[    8.135874] [OPLUS_CHG][oplus_chg_parse_charger_dt]warp_chg_led_on_strategy[2]: 360 390 800 3 1
<3>[    8.135879] [OPLUS_CHG][oplus_chg_parse_charger_dt]warp_chg_led_on_strategy[3]: 380 650 500 3 2
<3>[    8.135889] [OPLUS_CHG][oplus_chg_parse_charger_dt]pd9v_chg_led_on_strategy[0]: -20 340 3000 1 0
<3>[    8.135895] [OPLUS_CHG][oplus_chg_parse_charger_dt]pd9v_chg_led_on_strategy[1]: -20 370 2000 2 0
<3>[    8.135900] [OPLUS_CHG][oplus_chg_parse_charger_dt]pd9v_chg_led_on_strategy[2]: 360 390 1000 3 1
<3>[    8.135905] [OPLUS_CHG][oplus_chg_parse_charger_dt]pd9v_chg_led_on_strategy[3]: 380 650 500 3 2
<3>[    8.135914] pd5v_chg_led_on_strategy[0]: -20 340 1100 1 0
<3>[    8.135918] pd5v_chg_led_on_strategy[1]: -20 370 1000 2 0
<3>[    8.135923] pd5v_chg_led_on_strategy[2]: 360 390 800 3 1
<3>[    8.135927] pd5v_chg_led_on_strategy[3]: 380 650 500 3 2
<3>[    8.135938] swarp_chg_led_on_strategy[0]: -20 340 12 1 0
<3>[    8.135943] swarp_chg_led_on_strategy[1]: -20 370 5 2 0
<3>[    8.135949] swarp_chg_led_on_strategy[2]: 360 390 4 3 1
<3>[    8.135953] swarp_chg_led_on_strategy[3]: 380 650 3 3 2
<3>[    8.135963] swarp_chg_led_off_strategy[0]: -20 410 12 1 0
<3>[    8.135968] swarp_chg_led_off_strategy[1]: 390 650 3 1 0
<3>[    8.135978] swarp_chg_led_off_strategy_high[0]: -20 360 12 1 0
<3>[    8.135983] swarp_chg_led_off_strategy_high[1]: 340 410 7 2 0
<3>[    8.135987] swarp_chg_led_off_strategy_high[2]: 390 650 3 2 1
<3>[    8.135997] normal_chg_led_off_strategy[0]: -20 400 3000 1 0
<3>[    8.136001] normal_chg_led_off_strategy[1]: 370 410 1000 2 0
<3>[    8.136006] normal_chg_led_off_strategy[2]: 380 420 800 3 1
<3>[    8.136010] normal_chg_led_off_strategy[3]: 400 650 500 3 2
<3>[    8.136066] swarp_general_chg_strategy_low[0]: 0 50 3 1 0
<3>[    8.136074] swarp_general_chg_strategy_low[1]: 40 120 4 2 0
<3>[    8.136083] swarp_general_chg_strategy_low[2]: 110 160 9 3 1
<3>[    8.136090] swarp_general_chg_strategy_low[3]: 150 425 12 4 4
<3>[    8.136094] swarp_general_chg_strategy_low[4]: 110 455 9 5 1
<3>[    8.136099] swarp_general_chg_strategy_low[5]: 435 470 7 5 4
<3>[    8.136109] swarp_general_chg_strategy_high[0]: 0 50 3 1 0
<3>[    8.136114] swarp_general_chg_strategy_high[1]: 40 120 4 2 0
<3>[    8.136119] swarp_general_chg_strategy_high[2]: 110 160 9 3 1
<3>[    8.136124] swarp_general_chg_strategy_high[3]: 150 420 12 5 2
<3>[    8.136129] swarp_general_chg_strategy_high[4]: 110 420 9 5 1
<3>[    8.136134] swarp_general_chg_strategy_high[5]: 410 440 7 6 4
<3>[    8.136140] swarp_general_chg_strategy_high[6]: 430 470 3 6 5
<5>[    8.136150] [OPLUS_CHG][oplus_chg_parse_charger_dt]dual_charger_support=0, slave_pct=50, slave_chg_enable_ma=2100, slave_chg_disable_ma=1700
<3>[    8.136154] [OPLUS_CHG][oplus_chg_wake_update_work] g_charger_chip NULL,return
<3>[    8.137510] OPLUS_CHG[PMIC]: oplus_chg_typec_driver_probe[427]: probe success
<5>[    8.137580] [OPLUS_CHG][oplus_chg_variables_init]use oplus_gauge_get_batt_authenticate
<3>[    8.137766] OPLUS_CHG[PMIC]: dev_is_pm8350b[307]: dev qcom,spmi-debug found!!
<3>[    8.137773] OPLUS_CHG[PMIC]: soc_find_pm8350b[327]: dev qcom,spmi-debug found!!
<3>[    8.137776] OPLUS_CHG[PMIC]: soc_find_pm8350b[324]: dev qcom,spmi-debug not found!!
<3>[    8.137872] OPLUS_CHG[PMIC]: dev_is_pm8350b[307]: dev qcom,pmic_glink_log found!!
<3>[    8.137880] OPLUS_CHG[PMIC]: soc_find_pm8350b[339]: dev qcom,pmic_glink_log found!!
<3>[    8.137884] OPLUS_CHG[PMIC]: dev_is_pm8350b[307]: dev qcom,spmi_glink_debug found!!
<3>[    8.137893] OPLUS_CHG[PMIC]: soc_find_pm8350b[339]: dev qcom,spmi_glink_debug found!!
<3>[    8.137896] OPLUS_CHG[PMIC]: dev_is_pm8350b[307]: dev spmi found!!
<3>[    8.137904] OPLUS_CHG[PMIC]: soc_find_pm8350b[339]: dev spmi found!!
<3>[    8.137907] OPLUS_CHG[PMIC]: dev_is_pm8350b[307]: dev qcom,pm8350b-debug found!!
<3>[    8.137917] OPLUS_CHG[PMIC]: soc_find_pm8350b[339]: dev qcom,pm8350b-debug found!!
<3>[    8.137919] OPLUS_CHG[PMIC]: soc_find_pm8350b[344]: dev pm8350b-debug found!!
<3>[    8.141284] OPLUS_CHG[GKI]: battery_psy_get_prop[545]: Couldn't get prop 0 rc = -19
<3>[    8.141295] OPLUS_CHG[GKI]: battery_psy_get_prop[545]: Couldn't get prop 0 rc = -19
<3>[    8.141297] OPLUS_CHG[GKI]: battery_psy_get_prop[545]: Couldn't get prop 2 rc = -19
<3>[    8.141299] OPLUS_CHG[GKI]: battery_psy_get_prop[545]: Couldn't get prop 3 rc = -19
<3>[    8.141300] OPLUS_CHG[GKI]: battery_psy_get_prop[545]: Couldn't get prop 1 rc = -19
<3>[    8.141302] OPLUS_CHG[GKI]: battery_psy_get_prop[545]: Couldn't get prop 46 rc = -19
<3>[    8.141304] OPLUS_CHG[GKI]: battery_psy_get_prop[545]: Couldn't get prop 14 rc = -19
<3>[    8.141306] OPLUS_CHG[GKI]: battery_psy_get_prop[545]: Couldn't get prop 12 rc = -19
<3>[    8.141307] OPLUS_CHG[GKI]: battery_psy_get_prop[545]: Couldn't get prop 8 rc = -19
<3>[    8.141309] OPLUS_CHG[GKI]: battery_psy_get_prop[545]: Couldn't get prop 17 rc = -19
<3>[    8.141311] OPLUS_CHG[GKI]: battery_psy_get_prop[545]: Couldn't get prop 33 rc = -19
<3>[    8.141312] OPLUS_CHG[GKI]: battery_psy_get_prop[545]: Couldn't get prop 34 rc = -19
<3>[    8.141314] OPLUS_CHG[GKI]: battery_psy_get_prop[545]: Couldn't get prop 51 rc = -19
<3>[    8.141315] OPLUS_CHG[GKI]: battery_psy_get_prop[545]: Couldn't get prop 6 rc = -19
<3>[    8.141317] OPLUS_CHG[GKI]: battery_psy_get_prop[545]: Couldn't get prop 28 rc = -19
<3>[    8.141319] OPLUS_CHG[GKI]: battery_psy_get_prop[545]: Couldn't get prop 7 rc = -19
<3>[    8.141320] OPLUS_CHG[GKI]: battery_psy_get_prop[545]: Couldn't get prop 22 rc = -19
<3>[    8.141322] OPLUS_CHG[GKI]: battery_psy_get_prop[545]: Couldn't get prop 24 rc = -19
<3>[    8.141324] OPLUS_CHG[GKI]: battery_psy_get_prop[545]: Couldn't get prop 72 rc = -19
<3>[    8.141325] OPLUS_CHG[GKI]: battery_psy_get_prop[545]: Couldn't get prop 62 rc = -19
<3>[    8.141327] OPLUS_CHG[GKI]: battery_psy_get_prop[545]: Couldn't get prop 61 rc = -19
<3>[    8.141329] OPLUS_CHG[GKI]: battery_psy_get_prop[545]: Couldn't get prop 60 rc = -19
<3>[    8.141330] OPLUS_CHG[GKI]: battery_psy_get_prop[545]: Couldn't get prop 20 rc = -19
<3>[    8.141332] OPLUS_CHG[GKI]: battery_psy_get_prop[545]: Couldn't get prop 21 rc = -19
<3>[    8.141333] OPLUS_CHG[GKI]: battery_psy_get_prop[545]: Couldn't get prop 26 rc = -19
<3>[    8.141335] OPLUS_CHG[GKI]: battery_psy_get_prop[545]: Couldn't get prop 9 rc = -19
<3>[    8.141351] OPLUS_CHG[GKI]: battery_psy_get_prop[545]: Couldn't get prop 46 rc = -19
<3>[    8.141353] bcl_soc:bcl_read_soc battery percentage read error:-61
<3>[    8.145939] OPLUS_CHG[GKI]: battery_psy_get_prop[545]: Couldn't get prop 0 rc = -19
<3>[    8.145947] OPLUS_CHG[GKI]: battery_psy_get_prop[545]: Couldn't get prop 0 rc = -19
<3>[    8.145948] OPLUS_CHG[GKI]: battery_psy_get_prop[545]: Couldn't get prop 2 rc = -19
<3>[    8.145950] OPLUS_CHG[GKI]: battery_psy_get_prop[545]: Couldn't get prop 3 rc = -19
<3>[    8.145951] OPLUS_CHG[GKI]: battery_psy_get_prop[545]: Couldn't get prop 1 rc = -19
<3>[    8.145953] OPLUS_CHG[GKI]: battery_psy_get_prop[545]: Couldn't get prop 46 rc = -19
<3>[    8.145954] OPLUS_CHG[GKI]: battery_psy_get_prop[545]: Couldn't get prop 14 rc = -19
<3>[    8.145956] OPLUS_CHG[GKI]: battery_psy_get_prop[545]: Couldn't get prop 12 rc = -19
<3>[    8.145957] OPLUS_CHG[GKI]: battery_psy_get_prop[545]: Couldn't get prop 8 rc = -19
<3>[    8.145959] OPLUS_CHG[GKI]: battery_psy_get_prop[545]: Couldn't get prop 17 rc = -19
<3>[    8.145960] OPLUS_CHG[GKI]: battery_psy_get_prop[545]: Couldn't get prop 33 rc = -19
<3>[    8.145962] OPLUS_CHG[GKI]: battery_psy_get_prop[545]: Couldn't get prop 34 rc = -19
<3>[    8.145964] OPLUS_CHG[GKI]: battery_psy_get_prop[545]: Couldn't get prop 51 rc = -19
<3>[    8.145965] OPLUS_CHG[GKI]: battery_psy_get_prop[545]: Couldn't get prop 6 rc = -19
<3>[    8.145967] OPLUS_CHG[GKI]: battery_psy_get_prop[545]: Couldn't get prop 28 rc = -19
<3>[    8.145968] OPLUS_CHG[GKI]: battery_psy_get_prop[545]: Couldn't get prop 7 rc = -19
<3>[    8.145969] OPLUS_CHG[GKI]: battery_psy_get_prop[545]: Couldn't get prop 22 rc = -19
<3>[    8.145971] OPLUS_CHG[GKI]: battery_psy_get_prop[545]: Couldn't get prop 24 rc = -19
<3>[    8.145972] OPLUS_CHG[GKI]: battery_psy_get_prop[545]: Couldn't get prop 72 rc = -19
<3>[    8.145974] OPLUS_CHG[GKI]: battery_psy_get_prop[545]: Couldn't get prop 62 rc = -19
<3>[    8.145975] OPLUS_CHG[GKI]: battery_psy_get_prop[545]: Couldn't get prop 61 rc = -19
<3>[    8.145977] OPLUS_CHG[GKI]: battery_psy_get_prop[545]: Couldn't get prop 60 rc = -19
<3>[    8.145978] OPLUS_CHG[GKI]: battery_psy_get_prop[545]: Couldn't get prop 20 rc = -19
<3>[    8.145980] OPLUS_CHG[GKI]: battery_psy_get_prop[545]: Couldn't get prop 21 rc = -19
<3>[    8.145981] OPLUS_CHG[GKI]: battery_psy_get_prop[545]: Couldn't get prop 26 rc = -19
<3>[    8.145982] OPLUS_CHG[GKI]: battery_psy_get_prop[545]: Couldn't get prop 9 rc = -19
<3>[    8.146014] OPLUS_CHG[GKI]: battery_psy_get_prop[545]: Couldn't get prop 46 rc = -19
<3>[    8.146019] bcl_soc:bcl_read_soc battery percentage read error:-61
<5>[    8.153054] [OPLUS_CHG][oplus_get_smooth_soc_switch]smooth_switch = 0
<6>[    8.181696] OPLUS_CHG[PMIC]: oplus_dev_match_name[86]: dev qcom,spmi found!!
<6>[    8.181705] OPLUS_CHG[PMIC]: oplus_dev_match_name[86]: dev qcom,spmi found!!
<6>[    8.181712] OPLUS_CHG[PMIC]: oplus_dev_match_name[86]: dev qcom,pm8350 found!!
<6>[    8.181732] OPLUS_CHG[PMIC]: oplus_chg_get_shutdown_soc[2801]: oplus_chg_get_shutdown_soc:0x25,37
<6>[    8.181743] OPLUS_CHG[PMIC]: oplus_chg_get_shutdown_soc[2801]: oplus_chg_get_shutdown_soc:0x25,37
<6>[    8.181755] OPLUS_CHG[PMIC]: oplus_chg_get_shutdown_soc[2801]: oplus_chg_get_shutdown_soc:0x25,37
<6>[    8.181766] OPLUS_CHG[PMIC]: oplus_chg_get_shutdown_soc[2801]: oplus_chg_get_shutdown_soc:0x25,37
<3>[    8.181769] [OPLUS_CHG][oplus_chg_get_battery_data][soc ui_soc soc_load smooth_soc smooth_switch] = [37 37 37 37 0]
<3>[    8.182157] [OPLUS_CHG][oplus_chg_debug_info_reset]enter
<3>[    8.192796] adsp-loader soc:qcom,msm-adsp-loader: adsp_load_fw: Q6/ADSP image is loaded debug
<6>[    8.193110] subsys-restart: __subsystem_get(): Changing subsys fw_name to slpi
<4>[    8.196383] subsys-pil-tz 5c00000.qcom,ssc: Direct firmware load for slpi.mdt failed with error -2
<4>[    8.196385] subsys-pil-tz 5c00000.qcom,ssc: Falling back to sysfs fallback for: slpi.mdt
<6>[    8.198199] subsys-pil-tz 5c00000.qcom,ssc: slpi: loading from 0x0000000088200000 to 0x0000000089700000
<4>[    8.200379] subsys-pil-tz 5c00000.qcom,ssc: Direct firmware load for slpi.b02 failed with error -2
<4>[    8.200380] subsys-pil-tz 5c00000.qcom,ssc: Falling back to sysfs fallback for: slpi.b02
<4>[    8.200402] subsys-pil-tz 5c00000.qcom,ssc: Direct firmware load for slpi.b04 failed with error -2
<4>[    8.200404] subsys-pil-tz 5c00000.qcom,ssc: Direct firmware load for slpi.b03 failed with error -2
<4>[    8.200405] subsys-pil-tz 5c00000.qcom,ssc: Falling back to sysfs fallback for: slpi.b03
<4>[    8.200406] subsys-pil-tz 5c00000.qcom,ssc: Falling back to sysfs fallback for: slpi.b04
<4>[    8.200407] subsys-pil-tz 5c00000.qcom,ssc: Direct firmware load for slpi.b05 failed with error -2
<4>[    8.200408] subsys-pil-tz 5c00000.qcom,ssc: Falling back to sysfs fallback for: slpi.b05
<4>[    8.200447] subsys-pil-tz 5c00000.qcom,ssc: Direct firmware load for slpi.b06 failed with error -2
<4>[    8.200447] subsys-pil-tz 5c00000.qcom,ssc: Falling back to sysfs fallback for: slpi.b06
<4>[    8.200465] subsys-pil-tz 5c00000.qcom,ssc: Direct firmware load for slpi.b07 failed with error -2
<4>[    8.200467] subsys-pil-tz 5c00000.qcom,ssc: Falling back to sysfs fallback for: slpi.b07
<4>[    8.200467] subsys-pil-tz 5c00000.qcom,ssc: Direct firmware load for slpi.b08 failed with error -2
<4>[    8.200468] subsys-pil-tz 5c00000.qcom,ssc: Falling back to sysfs fallback for: slpi.b08
<4>[    8.200482] subsys-pil-tz 5c00000.qcom,ssc: Direct firmware load for slpi.b09 failed with error -2
<4>[    8.200483] subsys-pil-tz 5c00000.qcom,ssc: Falling back to sysfs fallback for: slpi.b09
<4>[    8.200505] subsys-pil-tz 5c00000.qcom,ssc: Direct firmware load for slpi.b10 failed with error -2
<4>[    8.200505] subsys-pil-tz 5c00000.qcom,ssc: Falling back to sysfs fallback for: slpi.b10
<4>[    8.200580] subsys-pil-tz 5c00000.qcom,ssc: Direct firmware load for slpi.b11 failed with error -2
<4>[    8.200580] subsys-pil-tz 5c00000.qcom,ssc: Falling back to sysfs fallback for: slpi.b11
<4>[    8.200592] subsys-pil-tz 5c00000.qcom,ssc: Direct firmware load for slpi.b12 failed with error -2
<4>[    8.200593] subsys-pil-tz 5c00000.qcom,ssc: Falling back to sysfs fallback for: slpi.b12
<4>[    8.200605] subsys-pil-tz 5c00000.qcom,ssc: Direct firmware load for slpi.b13 failed with error -2
<4>[    8.200606] subsys-pil-tz 5c00000.qcom,ssc: Falling back to sysfs fallback for: slpi.b13
<4>[    8.200614] subsys-pil-tz 5c00000.qcom,ssc: Direct firmware load for slpi.b14 failed with error -2
<4>[    8.200615] subsys-pil-tz 5c00000.qcom,ssc: Falling back to sysfs fallback for: slpi.b14
<4>[    8.200648] subsys-pil-tz 5c00000.qcom,ssc: Direct firmware load for slpi.b16 failed with error -2
<4>[    8.200649] subsys-pil-tz 5c00000.qcom,ssc: Direct firmware load for slpi.b15 failed with error -2
<4>[    8.200650] subsys-pil-tz 5c00000.qcom,ssc: Falling back to sysfs fallback for: slpi.b15
<4>[    8.200650] subsys-pil-tz 5c00000.qcom,ssc: Falling back to sysfs fallback for: slpi.b16
<4>[    8.200660] subsys-pil-tz 5c00000.qcom,ssc: Direct firmware load for slpi.b17 failed with error -2
<4>[    8.200661] subsys-pil-tz 5c00000.qcom,ssc: Falling back to sysfs fallback for: slpi.b17
<4>[    8.200670] subsys-pil-tz 5c00000.qcom,ssc: Direct firmware load for slpi.b18 failed with error -2
<4>[    8.200671] subsys-pil-tz 5c00000.qcom,ssc: Falling back to sysfs fallback for: slpi.b18
<4>[    8.200680] subsys-pil-tz 5c00000.qcom,ssc: Direct firmware load for slpi.b19 failed with error -2
<4>[    8.200681] subsys-pil-tz 5c00000.qcom,ssc: Falling back to sysfs fallback for: slpi.b19
<4>[    8.200696] subsys-pil-tz 5c00000.qcom,ssc: Direct firmware load for slpi.b20 failed with error -2
<4>[    8.200697] subsys-pil-tz 5c00000.qcom,ssc: Falling back to sysfs fallback for: slpi.b20
<4>[    8.200706] subsys-pil-tz 5c00000.qcom,ssc: Direct firmware load for slpi.b21 failed with error -2
<4>[    8.200707] subsys-pil-tz 5c00000.qcom,ssc: Falling back to sysfs fallback for: slpi.b21
<4>[    8.200713] subsys-pil-tz 5c00000.qcom,ssc: Direct firmware load for slpi.b22 failed with error -2
<4>[    8.200714] subsys-pil-tz 5c00000.qcom,ssc: Falling back to sysfs fallback for: slpi.b22
<4>[    8.200736] subsys-pil-tz 5c00000.qcom,ssc: Direct firmware load for slpi.b23 failed with error -2
<4>[    8.200737] subsys-pil-tz 5c00000.qcom,ssc: Falling back to sysfs fallback for: slpi.b23
<6>[    8.205898] KernelSU: susfs: mark no sucompat checks for pid: '1492', exec: '/system/bin/kcmdlinectrl'
<6>[    8.209906] KernelSU: susfs: mark no sucompat checks for pid: '1499', exec: '/vendor/bin/ssgtzd'
<5>[    8.211747] [OPLUS_MIDAS_CHG_DEBUG]oplus_midas_chg_processing: passedchg=0, realpassedchg=0,accu_delta=0, prev_chg_stat=0, reset_counts=0
<3>[    8.211796] [OPLUS_CHG][oplus_chg_init]Can't get shell_back
<5>[    8.211808] [OPLUS_CHG][oplus_chg_init] end
<6>[    8.211885] OPLUS_CHG[WLS]: oplus_chg_wls_event_notifier_call[2421]: adsp started
<3>[    8.212192] !!!!oplus_otg_init_status_func
<6>[    8.212216] KernelSU: susfs: mark no sucompat checks for pid: '1502', exec: '/odm/bin/init.oplus.sh'
<6>[    8.212244] OPLUS_CHG[WLS]: oplus_chg_wls_connect_work[2654]: wls connect >>>>>>>>>>>>>>>>>>>>>>>>>>>>
<6>[    8.212247] OPLUS_CHG[WLS]: oplus_chg_wls_connect_work[2656]: acquire rx_wake_lock
<3>[    8.212260] OPLUS_CHG[WLS_NOR]: oplus_chg_wls_nor_set_icl[140]: set icl to 0 ma
<3>[    8.212420] OPLUS_CHG[PMIC]: battery_chg_probe[3996]: probe success
<6>[    8.215258] OPLUS_CHG[PMIC]: smbchg_wls_set_icl[3572]: set icl to 0 mA
<6>[    8.215751] OPLUS_CHG[PMIC]: smbchg_wls_set_fcc[3599]: set fcc to 0 mA
<6>[    8.215784] OPLUS_CHG[WLS]: oplus_chg_wls_fastchg_disable_vote_callback[357]: enable wireless fast charge
<3>[    8.216332] OPLUS_CHG[WLS]: oplus_chg_wls_nor_out_disable_vote_callback[439]: enable wireless nor out charge
<3>[    8.216391] OPLUS_CHG[WLS_NOR]: oplus_chg_wls_nor_set_icl[140]: set icl to 0 ma
<6>[    8.216669] OPLUS_CHG[PMIC]: smbchg_wls_set_icl[3572]: set icl to 0 mA
<6>[    8.216834] OPLUS_CHG[PMIC]: smbchg_wls_set_fcc[3599]: set fcc to 0 mA
<6>[    8.216846] OPLUS_CHG[WLS]: oplus_chg_wls_fastchg_disable_vote_callback[357]: enable wireless fast charge
<3>[    8.217069] OPLUS_CHG[WLS]: oplus_chg_wls_nor_out_disable_vote_callback[439]: enable wireless nor out charge
<6>[    8.217082] OPLUS_CHG[WLS]: oplus_chg_wls_connect_work[2673]: nor_fcc_votable: client:USER_VOTER, result=0
<6>[    8.217307] OPLUS_CHG[PMIC]: smbchg_wls_set_fcc[3599]: set fcc to 1500 mA
<6>[    8.217514] OPLUS_CHG[PMIC]: smbchg_wls_set_fcc[3599]: set fcc to 1500 mA
<3>[    8.217522] OPLUS_CHG[WLS_NOR]: oplus_chg_wls_nor_set_icl[140]: set icl to 100 ma
<6>[    8.217692] OPLUS_CHG[PMIC]: smbchg_wls_set_icl[3572]: set icl to 100 mA
<3>[    8.217698] OPLUS_CHG[WLS_NOR]: oplus_chg_wls_nor_set_icl[140]: set icl to 100 ma
<6>[    8.217864] OPLUS_CHG[PMIC]: smbchg_wls_set_icl[3572]: set icl to 100 mA
<3>[    8.217888] OPLUS_CHG[WLS]: oplus_chg_wls_rx_sm[5105]: curr_state=default, next_state=default, target_state=default
<3>[    8.217959] OPLUS_CHG[WLS_NOR]: oplus_chg_wls_nor_set_icl[140]: set icl to 200 ma
<3>[    8.218268] OPLUS_CHG[WLS]: oplus_chg_wls_nor_out_disable_vote_callback[439]: disable wireless nor out charge
<6>[    8.218423] OPLUS_CHG[PMIC]: smbchg_wls_set_icl[3572]: set icl to 200 mA
<3>[    8.218613] OPLUS_CHG[WLS]: oplus_chg_wls_nor_out_disable_vote_callback[439]: enable wireless nor out charge
<3>[    8.220300] OPLUS_CHG[STG]: oplus_chg_strategy_get_index[20]: Temperature exceeds the highest threshold
<3>[    8.221316] OPLUS_CHG[INTF]: oplus_chg_intf_batt_get_prop[1729]: Couldn't get prop 50 rc = -1
<3>[    8.221324] OPLUS_CHG[GKI]: battery_psy_get_prop[545]: Couldn't get prop 61 rc = -61
<6>[    8.221446] OPLUS_CHG[WLS_RX]: oplus_chg_wls_rx_send_msg[526]: send msg, msg=0xa1, data=0xff
<6>[    8.239463] KernelSU: susfs: mark no sucompat checks for pid: '1515', exec: '/vendor/bin/hw/android.hardware.audio.service'
<6>[    8.245924] KernelSU: susfs: mark no sucompat checks for pid: '1532', exec: '/system/system_ext/bin/hw/android.hidl.allocator@1.0-service'
<6>[    8.247968] KernelSU: susfs: mark no sucompat checks for pid: '1533', exec: '/vendor/bin/hw/android.hardware.bluetooth@1.0-service-qti'
<6>[    8.252006] KernelSU: susfs: mark no sucompat checks for pid: '1535', exec: '/vendor/bin/hw/android.hardware.cas@1.2-service'
<6>[    8.253037] KernelSU: susfs: mark no sucompat checks for pid: '1534', exec: '/vendor/bin/hw/android.hardware.camera.provider@2.4-service_64'
<6>[    8.254592] KernelSU: susfs: mark no sucompat checks for pid: '1536', exec: '/vendor/bin/hw/android.hardware.drm-service.clearkey'
<6>[    8.262747] KernelSU: susfs: mark no sucompat checks for pid: '1537', exec: '/vendor/bin/hw/android.hardware.gnss@2.1-service-qti'
<6>[    8.266205] KernelSU: susfs: mark no sucompat checks for pid: '1538', exec: '/vendor/bin/hw/android.hardware.health-service.qti'
<6>[    8.277299] KernelSU: susfs: mark no sucompat checks for pid: '1539', exec: '/vendor/bin/hw/android.hardware.power-service-qti'
<6>[    8.279682] subsys-pil-tz 5c00000.qcom,ssc: slpi: Brought out of reset
<6>[    8.279691] subsys-pil-tz: subsys_powerup(): pil_boot is successful from slpi and waiting for error ready
<6>[    8.283877] KernelSU: susfs: mark no sucompat checks for pid: '1542', exec: '/vendor/bin/hw/android.hardware.sensors-service.multihal'
<6>[    8.286180] KernelSU: susfs: mark no sucompat checks for pid: '1545', exec: '/vendor/bin/hw/android.hardware.thermal-service.qti'
<6>[    8.290635] KernelSU: susfs: mark no sucompat checks for pid: '1546', exec: '/vendor/bin/hw/android.hardware.usb-service.qti'
<14>[    8.292954] servicemanager: Caller(pid=1536,uid=1013,sid=u:r:hal_drm_clearkey_aidl:s0) Found android.hardware.drm.IDrmFactory/clearkey in device VINTF manifest.
<14>[    8.298611] android.hardware.health-service.qti: opened battery/capacity after 0 retries
<14>[    8.298624] android.hardware.health-service.qti: Read Batt Capacity after 0 retries ret : 1
<12>[    8.299132] healthd: batteryCapacityLevelPath not found
<12>[    8.299134] healthd: batteryStateOfHealthPath not found
<12>[    8.299136] healthd: batteryHealthStatusPath not found
<12>[    8.299137] healthd: batteryManufacturingDatePath not found
<12>[    8.299138] healthd: batteryFirstUsageDatePath not found
<12>[    8.299140] healthd: chargingStatePath not found
<12>[    8.299141] healthd: chargingPolicyPath not found
<12>[    8.299142] healthd: batterySerialPath not found
<6>[    8.299284] KernelSU: susfs: mark no sucompat checks for pid: '1548', exec: '/vendor/bin/hw/android.hardware.usb.gadget-service.qti'
<14>[    8.300628] servicemanager: Caller(pid=1538,uid=1000,sid=u:r:hal_health_default:s0) Found android.hardware.health.IHealth/default in device VINTF manifest.
<3>[    8.305227] OPLUS_CHG[INTF]: oplus_chg_intf_batt_get_prop[1729]: Couldn't get prop 50 rc = -1
<3>[    8.305241] OPLUS_CHG[GKI]: battery_psy_get_prop[545]: Couldn't get prop 61 rc = -61
<6>[    8.305924] KernelSU: susfs: mark no sucompat checks for pid: '1550', exec: '/vendor/bin/hw/android.hardware.wifi-service'
<14>[    8.309387] servicemanager: Caller(pid=1539,uid=1000,sid=u:r:hal_power_default:s0) Found android.hardware.power.IPower/default in device VINTF manifest.
<6>[    8.312605] KernelSU: susfs: mark no sucompat checks for pid: '1553', exec: '/vendor/bin/hw/vendor.qti.hardware.memtrack-service'
<6>[    8.312969] KernelSU: susfs: mark no sucompat checks for pid: '1554', exec: '/vendor/bin/hw/qconfigservice'
<3>[    8.313742] OPLUS_CHG[INTF]: oplus_chg_intf_batt_get_prop[1729]: Couldn't get prop 50 rc = -1
<3>[    8.313749] OPLUS_CHG[GKI]: battery_psy_get_prop[545]: Couldn't get prop 61 rc = -61
<3>[    8.316047] OPLUS_CHG[WLS_NOR]: oplus_chg_wls_nor_set_icl[140]: set icl to 300 ma
<6>[    8.318740] KernelSU: susfs: mark no sucompat checks for pid: '1555', exec: '/vendor/bin/hw/vendor.display.color@1.0-service'
<6>[    8.320370] KernelSU: susfs: mark no sucompat checks for pid: '1556', exec: '/vendor/bin/hw/vendor.lineage.health-service.default'
<14>[    8.321209] servicemanager: Caller(pid=1546,uid=1000,sid=u:r:vendor_hal_usb_qti:s0) Found android.hardware.usb.IUsb/default in device VINTF manifest.
<6>[    8.323914] KernelSU: susfs: mark no sucompat checks for pid: '1557', exec: '/vendor/bin/hw/vendor.lineage.powershare-service.oplus'
<6>[    8.324166] OPLUS_CHG[PMIC]: smbchg_wls_set_icl[3572]: set icl to 300 mA
<6>[    8.328003] KernelSU: susfs: mark no sucompat checks for pid: '1560', exec: '/vendor/bin/hw/vendor.lineage.touch-service.oplus'
<6>[    8.335791] KernelSU: susfs: mark no sucompat checks for pid: '1561', exec: '/vendor/bin/hw/vendor.qti.hardware.alarm@1.0-service'
<14>[    8.336630] servicemanager: Caller(pid=1553,uid=9999,sid=u:r:hal_memtrack_default:s0) Found android.hardware.memtrack.IMemtrack/default in device VINTF manifest.
<14>[    8.341332] servicemanager: Caller(pid=1557,uid=1000,sid=u:r:hal_lineage_powershare_default:s0) Found vendor.lineage.powershare.IPowerShare/default in device VINTF manifest.
<14>[    8.342152] servicemanager: Caller(pid=1550,uid=1010,sid=u:r:hal_wifi_default:s0) Found android.hardware.wifi.IWifi/default in device VINTF manifest.
<14>[    8.342660] servicemanager: Caller(pid=1545,uid=0,sid=u:r:hal_thermal_default:s0) Found android.hardware.thermal.IThermal/default in device VINTF manifest.
<6>[    8.344793] KernelSU: susfs: mark no sucompat checks for pid: '1562', exec: '/vendor/bin/hw/vendor.qti.hardware.capabilityconfigstore@1.0-service'
<6>[    8.345047] subsys-pil-tz: subsys_err_ready_intr_handler(): Subsystem error monitoring/handling services are up fromslpi
<6>[    8.345060] subsys-pil-tz 5c00000.qcom,ssc: slpi: Power/Clock ready interrupt received
<14>[    8.346036] servicemanager: Caller(pid=1556,uid=1000,sid=u:r:hal_lineage_health_default:s0) Found vendor.lineage.health.IChargingControl/default in device VINTF manifest.
<6>[    8.350405] KernelSU: susfs: mark no sucompat checks for pid: '1566', exec: '/vendor/bin/hw/vendor.qti.hardware.display.allocator-service'
<6>[    8.352427] KernelSU: susfs: mark no sucompat checks for pid: '1567', exec: '/vendor/bin/hw/vendor.qti.hardware.display.composer-service'
<6>[    8.352885] adsprpc: fastrpc_restart_notifier_cb: slpi subsystem is up
<6>[    8.353350] Info: adsprpc (5254): kworker/0:1: fastrpc_rpmsg_probe: opened rpmsg channel for slpi
<6>[    8.355001] qcom_smd_qrtr_probe:Entered
<6>[    8.355630] qcom_smd_qrtr_probe:SMD QRTR driver probed
<6>[    8.356590] sysmon-qmi: ssctl_new_server: Connection established between QMI handle and slpi's SSCTL service
<6>[    8.356616] coresight-remote-etm soc:ssc_etm0: Connection established between QMI handle and 8 service
<6>[    8.360409] KernelSU: susfs: mark no sucompat checks for pid: '1569', exec: '/vendor/bin/dspservice'
<6>[    8.370096] KernelSU: susfs: mark no sucompat checks for pid: '1576', exec: '/vendor/bin/hw/vendor.qti.hardware.perf@2.2-service'
<6>[    8.375118] KernelSU: susfs: mark no sucompat checks for pid: '1577', exec: '/vendor/bin/hw/vendor.qti.hardware.qteeconnector@1.0-service'
<6>[    8.381084] KernelSU: susfs: mark no sucompat checks for pid: '1582', exec: '/vendor/bin/hw/vendor.qti.hardware.sensorscalibrate@1.0-service'
<6>[    8.387457] KernelSU: susfs: mark no sucompat checks for pid: '1588', exec: '/vendor/bin/hw/vendor.qti.hardware.soter@1.0-service'
<6>[    8.392156] KernelSU: susfs: mark no sucompat checks for pid: '1589', exec: '/vendor/bin/hw/vendor.qti.hardware.tui_comm@1.0-service-qti'
<6>[    8.396952] KernelSU: susfs: mark no sucompat checks for pid: '1590', exec: '/vendor/bin/hw/vendor.qti.hardware.vibrator.service.oplus'
<6>[    8.405519] KernelSU: susfs: mark no sucompat checks for pid: '1594', exec: '/vendor/bin/hw/vendor.qti.media.c2@1.0-service'
<6>[    8.413082] KernelSU: susfs: mark no sucompat checks for pid: '1597', exec: '/vendor/bin/vendor.qti.qspmhal@1.0-service'
<5>[    8.419864] [OPLUS_CHG][rk826_fw_update_check]the read FW size data: 100
<6>[    8.422094] KernelSU: susfs: mark no sucompat checks for pid: '1599', exec: '/vendor/bin/vppservice'
<5>[    8.422633] [OPLUS_CHG][rk826_fw_update_check]the read FW size data: 49
<3>[    8.422635] [OPLUS_CHG][rk826_fw_update_check]fw_size[12644], fw_size_tmp[1]=[49],fw_size_tmp[0]=100
<5>[    8.425362] [OPLUS_CHG][rk826_fw_update_check]the read compare data: 2
<6>[    8.427964] KernelSU: susfs: mark no sucompat checks for pid: '1600', exec: '/odm/bin/hw/android.hardware.drm@1.3-service.widevine'
<3>[    8.428037] OPLUS_CHG[WLS_NOR]: oplus_chg_wls_nor_set_icl[140]: set icl to 400 ma
<5>[    8.428111] [OPLUS_CHG][rk826_fw_update_check]the read compare data: 0
<6>[    8.429259] input input5: tof_input_dev_open
<5>[    8.431007] [OPLUS_CHG][rk826_fw_update_check]the read compare data: 8
<6>[    8.432236] OPLUS_CHG[PMIC]: smbchg_wls_set_icl[3572]: set icl to 400 mA
<6>[    8.432880] KernelSU: susfs: mark no sucompat checks for pid: '1601', exec: '/odm/bin/hw/vendor.pixelworks.hardware.display.iris-service'
<5>[    8.436380] [OPLUS_CHG][rk826_fw_update_check]the read compare data: 0
<5>[    8.439304] [OPLUS_CHG][rk826_fw_update_check]the read compare data: 10
<6>[    8.441599] KernelSU: susfs: mark no sucompat checks for pid: '1602', exec: '/odm/bin/hw/vendor.pixelworks.hardware.feature.irisfeature-service'
<5>[    8.443192] [OPLUS_CHG][rk826_fw_update_check]the read compare data: 3
<3>[    8.447425] IRIS_LOG I iris_configure_get(), type: 0x0021(33), value: 104
<5>[    8.447864] [OPLUS_CHG][rk826_fw_update_check]the read compare data: 0
<5>[    8.450577] [OPLUS_CHG][rk826_fw_update_check]the read compare data: 19
<3>[    8.450579] [OPLUS_CHG][rk826_fw_update_check]fw_mcu_version :0x13,data_buf:0x13
<5>[    8.450584] [OPLUS_CHG][rk826_fw_check_then_recover]fw check ok
<3>[    8.451465] [drm:dsi_display_auto_mode_update [msm_drm]] *ERROR* [msm-dsi-error]: kVRR dsi_display_auto_mode_update Invalid params
<3>[    8.451475] dsi_display_pre_commit failed to send auto mode update commands
<6>[    8.453070] KernelSU: susfs: mark no sucompat checks for pid: '1607', exec: '/odm/bin/hw/vendor.qti.esepowermanager@1.1-service'
<3>[    8.453179] [sde error]kVRR : invalid drm connector parameters
<6>[    8.453289] ------------[ cut here ]------------
<4>[    8.453297] WARNING: CPU: 4 PID: 1567 at ../../../../../../kernel/oneplus/sm8350/drivers/gpu/drm/drm_atomic_helper.c:238 drm_atomic_helper_check_modeset+0x674/0xc6c
<6>[    8.453298] Modules linked in: native_dlkm e4000 it913x mxl5007t tda9887 wcd938x_slave_dlkm platform_dlkm fc0011 mt2131 mxl301rf tua9001 wsa_macro_dlkm mxl5005s machine_dlkm va_macro_dlkm swr_dmic_dlkm rx_macro_dlkm tx_macro_dlkm hid_aksys wcd937x_dlkm wcd938x_dlkm swr_ctrl_dlkm bolero_cdc_dlkm tfa98xx_v6_dlkm pinctrl_lpi_dlkm si2157 sia81xx_dlkm wcd9xxx_dlkm qm1d1c0042 llcc_perfmon mt2063 mt20xx tda18218 qt1010 mbhc_dlkm tuner_xc2028 aw8697 q6_dlkm hdmi_dlkm fc0012 tuner_simple pinctrl_wcd_dlkm adsp_loader_dlkm tuner_types camera wsa883x_dlkm mc44s803 msm_drm wcd937x_slave_dlkm fc2580 tda18212 m88rs6000t max2165 rmnet_offload rmnet_shs mt2060 rdbg stub_dlkm tea5767 xc5000 msi001 xc4000 tda18250 slimbus_ngd swr_haptics_dlkm rmnet_core apr_dlkm haptic qm1d1b0004 swr_dlkm qcom_edac rmnet_ctl radio_i2c_rtc6226_qca bt_fm_slim q6_notifier_dlkm tea5761 q6_pdr_dlkm btpower slimbus snd_event_dlkm r820t wcd_core_dlkm mt2266 fc0013
<6>[    8.453339] CPU: 4 PID: 1567 Comm: vendor.qti.hard Tainted: G S                5.4.302-qgki-g052626d30254 #16
<6>[    8.453340] Hardware name: Qualcomm Technologies, Inc. Lahaina MTP lemonadep (DT)
<6>[    8.453341] pstate: 60400005 (nZCv daif +PAN -UAO)
<6>[    8.453343] pc : drm_atomic_helper_check_modeset+0x674/0xc6c
<6>[    8.453344] lr : drm_atomic_helper_check_modeset+0x2c8/0xc6c
<6>[    8.453345] sp : ffffffc01a2fb830
<6>[    8.453346] x29: ffffffc01a2fb840 x28: ffffffd4798a1028 
<6>[    8.453347] x27: 0000000000000001 x26: ffffffaa86bb2000 
<6>[    8.453348] x25: ffffffaa93d7e000 x24: ffffffaa6953b000 
<6>[    8.453349] x23: ffffffd4796de490 x22: ffffffaa85dd7800 
<6>[    8.453350] x21: 0000000000000001 x20: 0000000000000028 
<6>[    8.453351] x19: ffffffaa69024800 x18: ffffffc0199a5070 
<6>[    8.453352] x17: 00000000fffffff0 x16: ffffffd4e98fbb1c 
<6>[    8.453353] x15: 0000000000000000 x14: 0000000000000000 
<6>[    8.453353] x13: 0000000000000000 x12: 0000000000000062 
<6>[    8.453354] x11: 0000000000000062 x10: 000000000000ffff 
<6>[    8.453355] x9 : 0000000000000000 x8 : ffffffaa8c87a000 
<6>[    8.453356] x7 : 0000000000000000 x6 : ffffffaa6953c098 
<6>[    8.453357] x5 : ffffffaa69024800 x4 : ffffffaa6953c000 
<6>[    8.453358] x3 : ffffffaa86833c80 x2 : 0000000000000038 
<6>[    8.453359] x1 : ffffffd4ea1e4037 x0 : 0000000000000010 
<6>[    8.453360] Call trace:
<6>[    8.453361] drm_atomic_helper_check_modeset+0x674/0xc6c
<6>[    8.453363] drm_atomic_helper_check+0x1c/0x8c
<6>[    8.453434] sde_kms_atomic_check+0x4fc/0xd14 [msm_drm]
<6>[    8.453494] msm_atomic_check+0x54/0xa8 [msm_drm]
<6>[    8.453505] drm_atomic_check_only+0x38c/0x66c
<6>[    8.453508] drm_atomic_commit+0x1c/0x98
<6>[    8.453568] sde_kms_lastclose+0x1cc/0x3f4 [msm_drm]
<6>[    8.453633] msm_lastclose+0x440/0x4b0 [msm_drm]
<6>[    8.453640] drm_release+0xe0/0x140
<6>[    8.453707] msm_release+0x38c/0x418 [msm_drm]
<6>[    8.453714] __fput+0xdc/0x2a4
<6>[    8.453721] ____fput+0x10/0x1c
<6>[    8.453728] task_work_run+0xdc/0x114
<6>[    8.453737] do_notify_resume+0x228c/0x2584
<6>[    8.453744] work_pending+0x8/0x10
<4>[    8.453750] ---[ end trace e6768c47333445da ]---
<3>[    8.454073] [drm:dsi_display_auto_mode_update [msm_drm]] *ERROR* [msm-dsi-error]: kVRR dsi_display_auto_mode_update Invalid params
<3>[    8.454143] dsi_display_pre_commit failed to send auto mode update commands
<3>[    8.455656] [sde error]kVRR : invalid drm connector parameters
<14>[    8.456698] SELinux: SELinux: Loaded vndservice context from:
<14>[    8.456711] SELinux: \x09\x09/vendor/etc/selinux/vndservice_contexts
<6>[    8.464599] KernelSU: susfs: mark no sucompat checks for pid: '1609', exec: '/odm/bin/hw/vendor.qti.secure_element@1.2-service'
<3>[    8.467350] IRIS_LOG I iris_configure_get(), type: 0x0021(33), value: 104
<3>[    8.468276] [drm:dsi_display_auto_mode_update [msm_drm]] *ERROR* [msm-dsi-error]: kVRR dsi_display_auto_mode_update Invalid params
<3>[    8.468280] dsi_display_pre_commit failed to send auto mode update commands
<3>[    8.469898] [sde error]kVRR : invalid drm connector parameters
<3>[    8.470990] [drm:dsi_display_auto_mode_update [msm_drm]] *ERROR* [msm-dsi-error]: kVRR dsi_display_auto_mode_update Invalid params
<3>[    8.471005] dsi_display_pre_commit failed to send auto mode update commands
<3>[    8.473010] [sde error]kVRR : invalid drm connector parameters
<3>[    8.473058] i2c_geni 988000.i2c: i2c error :-107
<3>[    8.481589] i2c_geni 988000.i2c: i2c error :-107
<3>[    8.481875] i2c_geni 988000.i2c: i2c error :-107
<3>[    8.483314] i2c_geni 988000.i2c: i2c error :-107
<3>[    8.483633] i2c_geni 988000.i2c: i2c error :-107
<3>[    8.483638] [OPLUS_CHG][oplus_i2c_dma_write] Error: 0x5140, 4 byte(s), err-code: -107
<6>[    8.484804] CAM_INFO: CAM-SMMU: cam_smmu_need_force_alloc_cached: 383 force_cache_allocs=0
<6>[    8.484810] CAM_WARN: CAM-MEM: cam_mem_mgr_create_debug_fs: 143 DebugFS not enabled in kernel!
<6>[    8.491144] KernelSU: susfs: mark no sucompat checks for pid: '1614', exec: '/vendor/bin/pd-mapper'
<6>[    8.491215] KernelSU: susfs: mark no sucompat checks for pid: '1613', exec: '/vendor/bin/irsc_util'
<6>[    8.491512] CAM_INFO: CAM-ICP: cam_a5_download_fw: 204 Downloading firmware CAMERA_ICP.elf
<4>[    8.491537] cam-a5 ac00000.qcom,a5: Direct firmware load for CAMERA_ICP.elf failed with error -2
<4>[    8.491539] cam-a5 ac00000.qcom,a5: Falling back to sysfs fallback for: CAMERA_ICP.elf
<6>[    8.494454] KernelSU: susfs: mark no sucompat checks for pid: '1612', exec: '/vendor/bin/qrtr-ns'
<6>[    8.496068] KernelSU: susfs: mark no sucompat checks for pid: '1619', exec: '/vendor/bin/pm-service'
<6>[    8.505780] KernelSU: susfs: mark no sucompat checks for pid: '1622', exec: '/vendor/bin/sh'
<6>[    8.509280] servloc: service_locator_new_server: Connection established with the Service locator
<6>[    8.509312] servloc: init_service_locator: Service locator initialized
<6>[    8.509709] service-notifier: service_notifier_new_server: Connection established between QMI handle and 74 service
<6>[    8.509836] adsprpc: fastrpc_get_service_location_notify: PDR notifier for adsp registered for msm/adsp/audio_pd (audio_pdr_adsprpc)
<6>[    8.509837] adsprpc: fastrpc_get_service_location_notify: audio_pdr_adsprpc (msm/adsp/audio_pd) PDR service for adsp is uninitialized
<6>[    8.509878] service-notifier: service_notifier_new_server: Connection established between QMI handle and 74 service
<4>[    8.510027] QSEECOM: __qseecom_reentrancy_process_incomplete_cmd: get cback req app_id = 1, resp->data = 0
<6>[    8.510883] KernelSU: susfs: mark no sucompat checks for pid: '1680', exec: '/system/bin/audioserver'
<6>[    8.516994] adsprpc: fastrpc_pdr_notifier_cb: msm/adsp/audio_pd (audio_pdr_adsprpc) is up on adsp
<6>[    8.517053] audio_notifier_reg_service: service PDR_ADSP is in use
<6>[    8.517060] apr_adsp_up: Q6 is Up
<6>[    8.517965] KernelSU: susfs: mark no sucompat checks for pid: '1685', exec: '/system/bin/credstore'
<6>[    8.518138] KernelSU: susfs: mark no sucompat checks for pid: '1686', exec: '/system/bin/gpuservice'
<6>[    8.518571] KernelSU: susfs: mark no sucompat checks for pid: '1687', exec: '/system/bin/misctrl'
<6>[    8.522112] alloc_contig_range: [f2000, f200e) PFNs busy
<6>[    8.523176] msm-audio-ion soc:qcom,msm-audio-apr:qcom,msm-audio-ion: Adding to iommu group 57
<6>[    8.523399] alloc_contig_range: [f2010, f201e) PFNs busy
<6>[    8.526639] KernelSU: susfs: mark no sucompat checks for pid: '1689', exec: '/system/bin/surfaceflinger'
<6>[    8.527033] KernelSU: susfs: mark no sucompat checks for pid: '1691', exec: '/vendor/bin/rmt_storage'
<6>[    8.532310] KernelSU: susfs: mark no sucompat checks for pid: '1712', exec: '/vendor/bin/tftp_server'
<11>[    8.534967] rmt_storage:INFO:check_support_using_libmdm: Modem subsystem found on target!
<11>[    8.535456] rmt_storage:INFO:oem_remote_storage_parse_partitions: Registering oplusdycnvbk: 9, /oem/nvbk/dynamic, with local path /dev/block/bootdevice/by-name/oplusdycnvbk
<11>[    8.535478] rmt_storage:INFO:oem_remote_storage_parse_partitions: Registering oplusstanvbk: 10, /oem/nvbk/static, with local path /dev/block/bootdevice/by-name/oplusstanvbk_a
<11>[    8.537935] rmt_storage:INFO:oem_remote_storage_parse_partitions: Registering oem_miscinfo: 2048, /oem/nvbk/miscinfo, with local path /dev/block/bootdevice/by-name/oplusstanvbk_a
<6>[    8.540715] KernelSU: susfs: mark no sucompat checks for pid: '1718', exec: '/vendor/bin/sensors.qti'
<11>[    8.541220] rmt_storage:INFO:main: Done with init now waiting for messages!
<6>[    8.545592] sps:BAM 0x0000000003a84000 (va:0x0000000000000000) enabled: ver:0x19, number of pipes:15
<6>[    8.545594] sps:BAM 0x0000000003a84000 is registered
<3>[    8.548516] OPLUS_CHG[WLS_NOR]: oplus_chg_wls_nor_set_icl[140]: set icl to 500 ma
<6>[    8.549123] OPLUS_CHG[PMIC]: smbchg_wls_set_icl[3572]: set icl to 500 mA
<6>[    8.576563] CAM_INFO: CAM-HFI: cam_hfi_init: 841 Init IO1 : [0x10c00000 0xcf300000] IO2 [0xe0200000 0x1ed00000]
<6>[    8.577178] msm_vidc:   high: 00000001: ....d: Opening video instance: 0000000000000000, 1
<6>[    8.580181] subsys-restart: __subsystem_get(): Changing subsys fw_name to vpu20_4v
<4>[    8.580882] subsys-pil-tz aab0000.qcom,venus: Direct firmware load for vpu20_4v.mdt failed with error -2
<4>[    8.580887] subsys-pil-tz aab0000.qcom,venus: Falling back to sysfs fallback for: vpu20_4v.mdt
<6>[    8.585168] KernelSU: susfs: mark no sucompat checks for pid: '1743', exec: '/vendor/bin/modprobe'
<6>[    8.586573] CAM_INFO: CAM-HFI: cam_hfi_init: 872 fw version : [0]
<6>[    8.586698] CAM_INFO: CAM-ICP: cam_icp_mgr_process_dbg_buf: 2528 FW_DBG:CICP_FW_E : HFI  :QC_IMAGE_VERSION_STRING=CICP.FW.1.0-00099,OEM_IMAGE_VERSION_STRING=QCAM-SYS-SW7,BUILD_TIME: Jan  7 2021 00:00:17,CACHE_ENABLED at icphostinterface.c:631 QC_IMAGE_VERSION_STRING=CICP.FW.1.0-00099 OEM_IMAGE_VERSION_STRING=QCAM-SYS-SW7
<6>[    8.586700] CAM_INFO: CAM-ICP: cam_icp_mgr_process_dbg_buf: 2528 FW_DBG:CICP_FW_E : HFI  :ELF variant: CACHE-ENABLED:T480:API_V2:USE_CDM_1_1: , API version: 0x2000098 at icphostinterface.c:632 QC_IMAGE_VERSION_STRING=CICP.FW.1.0-00099 OEM_IMAGE_VERSION_STRING=QCAM-SYS-SW7
<6>[    8.586703] CAM_INFO: CAM-ICP: cam_icp_mgr_hw_open: 3849 FW download done successfully
<36>[    8.587018] type=1400 audit(1770804692.798:463): avc:  denied  { setattr } for  comm="init" name="rawdump" dev="tmpfs" ino=13472 scontext=u:r:vendor_init:s0 tcontext=u:object_r:block_device:s0 tclass=lnk_file permissive=0
<6>[    8.587760] KernelSU: susfs: mark no sucompat checks for pid: '1744', exec: '/vendor/bin/modprobe'
<3>[    8.592126] IRIS_LOG I iris_configure_get(), type: 0x0036(54), value: 0
<3>[    8.592317] IRIS_LOG I iris_configure_get(), type: 0x007e(126), value: 257
<3>[    8.592340] IRIS_LOG I get IRIS_AP_TE: 60
<3>[    8.592342] IRIS_LOG I iris_configure_get(), type: 0x0081(129), value: 60
<3>[    8.592352] IRIS_LOG I iris_configure_get(), type: 0x0080(128), value: 60
<3>[    8.592372] IRIS_LOG I iris_configure(), display: 0, type: 0x0021(33), value: 0xf00000cc(4026532044), current Iris mode: 1
<6>[    8.617067] subsys-pil-tz aab0000.qcom,venus: venus: loading from 0x0000000085700000 to 0x0000000085c00000
<14>[    8.621278] init: wait for '/sys/kernel/boot_adsp/boot' took 0ms
<6>[    8.621698] KernelSU: susfs: mark no sucompat checks for pid: '1765', exec: '/system/bin/gsid'
<5>[    8.629315] [OPLUS_CHG][oplus_warp_fastchg_func] recv data:0x53, ap:0x13, mcu:0x13
<3>[    8.631645] [OPLUS_CHG][oplus_warp_init_temp_range]chip->warp_temp_cur_range[5], vbat_temp_cur[399]
<3>[    8.631650] [OPLUS_CHG][oplus_warp_init_soc_range]chip->soc_range[0], soc[37]
<6>[    8.632095] KernelSU: susfs: mark no sucompat checks for pid: '1770', exec: '/vendor/bin/modprobe'
<3>[    8.633638] qcom-lpi-pinctrl soc:qcom,msm-audio-apr:qcom,q6core-audio:lpi_pinctrl@33c0000: snd_event_notify: No snd dev entry found
<3>[    8.636107] [OPLUS_CHG][opchg_reply_mcu_data]reply_counts = 7,ret_info:4
<3>[    8.636124] [OPLUS_CHG][opchg_reply_mcu_data]send_bit[0] = 0
<4>[    8.640219] wlan: module is from the staging directory, the quality is unknown, you have been warned.
<6>[    8.647407] KernelSU: susfs: mark no sucompat checks for pid: '1774', exec: '/vendor/bin/modprobe'
<3>[    8.649991] msm_cdc_pinctrl_get_gpiodata: device node is null
<6>[    8.650025] va_macro va-macro: bolero_register_macro: register macro successful:3
<6>[    8.651416] tx_macro tx-macro: bolero_register_macro: register macro successful:0
<6>[    8.652864] rx_macro rx-macro: bolero_register_macro: register macro successful:1
<6>[    8.654122] wsa_macro wsa-macro: bolero_register_macro: register macro successful:2
<6>[    8.655268] wcd938x_codec wcd938x-codec: msm_cdc_dt_parse_vreg_info: cdc-vdd-rxtx: vol=[1800000 1800000]uV, curr=[30000]uA, ond 0 lpm 0
<6>[    8.655279] wcd938x_codec wcd938x-codec: msm_cdc_dt_parse_vreg_info: cdc-vddio: vol=[1800000 1800000]uV, curr=[30000]uA, ond 0 lpm 0
<6>[    8.655288] wcd938x_codec wcd938x-codec: msm_cdc_dt_parse_vreg_info: cdc-vdd-buck: vol=[1800000 1800000]uV, curr=[650000]uA, ond 0 lpm 0
<6>[    8.655298] wcd938x_codec wcd938x-codec: msm_cdc_dt_parse_vreg_info: cdc-vdd-mic-bias: vol=[3296000 3296000]uV, curr=[30000]uA, ond 0 lpm 0
<3>[    8.656537] [OPLUS_CHG][opchg_reply_mcu_data]send_bit[1] = 0
<3>[    8.663951] populate_snd_card_dailinks: custom speaker product nxp
<6>[    8.663965] populate_snd_card_dailinks: No DT match extend mi2s id, use default tert mi2s
<6>[    8.663968] exchange_mi2s_dai_config: use nxp stereo dailink replace
<3>[    8.664407] msm_asoc_machine_probe not use aux sia81xx smartPA.
<3>[    8.664455] lahaina-asoc-snd soc:qcom,msm-audio-apr:qcom,q6core-audio:sound: ASoC: failed to init link TX_CDC_DMA_TX_5: -517
<3>[    8.664748] populate_snd_card_dailinks: custom speaker product nxp
<6>[    8.664750] populate_snd_card_dailinks: No DT match extend mi2s id, use default tert mi2s
<6>[    8.664751] exchange_mi2s_dai_config: use nxp stereo dailink replace
<3>[    8.664846] msm_asoc_machine_probe not use aux sia81xx smartPA.
<3>[    8.664874] lahaina-asoc-snd soc:qcom,msm-audio-apr:qcom,q6core-audio:sound: ASoC: failed to init link TX_CDC_DMA_TX_5: -517
<4>[    8.666215] subsys-pil-tz aab0000.qcom,venus: Direct firmware load for vpu20_4v.b02 failed with error -2
<4>[    8.666218] subsys-pil-tz aab0000.qcom,venus: Falling back to sysfs fallback for: vpu20_4v.b02
<4>[    8.666280] subsys-pil-tz aab0000.qcom,venus: Direct firmware load for vpu20_4v.b03 failed with error -2
<4>[    8.666281] subsys-pil-tz aab0000.qcom,venus: Falling back to sysfs fallback for: vpu20_4v.b03
<4>[    8.666301] subsys-pil-tz aab0000.qcom,venus: Direct firmware load for vpu20_4v.b04 failed with error -2
<4>[    8.666303] subsys-pil-tz aab0000.qcom,venus: Falling back to sysfs fallback for: vpu20_4v.b04
<4>[    8.666352] subsys-pil-tz aab0000.qcom,venus: Direct firmware load for vpu20_4v.b05 failed with error -2
<4>[    8.666353] subsys-pil-tz aab0000.qcom,venus: Falling back to sysfs fallback for: vpu20_4v.b05
<4>[    8.666387] subsys-pil-tz aab0000.qcom,venus: Direct firmware load for vpu20_4v.b06 failed with error -2
<4>[    8.666389] subsys-pil-tz aab0000.qcom,venus: Falling back to sysfs fallback for: vpu20_4v.b06
<4>[    8.666455] subsys-pil-tz aab0000.qcom,venus: Direct firmware load for vpu20_4v.b08 failed with error -2
<4>[    8.666456] subsys-pil-tz aab0000.qcom,venus: Falling back to sysfs fallback for: vpu20_4v.b08
<4>[    8.666458] subsys-pil-tz aab0000.qcom,venus: Direct firmware load for vpu20_4v.b07 failed with error -2
<4>[    8.666459] subsys-pil-tz aab0000.qcom,venus: Falling back to sysfs fallback for: vpu20_4v.b07
<4>[    8.666505] subsys-pil-tz aab0000.qcom,venus: Direct firmware load for vpu20_4v.b09 failed with error -2
<4>[    8.666506] subsys-pil-tz aab0000.qcom,venus: Falling back to sysfs fallback for: vpu20_4v.b09
<4>[    8.666570] subsys-pil-tz aab0000.qcom,venus: Direct firmware load for vpu20_4v.b10 failed with error -2
<4>[    8.666874] subsys-pil-tz aab0000.qcom,venus: Falling back to sysfs fallback for: vpu20_4v.b10
<4>[    8.667138] subsys-pil-tz aab0000.qcom,venus: Direct firmware load for vpu20_4v.b19 failed with error -2
<4>[    8.667140] subsys-pil-tz aab0000.qcom,venus: Falling back to sysfs fallback for: vpu20_4v.b19
<6>[    8.669278] wlan_hdd_state wlan major(471) initialized
<6>[    8.670075] swr-wcd rx_swr_ctrl: swrm_get_logical_dev_num: devnum 1 assigned for dev d01170224
<6>[    8.670100] wcd938x_codec wcd938x-codec: bound wcd938x-slave.d01170224 (ops wcd938x_slave_comp_ops [wcd938x_slave_dlkm])
<6>[    8.670258] swr-wcd tx_swr_ctrl: swrm_get_logical_dev_num: devnum 1 assigned for dev d01170223
<6>[    8.670291] wcd938x_codec wcd938x-codec: bound wcd938x-slave.d01170223 (ops wcd938x_slave_comp_ops [wcd938x_slave_dlkm])
<6>[    8.674453] KernelSU: susfs: mark no sucompat checks for pid: '1779', exec: '/vendor/bin/modprobe'
<3>[    8.676818] [OPLUS_CHG][opchg_reply_mcu_data]send_bit[2] = 0
<3>[    8.678848] populate_snd_card_dailinks: custom speaker product nxp
<6>[    8.678853] populate_snd_card_dailinks: No DT match extend mi2s id, use default tert mi2s
<6>[    8.678854] exchange_mi2s_dai_config: use nxp stereo dailink replace
<3>[    8.678957] msm_asoc_machine_probe not use aux sia81xx smartPA.
<6>[    8.680768] wcd938x_codec wcd938x-codec: wcd938x_soc_codec_probe()
<3>[    8.681275] wcd938x_codec wcd938x-codec: wcd938x_mbhc_init:wcd_mbhc->enable_hp_impedance_detect(1)
<6>[    8.681353] wcd_mbhc_init: enter
<6>[    8.681361] lahaina-asoc-snd soc:qcom,msm-audio-apr:qcom,q6core-audio:sound: wcd_mbhc_init: missing qcom,msm-mbhc-hs-mic-min-threshold-mv in dt node
<6>[    8.681364] lahaina-asoc-snd soc:qcom,msm-audio-apr:qcom,q6core-audio:sound: wcd_mbhc_init: no qcom,msm-mbhc-moist-cfg in DT
<6>[    8.681367] lahaina-asoc-snd soc:qcom,msm-audio-apr:qcom,q6core-audio:sound: wcd_mbhc_init: missing oplus,mbhc-check-cross-conn in dt node
<6>[    8.681370] lahaina-asoc-snd soc:qcom,msm-audio-apr:qcom,q6core-audio:sound: wcd_mbhc_init: missing oplus,mbhc-check-irq-en in dt node
<6>[    8.681373] lahaina-asoc-snd soc:qcom,msm-audio-apr:qcom,q6core-audio:sound: wcd_mbhc_init: headset_micbias_alwayon 1
<6>[    8.681375] lahaina-asoc-snd soc:qcom,msm-audio-apr:qcom,q6core-audio:sound: wcd_mbhc_init: missing oplus,mbhc-headset-detect-mode in dt node
<6>[    8.689468] KernelSU: susfs: mark no sucompat checks for pid: '1793', exec: '/vendor/bin/modprobe'
<4>[    8.691168] QSEECOM: qseecom_load_app: App (eseservice) does'nt exist, loading apps for first time
<6>[    8.691271] wcd_mbhc_init: leave ret 0
<3>[    8.696942] [OPLUS_CHG][opchg_reply_mcu_data]send_bit[3] = 0
<6>[    8.697941] KernelSU: susfs: mark no sucompat checks for pid: '1798', exec: '/vendor/bin/diag-router'
<6>[    8.699995] KernelSU: susfs: mark no sucompat checks for pid: '1800', exec: '/vendor/bin/init.qti.chg_policy.sh'
<4>[    8.709313] kgsl-3d 3d00000.qcom,kgsl-3d0: Direct firmware load for a660_sqe.fw failed with error -2
<4>[    8.709325] kgsl-3d 3d00000.qcom,kgsl-3d0: Falling back to sysfs fallback for: a660_sqe.fw
<4>[    8.713765] adreno-a6xx-gmu 3d6a000.qcom,gmu: Direct firmware load for a660_gmu.bin failed with error -2
<4>[    8.713768] adreno-a6xx-gmu 3d6a000.qcom,gmu: Falling back to sysfs fallback for: a660_gmu.bin
<3>[    8.717126] [OPLUS_CHG][opchg_reply_mcu_data]send_bit[4] = 1
<6>[    8.720754] read descriptors
<6>[    8.720777] read strings
<6>[    8.720868] read descriptors
<6>[    8.720885] read strings
<6>[    8.720943] read descriptors
<6>[    8.720960] read strings
<6>[    8.721618] subsys-pil-tz aab0000.qcom,venus: venus: Brought out of reset
<6>[    8.721627] subsys-pil-tz: subsys_powerup(): pil_boot is successful from venus and waiting for error ready
<6>[    8.736540] msm_vidc:   err : 00000001: ....d: Failed to create debugfs for msm_vidc
<3>[    8.737354] [OPLUS_CHG][opchg_reply_mcu_data]send_bit[5] = 0
<6>[    8.745402] msm_vidc:   high: 00000001: h264d: Closed video instance: 0000000000000000
<4>[    8.750232] subsys-pil-tz soc:qcom,kgsl-hyp: Direct firmware load for a660_zap.mdt failed with error -2
<4>[    8.750235] subsys-pil-tz soc:qcom,kgsl-hyp: Falling back to sysfs fallback for: a660_zap.mdt
<3>[    8.758966] [OPLUS_CHG][opchg_reply_mcu_data]send_bit[6] = 0
<6>[    8.761274] subsys-pil-tz soc:qcom,kgsl-hyp: a660_zap: loading from 0x000000008b51a000 to 0x000000008b51b000
<6>[    8.761469] msm_vidc:   high: 00000001: ....d: Opening video instance: 0000000000000000, 1
<6>[    8.761548] msm_vidc:   err : 00000001: ....d: Failed to create debugfs for msm_vidc
<6>[    8.763882] msm_vidc:   high: 00000001: h264d: Closed video instance: 0000000000000000
<6>[    8.783584] msm_vidc:   high: 00000001: ....d: Opening video instance: 0000000000000000, 1
<6>[    8.783625] KernelSU: susfs: mark no sucompat checks for pid: '1828', exec: '/vendor/bin/pm-proxy'
<6>[    8.783649] msm_vidc:   err : 00000001: ....d: Failed to create debugfs for msm_vidc
<6>[    8.795651] msm_vidc:   high: 00000001: h264d: Closed video instance: 0000000000000000
<6>[    8.798412] KernelSU: susfs: mark no sucompat checks for pid: '1835', exec: '/apex/com.android.conscrypt/bin/boringssl_self_test32'
<4>[    8.800527] subsys-pil-tz soc:qcom,kgsl-hyp: Direct firmware load for a660_zap.b02 failed with error -2
<4>[    8.800529] subsys-pil-tz soc:qcom,kgsl-hyp: Falling back to sysfs fallback for: a660_zap.b02
<6>[    8.804662] subsys-pil-tz soc:qcom,kgsl-hyp: a660_zap: Brought out of reset
<6>[    8.804670] subsys-pil-tz: subsys_powerup(): pil_boot is successful from a660_zap and waiting for error ready
<6>[    8.807410] subsys-restart: __subsystem_get(): Changing subsys fw_name to modem
<6>[    8.809233] memshare soc:qcom,memshare: memshare: SUBSYS_BEFORE_POWERUP: enable_ramdump: 0, ramdump_event: 0
<6>[    8.809236] memshare soc:qcom,memshare: memshare: notifier_cb processed for code: 2
<6>[    8.809239] ipa-wan ipa3_lcl_mdm_ssr_notifier_cb:3031 IPA received MPSS BEFORE_POWERUP
<6>[    8.810253] ipa-wan ipa3_lcl_mdm_ssr_notifier_cb:3040 IPA BEFORE_POWERUP handling is complete
<4>[    8.810426] subsys-pil-tz 4080000.qcom,mss: Direct firmware load for modem.mdt failed with error -2
<4>[    8.810430] subsys-pil-tz 4080000.qcom,mss: Falling back to sysfs fallback for: modem.mdt
<6>[    8.813286] subsys-pil-tz 4080000.qcom,mss: modem: loading from 0x000000008b800000 to 0x000000009b800000
<6>[    8.813761] memshare soc:qcom,memshare: memshare: notifier_cb processed for code: 7
<6>[    8.819187] msm_vidc:   high: 00000001: ....d: Opening video instance: 0000000000000000, 1
<6>[    8.819209] msm_vidc:   err : 00000001: ....d: Failed to create debugfs for msm_vidc
<4>[    8.819437] subsys-pil-tz 4080000.qcom,mss: Direct firmware load for modem.b02 failed with error -2
<4>[    8.819439] subsys-pil-tz 4080000.qcom,mss: Falling back to sysfs fallback for: modem.b02
<4>[    8.819605] subsys-pil-tz 4080000.qcom,mss: Direct firmware load for modem.b03 failed with error -2
<4>[    8.819607] subsys-pil-tz 4080000.qcom,mss: Falling back to sysfs fallback for: modem.b03
<4>[    8.819718] subsys-pil-tz 4080000.qcom,mss: Direct firmware load for modem.b04 failed with error -2
<4>[    8.819719] subsys-pil-tz 4080000.qcom,mss: Direct firmware load for modem.b05 failed with error -2
<4>[    8.819720] subsys-pil-tz 4080000.qcom,mss: Falling back to sysfs fallback for: modem.b05
<4>[    8.819721] subsys-pil-tz 4080000.qcom,mss: Falling back to sysfs fallback for: modem.b04
<4>[    8.819757] subsys-pil-tz 4080000.qcom,mss: Direct firmware load for modem.b06 failed with error -2
<4>[    8.819759] subsys-pil-tz 4080000.qcom,mss: Falling back to sysfs fallback for: modem.b06
<4>[    8.819845] subsys-pil-tz 4080000.qcom,mss: Direct firmware load for modem.b07 failed with error -2
<4>[    8.819849] subsys-pil-tz 4080000.qcom,mss: Falling back to sysfs fallback for: modem.b07
<4>[    8.819874] subsys-pil-tz 4080000.qcom,mss: Direct firmware load for modem.b08 failed with error -2
<4>[    8.819875] subsys-pil-tz 4080000.qcom,mss: Falling back to sysfs fallback for: modem.b08
<4>[    8.819889] subsys-pil-tz 4080000.qcom,mss: Direct firmware load for modem.b11 failed with error -2
<4>[    8.819890] subsys-pil-tz 4080000.qcom,mss: Falling back to sysfs fallback for: modem.b11
<4>[    8.819896] subsys-pil-tz 4080000.qcom,mss: Direct firmware load for modem.b10 failed with error -2
<4>[    8.819897] subsys-pil-tz 4080000.qcom,mss: Falling back to sysfs fallback for: modem.b10
<4>[    8.819974] subsys-pil-tz 4080000.qcom,mss: Direct firmware load for modem.b12 failed with error -2
<4>[    8.819975] subsys-pil-tz 4080000.qcom,mss: Falling back to sysfs fallback for: modem.b12
<4>[    8.820048] subsys-pil-tz 4080000.qcom,mss: Direct firmware load for modem.b13 failed with error -2
<4>[    8.820048] subsys-pil-tz 4080000.qcom,mss: Falling back to sysfs fallback for: modem.b13
<4>[    8.820138] subsys-pil-tz 4080000.qcom,mss: Direct firmware load for modem.b15 failed with error -2
<4>[    8.820140] subsys-pil-tz 4080000.qcom,mss: Falling back to sysfs fallback for: modem.b15
<4>[    8.820144] subsys-pil-tz 4080000.qcom,mss: Direct firmware load for modem.b14 failed with error -2
<4>[    8.820147] subsys-pil-tz 4080000.qcom,mss: Falling back to sysfs fallback for: modem.b14
<4>[    8.820261] subsys-pil-tz 4080000.qcom,mss: Direct firmware load for modem.b17 failed with error -2
<4>[    8.820262] subsys-pil-tz 4080000.qcom,mss: Falling back to sysfs fallback for: modem.b17
<4>[    8.820369] subsys-pil-tz 4080000.qcom,mss: Direct firmware load for modem.b18 failed with error -2
<4>[    8.820370] subsys-pil-tz 4080000.qcom,mss: Falling back to sysfs fallback for: modem.b18
<4>[    8.820376] subsys-pil-tz 4080000.qcom,mss: Direct firmware load for modem.b19 failed with error -2
<4>[    8.820377] subsys-pil-tz 4080000.qcom,mss: Falling back to sysfs fallback for: modem.b19
<4>[    8.820407] subsys-pil-tz 4080000.qcom,mss: Direct firmware load for modem.b20 failed with error -2
<4>[    8.820408] subsys-pil-tz 4080000.qcom,mss: Falling back to sysfs fallback for: modem.b20
<4>[    8.820440] subsys-pil-tz 4080000.qcom,mss: Direct firmware load for modem.b21 failed with error -2
<4>[    8.820441] subsys-pil-tz 4080000.qcom,mss: Falling back to sysfs fallback for: modem.b21
<4>[    8.820484] subsys-pil-tz 4080000.qcom,mss: Direct firmware load for modem.b22 failed with error -2
<4>[    8.820485] subsys-pil-tz 4080000.qcom,mss: Falling back to sysfs fallback for: modem.b22
<4>[    8.820520] subsys-pil-tz 4080000.qcom,mss: Direct firmware load for modem.b23 failed with error -2
<4>[    8.820521] subsys-pil-tz 4080000.qcom,mss: Falling back to sysfs fallback for: modem.b23
<4>[    8.820583] subsys-pil-tz 4080000.qcom,mss: Direct firmware load for modem.b24 failed with error -2
<4>[    8.820587] subsys-pil-tz 4080000.qcom,mss: Falling back to sysfs fallback for: modem.b24
<4>[    8.820619] subsys-pil-tz 4080000.qcom,mss: Direct firmware load for modem.b25 failed with error -2
<4>[    8.820623] subsys-pil-tz 4080000.qcom,mss: Falling back to sysfs fallback for: modem.b25
<4>[    8.821095] subsys-pil-tz 4080000.qcom,mss: Direct firmware load for modem.b26 failed with error -2
<4>[    8.821096] subsys-pil-tz 4080000.qcom,mss: Falling back to sysfs fallback for: modem.b26
<4>[    8.821295] subsys-pil-tz 4080000.qcom,mss: Direct firmware load for modem.b27 failed with error -2
<4>[    8.821296] subsys-pil-tz 4080000.qcom,mss: Falling back to sysfs fallback for: modem.b27
<3>[    8.833517] [OPLUS_CHG][smbchg_get_charge_enable]get charge enable[1]
<6>[    8.845335] msm_vidc:   high: 00000001: h265d: Closed video instance: 0000000000000000
<6>[    8.850264] msm_vidc:   high: 00000001: ....d: Opening video instance: 0000000000000000, 1
<6>[    8.850294] msm_vidc:   err : 00000001: ....d: Failed to create debugfs for msm_vidc
<6>[    8.855522] msm_vidc:   high: 00000001: h265d: Closed video instance: 0000000000000000
<6>[    8.865169] KernelSU: susfs: mark no sucompat checks for pid: '1892', exec: '/apex/com.android.conscrypt/bin/boringssl_self_test64'
<36>[    8.869170] type=1400 audit(1770804693.082:464): avc:  denied  { search } for  comm="android.hardwar" name="data" dev="dm-48" ino=305 scontext=u:r:hal_camera_default:s0 tcontext=u:object_r:system_data_file:s0:c512,c768 tclass=dir permissive=0
<36>[    8.869240] type=1400 audit(1770804693.082:465): avc:  denied  { search } for  comm="android.hardwar" name="data" dev="dm-48" ino=305 scontext=u:r:hal_camera_default:s0 tcontext=u:object_r:system_data_file:s0:c512,c768 tclass=dir permissive=0
<6>[    8.874667] msm_vidc:   high: 00000001: ....d: Opening video instance: 0000000000000000, 1
<6>[    8.874693] msm_vidc:   err : 00000001: ....d: Failed to create debugfs for msm_vidc
<3>[    8.876799] IRIS_LOG I iris_configure_get(), type: 0x0021(33), value: 0
<3>[    8.881152] IRIS_LOG I iris_configure_get(), type: 0x0038(56), value: 1
<6>[    8.888786] KernelSU: susfs: mark no sucompat checks for pid: '1920', exec: '/system/bin/bootanimation'
<6>[    8.889381] msm_vidc:   high: 00000001: h265d: Closed video instance: 0000000000000000
<6>[    8.898044] KernelSU: susfs: mark no sucompat checks for pid: '1921', exec: '/system/bin/bootstat'
<4>[    8.899826] QSEECOM: qseecom_load_app: App with id 5 (eseservice) now loaded
<4>[    8.900543] QSEECOM: qseecom_load_app: App (soter64) does'nt exist, loading apps for first time
<6>[    8.907492] KernelSU: susfs: mark no sucompat checks for pid: '1922', exec: '/system/bin/drmserver'
<6>[    8.914421] KernelSU: susfs: mark no sucompat checks for pid: '1926', exec: '/system/bin/kcmdlinectrl'
<6>[    8.926974] msm_vidc:   high: 00000001: ....d: Opening video instance: 0000000000000000, 1
<6>[    8.927002] msm_vidc:   err : 00000001: ....d: Failed to create debugfs for msm_vidc
<6>[    8.928132] OPLUS_CHG[COMM]: oplus_chg_heartbeat_work[2169]: charger vol=11958
<3>[    8.928134] OPLUS_CHG[COMM]: oplus_chg_check_charger_uovp[2041]: charger is over voltage, count=0
<3>[    8.928138] OPLUS_CHG[COMM]: oplus_chg_check_charger_uovp[2049]: uovp=1, pre_uovp=0, over_volt_count=0
<6>[    8.928140] OPLUS_CHG[COMM]: oplus_chg_check_charger_uovp[2050]: vchg_max=6000, vchg_min=4000
<6>[    8.929256] OPLUS_CHG[COMM]: oplus_chg_comm_check_batt_temp[1354]: charge status changed, temp region is 5
<3>[    8.929591] [OPLUS_CHG][smbchg_float_voltage_set]set fv to 8870 mV
<6>[    8.929601] OPLUS_CHG[P9415]: p9415_set_rx_enable[337]: set rx enable
<6>[    8.929602] OPLUS_CHG[WLS]: oplus_chg_wls_rx_disable_vote_callback[454]: enable wireless charge
<3>[    8.929604] OPLUS_CHG[WLS]: oplus_chg_wls_config[1679]: Unsupported charging mode(=0)
<3>[    8.933672] OPLUS_CHG[INTF]: oplus_chg_intf_batt_get_prop[1729]: Couldn't get prop 50 rc = -1
<3>[    8.933682] OPLUS_CHG[GKI]: battery_psy_get_prop[545]: Couldn't get prop 61 rc = -61
<3>[    8.940318] OPLUS_CHG[INTF]: oplus_chg_intf_batt_get_prop[1729]: Couldn't get prop 50 rc = -1
<3>[    8.940333] OPLUS_CHG[GKI]: battery_psy_get_prop[545]: Couldn't get prop 61 rc = -61
<7>[    8.943279] cnss: MHI status cb is called with reason MISSION_MODE(6)
<7>[    8.943342] cnss: Notify MHI to use already allocated images
<7>[    8.943369] cnss: Disable ADSP power collapse
<7>[    8.943373] cnss: PM relax, state: 0x8, count: 0
<7>[    8.949471] cnss: Setting link speed:0x2, width:0x1
<4>[    8.952608] QSEECOM: qseecom_load_app: App with id 6 (soter64) now loaded
<6>[    8.961286] KernelSU: susfs: mark no sucompat checks for pid: '1943', exec: '/system/bin/traced_probes'
<6>[    8.961506] msm_vidc:   high: 00000001:  vp9d: Closed video instance: 0000000000000000
<6>[    8.967159] CAM_ERR: CAM-SENSOR: cam_sensor_update_id_info: 576 vendor_slave_addr:  0x34, vendor_id_Addr: 0x18, vendorID: 0x0, vendor_mask: 0x0
<3>[    8.967242] ams-tof [INFO]  donot need do power down,power status=1,thread_exit=1
<6>[    8.967249] CAM_ERR: CAM-TOF: tof_power_up: 460 do tof_power_up \x0a
<6>[    8.975953] CAM_INFO: CAM-CCI: cam_cci_init: 198 cam_cci_init 7
<6>[    8.975962] CAM_INFO: CAM-CCI: cam_cci_control_interface: 2025 cci init cmd,rc=0
<6>[    8.975993] CAM_INFO: CAM-SENSOR: cam_sensor_util_request_gpio_table: 1217 No GPIO data
<5>[    8.978269] [OPLUS_MIDAS_CHG_DEBUG]oplus_midas_chg_processing: passedchg=0, realpassedchg=0,accu_delta=0, prev_chg_stat=0, reset_counts=0
<6>[    8.979696] CAM_INFO: CAM-SENSOR: msm_cam_sensor_handle_reg_gpio: 1960 Input Parameters are not proper
<6>[    8.979703] CAM_INFO: CAM-TOF: cam_tof_acquire: 180 cam_tof_acquire
<3>[    8.979705] ams-tof [INFO]  power up success.\x0a
<3>[    8.980733] [OPLUS_CHG][smbchg_get_charge_enable]get charge enable[1]
<6>[    8.982604] KernelSU: susfs: mark no sucompat checks for pid: '1951', exec: '/system/system_ext/bin/dpmd'
<6>[    8.983718] bat vol:(3777000,3757000)
<5>[    8.983769] [OPLUS_CHG][oplus_chg_update_ui_soc]full [soc ui_soc smooth_soc down_limit up_limit] = [37 37 37 8 2]
<5>[    8.983772] [OPLUS_CHG][oplus_chg_update_ui_soc]ui_soc:37,waiting_for_ffc:1,fastchg_to_ffc:1,fastchg_start:0,chg_type=0x0
<6>[    8.983804] OPLUS_CHG[PMIC]: oplus_chg_get_shutdown_soc[2801]: oplus_chg_get_shutdown_soc:0x25,37
<5>[    8.983831] [OPLUS_CHG][oplus_chg_print_log]CHGR[ 0 / 0 / 0 / 1 / 0 ],BAT[ 1 / 0 / 0 / 0 / 1 / 0 ],GAUGE[ 398 / 3777 / 3757 / 475 / 497 / 37 / 37 / 37 / 1080 ],STATUS[ 0x0 / 0 / 0 / 0 / 0 / 0x0 ],OTHER[ 0 / 1 / 0 / 0 / 0/ 0 / -2740 ],OTHER2[ 0 / 0 / 0 / 0 ]
<6>[    8.985473] KernelSU: susfs: mark no sucompat checks for pid: '1948', exec: '/system/bin/traced'
<6>[    8.988976] msm_vidc:   high: 00000001: ....d: Opening video instance: 0000000000000000, 1
<6>[    8.989002] msm_vidc:   err : 00000001: ....d: Failed to create debugfs for msm_vidc
<3>[    8.989421] OPLUS_CHG[INTF]: oplus_chg_intf_batt_get_prop[1729]: Couldn't get prop 50 rc = -1
<3>[    8.989443] OPLUS_CHG[GKI]: battery_psy_get_prop[545]: Couldn't get prop 61 rc = -61
<6>[    8.994222] KernelSU: susfs: mark no sucompat checks for pid: '1966', exec: '/vendor/bin/feature_enabler_client'
<3>[    8.994610] OPLUS_CHG[INTF]: oplus_chg_intf_batt_get_prop[1729]: Couldn't get prop 50 rc = -1
<3>[    8.994619] OPLUS_CHG[GKI]: battery_psy_get_prop[545]: Couldn't get prop 61 rc = -61
<6>[    8.998260] memshare soc:qcom,memshare: memshare: notifier_cb processed for code: 4
<6>[    8.998608] KernelSU: susfs: mark no sucompat checks for pid: '1968', exec: '/vendor/bin/modprobe'
<3>[    9.002726] OPLUS_CHG[INTF]: oplus_chg_intf_batt_get_prop[1729]: Couldn't get prop 50 rc = -1
<3>[    9.002738] OPLUS_CHG[GKI]: battery_psy_get_prop[545]: Couldn't get prop 61 rc = -61
<6>[    9.004167] KernelSU: susfs: mark no sucompat checks for pid: '1958', exec: '/system/vendor/bin/dpmQmiMgr'
<3>[    9.024124] ams-tof [ERROR] wait_for_tof_ready ok.\x0a
<3>[    9.024137] ams-tof [ERROR] debug for tof8801_get_register 1\x0a
<3>[    9.025792] ams-tof [ERROR] CPU status register: 0xe0 value: 0x00\x0a
<3>[    9.025802] ams-tof [INFO]  ToF chip in standby state, waking up
<3>[    9.030936] ams-tof [ERROR] debug for tof8801_get_register 2\x0a
<3>[    9.032615] ams-tof [ERROR] CPU status register: 0xe0 value: 0x41\x0a
<3>[    9.032620] ams-tof [INFO]  ToF chip CPU is ready
<4>[    9.032643] ams-tof [WARN]  configuration calibration data not available 'tof8801_config_calib.bin': -2\x0a
<3>[    9.032812] ams-tof [INFO]  Read info record - Running app_id: 0x80.\x0a
<3>[    9.033101] ams-tof [INFO]  Trying firmware: 'tof8801_firmware.bin'...\x0a
<4>[    9.033119] ams-tof 9-0041: Direct firmware load for tof8801_firmware.bin failed with error -2
<4>[    9.033121] ams-tof 9-0041: Falling back to sysfs fallback for: tof8801_firmware.bin
<3>[    9.039502] ams-tof [INFO]  tof_ram_patch_callback: Ram patch in progress... 1th\x0a
<3>[    9.040262] ams-tof [INFO]  tof_ram_patch_callback: Ram patch in progress... 2th \x0a
<3>[    9.040266] ams-tof [INFO]  tof_ram_patch_callback: Ram patch in progress... 3th \x0a
<6>[    9.047687] msm_vidc:   high: 00000001:  vp9d: Closed video instance: 0000000000000000
<6>[    9.052490] KernelSU: susfs: mark no sucompat checks for pid: '1976', exec: '/vendor/bin/modprobe'
<7>[    9.060926] cnss: WLFW server arriving: node 7 port 1
<7>[    9.060935] cnss: Posting event: SERVER_ARRIVE(0), state: 0x8 flags: 0x0
<7>[    9.060941] cnss: PM stay awake, state: 0x8, count: 1
<7>[    9.060955] cnss: PM relax, state: 0x8, count: 0
<7>[    9.060969] cnss: PM stay awake, state: 0x8, count: 1
<7>[    9.060974] cnss: Processing driver event: SERVER_ARRIVE(0), state: 0x8
<6>[    9.060980] cnss: QMI WLFW service connected, state: 0x9
<7>[    9.060985] cnss: Sending indication register message, state: 0x9
<7>[    9.063751] cnss: Sending host capability message, state: 0x9
<7>[    9.063758] cnss: Number of clients is 1
<7>[    9.063764] cnss: Assign MSI to user: WAKE, num_vectors: 1, user_base_data: 813, base_vector: 13
<7>[    9.063769] cnss: WAKE MSI base data is 813
<7>[    9.063772] cnss: Calibration done is 0
<7>[    9.063777] cnss: Sending iova starting 0xa0000000 with size 0x10010000
<7>[    9.063781] cnss: Sending feature list 0x2
<7>[    9.065603] cnss: PM relax, state: 0x9, count: 0
<7>[    9.065771] cnss: Received QMI WLFW request memory indication
<7>[    9.065776] cnss: FW requests for memory, size: 0x4e0000, type: 1
<7>[    9.065780] cnss: FW requests for memory, size: 0x390000, type: 4
<7>[    9.065786] cnss: Posting event: REQUEST_MEM(2), state: 0x9 flags: 0x0
<7>[    9.065791] cnss: PM stay awake, state: 0x9, count: 1
<7>[    9.065804] cnss: PM relax, state: 0x9, count: 0
<7>[    9.065815] cnss: PM stay awake, state: 0x9, count: 1
<7>[    9.065820] cnss: Processing driver event: REQUEST_MEM(2), state: 0x9
<6>[    9.071339] msm_vidc:   high: 00000001: ....d: Opening video instance: 0000000000000000, 1
<6>[    9.071411] msm_vidc:   err : 00000001: ....d: Failed to create debugfs for msm_vidc
<6>[    9.086490] msm_vidc:   high: 00000001: mpg2d: Closed video instance: 0000000000000000
<6>[    9.092859] KernelSU: susfs: mark no sucompat checks for pid: '1993', exec: '/vendor/bin/modprobe'
<7>[    9.101042] cnss: Sending respond memory message, state: 0x9
<7>[    9.101152] cnss: Memory for FW, va: 0x0000000000000000, pa: 0x00000000a1000000, size: 0x4e0000, type: 1
<7>[    9.101157] cnss: Memory for FW, va: 0x0000000000000000, pa: 0x00000000a1800000, size: 0x390000, type: 4
<6>[    9.102945] msm_vidc:   high: 00000001: ....e: Opening video instance: 0000000000000000, 0
<6>[    9.103093] msm_vidc:   err : 00000001: ....e: Failed to create debugfs for msm_vidc
<6>[    9.103683] msm_vidc:   err : 00000001: ....e: msm_vidc_comm_update_ctrl: Conrol id 10035267 not found
<7>[    9.107124] cnss: PM relax, state: 0x9, count: 0
<6>[    9.108658] msm_vidc:   high: 00000001: h264e: Closed video instance: 0000000000000000
<7>[    9.108661] cnss: Received QMI WLFW FW memory ready indication
<7>[    9.108668] cnss: Posting event: FW_MEM_READY(3), state: 0x9 flags: 0x0
<7>[    9.108674] cnss: PM stay awake, state: 0x9, count: 1
<7>[    9.108689] cnss: PM relax, state: 0x9, count: 0
<7>[    9.108701] cnss: PM stay awake, state: 0x9, count: 1
<7>[    9.108706] cnss: Processing driver event: FW_MEM_READY(3), state: 0x9
<7>[    9.108711] cnss: Sending target capability message, state: 0xb
<6>[    9.112635] tfa98xx 4-0035: tfa98xx_probe: enter
<6>[    9.113152] tfa98xx 4-0035: tfa98xx_probe: Container loading requested: 0
<6>[    9.113955] tfa98xx 4-0035: tfa98xx_probe: codec registered () ret=0
<6>[    9.113965] tfa98xx 4-0034: tfa98xx_probe: enter
<4>[    9.113998] tfa98xx 4-0035: Direct firmware load for tfa98xx.cnt failed with error -2
<4>[    9.114000] tfa98xx 4-0035: Falling back to sysfs fallback for: tfa98xx.cnt
<6>[    9.114105] msm_vidc:   high: 00000001: ....e: Opening video instance: 0000000000000000, 0
<6>[    9.114496] msm_vidc:   err : 00000001: ....e: Failed to create debugfs for msm_vidc
<6>[    9.114547] tfa98xx 4-0034: tfa98xx_probe: Container loading requested: 0
<4>[    9.114610] tfa98xx 4-0034: ASoC: source widget AIF IN overwritten
<7>[    9.114626] cnss: Voltage for CPR: 983mV
<3>[    9.114630] cnss: Voltage 983mV or PMIC address 0x0 is not valid
<4>[    9.114632] tfa98xx 4-0034: ASoC: sink widget AIF OUT overwritten
<7>[    9.114636] cnss: Device frequency is 19200000 HZ
<7>[    9.114638] cnss: Target capability: chip_id: 0x0, chip_family: 0xb, board_id: 0xff, soc_id: 0x400c0110, otp_version: 0x4800e2
<7>[    9.114640] cnss: fw_version: 0x110c86c9, fw_build_timestamp: 2022-07-25 08:17, fw_build_id: QC_IMAGE_VERSION_STRING=WLAN.HSP.1.1-01737-QCAHSPSWPL_V1_V2_SILICONZ-1.499991.13.512711.3
<7>[    9.114643] cnss: Sending BDF download message, state: 0xb, type: 4
<4>[    9.114656] cnss2 b0000000.qcom,cnss-qca6490: Direct firmware load for regdb.bin failed with error -2
<4>[    9.114657] cnss2 b0000000.qcom,cnss-qca6490: Falling back to sysfs fallback for: regdb.bin
<3>[    9.114751] lahaina-asoc-snd soc:qcom,msm-audio-apr:qcom,q6core-audio:sound: control 2:0:0:TFA98XX Volume:0 is already present
<3>[    9.114756] tfa98xx 4-0034: ASoC: Failed to add TFA98XX Volume: -16
<3>[    9.114820] lahaina-asoc-snd soc:qcom,msm-audio-apr:qcom,q6core-audio:sound: control 2:0:0:SPK_Pa Revision:0 is already present
<3>[    9.114822] tfa98xx 4-0034: ASoC: Failed to add SPK_Pa Revision: -16
<3>[    9.114868] lahaina-asoc-snd soc:qcom,msm-audio-apr:qcom,q6core-audio:sound: control 2:0:0:Speaker_Mute_Switch:0 is already present
<3>[    9.114871] tfa98xx 4-0034: ASoC: Failed to add Speaker_Mute_Switch: -16
<3>[    9.114916] lahaina-asoc-snd soc:qcom,msm-audio-apr:qcom,q6core-audio:sound: control 2:0:0:TFA_CHECK_FEEDBACK:0 is already present
<3>[    9.114918] tfa98xx 4-0034: ASoC: Failed to add TFA_CHECK_FEEDBACK: -16
<3>[    9.114965] lahaina-asoc-snd soc:qcom,msm-audio-apr:qcom,q6core-audio:sound: control 2:0:0:SMARTPA_PM_STATE:0 is already present
<3>[    9.114967] tfa98xx 4-0034: ASoC: Failed to add SMARTPA_PM_STATE: -16
<6>[    9.114969] tfa98xx 4-0034: tfa98xx_probe: codec registered () ret=0
<3>[    9.116808] msm-dai-fe soc:qcom,msm-dai-fe: ASoC: no sink widget found for AUXPCM_DL_HL
<3>[    9.116813] msm-dai-fe soc:qcom,msm-dai-fe: ASoC: Failed to add route AUXPCM_HOSTLESS Playback -> direct -> AUXPCM_DL_HL
<3>[    9.116832] msm-dai-fe soc:qcom,msm-dai-fe: ASoC: no source widget found for AUXPCM_UL_HL
<3>[    9.116834] msm-dai-fe soc:qcom,msm-dai-fe: ASoC: Failed to add route AUXPCM_UL_HL -> direct -> AUXPCM_HOSTLESS Capture
<6>[    9.122773] msm_vidc:   err : 00000001: ....e: msm_vidc_comm_update_ctrl: Conrol id 10035267 not found
<4>[    9.126933] msm-dai-q6-hdmi soc:qcom,msm-dai-q6-dp: DAI driver id is not set
<4>[    9.127704] msm-dai-q6-hdmi soc:qcom,msm-dai-q6-dp1: ASoC: sink widget Display Port1 Playback overwritten
<6>[    9.131126] KernelSU: susfs: mark no sucompat checks for pid: '2003', exec: '/vendor/bin/modprobe'
<6>[    9.139983] tfa98xx 4-0034: tfa98xx_container_loaded: loaded tfa98xx.cnt - size: 3955
<6>[    9.139989] tfa98xx_container_loaded(): 3_01
<6>[    9.139989] tfa98xx_container_loaded(): NXP
<6>[    9.139990] tfa98xx_container_loaded(): stereo
<6>[    9.139990] tfa98xx_container_loaded(): 9871N1C
<6>[    9.139991] tfa98xx_container_loaded(): 2 ndev
<6>[    9.139992] tfa98xx_container_loaded(): 3 nprof
<6>[    9.140018] msm_vidc:   high: 00000001: h264e: Closed video instance: 0000000000000000
<6>[    9.140472] tfa_dev_probe: tfa[0x34] done.
<6>[    9.140474] tfa98xx 4-0034: tfa98xx_container_loaded: Firmware init complete
<6>[    9.140475] tfa98xx 4-0034: tfa98xx_create_controls: enter
<6>[    9.140480] tfa98xx_create_controls(): profile added [0]: receiver
<6>[    9.140483] add_sr_to_profile(): added profile:samplerate = [0:48000] for mixer profile: receiver
<6>[    9.140484] tfa98xx_create_controls(): profile added [1]: speaker
<6>[    9.140485] add_sr_to_profile(): added profile:samplerate = [1:48000] for mixer profile: speaker
<6>[    9.140487] tfa98xx 4-0034: tfa98xx_create_controls: done
<6>[    9.142004] msm_vidc:   high: 00000001: ....e: Opening video instance: 0000000000000000, 0
<6>[    9.142051] msm_vidc:   err : 00000001: ....e: Failed to create debugfs for msm_vidc
<6>[    9.142276] tfa98xx 4-0035: tfa98xx_container_loaded: loaded tfa98xx.cnt - size: 3955
<6>[    9.142278] tfa98xx 4-0035: tfa98xx_container_loaded: container file already loaded...
<6>[    9.142544] tfa_dev_probe: tfa[0x35] done.
<6>[    9.142545] tfa98xx 4-0035: tfa98xx_container_loaded: Firmware init complete
<6>[    9.142621] msm_vidc:   err : 00000001: ....e: msm_vidc_comm_update_ctrl: Conrol id 10035267 not found
<7>[    9.144117] cnss: Downloading BDF: regdb.bin, size: 19348
<6>[    9.147741] KernelSU: susfs: mark no sucompat checks for pid: '2009', exec: '/vendor/bin/modprobe'
<6>[    9.147877] msm_vidc:   high: 00000001: h265e: Closed video instance: 0000000000000000
<7>[    9.155591] cnss: Sending BDF download message, state: 0xb, type: 1
<7>[    9.155603] cnss: wcn chip id: 0
<4>[    9.155642] cnss2 b0000000.qcom,cnss-qca6490: Direct firmware load for bdwlan.elf failed with error -2
<4>[    9.155647] cnss2 b0000000.qcom,cnss-qca6490: Falling back to sysfs fallback for: bdwlan.elf
<6>[    9.164668] msm_vidc:   high: 00000001: ....e: Opening video instance: 0000000000000000, 0
<6>[    9.164860] msm_vidc:   err : 00000001: ....e: Failed to create debugfs for msm_vidc
<6>[    9.169470] msm_vidc:   err : 00000001: ....e: msm_vidc_comm_update_ctrl: Conrol id 10035267 not found
<6>[    9.177687] msm_vidc:   high: 00000001: h265e: Closed video instance: 0000000000000000
<6>[    9.191024] msm_vidc:   high: 00000001: ....e: Opening video instance: 0000000000000000, 0
<6>[    9.191424] msm_vidc:   err : 00000001: ....e: Failed to create debugfs for msm_vidc
<7>[    9.204220] cnss: Downloading BDF: bdwlan.elf, size: 59908
<7>[    9.204229] cnss: vendor file name: /odm/etc/wifi/bdwlan.elf
<7>[    9.204288] cnss: dl size: 59908, stat size: 59908
<6>[    9.206804] msm_vidc:   err : 00000001: ....e: msm_vidc_comm_update_ctrl: Conrol id 10035267 not found
<6>[    9.220232] msm_vidc:   high: 00000001: h265e: Closed video instance: 0000000000000000
<6>[    9.228537] msm_vidc:   high: 00000001: ....e: Opening video instance: 0000000000000000, 0
<6>[    9.228962] msm_vidc:   err : 00000001: ....e: Failed to create debugfs for msm_vidc
<6>[    9.229833] msm_vidc:   err : 00000001: ....e: msm_vidc_comm_update_ctrl: Conrol id 10035267 not found
<6>[    9.235750] KernelSU: susfs: mark no sucompat checks for pid: '2023', exec: '/vendor/bin/modprobe'
<3>[    9.243008] OF: graph: no port node found in /soc/qcom,pmic_glink/qcom,ucsi/port
<3>[    9.243024] OF: graph: no port node found in /soc/qcom,pmic_glink/qcom,ucsi/port
<6>[    9.243913] msm_vidc:   high: 00000001: h265e: Closed video instance: 0000000000000000
<3>[    9.248041] altmode-glink: altmode_write: Error in sending message: -110
<3>[    9.248048] [drm:dp_altmode_send_pan_ack][msm-dp-err][627 ]failed: -110
<3>[    9.248418] msm-usb-hsphy 88e3000.hsphy: Using device eye-diagram parameters!
<6>[    9.248428] msm-usb-hsphy 88e3000.hsphy: param ovrride x0:00 x1:00 x2:00 x3:00
<6>[    9.248434] msm-usb-hsphy 88e3000.hsphy: x0:e6e6e6e6 x1:0f0f0f0f x2:17171717 x3:03030303
<7>[    9.251109] cnss: Sending M3 information message, state: 0xb
<7>[    9.251119] cnss: M3 memory, va: 0x0000000000000000, pa: 0x00000000a1d00000, size: 0x411bc
<6>[    9.251532] OPLUS_CHG[WLS_RX]: oplus_chg_wls_rx_send_msg[526]: send msg, msg=0xa1, data=0xff
<7>[    9.253933] cnss: Sending QDSS config download message, state: 0xb
<7>[    9.254115] cnss: Received QMI WLFW FW initialization done indication
<7>[    9.254121] cnss: Posting event: FW_READY(4), state: 0xb flags: 0x0
<3>[    9.267419] cnss: Failed to load QDSS: qdss_trace_config_v1.cfg
<6>[    9.267430] cnss: Failed to download qdss configuration file
<7>[    9.267433] cnss: Processing driver event: FW_READY(4), state: 0xb
<7>[    9.267435] cnss: Processing FW Init Done..
<7>[    9.267437] cnss: PCIE Gen speed not setup
<7>[    9.267439] cnss: Sending antenna switch sync request, state: 0xf
<6>[    9.269460] KernelSU: susfs: mark no sucompat checks for pid: '2035', exec: '/system/vendor/bin/qmipriod'
<3>[    9.270411] failed to find dsi, panel name = samsung amb670yf01 dsc cmd mode panel display->panel->is_secondary = 0 
<3>[    9.270624] cnss: Antenna switch request failed, result: 1, err: 94
<7>[    9.270632] cnss: Sending mode message, mode: CALIBRATION(7), state: 0xf
<3>[    9.287692] bolero-codec soc:qcom,msm-audio-apr:qcom,q6core-audio:bolero-cdc: ASoC: unknown pin WSA AIF VI
<6>[    9.291066] KernelSU: susfs: mark no sucompat checks for pid: '2038', exec: '/system/vendor/bin/shsusrd'
<4>[    9.293440] lahaina-asoc-snd soc:qcom,msm-audio-apr:qcom,q6core-audio:sound: ASoC: source widget VA MIC BIAS1 overwritten
<6>[    9.293479] wcd938x_codec wcd938x-codec: wcd_mbhc_start: enter
<6>[    9.293485] wcd938x_codec wcd938x-codec: wcd_mbhc_start: usbc analog enabled
<6>[    9.293489] wcd_mbhc_set_keycode: set btn0 key code:226
<6>[    9.293490] wcd_mbhc_set_keycode: set btn1 key code:582
<6>[    9.293491] wcd_mbhc_set_keycode: set btn2 key code:115
<6>[    9.293491] wcd_mbhc_set_keycode: set btn3 key code:114
<6>[    9.293492] wcd_mbhc_initialise: enter
<6>[    9.293493] wcd_mbhc_initialise: Acquiring BCL
<6>[    9.293494] wcd_mbhc_initialise: Acquiring BCL done
<6>[    9.296625] KernelSU: susfs: mark no sucompat checks for pid: '2045', exec: '/vendor/bin/init.class_main.sh'
<6>[    9.307694] KernelSU: susfs: mark no sucompat checks for pid: '2047', exec: '/system/bin/cameraserver'
<6>[    9.308348] KernelSU: susfs: mark no sucompat checks for pid: '2048', exec: '/system/bin/idmap2d'
<6>[    9.308577] msm-dwc3 a600000.ssusb: DWC3 exited from low power mode
<6>[    9.309967] msm-dwc3 a600000.ssusb: DWC3 in low power mode
<6>[    9.312442] wcd_mbhc_initialise: Release BCL
<6>[    9.312447] wcd_mbhc_initialise: leave
<6>[    9.312479] wcd938x_codec wcd938x-codec: wcd_mbhc_usbc_ana_event_handler: mode = 0
<6>[    9.312481] wcd_mbhc_plug_fix_after_ssr: plug_before_ssr=0
<6>[    9.312483] wcd_mbhc_usbc_ana_remove_handler: Acquiring BCL
<6>[    9.312485] wcd_mbhc_usbc_ana_remove_handler: Acquiring BCL done
<6>[    9.312486] wcd_mbhc_usbc_ana_remove_handler: Release BCL
<6>[    9.320446] input: lahaina-mtp-snd-card Headset Jack as /devices/platform/soc/soc:qcom,msm-audio-apr/soc:qcom,msm-audio-apr:qcom,q6core-audio/soc:qcom,msm-audio-apr:qcom,q6core-audio:sound/sound/card0/input8
<6>[    9.320849] input: lahaina-mtp-snd-card Button Jack as /devices/platform/soc/soc:qcom,msm-audio-apr/soc:qcom,msm-audio-apr:qcom,q6core-audio/soc:qcom,msm-audio-apr:qcom,q6core-audio:sound/sound/card0/input9
<6>[    9.321660] KernelSU: susfs: mark no sucompat checks for pid: '2049', exec: '/system/bin/incidentd'
<6>[    9.323146] lahaina-asoc-snd soc:qcom,msm-audio-apr:qcom,q6core-audio:sound: msm_asoc_machine_probe: Sound card lahaina-mtp-snd-card registered
<4>[    9.324430] msm_asoc_machine_probe, 10086, Successfully!
<3>[    9.324935] OPLUS_CHG[INTF]: oplus_chg_intf_batt_get_prop[1729]: Couldn't get prop 50 rc = -1
<3>[    9.324947] OPLUS_CHG[GKI]: battery_psy_get_prop[545]: Couldn't get prop 61 rc = -61
<6>[    9.331108] KernelSU: susfs: mark no sucompat checks for pid: '2052', exec: '/system/bin/mediaextractor'
<3>[    9.331713] OPLUS_CHG[INTF]: oplus_chg_intf_batt_get_prop[1729]: Couldn't get prop 50 rc = -1
<3>[    9.331725] OPLUS_CHG[GKI]: battery_psy_get_prop[545]: Couldn't get prop 61 rc = -61
<6>[    9.334880] KernelSU: susfs: mark no sucompat checks for pid: '2050', exec: '/system/bin/installd'
<6>[    9.341854] KernelSU: susfs: mark no sucompat checks for pid: '2054', exec: '/system/bin/mediametrics'
<6>[    9.353073] KernelSU: susfs: mark no sucompat checks for pid: '2056', exec: '/system/bin/mediaserver'
<6>[    9.358653] KernelSU: susfs: mark no sucompat checks for pid: '2058', exec: '/system/bin/storaged'
<6>[    9.365684] KernelSU: susfs: mark no sucompat checks for pid: '2059', exec: '/system/bin/wificond'
<6>[    9.379995] KernelSU: susfs: mark no sucompat checks for pid: '2061', exec: '/vendor/bin/wfdhdcphalservice'
<6>[    9.401511] KernelSU: susfs: mark no sucompat checks for pid: '2062', exec: '/system/vendor/bin/cnd'
<6>[    9.404120] KernelSU: susfs: mark no sucompat checks for pid: '2064', exec: '/vendor/bin/ims_rtp_daemon'
<6>[    9.405294] KernelSU: susfs: mark no sucompat checks for pid: '2063', exec: '/vendor/bin/wifidisplayhalservice'
<6>[    9.416766] KernelSU: susfs: mark no sucompat checks for pid: '2067', exec: '/vendor/bin/thermal-engine'
<6>[    9.422169] KernelSU: susfs: mark no sucompat checks for pid: '2066', exec: '/vendor/bin/imsdaemon'
<6>[    9.423045] KernelSU: susfs: mark no sucompat checks for pid: '2068', exec: '/vendor/bin/mutualex'
<7>[    9.433024] cnss: Removing vote for Regulator vdd-wlan-rfa2
<7>[    9.433086] cnss: Removing vote for Regulator vdd-wlan-rfa1
<7>[    9.433099] cnss: Removing vote for Regulator vdd-wlan-dig
<7>[    9.433119] cnss: Removing vote for Regulator vdd-wlan-aon
<7>[    9.433176] cnss: Removing vote for Regulator vdd-wlan-io
<7>[    9.433192] cnss: PM relax, state: 0xf, count: 0
<7>[    9.433203] cnss: PM stay awake, state: 0xf, count: 1
<7>[    9.433208] cnss: PM relax, state: 0xf, count: 0
<7>[    9.433611] cnss: Received QMI WLFW pin connect result indication
<7>[    9.433617] cnss: Pin connect Result: pwr_pin: 0x1 phy_io_pin: 0x0 rf_io_pin: 0x0
<6>[    9.441952] KernelSU: susfs: mark no sucompat checks for pid: '2073', exec: '/system/vendor/bin/netmgrd'
<3>[    9.444327] i2c_geni 988000.i2c: i2c error :-107
<3>[    9.444598] i2c_geni 988000.i2c: i2c error :-107
<3>[    9.444852] i2c_geni 988000.i2c: i2c error :-107
<3>[    9.445102] i2c_geni 988000.i2c: i2c error :-107
<3>[    9.445372] i2c_geni 988000.i2c: i2c error :-107
<3>[    9.445381] [OPLUS_CHG][oplus_i2c_dma_read] Error: 0x52F8, 2 byte(s), err-code: -107
<3>[    9.445386] rk826 read register 0x52f8 fail, rc = -107
<6>[    9.449251] subsys-pil-tz 4080000.qcom,mss: modem: Brought out of reset
<6>[    9.449261] subsys-pil-tz: subsys_powerup(): pil_boot is successful from modem and waiting for error ready
<6>[    9.453122] alloc_contig_range: [f2000, f2017) PFNs busy
<6>[    9.454108] alloc_contig_range: [f2020, f2037) PFNs busy
<6>[    9.455922] alloc_contig_range: [f2040, f2057) PFNs busy
<6>[    9.456271] alloc_contig_range: [f2060, f2077) PFNs busy
<6>[    9.456645] alloc_contig_range: [f2080, f2097) PFNs busy
<6>[    9.456888] KernelSU: susfs: mark no sucompat checks for pid: '2075', exec: '/vendor/bin/adsprpcd'
<4>[    9.466159] QSEECOM: qseecom_load_app: App (featenabler) does'nt exist, loading apps for first time
<6>[    9.468298] KernelSU: susfs: mark no sucompat checks for pid: '2082', exec: '/vendor/bin/audioadsprpcd'
<6>[    9.480297] KernelSU: susfs: mark no sucompat checks for pid: '2099', exec: '/vendor/bin/cdsprpcd'
<3>[    9.483928] i2c_geni 988000.i2c: i2c error :-107
<3>[    9.484200] i2c_geni 988000.i2c: i2c error :-107
<3>[    9.484445] i2c_geni 988000.i2c: i2c error :-107
<3>[    9.484710] i2c_geni 988000.i2c: i2c error :-107
<3>[    9.484968] i2c_geni 988000.i2c: i2c error :-107
<3>[    9.484973] [OPLUS_CHG][oplus_i2c_dma_read] Error: 0x52CC, 4 byte(s), err-code: -107
<3>[    9.484976] rk826 read register 0x52cc rc = -107
<3>[    9.484978] rk826 read register 0x52cc fail, rc = -107
<6>[    9.484980] rk826 fw upgrade check ok.
<6>[    9.494944] KernelSU: susfs: mark no sucompat checks for pid: '2111', exec: '/vendor/bin/wfdvndservice'
<5>[    9.496044] [OPLUS_CHG][oplus_is_rf_ftm_mode] boot_mode:0, return false
<6>[    9.496174] KernelSU: susfs: mark no sucompat checks for pid: '2074', exec: '/system/vendor/bin/port-bridge'
<6>[    9.516973] KernelSU: susfs: mark no sucompat checks for pid: '2118', exec: '/vendor/bin/sh'
<5>[    9.518620] [OPLUS_CHG][opchg_set_reset_active_force]opchg_set_reset_active_force
<6>[    9.525193] subsys-pil-tz: subsys_err_ready_intr_handler(): Subsystem error monitoring/handling services are up frommodem
<6>[    9.525228] subsys-pil-tz 4080000.qcom,mss: modem: Power/Clock ready interrupt received
<6>[    9.525478] memshare soc:qcom,memshare: memshare: notifier_cb processed for code: 8
<6>[    9.527582] memshare soc:qcom,memshare: memshare: SUBSYS_AFTER_POWERUP: Modem has booted up
<6>[    9.527591] memshare soc:qcom,memshare: memshare: notifier_cb processed for code: 3
<6>[    9.527596] adsprpc: fastrpc_restart_notifier_cb: modem subsystem is up
<6>[    9.527600] ipa-wan ipa3_lcl_mdm_ssr_notifier_cb:3046 IPA received MPSS AFTER_POWERUP
<3>[    9.527605] ipa ipa3_odl_pipe_open:366 adpl pipe not configured
<6>[    9.527618] ipa-wan ipa3_lcl_mdm_ssr_notifier_cb:3051 IPA AFTER_POWERUP handling is complete
<6>[    9.529530] qcom_smd_qrtr_probe:Entered
<6>[    9.537072] qcom_smd_qrtr_probe:SMD QRTR driver probed
<3>[    9.537129] qrtr: Modem QMI Readiness RX cmd:0x2 node[0x0]
<6>[    9.539039] sysmon-qmi: ssctl_new_server: Connection established between QMI handle and modem's SSCTL service
<11>[    9.539466] rmt_storage:INFO:rmt_storage_open_cb: Processing: Open Request (req_h 0x1) for /boot/modem_fs1!
<5>[    9.539773] [OPLUS_CHG][opchg_set_reset_sleep]opchg_set_reset_sleep
<5>[    9.539776] [OPLUS_CHG][fw_update_thread]update finish, then clean fastchg_dummy , fastchg_started, watch_dog
<4>[    9.543795] QSEECOM: qseecom_load_app: App with id 7 (featenabler) now loaded
<3>[    9.544291] [OPLUS_CHG][smbchg_usb_suspend_disable]set chg unsuspend
<6>[    9.573174] KernelSU: susfs: mark no sucompat checks for pid: '2128', exec: '/apex/com.android.media.swcodec/bin/mediaswcodec'
<11>[    9.574285] rmt_storage:INFO:rmt_storage_open_cb: Processing: Open Request (req_h 0x2) for /boot/modem_fs2!
<11>[    9.575514] rmt_storage:INFO:oem_remote_storage_should_create_client: init a new client for path /oem/nvbk/static!
<11>[    9.576180] rmt_storage:INFO:oem_remote_storage_should_create_client: init a new client for path /oem/nvbk/dynamic!
<11>[    9.577877] rmt_storage:INFO:rmt_storage_alloc_buff_cb: Received req_size: 2621440! avail: 2621440
<3>[    9.596087] wcd938x_codec wcd938x-codec: 312c:0000
<3>[    9.596141] wcd938x_codec wcd938x-codec: 31d3:0002
<3>[    9.596918] wcd938x_codec wcd938x-codec: 312d:0000
<3>[    9.609394] smcinvoke: process_tzcb_req: server is defunct, state= 1 tzhandle = -2147483627
<3>[    9.609422] smcinvoke: process_tzcb_req: server invalid, res: -90
<6>[    9.645212] KernelSU: susfs: mark no sucompat checks for pid: '2143', exec: '/apex/com.android.os.statsd/bin/statsd'
<6>[    9.678954] KernelSU: susfs: mark no sucompat checks for pid: '2223', exec: '/vendor/bin/mlid'
<6>[    9.681631] KernelSU: susfs: mark no sucompat checks for pid: '2221', exec: '/vendor/bin/ssgqmigd'
<6>[    9.685277] KernelSU: susfs: mark no sucompat checks for pid: '2220', exec: '/system/vendor/bin/cnss-daemon'
<6>[    9.703340] KernelSU: susfs: mark no sucompat checks for pid: '2236', exec: '/system/vendor/bin/loc_launcher'
<6>[    9.705353] KernelSU: susfs: mark no sucompat checks for pid: '2237', exec: '/vendor/bin/init.qcom.sh'
<6>[    9.714562] coresight-remote-etm soc:modem_etm0: Connection established between QMI handle and 2 service
<6>[    9.715768] coresight-remote-etm soc:modem2_etm0: Connection established between QMI handle and 11 service
<3>[    9.716622] wcd938x_codec wcd938x-codec: 312c:0000
<3>[    9.716646] wcd938x_codec wcd938x-codec: 31d3:0002
<3>[    9.717225] wcd938x_codec wcd938x-codec: 312d:0000
<6>[    9.717832] KernelSU: susfs: mark no sucompat checks for pid: '2241', exec: '/system/bin/update_engine'
<6>[    9.717861] KernelSU: susfs: mark no sucompat checks for pid: '2239', exec: '/system/bin/gatekeeperd'
<6>[    9.720890] KernelSU: susfs: mark no sucompat checks for pid: '2243', exec: '/system/bin/usbd'
<6>[    9.723364] memshare soc:qcom,memshare: memshare_query: client_id : 1, query_resp.size :5242880, query_resp.resp.result :0
<6>[    9.723495] memshare soc:qcom,memshare: memshare_alloc: memory alloc request received for client id: 1, proc_id: 0, request size: 5242880
<6>[    9.723501] memshare soc:qcom,memshare: memshare_alloc: found client with client_id: 1, index: 2
<14>[    9.725757] cnss-daemon: NL group_id 10, cnss_nl.family_id 30
<14>[    9.725773] cnss-daemon: wlfw_start: Starting
<14>[    9.728732] cnss-daemon: wlfw_service_request: Start the pthread: 0x0K
<6>[    9.728751] memshare soc:qcom,memshare: memshare_alloc: client_id: 1, alloc_resp.num_bytes: 5242880, alloc_resp.resp.result: 0
<14>[    9.737855] cnss-daemon: pm_release_vote: pm_handle is NULL
<14>[    9.737925] cnss-daemon: wlfw_build_cal_table: not read /data/vendor/wifi/wlfw_cal_00.bin
<14>[    9.737949] cnss-daemon: wlfw_build_cal_table: not read /data/vendor/wifi/wlfw_cal_01.bin
<14>[    9.737968] cnss-daemon: wlfw_build_cal_table: not read /data/vendor/wifi/wlfw_cal_02.bin
<14>[    9.737987] cnss-daemon: wlfw_build_cal_table: not read /data/vendor/wifi/wlfw_cal_03.bin
<14>[    9.738009] cnss-daemon: wlfw_build_cal_table: not read /data/vendor/wifi/wlfw_cal_04.bin
<14>[    9.751018] cnss-daemon: wlfw_send_cal_report_req: rc 0, result 1, error 90
<6>[    9.783538] KernelSU: susfs: mark no sucompat checks for pid: '2259', exec: '/vendor/bin/hw/vendor.lineage.livedisplay-service.oplus'
<6>[    9.792599] KernelSU: susfs: mark no sucompat checks for pid: '2253', exec: '/vendor/bin/hw/android.hardware.biometrics.fingerprint@2.3-service.oplus'
<6>[    9.801948] KernelSU: susfs: mark no sucompat checks for pid: '2269', exec: '/vendor/bin/wvmkiller'
<6>[    9.808961] KernelSU: susfs: mark no sucompat checks for pid: '2268', exec: '/vendor/bin/init.qcom.sensors.sh'
<6>[    9.820655] KernelSU: susfs: mark no sucompat checks for pid: '2277', exec: '/odm/bin/hw/vendor.oplus.hardware.biometrics.fingerprint@2.1-service'
<6>[    9.836607] KernelSU: susfs: mark no sucompat checks for pid: '2274', exec: '/odm/bin/oplus_sensor_fb'
<6>[    9.845406] KernelSU: hook_manager: escape to root for init executing ksud: 2279
<6>[    9.854643] KernelSU: susfs: mark no sucompat checks for pid: '2280', exec: '/vendor/bin/hw/qcrilNrd'
<6>[    9.862142] KernelSU: susfs: mark no sucompat checks for pid: '2284', exec: '/vendor/bin/hw/android.hardware.usb.gadget-service.qti'
<6>[    9.942902] KernelSU: ksu fd installed: 5 for pid 2279
<6>[    9.942904] KernelSU: [2279] install ksu fd: 5
<6>[    9.942907] KernelSU: volumedown_pressed_count: 0
<6>[    9.952666] binder: 750:750 transaction failed 29201/-1, size 200-8 line 3161
<36>[    9.952854] type=1400 audit(1770804694.166:466): avc:  denied  { call } for  comm="servicemanager" scontext=u:r:servicemanager:s0 tcontext=u:r:usbd:s0 tclass=binder permissive=0
<6>[    9.968505] KernelSU: susfs: mark no sucompat checks for pid: '2328', exec: '/system/vendor/bin/qti'
<6>[    9.994388] KernelSU: susfs: mark no sucompat checks for pid: '2335', exec: '/system/vendor/bin/adpl'
<3>[   10.024264] ams-tof [ERROR] debug for tof8801_get_register 1\x0a
<3>[   10.026288] ams-tof [ERROR] CPU status register: 0xe0 value: 0x41\x0a
<3>[   10.026293] ams-tof [INFO]  ToF chip CPU is ready
<3>[   10.026297] ams-tof [INFO]  tof_ram_patch_callback: Ram patch complete, patch size: 11K, dl time: 986 ms\x0a
<14>[   10.026913] bindhosts: service.sh - mode plain bindhosts
<14>[   10.027097] bindhosts: service.sh - enabling crond
<3>[   10.028364] ams-tof [INFO]  Read info record - Running app_id: 0xc0.\x0a
<6>[   10.029939] ams-tof 9-0041: App0 version: 3-0-18-0
<6>[   10.029941] ams-tof 9-0041: Clock trim iterations set to: 1
<6>[   10.038720] ams-tof 9-0041: tof8801_app0_rw_osc_trim: current osc_trim: 0x34, clk_ratio (Q15): 6972
<6>[   10.040054] ams-tof 9-0041: Clock trim value from fuse: 52
<6>[   10.051452] ams-tof 9-0041: tof8801_app0_rw_osc_trim: new osc_trim: 0x34
<3>[   10.052683] ams-tof [INFO]  laser download fw success\x0a
<3>[   10.052708] ams-tof [INFO]  APP0 is running
<3>[   10.052712] ams-tof [ERROR] FWDL callback 19 ms to finish
<6>[   10.052950] ams-tof 9-0041: Clock trim iterations set to: 22
<3>[   10.052951] ams-tof [INFO]  Set defualt period = 33 clk_iterations = 900000 \x0a
<3>[   10.052954] ams-tof [INFO]  Caemra Tof Probe ok.\x0a
<3>[   10.079407] ams-tof [INFO]  tof start power down
<6>[   10.079425] CAM_INFO: CAM-SENSOR: cam_sensor_driver_cmd: 843 Start to tof ready ,ret = 0
<3>[   10.080178] ams-tof [INFO]  stop irq thread start
<3>[   10.080188] ams-tof [INFO]  stop irq threadd done
<6>[   10.080199] CAM_ERR: CAM-TOF: tof_power_down: 471 do tof_power_down \x0a
<6>[   10.080211] CAM_INFO: CAM-CCI: cam_cci_control_interface: 2031 cci release cmd,rc=0
<6>[   10.083054] CAM_INFO: CAM-SENSOR: msm_cam_sensor_handle_reg_gpio: 1960 Input Parameters are not proper
<6>[   10.083060] CAM_INFO: CAM-SENSOR: cam_sensor_util_request_gpio_table: 1217 No GPIO data
<6>[   10.083909] CAM_INFO: CAM-CCI: cam_cci_soc_release: 447 cam_cci_soc_release 7
<6>[   10.083915] CAM_INFO: CAM-TOF: cam_tof_release: 215 cam_tof_release
<3>[   10.083918] ams-tof [INFO]  power down success
<6>[   10.089466] CAM_INFO: CAM-CCI: cam_cci_init: 198 cam_cci_init 6
<6>[   10.089475] CAM_ERR: CAM-SENSOR: cam_sensor_driver_cmd: 881 sensor power up success sensor id 0x789
<6>[   10.089707] CAM_ERR: CAM-SENSOR: cam_sensor_match_id_oem: 715 read vendor_id_addr=0x18 vendor_id: 0x10 expected vendor_id 0x0: rc=0
<6>[   10.098214] CAM_INFO: CAM-CCI: cam_cci_soc_release: 447 cam_cci_soc_release 6
<6>[   10.098223] CAM_INFO: CAM-SENSOR: cam_sensor_driver_cmd: 901 sensor power down!
<6>[   10.100542] KernelSU: susfs: CMD_SUSFS_SHOW_ENABLED_FEATURES
<6>[   10.120281] CAM_ERR: CAM-SENSOR: cam_sensor_subdev_ioctl: 63 Failed in Driver cmd: -1
<6>[   10.121013] CAM_ERR: CAM-SENSOR: cam_sensor_update_id_info: 576 vendor_slave_addr:  0x34, vendor_id_Addr: 0x18, vendorID: 0x1, vendor_mask: 0x0
<6>[   10.137809] Sending QMI_IPA_INIT_MODEM_DRIVER_REQ_V01
<3>[   10.138022] ipa-wan ipa3_handle_indication_req:143 not send indication
<3>[   10.142477] ipa ipa3_uc_wdi_event_log_info_handler:351 WDI protocol missing 0x1
<3>[   10.142495] ipa ipa3_uc_ntn_event_log_info_handler:20 NTN protocol missing 0x1
<6>[   10.149195] QMI_IPA_INIT_MODEM_DRIVER_REQ_V01 response received
<6>[   10.221373] KernelSU: ksu fd released
<6>[   10.227604] KernelSU: susfs: mark no sucompat checks for pid: '2432', exec: '/system/bin/flags_health_check'
<12>[   10.234755] EnableTheRemoveGameFPSLimitDevSettingAutomatically: Starting
<12>[   10.234864] EnableTheRemoveGameFPSLimitDevSettingAutomatically: waiting for boot completion
<7>[   10.235863] cnss: COEX server arrive: node 0 port 56
<7>[   10.235871] cnss: COEX Server Connected: 0x200f
<12>[   10.249131] vbmeta-fixer: service.sh - Initializing
<12>[   10.249343] vbmeta-fixer: service.sh - waiting for boot completion
<6>[   10.277072] OPLUS_CHG[WLS_RX]: oplus_chg_wls_rx_send_msg[526]: send msg, msg=0xa1, data=0xff
<4>[   10.302328] QSEECOM: qseecom_load_app: App (goodixfp) does'nt exist, loading apps for first time
<3>[   10.320047] ams-tof 9-0041: Error App0 timeout (200000 usec) waiting on idle; cpu_stat: 0x0 state: 0x0
<3>[   10.320061] ams-tof 9-0041: Error waiting for IDLE state
<3>[   10.320067] ams-tof [INFO]  tof stop capture 
<3>[   10.320072] ams-tof [INFO]  donot need do power down,power status=1,thread_exit=1
<6>[   10.320080] CAM_ERR: CAM-TOF: tof_power_up: 460 do tof_power_up \x0a
<6>[   10.321016] CAM_INFO: CAM-CCI: cam_cci_init: 198 cam_cci_init 7
<6>[   10.321021] CAM_INFO: CAM-CCI: cam_cci_control_interface: 2025 cci init cmd,rc=0
<6>[   10.321051] CAM_INFO: CAM-SENSOR: cam_sensor_util_request_gpio_table: 1217 No GPIO data
<6>[   10.322957] CAM_INFO: CAM-SENSOR: msm_cam_sensor_handle_reg_gpio: 1960 Input Parameters are not proper
<6>[   10.322967] CAM_INFO: CAM-TOF: cam_tof_acquire: 180 cam_tof_acquire
<3>[   10.322970] ams-tof [INFO]  power up success.\x0a
<6>[   10.337634] susfs: enable logging to kernel
<6>[   10.337637] KernelSU: susfs: CMD_SUSFS_ENABLE_LOG
<3>[   10.372163] ams-tof [ERROR] wait_for_tof_ready ok.\x0a
<3>[   10.372181] ams-tof [ERROR] debug for tof8801_get_register 1\x0a
<3>[   10.373831] ams-tof [ERROR] CPU status register: 0xe0 value: 0x00\x0a
<3>[   10.373841] ams-tof [INFO]  ToF chip in standby state, waking up
<3>[   10.373924] ams-tof [ERROR] debug for tof8801_get_register 2\x0a
<3>[   10.375563] ams-tof [ERROR] CPU status register: 0xe0 value: 0x41\x0a
<3>[   10.375575] ams-tof [INFO]  ToF chip CPU is ready
<4>[   10.375649] ams-tof [WARN]  configuration calibration data not available 'tof8801_config_calib.bin': -2\x0a
<3>[   10.375824] ams-tof [INFO]  Read info record - Running app_id: 0x80.\x0a
<3>[   10.376007] ams-tof [INFO]  Trying firmware: 'tof8801_firmware.bin'...\x0a
<4>[   10.376125] ams-tof 9-0041: Direct firmware load for tof8801_firmware.bin failed with error -2
<4>[   10.376130] ams-tof 9-0041: Falling back to sysfs fallback for: tof8801_firmware.bin
<3>[   10.383576] ams-tof [INFO]  tof_ram_patch_callback: Ram patch in progress... 1th\x0a
<3>[   10.384432] ams-tof [INFO]  tof_ram_patch_callback: Ram patch in progress... 2th \x0a
<3>[   10.384441] ams-tof [INFO]  tof_ram_patch_callback: Ram patch in progress... 3th \x0a
<4>[   10.436240] QSEECOM: qseecom_load_app: App with id 8 (goodixfp) now loaded
<6>[   10.500873] gf_qcom: Found
<6>[   10.500878] gf_qcom: Succeed to open device. irq = 0
<3>[   10.500933] gf_qcom: gf_cleanup_pwr_list cleanup
<6>[   10.500937] gf_qcom: read power type of index 0, type : 1
<6>[   10.500956] gf_qcom: ldo-config size = 3, ua=150000, vmax=3000000, vmin=3000000
<3>[   10.500958] gf_qcom: end gf_parse_dts !
<3>[   10.500965] gf_qcom: gf_cleanup_notify_tpinfo_flag cleanup
<3>[   10.500968] gf_qcom: gf_dev->notify_tpinfo_flag = 1
<3>[   10.500975] gf_qcom: end gf_parse_dts !
<6>[   10.501052] gpio gpiochip0: (f000000.pinctrl): allocate IRQ 394, hwirq 38
<6>[   10.501056] gpio gpiochip0: (f000000.pinctrl): found parent hwirq 99
<6>[   10.501063] gpio gpiochip0: (f000000.pinctrl): alloc_irqs_parent for 394 parent hwirq 99
<6>[   10.509680] gf_qcom: power cmd
<3>[   10.509688] gf_qcom: Regulator ldo vreg_setup,enable=1 
<6>[   10.511080] gf_qcom: ---- power on ldo ----
<6>[   10.511084] gf_qcom: ---- power on ok with mode = 1, index = 0  ----
<6>[   10.546871] auddet_ena_get : enter: 1
<6>[   10.547103] auddet_voice_ena_get : enter: 1
<6>[   10.548143] gf_qcom: gf_ioctl GF_IOC_RESET. 
<3>[   10.556655] msm_voice_source_tracking_get: Error getting Source Tracking Params, err=-22
<3>[   10.556871] msm_voice_source_tracking_get: Error getting FNN ST Params, err=-22
<3>[   10.557834] msm_voice_source_tracking_get: Error getting Source Tracking Params, err=-22
<3>[   10.558027] msm_voice_source_tracking_get: Error getting FNN ST Params, err=-22
<3>[   10.559032] msm_voice_source_tracking_get: Error getting Source Tracking Params, err=-22
<3>[   10.559209] msm_voice_source_tracking_get: Error getting FNN ST Params, err=-22
<3>[   10.560145] msm_voice_source_tracking_get: Error getting Source Tracking Params, err=-22
<3>[   10.560345] msm_voice_source_tracking_get: Error getting FNN ST Params, err=-22
<3>[   10.561285] msm_voice_source_tracking_get: Error getting Source Tracking Params, err=-22
<3>[   10.561453] msm_voice_source_tracking_get: Error getting FNN ST Params, err=-22
<3>[   10.562359] msm_voice_source_tracking_get: Error getting Source Tracking Params, err=-22
<3>[   10.562535] msm_voice_source_tracking_get: Error getting FNN ST Params, err=-22
<6>[   10.576133] core_get_license_status: cmdrsp_license_result.result = 0x15 for module 0x131ff
<6>[   10.581310] tfa98xx_get_ana_volume_v6: register: reg 0x74
<6>[   10.592218] tfa98xx_ana_volume_get(): tfa98xx_ana_volume_get: get ana volume ok, ana volume: 6
<6>[   10.592862] ftm_spk_rev_get(): ftm_spk_rev_get: ID revision 0x0074
<6>[   10.594275] tfa98xx_get_check_feedback(): tfa98xx_get_check_feedback: g_chk_err = 0
<3>[   10.596320] get_smartpa_pm_result_apr: get topology_id = 0 error
<6>[   10.596349] smartpa_pm_result_get(), apr get failed, ret = -22
<3>[   10.596522] msm_ext_disp_update_audio_ops: Display not found (EXT_DISPLAY_TYPE_HDMI) ctld (0) stream (0)
<3>[   10.596821] msm_ext_disp_update_audio_ops: Display not found (EXT_DISPLAY_TYPE_DP) ctld (0) stream (0)
<3>[   10.596973] msm_ext_disp_update_audio_ops: Display not found (EXT_DISPLAY_TYPE_DP) ctld (0) stream (0)
<3>[   10.597198] msm_ext_disp_update_audio_ops: Display not found (EXT_DISPLAY_TYPE_DP) ctld (0) stream (0)
<3>[   10.598359] msm_ext_disp_update_audio_ops: Display not found (EXT_DISPLAY_TYPE_DP) ctld (0) stream (0)
<3>[   10.598377] msm-ext-disp-audio-codec-rx soc:qcom,msm-ext-disp:qcom,msm-ext-disp-audio-codec-rx: msm_ext_disp_audio_type_get: cable_status() or get_intf_id is NULL
<3>[   10.599464] msm_ext_disp_update_audio_ops: Display not found (EXT_DISPLAY_TYPE_DP) ctld (0) stream (0)
<3>[   10.599478] msm-ext-disp-audio-codec-rx soc:qcom,msm-ext-disp:qcom,msm-ext-disp-audio-codec-rx: msm_ext_disp_audio_type_get: cable_status() or get_intf_id is NULL
<3>[   10.600639] msm_ext_disp_update_audio_ops: Display not found (EXT_DISPLAY_TYPE_HDMI) ctld (0) stream (0)
<3>[   10.600652] msm-ext-disp-audio-codec-rx soc:qcom,msm-ext-disp:qcom,msm-ext-disp-audio-codec-rx: msm_ext_disp_audio_type_get: cable_status() or get_intf_id is NULL
<3>[   10.616693] smcinvoke: process_tzcb_req: server is defunct, state= 1 tzhandle = -2147483624
<3>[   10.616727] smcinvoke: process_tzcb_req: server invalid, res: -90
<4>[   10.694789] gf_qcom: IRQ has been enabled.
<3>[   10.759338] msm_pcm_soft_volume_ctl_get substream runtime or private_data not found
<3>[   10.759880] msm_pcm_soft_volume_ctl_get substream runtime or private_data not found
<6>[   10.772556] tfa98xx 4-0035: tfa98xx_get_cal_ctl: get calibration
<6>[   10.773657] tfa98xx 4-0034: tfa98xx_get_cal_ctl: get calibration
<6>[   10.815719] auddet_ena_get : enter: 1
<6>[   10.815895] auddet_voice_ena_get : enter: 1
<3>[   10.817111] msm_voice_source_tracking_get: Error getting Source Tracking Params, err=-22
<3>[   10.817293] msm_voice_source_tracking_get: Error getting FNN ST Params, err=-22
<3>[   10.818216] msm_voice_source_tracking_get: Error getting Source Tracking Params, err=-22
<3>[   10.818419] msm_voice_source_tracking_get: Error getting FNN ST Params, err=-22
<3>[   10.819241] msm_voice_source_tracking_get: Error getting Source Tracking Params, err=-22
<3>[   10.819416] msm_voice_source_tracking_get: Error getting FNN ST Params, err=-22
<3>[   10.820334] msm_voice_source_tracking_get: Error getting Source Tracking Params, err=-22
<3>[   10.820504] msm_voice_source_tracking_get: Error getting FNN ST Params, err=-22
<3>[   10.821442] msm_voice_source_tracking_get: Error getting Source Tracking Params, err=-22
<3>[   10.821762] msm_voice_source_tracking_get: Error getting FNN ST Params, err=-22
<3>[   10.822947] msm_voice_source_tracking_get: Error getting Source Tracking Params, err=-22
<3>[   10.823115] msm_voice_source_tracking_get: Error getting FNN ST Params, err=-22
<6>[   10.827483] zram: Removed device: zram0
<6>[   10.828489] core_get_license_status: cmdrsp_license_result.result = 0x15 for module 0x131ff
<3>[   10.833823] msm_pcm_soft_volume_ctl_get substream runtime or private_data not found
<3>[   10.835070] msm_pcm_soft_volume_ctl_get substream runtime or private_data not found
<6>[   10.835701] tfa98xx_get_ana_volume_v6: register: reg 0x74
<6>[   10.836714] tfa98xx_ana_volume_get(): tfa98xx_ana_volume_get: get ana volume ok, ana volume: 6
<6>[   10.839440] ftm_spk_rev_get(): ftm_spk_rev_get: ID revision 0x0074
<6>[   10.840631] tfa98xx_get_check_feedback(): tfa98xx_get_check_feedback: g_chk_err = 0
<3>[   10.844646] get_smartpa_pm_result_apr: get topology_id = 0 error
<6>[   10.844719] smartpa_pm_result_get(), apr get failed, ret = -22
<3>[   10.844803] msm_ext_disp_update_audio_ops: Display not found (EXT_DISPLAY_TYPE_HDMI) ctld (0) stream (0)
<3>[   10.846194] msm_ext_disp_update_audio_ops: Display not found (EXT_DISPLAY_TYPE_DP) ctld (0) stream (0)
<3>[   10.846447] msm_ext_disp_update_audio_ops: Display not found (EXT_DISPLAY_TYPE_DP) ctld (0) stream (0)
<3>[   10.846529] msm_ext_disp_update_audio_ops: Display not found (EXT_DISPLAY_TYPE_DP) ctld (0) stream (0)
<3>[   10.850893] msm_ext_disp_update_audio_ops: Display not found (EXT_DISPLAY_TYPE_DP) ctld (0) stream (0)
<3>[   10.850902] msm-ext-disp-audio-codec-rx soc:qcom,msm-ext-disp:qcom,msm-ext-disp-audio-codec-rx: msm_ext_disp_audio_type_get: cable_status() or get_intf_id is NULL
<3>[   10.851215] msm_ext_disp_update_audio_ops: Display not found (EXT_DISPLAY_TYPE_DP) ctld (0) stream (0)
<3>[   10.851218] msm-ext-disp-audio-codec-rx soc:qcom,msm-ext-disp:qcom,msm-ext-disp-audio-codec-rx: msm_ext_disp_audio_type_get: cable_status() or get_intf_id is NULL
<3>[   10.851514] msm_ext_disp_update_audio_ops: Display not found (EXT_DISPLAY_TYPE_HDMI) ctld (0) stream (0)
<3>[   10.851516] msm-ext-disp-audio-codec-rx soc:qcom,msm-ext-disp:qcom,msm-ext-disp-audio-codec-rx: msm_ext_disp_audio_type_get: cable_status() or get_intf_id is NULL
<3>[   10.858298] msm_pcm_volume_ctl_get substream not found
<3>[   10.858742] msm_pcm_soft_volume_ctl_get substream runtime or private_data not found
<3>[   10.859193] msm_pcm_soft_volume_ctl_get substream not found
<6>[   10.870443] zram: Added device: zram0
<3>[   10.895449] ams-tof [ERROR] debug for tof8801_get_register 1\x0a
<6>[   10.896976] zram0: detected capacity change from 0 to 10758377472
<3>[   10.897221] ams-tof [ERROR] CPU status register: 0xe0 value: 0x41\x0a
<3>[   10.897231] ams-tof [INFO]  ToF chip CPU is ready
<3>[   10.897239] ams-tof [INFO]  tof_ram_patch_callback: Ram patch complete, patch size: 11K, dl time: 513 ms\x0a
<3>[   10.899737] ams-tof [INFO]  Read info record - Running app_id: 0xc0.\x0a
<6>[   10.900544] ams-tof 9-0041: App0 version: 3-0-18-0
<6>[   10.900550] ams-tof 9-0041: Clock trim iterations set to: 1
<6>[   10.907838] ams-tof 9-0041: tof8801_app0_rw_osc_trim: current osc_trim: 0x34, clk_ratio (Q15): 6972
<6>[   10.908953] ams-tof 9-0041: Clock trim value from fuse: 52
<6>[   10.915816] ams-tof 9-0041: tof8801_app0_rw_osc_trim: new osc_trim: 0x34
<3>[   10.917048] ams-tof [INFO]  laser download fw success\x0a
<3>[   10.917136] ams-tof [INFO]  APP0 is running
<3>[   10.917148] ams-tof [ERROR] FWDL callback 541 ms to finish
<6>[   10.917353] ams-tof 9-0041: Clock trim iterations set to: 22
<3>[   10.917357] ams-tof [INFO]  Set defualt period = 33 clk_iterations = 900000 \x0a
<3>[   10.917363] ams-tof [INFO]  Caemra Tof Probe ok.\x0a
<3>[   10.922593] ams-tof [INFO]  tof start power down
<3>[   10.922600] ams-tof [INFO]  stop irq thread start
<6>[   10.922609] CAM_INFO: CAM-SENSOR: cam_sensor_driver_cmd: 843 Start to tof ready ,ret = 0
<3>[   10.922611] ams-tof [INFO]  stop irq threadd done
<6>[   10.922615] CAM_ERR: CAM-TOF: tof_power_down: 471 do tof_power_down \x0a
<6>[   10.922618] CAM_INFO: CAM-CCI: cam_cci_control_interface: 2031 cci release cmd,rc=0
<3>[   10.926926] msm_pcm_soft_volume_ctl_get substream runtime or private_data not found
<3>[   10.927133] msm_pcm_soft_volume_ctl_get substream runtime or private_data not found
<6>[   10.932099] CAM_INFO: CAM-SENSOR: msm_cam_sensor_handle_reg_gpio: 1960 Input Parameters are not proper
<6>[   10.932105] CAM_INFO: CAM-SENSOR: cam_sensor_util_request_gpio_table: 1217 No GPIO data
<6>[   10.932963] CAM_INFO: CAM-CCI: cam_cci_soc_release: 447 cam_cci_soc_release 7
<6>[   10.932967] CAM_INFO: CAM-TOF: cam_tof_release: 215 cam_tof_release
<3>[   10.932968] ams-tof [INFO]  power down success
<6>[   10.943189] CAM_INFO: CAM-CCI: cam_cci_init: 198 cam_cci_init 6
<6>[   10.943195] CAM_ERR: CAM-SENSOR: cam_sensor_driver_cmd: 881 sensor power up success sensor id 0x789
<6>[   10.943401] CAM_ERR: CAM-SENSOR: cam_sensor_match_id_oem: 715 read vendor_id_addr=0x18 vendor_id: 0x10 expected vendor_id 0x1: rc=0
<6>[   10.943403] CAM_INFO: CAM-SENSOR: cam_sensor_driver_cmd: 918 Probe success,slot:0,slave_addr:0x34,sensor_id:0x789
<3>[   10.946682] msm_pcm_soft_volume_ctl_get substream runtime or private_data not found
<3>[   10.946835] msm_pcm_soft_volume_ctl_get substream runtime or private_data not found
<6>[   10.949274] tfa98xx 4-0035: tfa98xx_get_cal_ctl: get calibration
<6>[   10.949370] CAM_INFO: CAM-CCI: cam_cci_soc_release: 447 cam_cci_soc_release 6
<6>[   10.949377] CAM_ERR: CAM-SENSOR: cam_sensor_driver_cmd: 931 sensor power down success sensor id 0x789
<6>[   10.951956] tfa98xx 4-0034: tfa98xx_get_cal_ctl: get calibration
<6>[   10.966591] Adding 10506224k swap on /dev/block/zram0.  Priority:-2 extents:1 across:10506224k SS
<3>[   10.999305] msm_pcm_soft_volume_ctl_get substream runtime or private_data not found
<3>[   10.999728] msm_pcm_soft_volume_ctl_get substream runtime or private_data not found
<3>[   10.999980] msm_pcm_soft_volume_ctl_get substream runtime or private_data not found
<3>[   11.000572] msm_pcm_soft_volume_ctl_get substream runtime or private_data not found
<3>[   11.018009] msm_pcm_volume_ctl_get substream not found
<3>[   11.018448] msm_pcm_soft_volume_ctl_get substream runtime or private_data not found
<3>[   11.018856] msm_pcm_soft_volume_ctl_get substream not found
<3>[   11.059741] msm_pcm_soft_volume_ctl_get substream runtime or private_data not found
<3>[   11.060329] msm_pcm_soft_volume_ctl_get substream runtime or private_data not found
<6>[   11.077602] CAM_ERR: CAM-SENSOR: cam_sensor_update_id_info: 576 vendor_slave_addr:  0x20, vendor_id_Addr: 0x0, vendorID: 0x0, vendor_mask: 0x0
<3>[   11.088299] msm_pcm_soft_volume_ctl_get substream runtime or private_data not found
<3>[   11.088734] msm_pcm_soft_volume_ctl_get substream runtime or private_data not found
<7>[   11.089160] cnss: Received QMI WLFW pin connect result indication
<7>[   11.089164] cnss: Pin connect Result: pwr_pin: 0x0 phy_io_pin: 0x0 rf_io_pin: 0x2b
<7>[   11.089250] cnss: Received QMI WLFW calibration done indication
<7>[   11.089253] cnss: Posting event: COLD_BOOT_CAL_DONE(6), state: 0x200f flags: 0x0
<7>[   11.089255] cnss: PM stay awake, state: 0x200f, count: 1
<7>[   11.089267] cnss: PM relax, state: 0x200f, count: 0
<7>[   11.089275] cnss: PM stay awake, state: 0x200f, count: 1
<7>[   11.089277] cnss: Processing driver event: COLD_BOOT_CAL_DONE(6), state: 0x200f
<7>[   11.089279] cnss: Calibration completed successfully
<7>[   11.089281] cnss: Sending mode message, mode: OFF(4), state: 0x200f
<6>[   11.097079] CAM_INFO: CAM-CCI: cam_cci_init: 198 cam_cci_init 7
<6>[   11.097088] CAM_ERR: CAM-SENSOR: cam_sensor_driver_cmd: 881 sensor power up success sensor id 0x471
<6>[   11.097208] CAM_INFO: CAM-SENSOR: oplus_sensor_sony_get_dpc_data: 1146 oplus_sensor_sony_get_dpc_data enter
<6>[   11.097423] CAM_INFO: CAM-SENSOR: oplus_sensor_sony_get_dpc_data: 1184  fd_dfct_num = 0, sg_dfct_num = 8
<6>[   11.099031] CAM_INFO: CAM-SENSOR: oplus_sensor_sony_get_dpc_data: 1259 exit
<6>[   11.099036] CAM_INFO: CAM-SENSOR: cam_sensor_driver_cmd: 918 Probe success,slot:2,slave_addr:0x20,sensor_id:0x471
<6>[   11.112615] CAM_INFO: CAM-CCI: cam_cci_soc_release: 447 cam_cci_soc_release 7
<6>[   11.112624] CAM_ERR: CAM-SENSOR: cam_sensor_driver_cmd: 931 sensor power down success sensor id 0x471
<7>[   11.141212] cnss: Sending coex antenna switch_to_mdm
<7>[   11.141369] cnss: WLFW server exiting
<7>[   11.141374] cnss: Posting event: SERVER_EXIT(1), state: 0x8200f flags: 0x0
<3>[   11.153590] msm_pcm_soft_volume_ctl_get substream runtime or private_data not found
<3>[   11.154014] msm_pcm_soft_volume_ctl_get substream runtime or private_data not found
<6>[   11.184228] CAM_ERR: CAM-SENSOR: cam_sensor_update_id_info: 576 vendor_slave_addr:  0x34, vendor_id_Addr: 0x18, vendorID: 0x0, vendor_mask: 0x0
<6>[   11.194316] CAM_INFO: CAM-CCI: cam_cci_init: 198 cam_cci_init 6
<6>[   11.194323] CAM_ERR: CAM-SENSOR: cam_sensor_driver_cmd: 881 sensor power up success sensor id 0x766
<6>[   11.194530] CAM_ERR: CAM-SENSOR: cam_sensor_match_id_oem: 689 read vendor_id_addr=0x18 vendor_id: 0x11 expected vendor_id 0x0: rc=0
<6>[   11.194713] CAM_ERR: CAM-SENSOR: cam_sensor_diff_af_support: 658 read sensor_id 0x0 vcm_id: 0xe6, af_driver_id: 0x0, rc = 0
<6>[   11.211025] CAM_INFO: CAM-CCI: cam_cci_soc_release: 447 cam_cci_soc_release 6
<6>[   11.211032] CAM_INFO: CAM-SENSOR: cam_sensor_driver_cmd: 901 sensor power down!
<3>[   11.212541] msm_pcm_soft_volume_ctl_get substream runtime or private_data not found
<3>[   11.212969] msm_pcm_soft_volume_ctl_get substream runtime or private_data not found
<3>[   11.230045] msm_pcm_volume_ctl_get substream not found
<3>[   11.230506] msm_pcm_soft_volume_ctl_get substream runtime or private_data not found
<3>[   11.230957] msm_pcm_soft_volume_ctl_get substream not found
<6>[   11.232131] CAM_ERR: CAM-SENSOR: cam_sensor_subdev_ioctl: 63 Failed in Driver cmd: -1
<6>[   11.232386] CAM_ERR: CAM-SENSOR: cam_sensor_update_id_info: 576 vendor_slave_addr:  0x34, vendor_id_Addr: 0x18, vendorID: 0xe609, vendor_mask: 0x0
<6>[   11.244691] CAM_INFO: CAM-CCI: cam_cci_init: 198 cam_cci_init 6
<6>[   11.244695] CAM_ERR: CAM-SENSOR: cam_sensor_driver_cmd: 881 sensor power up success sensor id 0x766
<6>[   11.244896] CAM_ERR: CAM-SENSOR: cam_sensor_match_id_oem: 689 read vendor_id_addr=0x18 vendor_id: 0x11 expected vendor_id 0xe609: rc=0
<6>[   11.245076] CAM_ERR: CAM-SENSOR: cam_sensor_diff_af_support: 658 read sensor_id 0xe609 vcm_id: 0xe6, af_driver_id: 0x0, rc = 0
<6>[   11.245078] CAM_INFO: CAM-SENSOR: cam_sensor_driver_cmd: 918 Probe success,slot:1,slave_addr:0x34,sensor_id:0x766
<3>[   11.250814] msm_pcm_volume_ctl_get substream not found
<3>[   11.251337] msm_pcm_soft_volume_ctl_get substream runtime or private_data not found
<3>[   11.251843] msm_pcm_soft_volume_ctl_get substream not found
<6>[   11.254330] CAM_INFO: CAM-CCI: cam_cci_soc_release: 447 cam_cci_soc_release 6
<6>[   11.254337] CAM_ERR: CAM-SENSOR: cam_sensor_driver_cmd: 931 sensor power down success sensor id 0x766
<3>[   11.267144] msm_pcm_volume_ctl_get substream not found
<3>[   11.267375] msm_pcm_soft_volume_ctl_get substream runtime or private_data not found
<3>[   11.267599] msm_pcm_soft_volume_ctl_get substream not found
<6>[   11.299684] OPLUS_CHG[WLS_RX]: oplus_chg_wls_rx_send_msg[526]: send msg, msg=0xa1, data=0xff
<3>[   11.321413] msm_pcm_volume_ctl_get substream not found
<3>[   11.321654] msm_pcm_soft_volume_ctl_get substream runtime or private_data not found
<3>[   11.321882] msm_pcm_soft_volume_ctl_get substream not found
<3>[   11.331307] msm_pcm_volume_ctl_get substream not found
<3>[   11.331538] msm_pcm_soft_volume_ctl_get substream runtime or private_data not found
<3>[   11.331767] msm_pcm_soft_volume_ctl_get substream not found
<3>[   11.341141] msm_pcm_volume_ctl_get substream not found
<3>[   11.341376] msm_pcm_soft_volume_ctl_get substream runtime or private_data not found
<3>[   11.341640] msm_pcm_soft_volume_ctl_get substream not found
<6>[   11.353082] CAM_ERR: CAM-SENSOR: cam_sensor_update_id_info: 576 vendor_slave_addr:  0x6c, vendor_id_Addr: 0x0, vendorID: 0x0, vendor_mask: 0x0
<6>[   11.368082] CAM_INFO: CAM-CCI: cam_cci_init: 198 cam_cci_init 7
<6>[   11.368092] CAM_ERR: CAM-SENSOR: cam_sensor_driver_cmd: 881 sensor power up success sensor id 0x841
<6>[   11.368249] CAM_INFO: CAM-SENSOR: cam_sensor_driver_cmd: 918 Probe success,slot:3,slave_addr:0x6c,sensor_id:0x841
<6>[   11.378954] CAM_INFO: CAM-CCI: cam_cci_soc_release: 447 cam_cci_soc_release 7
<6>[   11.378962] CAM_ERR: CAM-SENSOR: cam_sensor_driver_cmd: 931 sensor power down success sensor id 0x841
<6>[   11.422182] CAM_ERR: CAM-SENSOR: cam_sensor_update_id_info: 576 vendor_slave_addr:  0x6e, vendor_id_Addr: 0x0, vendorID: 0x0, vendor_mask: 0x0
<6>[   11.433356] CAM_INFO: CAM-CCI: cam_cci_init: 198 cam_cci_init 6
<6>[   11.433366] CAM_ERR: CAM-SENSOR: cam_sensor_driver_cmd: 881 sensor power up success sensor id 0x2
<6>[   11.433506] CAM_INFO: CAM-SENSOR: cam_sensor_driver_cmd: 918 Probe success,slot:4,slave_addr:0x6e,sensor_id:0x2
<6>[   11.439748] CAM_INFO: CAM-CCI: cam_cci_soc_release: 447 cam_cci_soc_release 6
<6>[   11.439756] CAM_ERR: CAM-SENSOR: cam_sensor_driver_cmd: 931 sensor power down success sensor id 0x2
<6>[   11.450590] CAM_INFO: CAM-SENSOR: cam_sensor_util_request_gpio_table: 1217 No GPIO data
<6>[   11.450603] CAM_INFO: CAM-SENSOR: msm_cam_sensor_handle_reg_gpio: 1960 Input Parameters are not proper
<6>[   11.452937] CAM_INFO: CAM-SENSOR: msm_cam_sensor_handle_reg_gpio: 1960 Input Parameters are not proper
<6>[   11.457208] CAM_INFO: CAM-SENSOR: msm_cam_sensor_handle_reg_gpio: 1960 Input Parameters are not proper
<6>[   11.457842] CAM_INFO: CAM-SENSOR: msm_cam_sensor_handle_reg_gpio: 1960 Input Parameters are not proper
<6>[   11.470194] CAM_INFO: CAM-CCI: cam_cci_init: 198 cam_cci_init 6
<6>[   11.470553] CAM_INFO: CAM-CCI: cam_cci_init: 198 cam_cci_init 7
<6>[   11.476483] ep_port_get(), current port id = 0x400e
<6>[   11.478334] afe_ear_protection_get_params: port_id = 0x400e, topo_id = 0x0
<3>[   11.478337] afe_ear_protection_get_params: can not find topology 0x0
<3>[   11.478346] afe_ear_protection_get_peak_val(), apr get failed, ret = -22
<3>[   11.478348] peak_value_get(), peak val get failed, ret = -22
<6>[   11.505355] ep_port_get(), current port id = 0x400e
<6>[   11.506171] afe_ear_protection_get_params: port_id = 0x400e, topo_id = 0x0
<3>[   11.506176] afe_ear_protection_get_params: can not find topology 0x0
<3>[   11.506188] afe_ear_protection_get_peak_val(), apr get failed, ret = -22
<3>[   11.506191] peak_value_get(), peak val get failed, ret = -22
<6>[   11.538463] tfa98xx_set_profile(): selected container profile [1]
<3>[   11.565243] wcdcal_hwdep_ioctl_shared: codec didn't set this 0!!
<3>[   11.565468] wcdcal_hwdep_ioctl_shared: codec didn't set this 3!!
<3>[   11.627070] failed to find dsi, panel name = samsung amb670yf01 dsc cmd mode panel display->panel->is_secondary = 0 
<3>[   11.627773] [drm:dsi_display_auto_mode_update [msm_drm]] *ERROR* [msm-dsi-error]: kVRR dsi_display_auto_mode_update Invalid params
<3>[   11.627778] dsi_display_pre_commit failed to send auto mode update commands
<6>[   11.629506] [drm:dsi_display_set_mode [msm_drm]] [msm-dsi-info]: mdp_transfer_time=6000, hactive=1080, vactive=2412, fps=120, h_skew=0
<3>[   11.630465] IRIS_LOG E _iris_request_firmware(), request firmware [Success], name: iris5.fw, size: 172048 bytes
<3>[   11.630471] IRIS_LOG I iris_parse_lut_cmds(361), request name: iris5.fw, size: 172048.
<3>[   11.631676] IRIS_LOG E _iris_request_firmware(), request firmware [Success], name: iris5_ccf1.fw, size: 424515 bytes
<3>[   11.631683] IRIS_LOG I _iris_parse_panel_nits(), panel nits: 0x0241.
<3>[   11.631686] IRIS_LOG I _iris_parse_calibrate_status(), panel calibrate status: 0x02.
<3>[   11.631690] IRIS_LOG I iris_parse_lut_cmds(402), request name: iris5_ccf1.fw, size: 424512, option count: 18.
<3>[   11.632672] IRIS_LOG E _iris_request_firmware(), request firmware [Success], name: iris5_ccf2.fw, size: 2997 bytes
<3>[   11.632679] IRIS_LOG I _iris_parse_calibrate_status(), panel calibrate status: 0x02.
<3>[   11.632683] IRIS_LOG I iris_parse_lut_cmds(447), request name: iris5_ccf2.fw, size: 2996, option count: 7.
<3>[   11.632686] IRIS_LOG I iris_parse_lut_cmds(), load firmware: success, state: 0x7
<3>[   11.632739] IRIS_LOG I _iris_alloc_desc_buf(), alloc 000000002d4105b4, count 2822
<3>[   11.636469] IRIS_LOG I iris_alloc_seq_space(), seq = 293, lut = 2822
<3>[   11.636509] IRIS_LOG I iris_alloc_seq_space(), alloc count= 196000, p = 000000003a6f6801
<3>[   11.636511] IRIS_LOG I _iris_reset_out_cmds(), seq = 293, lut = 2822, sum = 3115
<3>[   11.636517] IRIS_LOG I iris_pq_parameter_init, iris_min_x_value=4637, iris_max_x_value = 2788
<3>[   11.636525] IRIS_LOG I iris_send_cont_splash(), enable ext clk
<3>[   11.636606] IRIS_LOG I iris_get_cont_type_with_timing_switch(), switch case: ABYP_TO_ABYP, rate: 120, v: 2412
<3>[   11.636618] IRIS_LOG I iris_send_one_wired_cmd(), type: 8, pulse delay: 56, gpio cmd delay: 10
<3>[   11.637879] IRIS_LOG I iris_reset_mipi(1210), power down mipi
<3>[   11.641382] IRIS_LOG I iris_send_one_wired_cmd(), type: 7, pulse delay: 56, gpio cmd delay: 10
<3>[   11.642524] IRIS_LOG I iris_reset_mipi(1214), power up mipi
<3>[   11.646027] IRIS_LOG I iris_lp_preinit:78, pcfg->abypss_ctrl.abypass_mode = 1
<3>[   11.646030] IRIS_LOG I iris_init_one_wired(97)
<3>[   11.646035] IRIS_LOG I iris_enable(), mode:1, rate: 120, v: 2412, on_opt:0x0
<3>[   11.646464] IRIS_LOG I send exit abyp, one_wired:0.
<3>[   11.646470] IRIS_LOG I iris_check_abyp_ready(), ABYP status: 0.
<3>[   11.646473] IRIS_LOG I iris_lightup(2545), mode: ABYP(1) +++
<3>[   11.646475] IRIS_LOG I iris_set_pinctrl_state(), set state: active
<3>[   11.647202] IRIS_LOG I _iris_read_chip_id(), chip version: 0x6935, chip id: 0x0
<3>[   11.647208] IRIS_LOG I iris_pq_parameter_init, iris_min_x_value=4637, iris_max_x_value = 2788
<3>[   11.647211] IRIS_LOG I refresh_rate: 120!
<3>[   11.647213] IRIS_LOG I iris_clean_frc_status(), pwil_mode: 0
<3>[   11.647217] IRIS_LOG I _iris_reset_out_cmds(), seq = 293, lut = 2822, sum = 3115
<3>[   11.647507] IRIS_LOG I _iris_reset_out_cmds(), seq = 293, lut = 2822, sum = 3115
<3>[   11.647581] IRIS_LOG I _iris_reset_out_cmds(), seq = 293, lut = 2822, sum = 3115
<3>[   11.647916] IRIS_LOG I _iris_reset_out_cmds(), seq = 293, lut = 2822, sum = 3115
<3>[   11.648007] IRIS_LOG I _iris_reset_out_cmds(), seq = 293, lut = 2822, sum = 3115
<3>[   11.648132] IRIS_LOG I _iris_reset_out_cmds(), seq = 293, lut = 2822, sum = 3115
<3>[   11.648142] IRIS_LOG I iris_send_lut(): call DBC_LUT, index: 0x0.
<3>[   11.648144] IRIS_LOG I iris_send_lut(): call DBC_LUT, index: 0x0.
<3>[   11.648146] IRIS_LOG I iris_send_lut(): call DBC_LUT, index: 0x1.
<3>[   11.648148] IRIS_LOG I iris_send_lut(): call DBC_LUT, index: 0x1.
<3>[   11.648151] IRIS_LOG I iris_send_lut(): call DBC_LUT, index: 0xf1.
<3>[   11.650155] IRIS_LOG I _iris_reset_out_cmds(), seq = 293, lut = 2822, sum = 3115
<3>[   11.650171] IRIS_LOG I iris_send_lut(): call CM_LUT, index: 0x0.
<3>[   11.650174] IRIS_LOG I iris_send_lut(): call CM_LUT, index: 0x1.
<3>[   11.650176] IRIS_LOG I iris_send_lut(): call CM_LUT, index: 0x2.
<3>[   11.650179] IRIS_LOG I iris_send_lut(), call GAMMA_LUT, index: 0.
<6>[   11.663863] gf_qcom: Sensor has already powered-on.
<3>[   11.675351] IRIS_LOG I _iris_reset_out_cmds(), seq = 293, lut = 2822, sum = 3115
<3>[   11.675370] IRIS_LOG I iris_send_lut(), call SCALER1D, ip: 0x83, index: 0.
<3>[   11.675374] IRIS_LOG I iris_send_lut(), call SCALER1D, ip: 0x8a, index: 0.
<3>[   11.675376] IRIS_LOG I iris_send_lut(), call DPP_DITHER_LUT, index: 0.
<3>[   11.676188] IRIS_LOG I _iris_reset_out_cmds(), seq = 293, lut = 2822, sum = 3115
<3>[   11.676201] IRIS_LOG I iris_send_lut(), call SDR2HDR_LUT, index: 0x4.
<3>[   11.676204] IRIS_LOG I iris_send_lut(), call SDR2HDR_LUT, index: 0x14.
<3>[   11.676206] IRIS_LOG I iris_send_lut(), call SDR2HDR_LUT, index: 0x24.
<3>[   11.676208] IRIS_LOG I iris_send_lut(), call SDR2HDR_LUT, index: 0x34.
<3>[   11.676210] IRIS_LOG I iris_send_lut(), call SDR2HDR_LUT, index: 0x44.
<3>[   11.676212] IRIS_LOG I iris_send_lut(), call SDR2HDR_LUT, index: 0x54.
<3>[   11.676214] IRIS_LOG I iris_send_lut(), call SDR2HDR_LUT, index: 0x64.
<3>[   11.676215] IRIS_LOG I iris_send_lut(), call SDR2HDR_LUT, index: 0x74.
<3>[   11.682775] IRIS_LOG I _iris_reset_out_cmds(), seq = 293, lut = 2822, sum = 3115
<3>[   11.682795] IRIS_LOG I iris_send_lut(), call SDR2HDR_LUT, index: 0x84.
<3>[   11.682952] IRIS_LOG I _iris_reset_out_cmds(), seq = 293, lut = 2822, sum = 3115
<3>[   11.686390] IRIS_LOG I _iris_reset_out_cmds(), seq = 293, lut = 2822, sum = 3115
<3>[   11.686456] IRIS_LOG I _iris_reset_out_cmds(), seq = 293, lut = 2822, sum = 3115
<3>[   11.686510] IRIS_LOG I _iris_reset_out_cmds(), seq = 293, lut = 2822, sum = 3115
<3>[   11.686600] IRIS_LOG I _iris_reset_out_cmds(), seq = 293, lut = 2822, sum = 3115
<3>[   11.686741] IRIS_LOG I _iris_reset_out_cmds(), seq = 293, lut = 2822, sum = 3115
<36>[   11.688289] type=1400 audit(1770804695.902:467): avc:  denied  { read } for  comm="system_server" name="u:object_r:vendor_default_prop:s0" dev="tmpfs" ino=11980 scontext=u:r:system_server:s0 tcontext=u:object_r:vendor_default_prop:s0 tclass=file permissive=0
<3>[   11.689473] IRIS_LOG I _iris_reset_out_cmds(), seq = 293, lut = 2822, sum = 3115
<3>[   11.689614] IRIS_LOG I _iris_reset_out_cmds(), seq = 293, lut = 2822, sum = 3115
<3>[   11.689684] IRIS_LOG I _iris_reset_out_cmds(), seq = 293, lut = 2822, sum = 3115
<3>[   11.689692] IRIS_LOG I iris_send_lut(), call SCALER1D, ip: 0x8a, index: 0.
<3>[   11.690149] IRIS_LOG I _iris_reset_out_cmds(), seq = 293, lut = 2822, sum = 3115
<3>[   11.690160] IRIS_LOG I scaler filter level=0
<3>[   11.690164] IRIS_LOG I iris_scaler_filter_ratio_get, scaler ratio=0
<3>[   11.690168] IRIS_LOG I iris_send_lut(), call SCALER1D, ip: 0x83, index: 0.
<3>[   11.690504] IRIS_LOG I _iris_reset_out_cmds(), seq = 293, lut = 2822, sum = 3115
<3>[   11.690516] IRIS_LOG I scaler filter level=0
<3>[   11.690639] IRIS_LOG I _iris_reset_out_cmds(), seq = 293, lut = 2822, sum = 3115
<3>[   11.690643] IRIS_LOG I gamma enable=1
<3>[   11.690645] IRIS_LOG I _iris_reset_out_cmds(), seq = 293, lut = 2822, sum = 3115
<3>[   11.691078] IRIS_LOG I _iris_reset_out_cmds(), seq = 293, lut = 2822, sum = 3115
<3>[   11.691094] IRIS_LOG I iris_dual_setting_switch, dual: 0, len: 8
<3>[   11.691100] IRIS_LOG I iris_send_lut(), call SCALER1D, ip: 0x8a, index: 1.
<3>[   11.691436] IRIS_LOG I _iris_reset_out_cmds(), seq = 293, lut = 2822, sum = 3115
<3>[   11.691449] IRIS_LOG I scaler filter level=1
<3>[   11.691452] IRIS_LOG I iris_scaler_filter_ratio_get, scaler ratio=2
<3>[   11.691456] IRIS_LOG I iris_send_lut(), call SCALER1D, ip: 0x83, index: 2.
<3>[   11.691777] IRIS_LOG I _iris_reset_out_cmds(), seq = 293, lut = 2822, sum = 3115
<3>[   11.691793] IRIS_LOG I scaler filter level=2
<3>[   11.691795] IRIS_LOG I update scaler filter
<3>[   11.692165] IRIS_LOG I _iris_reset_out_cmds(), seq = 293, lut = 2822, sum = 3115
<3>[   11.692178] IRIS_LOG I _iris_load_mcu(2452): load and run mcu
<3>[   11.692180] IRIS_LOG I _iris_reset_out_cmds(), seq = 293, lut = 2822, sum = 3115
<3>[   11.692186] IRIS_LOG I iris_send_lut(), call APP_CODE_LUT, index: 0.
<3>[   11.697141] IRIS_LOG I _iris_reset_out_cmds(), seq = 293, lut = 2822, sum = 3115
<3>[   11.697230] IRIS_LOG I lp dynamic_power:0, ulps_lp:1, abyp_lp_enable:1
<3>[   11.697310] IRIS_LOG I _iris_reset_out_cmds(), seq = 293, lut = 2822, sum = 3115
<3>[   11.697368] IRIS_LOG I _iris_reset_out_cmds(), seq = 293, lut = 2822, sum = 3115
<3>[   11.697373] IRIS_LOG I regval.value = 0x14041085, len = 2
<3>[   11.697496] IRIS_LOG I _iris_reset_out_cmds(), seq = 293, lut = 2822, sum = 3115
<3>[   11.697501] IRIS_LOG I iris_lightup() spend time0 50754 us, time1 272 us.
<3>[   11.697503] IRIS_LOG I iris_lightup(), end +++
<3>[   11.697506] IRIS_LOG I Enter abyp mode start
<3>[   11.697709] IRIS_LOG I iris_check_abyp_ready(), ABYP status: 1.
<3>[   11.697890] IRIS_LOG I Enter abyp done
<3>[   11.698149] <AMB670YF01> dsi_cmd qcom,mdss-dsi-post-panel-on-command
<3>[   11.705431] dsi_display_read_panel_reg, return: 0
<3>[   11.705435] dsi_cmd oplus_display_panel_get_id2 8
<3>[   11.717892] IRIS_LOG I iris_configure_get(), type: 0x0090(144), value: 3
<3>[   11.720242] IRIS_LOG I iris_configure(), display: 0, type: 0x0049(73), value: 0x0(0), current Iris mode: 1
<3>[   11.726549] IRIS_LOG I iris_free_ipopt_buf(), free desc cmd buffer 000000002d4105b4, type 0x2
<3>[   11.726947] IRIS_LOG E _iris_request_firmware(), request firmware [Success], name: iris5.fw, size: 172048 bytes
<3>[   11.726955] IRIS_LOG I iris_parse_lut_cmds(361), request name: iris5.fw, size: 172048.
<4>[   11.727102] msm-dsi-display soc:qcom,dsi-display-primary: loading /data/vendor/display/iris5_ccf1b.fw failed with error -13
<36>[   11.727219] type=1400 audit(1770804695.938:468): avc:  denied  { dac_read_search } for  comm="composer-servic" capability=2  scontext=u:r:kernel:s0 tcontext=u:r:kernel:s0 tclass=capability permissive=0
<4>[   11.727254] msm-dsi-display soc:qcom,dsi-display-primary: loading /data/vendor/display/iris5_ccf1b.fw failed with error -13
<36>[   11.727280] type=1400 audit(1770804695.938:469): avc:  denied  { dac_override } for  comm="composer-servic" capability=1  scontext=u:r:kernel:s0 tcontext=u:r:kernel:s0 tclass=capability permissive=0
<4>[   11.727294] msm-dsi-display soc:qcom,dsi-display-primary: loading /data/vendor/display/iris5_ccf1b.fw failed with error -13
<36>[   11.727296] type=1400 audit(1770804695.938:470): avc:  denied  { dac_read_search } for  comm="composer-servic" capability=2  scontext=u:r:kernel:s0 tcontext=u:r:kernel:s0 tclass=capability permissive=0
<36>[   11.727309] type=1400 audit(1770804695.938:471): avc:  denied  { dac_override } for  comm="composer-servic" capability=1  scontext=u:r:kernel:s0 tcontext=u:r:kernel:s0 tclass=capability permissive=0
<4>[   11.727321] msm-dsi-display soc:qcom,dsi-display-primary: loading /data/vendor/display/iris5_ccf1b.fw failed with error -13
<4>[   11.727325] msm-dsi-display soc:qcom,dsi-display-primary: Direct firmware load for iris5_ccf1b.fw failed with error -13
<4>[   11.727329] msm-dsi-display soc:qcom,dsi-display-primary: Falling back to sysfs fallback for: iris5_ccf1b.fw
<36>[   11.727427] type=1400 audit(1770804695.938:472): avc:  denied  { dac_read_search } for  comm="composer-servic" capability=2  scontext=u:r:kernel:s0 tcontext=u:r:kernel:s0 tclass=capability permissive=0
<3>[   11.732307] IRIS_LOG E _iris_request_firmware(), failed to request firmware: iris5_ccf1b.fw, return: -2
<3>[   11.733223] IRIS_LOG E _iris_request_firmware(), request firmware [Success], name: iris5_ccf1.fw, size: 424515 bytes
<3>[   11.733242] IRIS_LOG I _iris_parse_panel_nits(), panel nits: 0x0241.
<3>[   11.733258] IRIS_LOG I _iris_parse_calibrate_status(), panel calibrate status: 0x02.
<3>[   11.733278] IRIS_LOG I iris_parse_lut_cmds(402), request name: iris5_ccf1.fw, size: 424512, option count: 18.
<4>[   11.733554] msm-dsi-display soc:qcom,dsi-display-primary: loading /data/vendor/display/iris5_ccf2b.fw failed with error -13
<4>[   11.733586] msm-dsi-display soc:qcom,dsi-display-primary: loading /data/vendor/display/iris5_ccf2b.fw failed with error -13
<4>[   11.733611] msm-dsi-display soc:qcom,dsi-display-primary: loading /data/vendor/display/iris5_ccf2b.fw failed with error -13
<4>[   11.733635] msm-dsi-display soc:qcom,dsi-display-primary: loading /data/vendor/display/iris5_ccf2b.fw failed with error -13
<4>[   11.733639] msm-dsi-display soc:qcom,dsi-display-primary: Direct firmware load for iris5_ccf2b.fw failed with error -13
<4>[   11.733643] msm-dsi-display soc:qcom,dsi-display-primary: Falling back to sysfs fallback for: iris5_ccf2b.fw
<3>[   11.742117] IRIS_LOG E _iris_request_firmware(), failed to request firmware: iris5_ccf2b.fw, return: -2
<3>[   11.742197] IRIS_LOG E _iris_request_firmware(), request firmware [Success], name: iris5_ccf2.fw, size: 2997 bytes
<3>[   11.742204] IRIS_LOG I _iris_parse_calibrate_status(), panel calibrate status: 0x02.
<3>[   11.742210] IRIS_LOG I iris_parse_lut_cmds(447), request name: iris5_ccf2.fw, size: 2996, option count: 7.
<3>[   11.742215] IRIS_LOG I iris_parse_lut_cmds(), load firmware: success, state: 0x7
<3>[   11.742368] IRIS_LOG I _iris_alloc_desc_buf(), alloc 00000000c6963d88, count 2822
<6>[   12.323247] OPLUS_CHG[WLS_RX]: oplus_chg_wls_rx_send_msg[526]: send msg, msg=0xa1, data=0xff
<11>[   12.710585] init: Control message: Could not find 'android.frameworks.sensorservice@1.0::ISensorManager/default' for ctl.interface_start from pid: 751 (/system/system_ext/bin/hwservicemanager)
<6>[   12.739071] CAM_INFO: CAM-SENSOR: msm_cam_sensor_handle_reg_gpio: 1960 Input Parameters are not proper
<6>[   12.739171] CAM_INFO: CAM-SENSOR: msm_cam_sensor_handle_reg_gpio: 1960 Input Parameters are not proper
<6>[   12.741648] CAM_INFO: CAM-SENSOR: msm_cam_sensor_handle_reg_gpio: 1960 Input Parameters are not proper
<6>[   12.742327] CAM_INFO: CAM-SENSOR: msm_cam_sensor_handle_reg_gpio: 1960 Input Parameters are not proper
<6>[   12.742330] CAM_INFO: CAM-SENSOR: cam_sensor_util_request_gpio_table: 1217 No GPIO data
<6>[   12.742577] CAM_INFO: CAM-CCI: cam_cci_soc_release: 447 cam_cci_soc_release 6
<6>[   12.743124] CAM_INFO: CAM-CCI: cam_cci_soc_release: 447 cam_cci_soc_release 7
<6>[   12.757300] CAM_INFO: CAM-CCI: cam_cci_init: 198 cam_cci_init 7
<6>[   12.826730] CAM_INFO: CAM-CCI: cam_cci_soc_release: 447 cam_cci_soc_release 7
<6>[   12.830065] CAM_INFO: CAM-SENSOR: oplus_cam_sensor_driver_cmd: 191 sony_dfct_tbl: fd_dfct_num=0, sg_dfct_num=8
<6>[   12.830937] CAM_INFO: CAM-SENSOR: cam_sensor_util_request_gpio_table: 1217 No GPIO data
<6>[   12.832989] CAM_INFO: CAM-SENSOR: msm_cam_sensor_handle_reg_gpio: 1960 Input Parameters are not proper
<6>[   12.835859] CAM_INFO: CAM-CCI: cam_cci_init: 198 cam_cci_init 6
<6>[   13.008817] CAM_INFO: CAM-SENSOR: msm_cam_sensor_handle_reg_gpio: 1960 Input Parameters are not proper
<6>[   13.010835] CAM_INFO: CAM-SENSOR: cam_sensor_util_request_gpio_table: 1217 No GPIO data
<6>[   13.011286] CAM_INFO: CAM-CCI: cam_cci_soc_release: 447 cam_cci_soc_release 6
<6>[   13.022772] CAM_INFO: CAM-CCI: cam_cci_init: 198 cam_cci_init 7
<6>[   13.115158] CAM_INFO: CAM-CCI: cam_cci_soc_release: 447 cam_cci_soc_release 7
<3>[   13.284111] OPLUS_CHG[WLS]: oplus_chg_wls_send_msg[980]: Error, timed out sending message
<6>[   13.284130] OPLUS_CHG[WLS]: oplus_chg_wls_rx_handle_state_default[3396]: can't get adapter type, rc=-110
<14>[   13.285315] init: starting service 'vendor.thermal-hal'...
<6>[   13.285675] OPLUS_CHG[WLS]: oplus_chg_wls_config[1686]: icl_cool_down_ma:0
<6>[   13.285678] OPLUS_CHG[WLS]: oplus_chg_wls_config[1691]: chg_type=3, temp_region=5, fcc=2000, icl=1250
<3>[   13.285683] OPLUS_CHG[WLS]: oplus_chg_wls_rx_sm[5105]: curr_state=default, next_state=default, target_state=epp-plus
<3>[   13.286553] OPLUS_CHG[WLS]: oplus_chg_wls_rx_sm[5105]: curr_state=default, next_state=epp-plus, target_state=epp-plus
<14>[   13.287473] init: ... started service 'vendor.thermal-hal' has pid 2729
<6>[   13.287667] OPLUS_CHG[PMIC]: smbchg_wls_set_fcc[3599]: set fcc to 2000 mA
<3>[   13.287673] OPLUS_CHG[WLS_NOR]: oplus_chg_wls_nor_set_icl[140]: set icl to 750 ma
<6>[   13.287871] OPLUS_CHG[PMIC]: smbchg_wls_set_icl[3572]: set icl to 750 mA
<6>[   13.288776] KernelSU: susfs: mark no sucompat checks for pid: '2729', exec: '/vendor/bin/hw/android.hardware.thermal-service.qti'
<3>[   13.292521] OPLUS_CHG[INTF]: oplus_chg_intf_batt_get_prop[1729]: Couldn't get prop 50 rc = -1
<3>[   13.292528] OPLUS_CHG[GKI]: battery_psy_get_prop[545]: Couldn't get prop 61 rc = -61
<3>[   13.299560] OPLUS_CHG[INTF]: oplus_chg_intf_batt_get_prop[1729]: Couldn't get prop 50 rc = -1
<3>[   13.299575] OPLUS_CHG[GKI]: battery_psy_get_prop[545]: Couldn't get prop 61 rc = -61
<3>[   13.306059] OPLUS_CHG[INTF]: oplus_chg_intf_batt_get_prop[1729]: Couldn't get prop 50 rc = -1
<3>[   13.306073] OPLUS_CHG[GKI]: battery_psy_get_prop[545]: Couldn't get prop 61 rc = -61
<12>[   13.309319] healthd: battery l=37 v=3777 t=39.8 h=2 st=2 c=472 fc=2972000 cc=1505 chg=w
<3>[   13.313401] OPLUS_CHG[INTF]: oplus_chg_intf_batt_get_prop[1729]: Couldn't get prop 50 rc = -1
<3>[   13.313416] OPLUS_CHG[GKI]: battery_psy_get_prop[545]: Couldn't get prop 61 rc = -61
<14>[   13.349303] servicemanager: Caller(pid=2729,uid=0,sid=u:r:hal_thermal_default:s0) Found android.hardware.thermal.IThermal/default in device VINTF manifest.
<14>[   13.369140] servicemanager: Caller(pid=1534,uid=1047,sid=u:r:hal_camera_default:s0) Could not find vendor.oplus.hardware.sendextcamcmd.ISendExtCamCmdService/default in the VINTF manifest. No alternative instances declared in VINTF.
<14>[   13.369767] servicemanager: Caller(pid=1534,uid=1047,sid=u:r:hal_camera_default:s0) Found vendor.oplus.hardware.cameraextension.ICameraExtensionService/default in device VINTF manifest.
<14>[   13.415886] servicemanager: Caller(pid=2128,uid=1046,sid=u:r:mediaswcodec:s0) Could not find android.hardware.graphics.allocator.IAllocator/default in the VINTF manifest. No alternative instances declared in VINTF.
<14>[   13.422793] servicemanager: Caller(pid=2128,uid=1046,sid=u:r:mediaswcodec:s0) Could not find android.hardware.graphics.allocator.IAllocator/default in the VINTF manifest. No alternative instances declared in VINTF.
<5>[   13.424282] sd 0:0:0:5: [sdf] Synchronizing SCSI cache
<14>[   13.425938] init: starting service 'vendor.drm-widevine-hal-1-3'...
<6>[   13.429209] KernelSU: susfs: mark no sucompat checks for pid: '2743', exec: '/odm/bin/hw/android.hardware.drm@1.3-service.widevine'
<14>[   13.429214] init: ... started service 'vendor.drm-widevine-hal-1-3' has pid 2743
<3>[   13.600072] OPLUS_CHG[WLS]: oplus_chg_wls_rx_sm[5105]: curr_state=default, next_state=epp-plus, target_state=epp-plus
<3>[   13.600082] OPLUS_CHG[WLS_NOR]: oplus_chg_wls_nor_set_icl[140]: set icl to 900 ma
<6>[   13.600675] OPLUS_CHG[PMIC]: smbchg_wls_set_icl[3572]: set icl to 900 mA
<3>[   13.605516] OPLUS_CHG[INTF]: oplus_chg_intf_batt_get_prop[1729]: Couldn't get prop 50 rc = -1
<3>[   13.605524] OPLUS_CHG[GKI]: battery_psy_get_prop[545]: Couldn't get prop 61 rc = -61
<12>[   13.607940] healthd: battery l=37 v=3777 t=39.8 h=2 st=2 c=371 fc=2972000 cc=1505 chg=w
<3>[   13.611211] OPLUS_CHG[INTF]: oplus_chg_intf_batt_get_prop[1729]: Couldn't get prop 50 rc = -1
<3>[   13.611221] OPLUS_CHG[GKI]: battery_psy_get_prop[545]: Couldn't get prop 61 rc = -61
<11>[   13.711145] init: Control message: Could not find 'android.frameworks.sensorservice@1.0::ISensorManager/default' for ctl.interface_start from pid: 751 (/system/system_ext/bin/hwservicemanager)
<6>[   13.796040] OPLUS_CHG[COMM]: oplus_chg_heartbeat_work[2169]: charger vol=11953
<3>[   13.920120] OPLUS_CHG[WLS]: oplus_chg_wls_rx_sm[5105]: curr_state=default, next_state=epp-plus, target_state=epp-plus
<3>[   13.920129] OPLUS_CHG[WLS_NOR]: oplus_chg_wls_nor_set_icl[140]: set icl to 1250 ma
<6>[   13.920689] OPLUS_CHG[PMIC]: smbchg_wls_set_icl[3572]: set icl to 1250 mA
<3>[   13.920708] OPLUS_CHG[WLS]: oplus_chg_wls_rx_sm[5105]: curr_state=epp-plus, next_state=epp-plus, target_state=epp-plus
<6>[   13.922051] OPLUS_CHG[WLS]: oplus_chg_wls_nor_skin_check[2805]: skin_temp=429, switch to the next gear
<3>[   13.922108] OPLUS_CHG[WLS_NOR]: oplus_chg_wls_nor_set_icl[140]: set icl to 1150 ma
<6>[   13.922913] OPLUS_CHG[PMIC]: smbchg_wls_set_icl[3572]: set icl to 1150 mA
<3>[   13.923521] OPLUS_CHG[WLS]: oplus_chg_wls_rx_handle_state_epp_plus[4080]: wkcs: iout=832, vout=11943, vrect=12121
<3>[   13.924900] OPLUS_CHG[INTF]: oplus_chg_intf_batt_get_prop[1729]: Couldn't get prop 50 rc = -1
<3>[   13.924909] OPLUS_CHG[GKI]: battery_psy_get_prop[545]: Couldn't get prop 61 rc = -61
<12>[   13.927869] healthd: battery l=37 v=3777 t=39.8 h=2 st=2 c=211 fc=2972000 cc=1505 chg=w
<3>[   13.931056] OPLUS_CHG[INTF]: oplus_chg_intf_batt_get_prop[1729]: Couldn't get prop 50 rc = -1
<3>[   13.931062] OPLUS_CHG[GKI]: battery_psy_get_prop[545]: Couldn't get prop 61 rc = -61
<3>[   13.936601] OPLUS_CHG[INTF]: oplus_chg_intf_batt_get_prop[1729]: Couldn't get prop 50 rc = -1
<3>[   13.936608] OPLUS_CHG[GKI]: battery_psy_get_prop[545]: Couldn't get prop 61 rc = -61
<12>[   13.938837] healthd: battery l=37 v=3777 t=39.8 h=2 st=2 c=211 fc=2972000 cc=1505 chg=w
<3>[   13.942153] OPLUS_CHG[INTF]: oplus_chg_intf_batt_get_prop[1729]: Couldn't get prop 50 rc = -1
<3>[   13.942161] OPLUS_CHG[GKI]: battery_psy_get_prop[545]: Couldn't get prop 61 rc = -61
<3>[   14.020055] OPLUS_CHG[WLS_NOR]: oplus_chg_wls_nor_set_icl[140]: set icl to 1050 ma
<6>[   14.020615] OPLUS_CHG[PMIC]: smbchg_wls_set_icl[3572]: set icl to 1050 mA
<3>[   14.058692] [OPLUS_CHG][smbchg_get_charge_enable]get charge enable[1]
<3>[   14.120073] OPLUS_CHG[WLS_NOR]: oplus_chg_wls_nor_set_icl[140]: set icl to 950 ma
<6>[   14.120634] OPLUS_CHG[PMIC]: smbchg_wls_set_icl[3572]: set icl to 950 mA
<14>[   14.152168] servicemanager: Caller(pid=1680,uid=1041,sid=u:r:audioserver:s0) Could not find android.hardware.audio.effect.IFactory/default in the VINTF manifest. No alternative instances declared in VINTF.
<14>[   14.152739] servicemanager: Caller(pid=1680,uid=1041,sid=u:r:audioserver:s0) Could not find android.hardware.audio.core.IModule/default in the VINTF manifest. No alternative instances declared in VINTF.
<14>[   14.181631] servicemanager: Caller(pid=1680,uid=1041,sid=u:r:audioserver:s0) Found android.system.suspend.ISystemSuspend/default in framework VINTF manifest.
<5>[   14.198088] [OPLUS_MIDAS_CHG_DEBUG]oplus_midas_chg_processing: passedchg=0, realpassedchg=0,accu_delta=0, prev_chg_stat=0, reset_counts=0
<3>[   14.200426] [OPLUS_CHG][smbchg_get_charge_enable]get charge enable[1]
<6>[   14.203900] bat vol:(3899000,3891000)
<5>[   14.203929] [OPLUS_CHG][oplus_chg_update_ui_soc]ui_soc:37,waiting_for_ffc:1,fastchg_to_ffc:1,fastchg_start:0,chg_type=0x0
<5>[   14.203953] [OPLUS_CHG][oplus_chg_print_log]CHGR[ 0 / 0 / 3 / 1 / 0 ],BAT[ 1 / 0 / 0 / 0 / 1 / 0 ],GAUGE[ 400 / 3899 / 3891 / 64 / 953 / 37 / 37 / 37 / 1078 ],STATUS[ 0x0 / 0 / 0 / 0 / 0 / 0x0 ],OTHER[ 0 / 1 / 0 / 0 / 0/ 0 / -2740 ],OTHER2[ 0 / 0 / 0 / 0 ]
<3>[   14.220074] OPLUS_CHG[WLS_NOR]: oplus_chg_wls_nor_set_icl[140]: set icl to 850 ma
<6>[   14.220653] OPLUS_CHG[PMIC]: smbchg_wls_set_icl[3572]: set icl to 850 mA
<5>[   14.224062] sd 0:0:0:4: [sde] Synchronizing SCSI cache
<3>[   14.320963] OPLUS_CHG[WLS_NOR]: oplus_chg_wls_nor_set_icl[140]: set icl to 830 ma
<6>[   14.321569] OPLUS_CHG[PMIC]: smbchg_wls_set_icl[3572]: set icl to 830 mA
<14>[   14.423954] servicemanager: Caller(pid=1680,uid=1041,sid=u:r:audioserver:s0) Could not find android.hardware.audio.effect.IFactory/default in the VINTF manifest. No alternative instances declared in VINTF.
<14>[   14.424355] servicemanager: Caller(pid=1680,uid=1041,sid=u:r:audioserver:s0) Could not find android.hardware.audio.core.IModule/default in the VINTF manifest. No alternative instances declared in VINTF.
<11>[   14.425942] init: Control message: Could not find 'aidl/activity' for ctl.interface_start from pid: 750 (/system/bin/servicemanager)
<11>[   14.712086] init: Control message: Could not find 'android.frameworks.sensorservice@1.0::ISensorManager/default' for ctl.interface_start from pid: 751 (/system/system_ext/bin/hwservicemanager)
<7>[   14.728463] cnss: Skip driver remove
<7>[   14.729079] cnss: Enable ADSP power collapse
<7>[   14.729084] cnss: Setting MHI state: POWER_OFF(4)
<7>[   14.744084] cnss: Suspending PCI link
<6>[   14.744302] msm_pcie_disable: PCIe: Assert the reset of endpoint of RC0.
<7>[   14.744774] cnss: Setting MHI state: DEINIT(1)
<7>[   14.744837] cnss: De-assert WLAN_EN GPIO successfully
<7>[   14.744842] cnss: Regulator vdd-wlan-rfa2 is being disabled
<7>[   14.744854] cnss: Regulator vdd-wlan-rfa1 is being disabled
<7>[   14.744865] cnss: Regulator vdd-wlan-dig is being disabled
<7>[   14.744910] cnss: Regulator vdd-wlan-aon is being disabled
<7>[   14.744938] cnss: Regulator wlan-ant-switch is being disabled
<7>[   14.744965] cnss: Regulator vdd-wlan-io is being disabled
<7>[   14.800088] cnss: Processing driver event: SERVER_EXIT(1), state: 0xa2001
<6>[   14.800100] cnss: QMI WLFW service disconnected, state: 0xa2000
<7>[   14.800715] cnss: PM relax, state: 0x22000, count: 0
<7>[   14.800726] cnss: PM stay awake, state: 0x22000, count: 1
<7>[   14.800731] cnss: PM relax, state: 0x22000, count: 0
<6>[   14.815374] [line:745][module:oem_qmi][oem_qmi_new_server] enter
<6>[   14.815381] [line:775][module:oem_qmi][oem_qmi_new_server] leave
<36>[   14.857783] type=1400 audit(1770804699.070:485): avc:  denied  { write } for  comm="binder:2280_2" name="/" dev="dm-48" ino=3 scontext=u:r:rild:s0 tcontext=u:object_r:system_data_root_file:s0 tclass=dir permissive=0
<36>[   14.858015] type=1400 audit(1770804699.070:486): avc:  denied  { read } for  comm="binder:2280_2" name="cache" dev="dm-2" ino=17 scontext=u:r:rild:s0 tcontext=u:object_r:cache_file:s0 tclass=lnk_file permissive=0
<36>[   14.859247] type=1400 audit(1770804699.070:487): avc:  denied  { read } for  comm="binder:2280_2" name="cache" dev="dm-2" ino=17 scontext=u:r:rild:s0 tcontext=u:object_r:cache_file:s0 tclass=lnk_file permissive=0
<6>[   14.869088] [line:691][module:oem_qmi][uim_qmi_new_server] enter
<6>[   14.869095] [line:721][module:oem_qmi][uim_qmi_new_server] leave
<6>[   14.887245] cnss: QMI DMS service connected, state: 0x122000
<7>[   14.891226] cnss: IMS server arrive: node 0 port 107
<7>[   14.891236] cnss: IMS Server Connected: 0x126000
<7>[   14.891240] cnss: Sending ASYNC ims subscribe for indication
<14>[   14.904226] init: processing action (persist.vendor.data.shsusr_load=0) from (/vendor/etc/init/shsusrd.rc:26)
<14>[   14.904513] init: Sending SIGKILL to service 'vendor.shsusrd' (pid 2038) process group...
<3>[   14.913499] ip_local_port_range: prefer different parity for start/end values.
<6>[   14.921515] KernelSU: susfs: mark no sucompat checks for pid: '2846', exec: '/vendor/bin/modprobe'
<6>[   14.939243] DATARMNETf3298dab6f(): Exiting rmnet SHS module
<6>[   14.958358] KernelSU: susfs: mark no sucompat checks for pid: '2873', exec: '/vendor/bin/modprobe'
<3>[   14.974809] smcinvoke: process_tzcb_req: server is defunct, state= 1 tzhandle = -2147483623
<3>[   14.974824] smcinvoke: process_tzcb_req: server invalid, res: -90
<6>[   14.991664] KernelSU: susfs: mark no sucompat checks for pid: '2901', exec: '/vendor/bin/modprobe'
<7>[   14.995042] cnss: Received IMS subscribe indication response
<6>[   15.006085] KernelSU: susfs: mark no sucompat checks for pid: '2903', exec: '/vendor/bin/modprobe'
<6>[   15.028472] KernelSU: susfs: mark no sucompat checks for pid: '2905', exec: '/vendor/bin/modprobe'
<6>[   15.042928] DATARMNET0f6d85e415(): rmnet_offload exiting
<6>[   15.049633] KernelSU: susfs: mark no sucompat checks for pid: '2907', exec: '/vendor/bin/modprobe'
<6>[   15.071707] KernelSU: susfs: mark no sucompat checks for pid: '2913', exec: '/vendor/bin/modprobe'
<6>[   15.087991] DATARMNET163e93649e(): Starting rmnet SHS module 9731 
<6>[   15.094076] KernelSU: susfs: mark no sucompat checks for pid: '2915', exec: '/vendor/bin/modprobe'
<6>[   15.104856] KernelSU: susfs: mark no sucompat checks for pid: '2916', exec: '/system/vendor/bin/shsusrd'
<6>[   15.106766] KernelSU: susfs: mark no sucompat checks for pid: '2917', exec: '/vendor/bin/modprobe'
<6>[   15.118026] DATARMNETb1c42acd9c(): rmnet_offload initializing
<6>[   15.123736] KernelSU: susfs: mark no sucompat checks for pid: '2919', exec: '/vendor/bin/modprobe'
<6>[   15.148241] KernelSU: susfs: mark no sucompat checks for pid: '2923', exec: '/vendor/bin/ims_rtp_daemon'
<6>[   15.158631] rmnet_shs initializing rmnet_data0
<6>[   15.158643] rmnet_shs init with 0
<6>[   15.158693] DATARMNET7dec24813e(): Initializing on device rmnet_data0
<6>[   15.213517] rmnet_ctl driver probed
<3>[   15.250879] ipa-wan ipa3_wwan_ioctl:1996 dev(rmnet_data0) register to IPA
<14>[   15.539733] libbinder.AidlLazyServiceRegistrar: Process has 1 (of 1 available) client(s) in use after notification apexservice has clients: 1
<14>[   15.539739] libbinder.AidlLazyServiceRegistrar: Shutdown prevented by forcePersist override flag.
<14>[   15.539947] apexd: getActivePackages received by ApexService
<3>[   15.718605] [TP]synaptics-s3908: syna_set_gesture_state:state:0, gesture_mask is 0x0!
<6>[   15.909016] DFC QMAP init
<6>[   15.911796] Connection established with the WDA Service, DL Marker enabled
<3>[   15.912228] ipa_pm activate_work_func:447 client has no callback
<6>[   15.984234] rmnet_shs:  mask: 0x7d maplen: 6
<14>[   16.113892] apexd: getAllPackages received by ApexService
<6>[   16.721476] binder: undelivered transaction 7521, process died.
<11>[   17.713264] init: Control message: Could not find 'android.frameworks.sensorservice@1.0::ISensorManager/default' for ctl.interface_start from pid: 751 (/system/system_ext/bin/hwservicemanager)
<6>[   17.997230] KernelSU: packages.list detected: 128
<6>[   18.023984] KernelSU: Searching manager...
<6>[   18.024052] KernelSU: search_manager: dir: /data/app got magic! 0xf2f52010
<6>[   18.024118] KernelSU: Skipping directory: vmdl719941839.tmp
<6>[   18.024128] KernelSU: Skipping directory: vmdl1992189637.tmp
<6>[   18.024142] KernelSU: Skipping directory: vmdl1799357350.tmp
<6>[   18.024198] KernelSU: Skipping directory: vmdl2061492298.tmp
<6>[   18.024246] KernelSU: Skipping directory: vmdl729194211.tmp
<6>[   18.024247] KernelSU: Skipping directory: vmdl727374008.tmp
<6>[   18.024248] KernelSU: Skipping directory: vmdl1130371861.tmp
<6>[   18.025029] KernelSU: search_manager: skip: /data/app/~~qU_mtyf_zVOGH1gGqY7MEQ== magic: 0x5346434e49 expected: 0xf2f52010
<6>[   18.025323] KernelSU: search_manager: skip: /data/app/~~qiv9ACcOILs9Qu62wXXtkQ== magic: 0x5346434e49 expected: 0xf2f52010
<6>[   18.025403] KernelSU: search_manager: skip: /data/app/~~wULTg-Og1cpLeCM_Rf6flw== magic: 0x5346434e49 expected: 0xf2f52010
<6>[   18.026042] KernelSU: Found new base.apk at path: /data/app/~~_2OqJ3DRw5GZcKQ6B9IPtQ==/com.smartpack.packagemanager-LuaQAJh86gI2CHrrjgHBvg==/base.apk, is_manager: 0
<6>[   18.027075] KernelSU: Found new base.apk at path: /data/app/~~BlDO1DxHqWJvdFKiCLo7iA==/com.tplink.tether-jw-t-TSfsgWqy0RCK2mDWw==/base.apk, is_manager: 0
<6>[   18.027913] KernelSU: Found new base.apk at path: /data/app/~~7zQL2pxlF1eTfPS10lNw8w==/org.localsend.localsend_app-6nRwVM6Xt-EXVGW9J3GcuQ==/base.apk, is_manager: 0
<6>[   18.028499] KernelSU: Found new base.apk at path: /data/app/~~AH3DZwnFZcpPCaKbn0Aa9w==/me.zhanghai.android.files-eSzBEMZTPyhCREjYlptu9Q==/base.apk, is_manager: 0
<6>[   18.029716] KernelSU: Found new base.apk at path: /data/app/~~Q9eF0xXbr_OGpusb8aNLaA==/com.blizzard.messenger-8mEj3PT7-ZJZVdOxVr_dBg==/base.apk, is_manager: 0
<6>[   18.030317] KernelSU: Found new base.apk at path: /data/app/~~3A4bXuQtfbhl8nCWlGG-ZQ==/com.wstxda.switchai-bekVNcl4O7_8MVl5qM8JPA==/base.apk, is_manager: 0
<6>[   18.031206] KernelSU: Found new base.apk at path: /data/app/~~rAUyZqsJqvInlT5YqF8irQ==/com.snapchat.android-ft1RRMVB9uJv3FGyco0CWg==/base.apk, is_manager: 0
<6>[   18.033285] KernelSU: Found new base.apk at path: /data/app/~~3Skd61VTVyH5WQN1h14Nuw==/com.google.android.deskclock-6RC6_AaIbWgWPPUBmZFPWA==/base.apk, is_manager: 0
<6>[   18.034438] KernelSU: Found new base.apk at path: /data/app/~~ElvalpiaJviUVkqYIIFa4Q==/tech.butterfly.app-kGwmGSLV0gZmUW6sTcObRA==/base.apk, is_manager: 0
<6>[   18.035240] KernelSU: Found new base.apk at path: /data/app/~~JlNY0B5xk-SMLSOfef_20A==/ch.protonvpn.android-EITXNUnVd6Xp5XfufYPLRg==/base.apk, is_manager: 0
<6>[   18.035743] KernelSU: Found new base.apk at path: /data/app/~~3UciF2NLAFrB5BUyu2-B3Q==/org.matrix.demo-2sN2d3BC83xK1hdaKMGceQ==/base.apk, is_manager: 0
<6>[   18.036630] KernelSU: Found new base.apk at path: /data/app/~~vFfsBRuB1G-cRl7lqkHpNg==/com.merxury.blocker-I2egpN-Garp3ce4WRsJhxw==/base.apk, is_manager: 0
<6>[   18.037632] KernelSU: Found new base.apk at path: /data/app/~~jKwGr6Q0Ut0Trq4By7re2Q==/com.google.android.calendar-VYcMsHt-s6qvFXDlV9Z5sg==/base.apk, is_manager: 0
<6>[   18.038892] KernelSU: Found new base.apk at path: /data/app/~~K7H9c-Hi6DI79lt_mABLLQ==/com.gamovation.mahjongclub-MdzfiQIpkmn0lr571DPyjQ==/base.apk, is_manager: 0
<6>[   18.039305] KernelSU: Found new base.apk at path: /data/app/~~du8ELdqQSJbjx0m3xGB6ZA==/com.reveny.vbmetafix.service-JfHG0bjiunyl-6xGO8J4tw==/base.apk, is_manager: 0
<6>[   18.040254] KernelSU: Found new base.apk at path: /data/app/~~sWRkblpI55T2m0Xj1RlvdA==/com.microblink.photomath-T-MDZ8sznF8zN0eECbe7Xw==/base.apk, is_manager: 0
<6>[   18.041035] KernelSU: Found new base.apk at path: /data/app/~~YfGYt49zTYOv94_9yaCl3Q==/rikka.appops-8-HI6DWzCJeaxpPmKCgdxQ==/base.apk, is_manager: 0
<6>[   18.041997] KernelSU: Found new base.apk at path: /data/app/~~ipqvSJXR4YV2OqWXC_bJ3Q==/com.tplink.wifinavi-JkuPe-x5OwEWHoyF_gybhQ==/base.apk, is_manager: 0
<6>[   18.043081] KernelSU: Found new base.apk at path: /data/app/~~cy7sMCqDHcHsxnvvnc8FiQ==/com.facebook.adsmanager-SmnoqWzxNNWUFfHjk0Nxbg==/base.apk, is_manager: 0
<6>[   18.043629] KernelSU: Found new base.apk at path: /data/app/~~eoOV2Zo6JYb1jQJGoxqKjg==/ru.tech.imageresizershrinker-3xXbDgK8hBEbDPtmqDBQCg==/base.apk, is_manager: 0
<6>[   18.044489] KernelSU: Found new base.apk at path: /data/app/~~mOlpeT0B-5yx4y_XS4g9mQ==/com.lb.contacts_sync-hpWFkiL_b3-cypxfXsvl9g==/base.apk, is_manager: 0
<6>[   18.045433] KernelSU: Found new base.apk at path: /data/app/~~KIpIHBDYGuWhlKN1Ydn91w==/com.kiloo.subwaysurf-mlCM_60XjlAw8DjygTYJKw==/base.apk, is_manager: 0
<6>[   18.045467] KernelSU: Found new base.apk at path: /data/app/~~fY4DZE6Iyi45ZrPIyKEwNA==/ru.bluecat.android.xposed.mods.appsettings-JX9HObRXoUFDI9li0XhbfQ==/base.apk, is_manager: 0
<6>[   18.046498] KernelSU: Found new base.apk at path: /data/app/~~IRkHg2Ib5XKqQwBWGr0azg==/com.genius.android-4YakDrrJi6MAznwt2-yA4Q==/base.apk, is_manager: 0
<6>[   18.047182] KernelSU: Found new base.apk at path: /data/app/~~NTfvzzhaGkGtuEXnuTRvgw==/trendyol.com-pPQRksYBIpmdg4F-2z661g==/base.apk, is_manager: 0
<6>[   18.048203] KernelSU: Found new base.apk at path: /data/app/~~hinj0NEwa9xVhQwe5yxntw==/com.rosan.installer.x.revived-WxZicOeCDezsvVo0Bm4aiQ==/base.apk, is_manager: 0
<6>[   18.049025] KernelSU: Found new base.apk at path: /data/app/~~uYfi8LOcvj_SnC7T-wB8Iw==/com.garanti.cepsubesi-B6BwV0yThN_ewqbPoF82aQ==/base.apk, is_manager: 0
<6>[   18.049727] KernelSU: Found new base.apk at path: /data/app/~~h3OozafgvJtCaEhNJzDteg==/net.alexbarry.calc_android-rmisZu4fO7wkM_tXFZvKzA==/base.apk, is_manager: 0
<6>[   18.050051] KernelSU: Found new base.apk at path: /data/app/~~4pUWSVtuSrcn3YVhYvvJtQ==/me.garfieldhan.hiapatch-iXtCbkoHaMRnUq1ZCt_oiA==/base.apk, is_manager: 0
<6>[   18.050397] KernelSU: Found new base.apk at path: /data/app/~~aBDKry2icja1iJ665D51gQ==/io.github.revenge.xposed-GnFmRpRN84iqDoVd9OodYQ==/base.apk, is_manager: 0
<6>[   18.051485] KernelSU: Found new base.apk at path: /data/app/~~Wc0n216ilrj7e5OCbKzPkw==/com.pd.vehiclemasters-LRYFkot6NrB0WN4GpuW35w==/base.apk, is_manager: 0
<6>[   18.051964] KernelSU: Found new base.apk at path: /data/app/~~1Jrn86tiYsBoNm4QVuPx_Q==/com.gmail.heagoo.apkeditor.pro-NKP1Q-PPA7nCRf5Rqn2Bnw==/base.apk, is_manager: 0
<6>[   18.053054] KernelSU: Found new base.apk at path: /data/app/~~AmmXX5DxW6ua6aUXQIGFcA==/com.ss.android.tt.creator-HAWR8gacRUWSCOtVbURumQ==/base.apk, is_manager: 0
<6>[   18.053561] KernelSU: Found new base.apk at path: /data/app/~~XyRM2niMWzyqatgiEK57Kw==/com.darvin.security-_P8x-ulk07NctftqawyrOw==/base.apk, is_manager: 0
<6>[   18.053891] KernelSU: Found new base.apk at path: /data/app/~~pAzid5p2OSX31AlJdq-yGQ==/com.test.detectz-ZUtcukjIf00UR7kO0kjKKA==/base.apk, is_manager: 0
<6>[   18.054864] KernelSU: Found new base.apk at path: /data/app/~~TVWIQ7n-MORCW3ymqpYE_g==/com.google.android.projection.gearhead-w3mr0GdOlLzMhS8QnPp1Vg==/base.apk, is_manager: 0
<6>[   18.055793] KernelSU: Found new base.apk at path: /data/app/~~rDKUycsHGP9ItBt0YlwU4Q==/icu.nullptr.applistdetector-qj5SgUh5E5c5KrJjMTPjZQ==/base.apk, is_manager: 0
<6>[   18.056690] KernelSU: Found new base.apk at path: /data/app/~~Vjpei8IwHxFbRIEhU2TLuA==/com.youhu.laifu-I0JQg5w5OkHyGbO78xTb0Q==/base.apk, is_manager: 0
<6>[   18.057840] KernelSU: Found new base.apk at path: /data/app/~~pFpl0J6KbAJ949_VRoMJAw==/com.tplink.networktoolsbox-iCs9sR0C0V8yvMsjYwytpg==/base.apk, is_manager: 0
<6>[   18.058874] KernelSU: Found new base.apk at path: /data/app/~~OVkLwQkWJWRZ1rsfU3bKxg==/com.getir-9axe-I91ix2W0hxl-PsLpg==/base.apk, is_manager: 0
<6>[   18.059935] KernelSU: Found new base.apk at path: /data/app/~~EUv-OnyxfTvXYanzAwzrww==/com.inovel.app.yemeksepeti-yFEJw_6YOlEaNA97JCBCMA==/base.apk, is_manager: 0
<6>[   18.060923] KernelSU: Found new base.apk at path: /data/app/~~ZmeispAR-H00DZQHzFVDQA==/tv.twitch.android.app-RO-At_ugONsM0n8nMDOQZw==/base.apk, is_manager: 0
<6>[   18.061776] KernelSU: Found new base.apk at path: /data/app/~~kn3kmba_UebbeXZjOH3YKA==/ru.zdevs.zarchiver-TrjLN_Mqihxs9PuGMdPkQA==/base.apk, is_manager: 0
<6>[   18.062373] KernelSU: Found new base.apk at path: /data/app/~~sOU6rwqLB_JKigDYmL6t2g==/com.termux.x11-O09kfM-dtCEq76NLOMmZWQ==/base.apk, is_manager: 0
<6>[   18.062947] KernelSU: Found new base.apk at path: /data/app/~~l7lqBZzlQuoZG6FRpld9-Q==/com.tompiktv.app-Ru8DupGUwomuWFS9izsVew==/base.apk, is_manager: 0
<6>[   18.063906] KernelSU: Found new base.apk at path: /data/app/~~3sg176isY8RV1QhiDbYssA==/luna.safe.luna-qdaD_q80BFYLWoMLSB_pQg==/base.apk, is_manager: 0
<6>[   18.064598] KernelSU: Found new base.apk at path: /data/app/~~G9hjDe6vKo5Yv0jl78L7JA==/com.playstack.balatro.android-K-QUEfkIT3Tu0d5UF7_e2g==/base.apk, is_manager: 0
<6>[   18.065562] KernelSU: Found new base.apk at path: /data/app/~~uKWPI_F8CsWZ8gX008r5KQ==/com.google.android.inputmethod.latin-eQP8acmZWXj1JOsNf-ODSw==/base.apk, is_manager: 0
<6>[   18.066169] KernelSU: Found new base.apk at path: /data/app/~~z_aJU5dx6TfkOidvX6slnw==/io.github.vvb2060.magiskdetector-XgPgiW9fKEhGWODbgGUn_w==/base.apk, is_manager: 0
<6>[   18.067526] KernelSU: Found new base.apk at path: /data/app/~~gpj4FoFtgThsKFE7L6TQDQ==/com.zhiliaoapp.musically-OKunTfTUz12Jpe1vniiMVA==/base.apk, is_manager: 0
<6>[   18.068399] KernelSU: Found new base.apk at path: /data/app/~~0bF5EH7fgt4ffDQGLIL1mg==/com.ysh.hookapkverify-4RmbHx9TwwDGVRQMnkm01Q==/base.apk, is_manager: 0
<6>[   18.069210] KernelSU: Found new base.apk at path: /data/app/~~jP-svsd2wGyZxXWCfCjdGA==/com.inomera.sm-zpXthujUQe_ln0QgyDg0Qg==/base.apk, is_manager: 0
<6>[   18.070065] KernelSU: Found new base.apk at path: /data/app/~~cJtmqlcFMePfn6bpNgiRNA==/eu.darken.sdmse-ZgFbSdpKvaUvaLZPd83wXg==/base.apk, is_manager: 0
<6>[   18.071485] KernelSU: Found new base.apk at path: /data/app/~~uoGN-ZqjP-dCOznqZ44mxQ==/com.valvesoftware.android.steam.friendsui-Rm8vPp6_6Pvp8jq4BNwbzA==/base.apk, is_manager: 0
<6>[   18.072239] KernelSU: Found new base.apk at path: /data/app/~~I9C3il78U1sURtiYV067aQ==/org.codeaurora.snapcam-74f4H2uVKgUEhy1yzFyNHQ==/base.apk, is_manager: 0
<6>[   18.073284] KernelSU: Found new base.apk at path: /data/app/~~sCdDUkWAY-GFsMSXz-yhug==/com.amazon.mShop.android.shopping-Ot04J69W15n0vAHktP7snw==/base.apk, is_manager: 0
<6>[   18.074107] KernelSU: Found new base.apk at path: /data/app/~~5G4zh88xwL8VR8yW2BCcEw==/com.oasisfeng.island-tGKWYP7rppB8E7g0vF5ZtA==/base.apk, is_manager: 0
<6>[   18.075244] KernelSU: Found new base.apk at path: /data/app/~~W1OEvVJrSKSommWT3yvkQQ==/krypton.tbsafetychecker-cXoC9l2Ix8RYBG5vD1cblA==/base.apk, is_manager: 0
<6>[   18.076267] KernelSU: Found new base.apk at path: /data/app/~~nHc8X6Qgd3exLB5zqciF6A==/com.finestandroid.kmetal-MWKFsjIR3asqjUEalvE1SQ==/base.apk, is_manager: 0
<6>[   18.077256] KernelSU: Found new base.apk at path: /data/app/~~-7aNCGLAxj5PNFPYTMFwIA==/com.google.android.stardroid--OkwNalIV1wlhleImtGXmw==/base.apk, is_manager: 0
<6>[   18.077854] KernelSU: Found new base.apk at path: /data/app/~~uZW5T8v9tbB2OMkMXXmPzA==/com.roborock.smart-OKZWNhUnF9lps2S9trlCXQ==/base.apk, is_manager: 0
<6>[   18.078320] KernelSU: Found new base.apk at path: /data/app/~~C04y2sVP1JW1qI_svBb7nw==/com.bartixxx.opflashcontrol-8j30CdUrYhUAuXyxza0UYQ==/base.apk, is_manager: 0
<6>[   18.078735] KernelSU: Found new base.apk at path: /data/app/~~vIUgnJpkfdAWC83a6h8hQA==/org.woheller69.level-KxxvYbsMQ3QLr3EolC2xAg==/base.apk, is_manager: 0
<6>[   18.079531] KernelSU: Found new base.apk at path: /data/app/~~aD0-1IqNE5aGLpk7HDD6KA==/com.akakce.akakce-AMdblSNKP4Sh7XSAAxVN_w==/base.apk, is_manager: 0
<6>[   18.080449] KernelSU: Found new base.apk at path: /data/app/~~e-k__NEzEI1Jz6lCxEl9-g==/com.canva.editor-TRudfaEfure4WjVtyZK33g==/base.apk, is_manager: 0
<6>[   18.080538] KernelSU: Found new base.apk at path: /data/app/~~VgjQMYS4BbAEZde0QxOZVQ==/com.keshav.capturesposed-nztt6RkzTpzYHCwLTjK0zA==/base.apk, is_manager: 0
<6>[   18.081619] KernelSU: Found new base.apk at path: /data/app/~~26O6JVklNg6694SF1xGquA==/com.google.android.gm-0AaWNq2Hxl0rDrh0Aj26fQ==/base.apk, is_manager: 0
<6>[   18.082668] KernelSU: Found new base.apk at path: /data/app/~~xG3ahhtvw3bDwOUJjDkD6A==/com.nperf.tester-edbT7wgFkG0m9t0y2Q2GLg==/base.apk, is_manager: 0
<6>[   18.083610] KernelSU: Found new base.apk at path: /data/app/~~YHVDYzbJMNQUUjVY2NQPEA==/com.rem01gaming.disclosure-Mz9w9ejOJIS4NNZNaqlEtw==/base.apk, is_manager: 0
<6>[   18.084268] KernelSU: Found new base.apk at path: /data/app/~~e8pXd-X_MStbCLQxIsUluw==/org.akanework.checker-NlFjyuvlawQmvtmSREkI4Q==/base.apk, is_manager: 0
<6>[   18.084861] KernelSU: Found new base.apk at path: /data/app/~~yKLW7YxEBBKRD5pFDLvqdg==/org.mozilla.fennec_fdroid-gz6T8eTibmKCAFLFpsN3wA==/base.apk, is_manager: 0
<6>[   18.085861] KernelSU: Found new base.apk at path: /data/app/~~AOXHN4NxcHjXLEO-jHxt9g==/com.kiloo.metroland-nC7d8MUO8gdhp-7PFco4cQ==/base.apk, is_manager: 0
<6>[   18.085910] KernelSU: Found new base.apk at path: /data/app/~~OTVKnTrjBr6nWPGWRq8THA==/io.github.tehcneko.clipboardwhitelist-Qna-wuvRmQg9c9cGX_7ebQ==/base.apk, is_manager: 0
<6>[   18.087023] KernelSU: Found new base.apk at path: /data/app/~~KfoqkkQovcOUZEYcMDMnxA==/com.google.android.apps.paidtasks-udrBC6u14O-uLiEjyq3izg==/base.apk, is_manager: 0
<6>[   18.087627] KernelSU: Found new base.apk at path: /data/app/~~MG8QQE4a__K7MkXWSfFZow==/com.bittle.colorpicker-62lMfiSTEinyLlsupziVIA==/base.apk, is_manager: 0
<6>[   18.088202] KernelSU: Found new base.apk at path: /data/app/~~OoBuAvkgjbx_VLSnU6juPw==/de.szalkowski.activitylauncher.oss-drCFI4m6O6bVRqqDDFncUg==/base.apk, is_manager: 0
<6>[   18.088815] KernelSU: Found new base.apk at path: /data/app/~~9jj3sT_OhEAkYcxtEETSbw==/com.android.chrome-DWXbRg9F28eCJv9yCuFBKA==/base.apk, is_manager: 0
<6>[   18.089663] KernelSU: Found new base.apk at path: /data/app/~~tbnt7UnpOQmZ47jVtMkXvA==/com.maxgames.aow2-BsXaA3AztznZ0B0f22SwjQ==/base.apk, is_manager: 0
<6>[   18.090742] KernelSU: Found new base.apk at path: /data/app/~~x3xZEWOmgwIZdUcQNbzhUw==/tr.gov.saglik.MHRSMOBIL-NK4NFaNRljZQxVr97GC91w==/base.apk, is_manager: 0
<6>[   18.091472] KernelSU: Found new base.apk at path: /data/app/~~7I4oPb_UySYAMKECQjUCDQ==/com.brouken.player-9n7NJo9HghqMHT9zq-RrUw==/base.apk, is_manager: 0
<6>[   18.092202] KernelSU: Found new base.apk at path: /data/app/~~Eboel8nX8LuPv2m_IWSz4A==/com.Saplin.CPDT-VXWJccjf6VysgZJ-Cozobg==/base.apk, is_manager: 0
<6>[   18.093000] KernelSU: Found new base.apk at path: /data/app/~~dP99ea0QOG4TCMUudcTC4g==/com.bluecord-eAUaWM3pD5TeTeo0TnUPAA==/base.apk, is_manager: 0
<14>[   18.093830] libbinder.AidlLazyServiceRegistrar: Process has 0 (of 1 available) client(s) in use after notification apexservice has clients: 0
<14>[   18.093834] libbinder.AidlLazyServiceRegistrar: Shutdown prevented by forcePersist override flag.
<6>[   18.093999] KernelSU: Found new base.apk at path: /data/app/~~dRsrD9sTKvrggY7o-X9xfw==/com.cygames.umamusume-lmwr77VE1FC7ShmLBN3Rmg==/base.apk, is_manager: 0
<6>[   18.095165] KernelSU: Found new base.apk at path: /data/app/~~GVBe2RNhaACmWWiqpbgsdA==/com.google.android.tts-z5FmJConGTZeD0Azrd4zPw==/base.apk, is_manager: 0
<6>[   18.096440] KernelSU: Found new base.apk at path: /data/app/~~DlQxMOtUXAdrDHCAGk_i9Q==/com.discord-JkakjoFza34Ex8c96cNOwg==/base.apk, is_manager: 0
<6>[   18.097435] KernelSU: Found new base.apk at path: /data/app/~~KhqP9QDqHjgSarawIQ9Ttw==/com.google.android.apps.translate-GhrfsPTgKDwyzNkiSRTCMA==/base.apk, is_manager: 0
<6>[   18.098397] KernelSU: Found new base.apk at path: /data/app/~~0_puKW4SVFhi-4BDJuIVQA==/com.google.android.apps.walletnfcrel-NtfFPtd801xNfn1-1hxYpA==/base.apk, is_manager: 0
<6>[   18.099484] KernelSU: Found new base.apk at path: /data/app/~~91uEmy1I0yAoNZO7ojlbHQ==/paket.trsozluk-uVwLx0t4VEErNKLycLeoaw==/base.apk, is_manager: 0
<6>[   18.100703] KernelSU: Found new base.apk at path: /data/app/~~k1LP7fY6crAh-1KyuVrVRQ==/com.facebook.katana-MrBaKw35l_k3St4TlDzaLA==/base.apk, is_manager: 0
<6>[   18.100773] KernelSU: Found new base.apk at path: /data/app/~~_cAMCBVsWDufB0ElfEyZDg==/net.accelf.devoptshide-ATP0HjN_OUWOTp6JNteUbw==/base.apk, is_manager: 0
<6>[   18.101578] KernelSU: Found new base.apk at path: /data/app/~~c7fMdMlrETqgbTAM1ND5ng==/dev.zwander.installwithoptions-_o0sYr91cnB9sm8E8Z-gKA==/base.apk, is_manager: 0
<6>[   18.102161] KernelSU: Found new base.apk at path: /data/app/~~GngjN8ck1uULdmVHein7vA==/com.studio.duckdetector-kHw7wPipH0PTlDPcrrZ0Mw==/base.apk, is_manager: 0
<6>[   18.102933] KernelSU: Found new base.apk at path: /data/app/~~KFo9Y6eYw4aA5Cb-UNQGxw==/paket.bolum2-2afvIxL41T7Coh43W1j4OA==/base.apk, is_manager: 0
<6>[   18.103818] KernelSU: Found new base.apk at path: /data/app/~~1EeoYSdhG6plt7qCLzt0CA==/com.deepl.mobiletranslator-p29ZpqqA0QEStw6dwCs0Ag==/base.apk, is_manager: 0
<6>[   18.103934] KernelSU: Found new base.apk at path: /data/app/~~wdE3rrmKUPNH3-eZETmdag==/pub.chara.disablealttab-qbEgdoFKJ9YpxOeucsMfXw==/base.apk, is_manager: 0
<6>[   18.104453] KernelSU: Found new base.apk at path: /data/app/~~bRj5VcHX3v6yWLnnJI7p-A==/io.github.auag0.disableaudiofocus-qlwFDEytry1w_iyWw05IcQ==/base.apk, is_manager: 0
<6>[   18.105379] KernelSU: Found new base.apk at path: /data/app/~~EqFKFdfwPqez3FcGyjgJbw==/com.google.android.apps.wellbeing-87Iw_q2VBzFh5BUOtzCAeA==/base.apk, is_manager: 0
<6>[   18.106744] KernelSU: Found new base.apk at path: /data/app/~~AzdbenQGpWnzlWRh6Z48UA==/com.google.android.googlequicksearchbox--c534e6jRDswNsWtopRi9g==/base.apk, is_manager: 0
<6>[   18.108348] KernelSU: Found new base.apk at path: /data/app/~~H3bardm_Bb1u0LlhENDZ9g==/com.facebook.pages.app-qeSzZpUS7WGW2H_V-5K_UQ==/base.apk, is_manager: 0
<6>[   18.109232] KernelSU: Found new base.apk at path: /data/app/~~aTVXAog522SKyPRds4434w==/com.google.android.libraries.internal.sampleads_20009-Cu_dtfZ6CLWHiGn4P8jXnA==/base.apk, is_manager: 0
<6>[   18.109260] KernelSU: Found new base.apk at path: /data/app/~~eZnb7RjnVg86oH1U9bATkw==/org.frknkrc44.hma_oss-jlMwA1tOOosx9sAU0MaLOA==/base.apk, is_manager: 0
<6>[   18.110348] KernelSU: Found new base.apk at path: /data/app/~~n7HhoceVJjhFpfW4TrXnSA==/com.dkxqzbfkjt.pocketchess-NxxQUSP0P-8nCrWnUbSepw==/base.apk, is_manager: 0
<6>[   18.110393] KernelSU: Found new base.apk at path: /data/app/~~pCPU5bUfAkK6RBOa9RFcmw==/io.github.nitsuya.donottryaccessibility-dsvO0nbJSpu8n0wn613CtQ==/base.apk, is_manager: 0
<6>[   18.111181] KernelSU: Found new base.apk at path: /data/app/~~ta_GvOm6KT2o_Xet1lU6WA==/wu.futiletest-wm0JdINuZ8eC6JkwC9srCw==/base.apk, is_manager: 0
<6>[   18.112581] KernelSU: Found new base.apk at path: /data/app/~~9VmDYadZUHDgYzWCYgVLLg==/com.google.android.apps.youtube.music-zcNopzM9vFpFrSlgQcuwxQ==/base.apk, is_manager: 0
<6>[   18.113467] KernelSU: Found new base.apk at path: /data/app/~~xyqg7e2KkYZIrLflzcNIig==/com.spungegames.failybrakestwo-egwtHVVZFIuOVpVpPgUJMw==/base.apk, is_manager: 0
<6>[   18.114183] KernelSU: Found new base.apk at path: /data/app/~~s7ylekcrt5HxDgvVx2rzZg==/com.google.android.trichromelibrary_755913233-AIkcnAmMEYdRcHArVHb6wQ==/base.apk, is_manager: 0
<6>[   18.115413] KernelSU: Found new base.apk at path: /data/app/~~7sQzxPgrSyu0xEpSd_gVJQ==/com.appslab.nothing.widgetspro-JnY0Guh5qaf76z1WBpTQlg==/base.apk, is_manager: 0
<6>[   18.116063] KernelSU: Found new base.apk at path: /data/app/~~G0tAPkGJag6s3yFaTvmLGg==/com.github.whitescent.engine-KrIXsuVXdzCVgn1OydbdbA==/base.apk, is_manager: 0
<6>[   18.117255] KernelSU: Found new base.apk at path: /data/app/~~vvXnADb7NcRWPpwgW2pCCg==/io.github.sds100.keymapper-NJ7r-G8Pg7h_Z103h2aJ6w==/base.apk, is_manager: 0
<6>[   18.118195] KernelSU: Found new base.apk at path: /data/app/~~jcgxoXkRvNKgjAJDxP1JQA==/com.google.android.apps.docs.editors.docs-LSYvVb9gY78cyd-vYlvFDA==/base.apk, is_manager: 0
<6>[   18.119826] KernelSU: Found new base.apk at path: /data/app/~~tmt8HJTnQOiLvqwcsIk-Kw==/com.ea.gp.fifaultimate-L5I5a0RMgkpnGaIZvFohzw==/base.apk, is_manager: 0
<6>[   18.120795] KernelSU: Found new base.apk at path: /data/app/~~XBYN4g2e5yxSg3ADRZNM_Q==/com.google.android.apps.adm-PTRXBWFLJRPPn1fgW7WuDg==/base.apk, is_manager: 0
<6>[   18.122013] KernelSU: Found new base.apk at path: /data/app/~~ZyPF0XJJk3PxwibF1kqhYw==/tr.gov.turkiye.edevlet.kapisi-IJ0ChSbOHbu8jNjSZrpEJQ==/base.apk, is_manager: 0
<6>[   18.122768] KernelSU: Found new base.apk at path: /data/app/~~CLaFSvPIYmal_PiuGBMqpA==/io.github.ratul.topactivity-EZQ0Cv7N6yM_hExcWugCCQ==/base.apk, is_manager: 0
<6>[   18.124114] KernelSU: Found new base.apk at path: /data/app/~~zUlYwR2VfZPiwkpT3-cIkg==/ai.x.grok-6aWvypubE9FU9Cvk-_wgew==/base.apk, is_manager: 0
<6>[   18.125180] KernelSU: Found new base.apk at path: /data/app/~~4UG82ZhtMzoTN7oT31uVbg==/dev.imranr.obtainium-bcw1xkFmNxwV_bNBFunQfg==/base.apk, is_manager: 0
<6>[   18.125824] KernelSU: Found new base.apk at path: /data/app/~~hBg9rzMZw00jgPbKVAZ6vg==/lsposed.orange-KzvEMZbO-nK57TFgUzaI9w==/base.apk, is_manager: 0
<6>[   18.126990] KernelSU: Found new base.apk at path: /data/app/~~_LliOYykXHuvv6B85AE8kQ==/com.youmusic.magictiles-Er2fJjTumxzZu1UemQZ2-A==/base.apk, is_manager: 0
<6>[   18.127407] KernelSU: Found new base.apk at path: /data/app/~~HMPo0jgGB-JIscNxmODrPw==/org.exbin.bined.editor.android-GePFec69emGP4d7XTCXSaQ==/base.apk, is_manager: 0
<6>[   18.128555] KernelSU: Found new base.apk at path: /data/app/~~A5SkJU7cUi3WiI9s5IsrKA==/com.decathlon.app-SEsu2wvwxpjyfQbLcMMvRw==/base.apk, is_manager: 0
<6>[   18.129795] KernelSU: Found new base.apk at path: /data/app/~~xLKLDRRUTI_Y5g7aEsQKSQ==/com.openai.chatgpt-IwRBqJOyqcyFmMT1pBI2Fg==/base.apk, is_manager: 0
<6>[   18.131020] KernelSU: Found new base.apk at path: /data/app/~~OsrfjQcFglVE1Rfg5cVhgg==/com.unept.leveldevil-JnabVWJ-iPjUDOJe6xgLBA==/base.apk, is_manager: 0
<6>[   18.132180] KernelSU: Found new base.apk at path: /data/app/~~WGPjRooEmUvuSimFD_eehw==/com.google.android.apps.docs.editors.sheets-XU7fuSbuUaQ6d-M8k50W5A==/base.apk, is_manager: 0
<6>[   18.133441] KernelSU: Found new base.apk at path: /data/app/~~JNBFom4DZ_T8CE_49OWLMw==/com.amazon.avod.thirdpartyclient-my1h87pqHj5UPrXuJ-pTGA==/base.apk, is_manager: 0
<6>[   18.134468] KernelSU: Found new base.apk at path: /data/app/~~NWrG4ygto-XhsX08poWzUg==/com.facebook.orca-r6X5Cj_KVB4zp4M4SgXRkw==/base.apk, is_manager: 0
<6>[   18.135917] KernelSU: Found new base.apk at path: /data/app/~~xJGnETRGHFIcK3ssnGTWUQ==/com.bitaksi.musteri-1e5zJwZTYbKV6brjJjwSnQ==/base.apk, is_manager: 0
<6>[   18.137076] KernelSU: Found new base.apk at path: /data/app/~~-aBfBjYjVl90iU_BgSu8Ng==/com.rhmsoft.code-vXA3yh8UG4U_ASDt05hj-A==/base.apk, is_manager: 0
<6>[   18.138279] KernelSU: Found new base.apk at path: /data/app/~~9mfXszp7kcv0OfG4ISDKRw==/com.instagram.basel-r_gvAWjWNNNqrvEg_WME_Q==/base.apk, is_manager: 0
<6>[   18.138758] KernelSU: Found new base.apk at path: /data/app/~~2he_hxpEalDd1ziXTmN0GA==/com.franco.graphice-lCfXwVLGH93urOZaQbFasQ==/base.apk, is_manager: 0
<6>[   18.140021] KernelSU: Found new base.apk at path: /data/app/~~DE_dW3bwGkfsP6uX_932qQ==/com.google.android.gms-kZyAG_6SmCDw91mP64okGw==/base.apk, is_manager: 0
<6>[   18.140589] KernelSU: Found new base.apk at path: /data/app/~~qr91IGU1WdQkOvkWA77vOg==/me.garfieldhan.attestation-NIb9eO9DHv4suxpfbkn1Iw==/base.apk, is_manager: 0
<6>[   18.141449] KernelSU: Found new base.apk at path: /data/app/~~liufgo6R3rsGDT-A2UHEHQ==/com.google.android.safetycore-hVmOAJkFD0Xj0KVqQ9VZJg==/base.apk, is_manager: 0
<6>[   18.142864] KernelSU: Found new base.apk at path: /data/app/~~bWfN_7pJXgeYNZ08ICg7Bw==/com.xiaomi.wearable--DBW2BZHOXKZIiovwcrq9g==/base.apk, is_manager: 0
<3>[   18.144052] OPLUS_CHG[WLS]: oplus_chg_wls_rx_sm[5105]: curr_state=epp-plus, next_state=epp-plus, target_state=epp-plus
<6>[   18.144178] KernelSU: Found new base.apk at path: /data/app/~~6vYJ4RNya4stDWXG147M-w==/com.bp.box-SSvxFlPvbfdmp_Vo1Guusw==/base.apk, is_manager: 0
<6>[   18.144929] KernelSU: Found new base.apk at path: /data/app/~~rOH9fzZL0Xb5A3hi4unlGA==/com.muandheyo.bosonx-F4Jh4sdN2kyVTwuNDl2KQA==/base.apk, is_manager: 0
<6>[   18.145411] OPLUS_CHG[WLS]: oplus_chg_wls_nor_skin_check[2805]: skin_temp=431, switch to the next gear
<3>[   18.145478] OPLUS_CHG[WLS_NOR]: oplus_chg_wls_nor_set_icl[140]: set icl to 730 ma
<6>[   18.146541] KernelSU: Found new base.apk at path: /data/app/~~VucCcW3qZcDiaHL5verNhg==/io.elevenlabs.readerapp-6NUfHkNPo9oUBbSCdVDbzA==/base.apk, is_manager: 0
<3>[   18.146734] OPLUS_CHG[WLS]: oplus_chg_wls_rx_handle_state_epp_plus[4080]: wkcs: iout=736, vout=11953, vrect=12205
<6>[   18.147966] KernelSU: Found new base.apk at path: /data/app/~~nhIoEsYJeMtT6jSdoKyVDg==/com.gardrops-IiB9EuFpEsqmL1GtjBvSyw==/base.apk, is_manager: 0
<6>[   18.148745] KernelSU: Found new base.apk at path: /data/app/~~sFY1QBCr3tcoCo7qZQJDGw==/com.somatch.android-F2Sr4xm7_Yuxn3nSBKh5nw==/base.apk, is_manager: 0
<6>[   18.149739] KernelSU: Found new base.apk at path: /data/app/~~7zwyeZELkfYHUcHXjXAi2Q==/org.woheller69.exifedit-wya6crNxa9b2ZeoFnDmZwg==/base.apk, is_manager: 0
<6>[   18.150714] KernelSU: Found new base.apk at path: /data/app/~~0MbT1cBxYAZZb7eAB8pOpQ==/com.github.android-k5icbMvglD4r4WK_EJ8UuA==/base.apk, is_manager: 0
<6>[   18.150799] KernelSU: Found new base.apk at path: /data/app/~~bsFnGTXofNHzfU_28n8h2A==/com.android.vending-naKqQCnZHulBslgaVKcrVw==/base.apk, is_manager: 0
<12>[   18.151353] healthd: battery l=37 v=3899 t=40.0 h=2 st=2 c=-323 fc=2972000 cc=1505 chg=w
<6>[   18.151858] KernelSU: Found new base.apk at path: /data/app/~~poO_8SwL_vlqy2z92THb3w==/com.sirnic.atomas-a3p7F2eiAW43IfBwZpna0g==/base.apk, is_manager: 0
<6>[   18.152344] OPLUS_CHG[PMIC]: smbchg_wls_set_icl[3572]: set icl to 730 mA
<6>[   18.153060] KernelSU: Found new base.apk at path: /data/app/~~IiPNmceh8Czf9QV8N3PSLA==/com.malmath.apps.mm-EZi4Xldurd98ctS1tu454Q==/base.apk, is_manager: 0
<6>[   18.154095] KernelSU: Found new base.apk at path: /data/app/~~oLP3kto9eC_jMmtnDWaP2A==/com.tranzmate-g8wEFyJ0ywIbcLtxjaZSZw==/base.apk, is_manager: 0
<6>[   18.155077] KernelSU: Found new base.apk at path: /data/app/~~G1uFvFHYGVvmuS1fx8SWPA==/com.vjsjlqvlmp.wearewarriors-xGL5TH2aSM-GxLQba0oZfw==/base.apk, is_manager: 0
<6>[   18.156355] KernelSU: Found new base.apk at path: /data/app/~~lBaW48TxF-yQy22B77d6Xg==/com.OyunErbabi.XGamepadTester-CHH_Jt3j4IFRSblMq3usbw==/base.apk, is_manager: 0
<6>[   18.157490] KernelSU: Found new base.apk at path: /data/app/~~O6lVBVB0hosxmasDe5hiEA==/com.psiphon3.subscription-E7jtaC4OieArO8ZbewppIg==/base.apk, is_manager: 0
<6>[   18.158418] KernelSU: Found new base.apk at path: /data/app/~~OdiaXgCoQP07z3DOI-Vj9Q==/com.dv.adm-7ckm593G-de0ZSzPNM0bXA==/base.apk, is_manager: 0
<6>[   18.159068] KernelSU: Found new base.apk at path: /data/app/~~X_RydTv90ChjoWmtQfvx5A==/nodomain.pacjo.smartspacer.plugin.livelygreeting-MfOJ3eda1mZxuXBiGRb2lg==/base.apk, is_manager: 0
<6>[   18.159893] KernelSU: Found new base.apk at path: /data/app/~~2VmeZuyWszdVQOTR9oc5rQ==/com.twitter.android-iL0b8hIQmZlJPHkt_SxN-Q==/base.apk, is_manager: 0
<6>[   18.160667] KernelSU: Found new base.apk at path: /data/app/~~K6uD9W2v4RIlfhF0WEAFTA==/com.dn0ne.lotus-Wyx2Rc8XK0MUiKum-4Bdcg==/base.apk, is_manager: 0
<6>[   18.161845] KernelSU: Found new base.apk at path: /data/app/~~oQkcUeZrieP4TimD21oTwg==/com.mobilatolye.android.enuygun-7vYs1X2mQB1Lm6utPXsK6w==/base.apk, is_manager: 0
<6>[   18.162899] KernelSU: Found new base.apk at path: /data/app/~~APTdJKGUvsoHuYDBOsRHEQ==/com.gombosdev.ampere-YJSULHp9brao7CYwGcPucw==/base.apk, is_manager: 0
<6>[   18.163377] KernelSU: Found new base.apk at path: /data/app/~~X2N73EKQofSCevl5P3E0Qw==/de.lhp.mee-ojyJqDScMNtxKKYFJjn00Q==/base.apk, is_manager: 0
<6>[   18.164407] KernelSU: Found new base.apk at path: /data/app/~~o1Blu0sUs62XhcjUVhyIfQ==/com.tmob.teknosa-MRDffXDWhVGwiFZIOR8VvA==/base.apk, is_manager: 0
<6>[   18.165155] KernelSU: Found new base.apk at path: /data/app/~~u-AGK8qHe1-l9RpH-8ukXA==/io.liankong.riskdetector-I4UZxynXr3EO31KbvFjqWw==/base.apk, is_manager: 0
<6>[   18.165906] KernelSU: Found new base.apk at path: /data/app/~~3FageBB7Kp0po1iL3m_EgA==/io.github.huskydg.memorydetector-_O7LJ8Zm26KouKdqIluj_g==/base.apk, is_manager: 0
<6>[   18.166836] KernelSU: Found new base.apk at path: /data/app/~~ToZhpE2Vw7fCTcW5jUXo-g==/rocks.poopjournal.metadataremover-A_D50otQDRTHHmQRmqBneA==/base.apk, is_manager: 0
<6>[   18.167508] KernelSU: sha256: 79e590113c4c4c0c222978e413a5faa801666957b1212a328e46c00c69821bf7, expected: 79e590113c4c4c0c222978e413a5faa801666957b1212a328e46c00c69821bf7
<6>[   18.170940] KernelSU: Found new base.apk at path: /data/app/~~Uyl-HgXrnrhyxJtoulx0Ag==/com.rifsxd.ksunext-6xxDl1F90LQXu-vDC5mnyA==/base.apk, is_manager: 1
<6>[   18.170942] KernelSU: manager pkg: com.rifsxd.ksunext
<6>[   18.170965] KernelSU: Crowning manager: com.rifsxd.ksunext(uid=10482)
<6>[   18.170982] KernelSU: Stop searching
<6>[   18.171004] KernelSU: Search manager finished
<6>[   18.171005] KernelSU: boot not completed, skip prune
<11>[   18.224117] init: Control message: Could not find 'aidl/sensor_privacy' for ctl.interface_start from pid: 750 (/system/bin/servicemanager)
<3>[   18.252032] OPLUS_CHG[WLS_NOR]: oplus_chg_wls_nor_set_icl[140]: set icl to 630 ma
<6>[   18.258909] OPLUS_CHG[PMIC]: smbchg_wls_set_icl[3572]: set icl to 630 mA
<3>[   18.356033] OPLUS_CHG[WLS_NOR]: oplus_chg_wls_nor_set_icl[140]: set icl to 530 ma
<6>[   18.362877] OPLUS_CHG[PMIC]: smbchg_wls_set_icl[3572]: set icl to 530 mA
<14>[   18.393965] servicemanager: Caller(pid=804,uid=1017,sid=u:r:keystore:s0) Could not find android.hardware.security.keymint.IRemotelyProvisionedComponent/default in the VINTF manifest. No alternative instances declared in VINTF.
<3>[   18.406914] OPLUS_CHG[PMIC]: oplus_connector_temp_check_work[878]: Vbus not ready when protect algorithm runs, retry!! count: 4
<3>[   18.460029] OPLUS_CHG[WLS_NOR]: oplus_chg_wls_nor_set_icl[140]: set icl to 500 ma
<6>[   18.466852] OPLUS_CHG[PMIC]: smbchg_wls_set_icl[3572]: set icl to 500 mA
<3>[   18.520115] smcinvoke: process_tzcb_req: server is defunct, state= 1 tzhandle = -2147483622
<3>[   18.520120] smcinvoke: process_tzcb_req: server invalid, res: -90
<14>[   18.533405] servicemanager: Caller(pid=2609,uid=1000,sid=u:r:system_server:s0) Found android.hardware.sensors.ISensors/default in device VINTF manifest.
<14>[   18.534817] servicemanager: Caller(pid=2609,uid=1000,sid=u:r:system_server:s0) Found android.hardware.health.IHealth/default in device VINTF manifest.
<12>[   18.548009] healthd: battery l=37 v=3899 t=40.0 h=2 st=2 c=-274 fc=2972000 cc=1505 chg=w
<11>[   18.714281] init: Control message: Could not find 'android.frameworks.sensorservice@1.0::ISensorManager/default' for ctl.interface_start from pid: 751 (/system/system_ext/bin/hwservicemanager)
<6>[   18.912110] OPLUS_CHG[COMM]: oplus_chg_heartbeat_work[2169]: charger vol=11974
<11>[   19.714759] init: Control message: Could not find 'android.frameworks.sensorservice@1.0::ISensorManager/default' for ctl.interface_start from pid: 751 (/system/system_ext/bin/hwservicemanager)
<3>[   19.910839] OPLUS_CHG[PMIC]: oplus_connector_temp_check_work[878]: Vbus not ready when protect algorithm runs, retry!! count: 3
<3>[   19.951928] [OPLUS_CHG][smbchg_get_charge_enable]get charge enable[1]
<5>[   20.089644] [OPLUS_MIDAS_CHG_DEBUG]oplus_midas_chg_processing: passedchg=0, realpassedchg=0,accu_delta=0, prev_chg_stat=0, reset_counts=0
<3>[   20.105741] [OPLUS_CHG][smbchg_get_charge_enable]get charge enable[1]
<6>[   20.116859] bat vol:(3841000,3838000)
<5>[   20.116881] [OPLUS_CHG][oplus_chg_update_ui_soc]ui_soc:37,waiting_for_ffc:1,fastchg_to_ffc:1,fastchg_start:0,chg_type=0x0
<5>[   20.116903] [OPLUS_CHG][oplus_chg_print_log]CHGR[ 0 / 0 / 0 / 1 / 0 ],BAT[ 1 / 0 / 0 / 0 / 1 / 0 ],GAUGE[ 400 / 3841 / 3838 / 300 / 500 / 37 / 37 / 37 / 1078 ],STATUS[ 0x0 / 0 / 0 / 0 / 0 / 0x0 ],OTHER[ 0 / 1 / 0 / 0 / 0/ 0 / -2740 ],OTHER2[ 0 / 0 / 0 / 0 ]
<11>[   20.714983] init: Control message: Could not find 'android.frameworks.sensorservice@1.0::ISensorManager/default' for ctl.interface_start from pid: 751 (/system/system_ext/bin/hwservicemanager)
<3>[   21.414894] OPLUS_CHG[PMIC]: oplus_connector_temp_check_work[878]: Vbus not ready when protect algorithm runs, retry!! count: 2
<6>[   21.493041] binder: 2609:2609 ioctl c00c620f 7fce2c3e8c returned -22
<14>[   21.500089] servicemanager: Caller(pid=2609,uid=1000,sid=u:r:system_server:s0) Found android.hardware.power.IPower/default in device VINTF manifest.
<14>[   21.515409] servicemanager: Caller(pid=2609,uid=1000,sid=u:r:system_server:s0) Could not find android.hardware.vibrator.IVibratorManager/default in the VINTF manifest. No alternative instances declared in VINTF.
<14>[   21.515824] servicemanager: Caller(pid=2609,uid=1000,sid=u:r:system_server:s0) Found android.hardware.vibrator.IVibrator/default in device VINTF manifest.
<3>[   21.518950] aw8697_activate_store: value=0
<6>[   21.522335] aw8697_activate_store: value=0
<14>[   21.525837] servicemanager: Caller(pid=2609,uid=1000,sid=u:r:system_server:s0) Found android.frameworks.vibrator.IVibratorControlService/default in framework VINTF manifest.
<14>[   21.527603] servicemanager: Caller(pid=2609,uid=1000,sid=u:r:system_server:s0) Found android.frameworks.vibrator.IVibratorControlService/default in framework VINTF manifest.
<14>[   21.554478] servicemanager: Caller(pid=2609,uid=1000,sid=u:r:system_server:s0) Found android.frameworks.devicestate.IDeviceStateService/default in framework VINTF manifest.
<14>[   21.554662] servicemanager: Caller(pid=2609,uid=1000,sid=u:r:system_server:s0) Found android.frameworks.devicestate.IDeviceStateService/default in framework VINTF manifest.
<6>[   21.633812] input input5: tof_input_dev_open
<14>[   21.676880] init: processing action (sys.sysctl.extra_free_kbytes=*) from (/system/etc/init/hw/init.rc:1306)
<14>[   21.677207] init: starting service 'exec 45 (/system/bin/extra_free_kbytes.sh 30526)'...
<14>[   21.679894] init: ... started service 'exec 45 (/system/bin/extra_free_kbytes.sh 30526)' has pid 4197
<6>[   21.679961] KernelSU: susfs: mark no sucompat checks for pid: '4197', exec: '/system/bin/extra_free_kbytes.sh'
<14>[   21.693240] init: Service 'exec 45 (/system/bin/extra_free_kbytes.sh 30526)' (pid 4197) exited with status 0 oneshot service took 0.013000 seconds in background
<14>[   21.693251] init: Sending SIGKILL to service 'exec 45 (/system/bin/extra_free_kbytes.sh 30526)' (pid 4197) process group...
<4>[   22.005523] Listen 1 Audio Service: DMA mask not set
<6>[   22.061078] read descriptors
<6>[   22.061130] read strings
<6>[   22.061176] read descriptors
<6>[   22.061283] read strings
<6>[   22.062287] android_work: did not send uevent (0 0 0000000000000000)
<3>[   22.240040] OPLUS_CHG[WLS]: oplus_chg_wls_rx_sm[5105]: curr_state=epp-plus, next_state=epp-plus, target_state=epp-plus
<6>[   22.241373] OPLUS_CHG[WLS]: oplus_chg_wls_nor_skin_check[2805]: skin_temp=433, switch to the next gear
<3>[   22.241428] OPLUS_CHG[WLS_NOR]: oplus_chg_wls_nor_set_icl[140]: set icl to 410 ma
<3>[   22.242710] OPLUS_CHG[WLS]: oplus_chg_wls_rx_handle_state_epp_plus[4080]: wkcs: iout=455, vout=11989, vrect=12237
<3>[   22.245388] OPLUS_CHG[INTF]: oplus_chg_intf_batt_get_prop[1729]: Couldn't get prop 50 rc = -1
<3>[   22.245393] OPLUS_CHG[GKI]: battery_psy_get_prop[545]: Couldn't get prop 61 rc = -61
<6>[   22.248257] OPLUS_CHG[PMIC]: smbchg_wls_set_icl[3572]: set icl to 410 mA
<12>[   22.248664] healthd: battery l=37 v=3841 t=40.0 h=2 st=2 c=225 fc=2972000 cc=1505 chg=w
<3>[   22.251989] OPLUS_CHG[INTF]: oplus_chg_intf_batt_get_prop[1729]: Couldn't get prop 50 rc = -1
<3>[   22.251995] OPLUS_CHG[GKI]: battery_psy_get_prop[545]: Couldn't get prop 61 rc = -61
<3>[   22.261892] [TP]synaptics-s3908: syna_set_gesture_state:state:2, gesture_mask is 0x1!
<6>[   22.381125] qdf_trace_msg_cmn: Invalid index - -1
<3>[   22.381130] wlan: Loading driver v2.0.8.34Z +PANIC_ON_BUG
<7>[   22.382576] cnss: Posting event: REGISTER_DRIVER(7)-sync, state: 0x126000 flags: 0x5
<7>[   22.382580] cnss: PM stay awake, state: 0x126000, count: 1
<7>[   22.382607] cnss: Processing driver event: REGISTER_DRIVER-sync(7), state: 0x126000
<7>[   22.382616] cnss: Regulator vdd-wlan-io is being enabled
<7>[   22.382627] cnss: Regulator wlan-ant-switch is being enabled
<7>[   22.382703] cnss: Regulator vdd-wlan-aon is being enabled
<7>[   22.383315] cnss: Regulator vdd-wlan-dig is being enabled
<7>[   22.383398] cnss: Regulator vdd-wlan-rfa1 is being enabled
<7>[   22.383403] cnss: Regulator vdd-wlan-rfa2 is being enabled
<7>[   22.383439] cnss: BT_EN_GPIO State: Off. Delay WLAN_GPIO enable
<14>[   22.465275] libbinder.AidlLazyServiceRegistrar: Process has 1 (of 1 available) client(s) in use after notification apexservice has clients: 1
<14>[   22.465280] libbinder.AidlLazyServiceRegistrar: Shutdown prevented by forcePersist override flag.
<14>[   22.465386] apexd: getSessions() received by ApexService
<7>[   22.498157] cnss: Assert WLAN_EN GPIO successfully
<7>[   22.498165] cnss: Resuming PCI link
<6>[   22.498187] msm_pcie_enable: PCIe: Assert the reset of endpoint of RC0.
<6>[   22.501408] msm_pcie_enable: PCIe: RC0: PCIE20_PARF_INT_ALL_MASK: 0x7f80c202
<6>[   22.503809] pcie_phy_init: PCIe RC0 PHY is ready!
<6>[   22.513847] msm_pcie_enable: PCIe: Release the reset of endpoint of RC0.
<6>[   22.530417] msm_pcie_link_train: PCIe RC0 link initialized
<7>[   22.544714] cnss: Setting MHI state: INIT(0)
<7>[   22.544778] cnss: Setting MHI state: POWER_ON(2)
<4>[   22.544968] cnss_pci 0000:01:00.0: Direct firmware load for amss.bin failed with error -2
<4>[   22.544970] cnss_pci 0000:01:00.0: Falling back to sysfs fallback for: amss.bin
<14>[   22.546804] ueventd: firmware: loading 'amss.bin' for '/devices/platform/soc/1c00000.qcom,pcie/pci0000:00/0000:00:00.0/0000:01:00.0/firmware/amss.bin'
<14>[   22.547110] ueventd: found /vendor/firmware_mnt/image/amss.bin for /devices/platform/soc/1c00000.qcom,pcie/pci0000:00/0000:00:00.0/0000:01:00.0/firmware/amss.bin
<14>[   22.549561] ueventd: loading /devices/platform/soc/1c00000.qcom,pcie/pci0000:00/0000:00:00.0/0000:01:00.0/firmware/amss.bin took 2ms
<36>[   22.744470] type=1400 audit(1770804706.958:488): avc:  denied  { getattr } for  comm="system_server" path="/data/misc/keystore" dev="dm-48" ino=25 scontext=u:r:system_server:s0 tcontext=u:object_r:keystore_data_file:s0 tclass=dir permissive=0
<11>[   22.744532] logd: HexToBytes: Invalid size: 21
<36>[   22.744555] type=1400 audit(1770804706.958:489): avc:  denied  { getattr } for  comm="system_server" path="/data/misc/keystore" dev="dm-48" ino=25 scontext=u:r:system_server:s0 tcontext=u:object_r:keystore_data_file:s0 tclass=dir permissive=0
<11>[   22.744579] logd: HexToBytes: Invalid size: 21
<36>[   22.744593] type=1400 audit(1770804706.958:490): avc:  denied  { getattr } for  comm="system_server" path="/data/misc/recovery" dev="dm-48" ino=36 scontext=u:r:system_server:s0 tcontext=u:object_r:recovery_data_file:s0 tclass=dir permissive=0
<11>[   22.744615] logd: HexToBytes: Invalid size: 21
<36>[   22.744626] type=1400 audit(1770804706.958:491): avc:  denied  { getattr } for  comm="system_server" path="/data/misc/recovery" dev="dm-48" ino=36 scontext=u:r:system_server:s0 tcontext=u:object_r:recovery_data_file:s0 tclass=dir permissive=0
<11>[   22.744649] logd: HexToBytes: Invalid size: 21
<36>[   22.744660] type=1400 audit(1770804706.958:492): avc:  denied  { getattr } for  comm="system_server" path="/data/misc/credstore" dev="dm-48" ino=45 scontext=u:r:system_server:s0 tcontext=u:object_r:credstore_data_file:s0 tclass=dir permissive=0
<11>[   22.744680] logd: HexToBytes: Invalid characters: ", /
<3>[   22.918849] OPLUS_CHG[PMIC]: oplus_connector_temp_check_work[878]: Vbus not ready when protect algorithm runs, retry!! count: 1
<14>[   23.093801] libbinder.AidlLazyServiceRegistrar: Process has 0 (of 1 available) client(s) in use after notification apexservice has clients: 0
<14>[   23.093812] libbinder.AidlLazyServiceRegistrar: Shutdown prevented by forcePersist override flag.
<7>[   23.519438] cnss: MHI status cb is called with reason MISSION_MODE(6)
<7>[   23.519462] cnss: Disable ADSP power collapse
<7>[   23.519508] cnss: Completed event: REGISTER_DRIVER(7), state: 0x126010, ret: 0/0
<7>[   23.519512] cnss: PM relax, state: 0x126010, count: 0
<7>[   23.523462] cnss: Setting link speed:0x2, width:0x1
<6>[   23.580774] qrtr: announce_servers(): Avoiding duplicate announce for NODE ID 7
<7>[   23.591468] cnss: WLFW server arriving: node 7 port 1
<7>[   23.591473] cnss: Posting event: SERVER_ARRIVE(0), state: 0x126010 flags: 0x0
<7>[   23.591475] cnss: PM stay awake, state: 0x126010, count: 1
<7>[   23.591515] cnss: PM relax, state: 0x126010, count: 0
<7>[   23.592057] cnss: PM stay awake, state: 0x126010, count: 1
<7>[   23.592061] cnss: Processing driver event: SERVER_ARRIVE(0), state: 0x126010
<6>[   23.592064] cnss: QMI WLFW service connected, state: 0x126011
<7>[   23.592067] cnss: Sending indication register message, state: 0x126011
<12>[   23.594590] cnss-daemon: pm_release_vote: pm_handle is NULL
<12>[   23.594605] cnss-daemon: pm_release_vote: pm_handle is NULL
<12>[   23.594686] cnss-daemon: wlfw_build_cal_table: not read /data/vendor/wifi/wlfw_cal_00.bin
<12>[   23.594702] cnss-daemon: wlfw_build_cal_table: not read /data/vendor/wifi/wlfw_cal_01.bin
<12>[   23.594717] cnss-daemon: wlfw_build_cal_table: not read /data/vendor/wifi/wlfw_cal_02.bin
<12>[   23.594732] cnss-daemon: wlfw_build_cal_table: not read /data/vendor/wifi/wlfw_cal_03.bin
<12>[   23.594747] cnss-daemon: wlfw_build_cal_table: not read /data/vendor/wifi/wlfw_cal_04.bin
<7>[   23.594864] cnss: Sending host capability message, state: 0x126011
<7>[   23.594867] cnss: Number of clients is 1
<7>[   23.594872] cnss: Assign MSI to user: WAKE, num_vectors: 1, user_base_data: 813, base_vector: 13
<7>[   23.594874] cnss: WAKE MSI base data is 813
<7>[   23.594876] cnss: Calibration done is 1
<7>[   23.594878] cnss: Sending iova starting 0xa0000000 with size 0x10010000
<7>[   23.594879] cnss: Sending feature list 0x2
<7>[   23.598173] cnss: PM relax, state: 0x126011, count: 0
<7>[   23.598353] cnss: Received QMI WLFW request memory indication
<7>[   23.598356] cnss: FW requests for memory, size: 0x4e0000, type: 1
<7>[   23.598358] cnss: FW requests for memory, size: 0x390000, type: 4
<7>[   23.598361] cnss: Posting event: REQUEST_MEM(2), state: 0x126011 flags: 0x0
<7>[   23.598363] cnss: PM stay awake, state: 0x126011, count: 1
<7>[   23.598368] cnss: PM relax, state: 0x126011, count: 0
<7>[   23.598429] cnss: PM stay awake, state: 0x126011, count: 1
<7>[   23.598432] cnss: Processing driver event: REQUEST_MEM(2), state: 0x126011
<7>[   23.598436] cnss: Sending respond memory message, state: 0x126011
<7>[   23.598440] cnss: Memory for FW, va: 0x0000000000000000, pa: 0x00000000a1000000, size: 0x4e0000, type: 1
<7>[   23.598443] cnss: Memory for FW, va: 0x0000000000000000, pa: 0x00000000a1800000, size: 0x390000, type: 4
<7>[   23.603278] cnss: PM relax, state: 0x126011, count: 0
<12>[   23.604059] cnss-daemon: wlfw_qmi_ind_cb: Receive Ind : 0x37
<7>[   23.604934] cnss: Received QMI WLFW FW memory ready indication
<7>[   23.604941] cnss: Posting event: FW_MEM_READY(3), state: 0x126011 flags: 0x0
<7>[   23.604943] cnss: PM stay awake, state: 0x126011, count: 1
<7>[   23.604969] cnss: PM relax, state: 0x126011, count: 0
<7>[   23.605058] cnss: PM stay awake, state: 0x126011, count: 1
<7>[   23.605061] cnss: Processing driver event: FW_MEM_READY(3), state: 0x126011
<7>[   23.605063] cnss: Sending target capability message, state: 0x126013
<7>[   23.611142] cnss: Voltage for CPR: 983mV
<3>[   23.611146] cnss: Voltage 983mV or PMIC address 0x0 is not valid
<7>[   23.611154] cnss: Device frequency is 19200000 HZ
<7>[   23.611156] cnss: Target capability: chip_id: 0x0, chip_family: 0xb, board_id: 0xff, soc_id: 0x400c0110, otp_version: 0x4800e2
<7>[   23.611158] cnss: fw_version: 0x110c86c9, fw_build_timestamp: 2022-07-25 08:17, fw_build_id: QC_IMAGE_VERSION_STRING=WLAN.HSP.1.1-01737-QCAHSPSWPL_V1_V2_SILICONZ-1.499991.13.512711.3
<7>[   23.611161] cnss: Sending BDF download message, state: 0x126013, type: 4
<4>[   23.611183] cnss2 b0000000.qcom,cnss-qca6490: Direct firmware load for regdb.bin failed with error -2
<4>[   23.611186] cnss2 b0000000.qcom,cnss-qca6490: Falling back to sysfs fallback for: regdb.bin
<14>[   23.617093] ueventd: firmware: loading 'regdb.bin' for '/devices/platform/soc/b0000000.qcom,cnss-qca6490/firmware/regdb.bin'
<14>[   23.618063] ueventd: found /odm/etc/wifi/regdb.bin for /devices/platform/soc/b0000000.qcom,cnss-qca6490/firmware/regdb.bin
<14>[   23.620132] ueventd: loading /devices/platform/soc/b0000000.qcom,cnss-qca6490/firmware/regdb.bin took 3ms
<14>[   23.621065] ueventd: firmware: loading 'regdb.bin' for '/devices/platform/soc/b0000000.qcom,cnss-qca6490/firmware/regdb.bin'
<14>[   23.622868] ueventd: found /odm/etc/wifi/regdb.bin for /devices/platform/soc/b0000000.qcom,cnss-qca6490/firmware/regdb.bin
<7>[   23.623058] cnss: Downloading BDF: regdb.bin, size: 19348
<14>[   23.624894] ueventd: loading /devices/platform/soc/b0000000.qcom,cnss-qca6490/firmware/regdb.bin took 3ms
<7>[   23.639377] cnss: Sending BDF download message, state: 0x126013, type: 1
<7>[   23.639381] cnss: wcn chip id: 0
<4>[   23.639399] cnss2 b0000000.qcom,cnss-qca6490: Direct firmware load for bdwlan.elf failed with error -2
<4>[   23.639401] cnss2 b0000000.qcom,cnss-qca6490: Falling back to sysfs fallback for: bdwlan.elf
<14>[   23.641982] ueventd: firmware: loading 'bdwlan.elf' for '/devices/platform/soc/b0000000.qcom,cnss-qca6490/firmware/bdwlan.elf'
<7>[   23.644732] cnss: Downloading BDF: bdwlan.elf, size: 59908
<7>[   23.644737] cnss: vendor file name: /odm/etc/wifi/bdwlan.elf
<7>[   23.644770] cnss: dl size: 59908, stat size: 59908
<7>[   23.667836] cnss: Sending M3 information message, state: 0x126013
<7>[   23.667842] cnss: M3 memory, va: 0x0000000000000000, pa: 0x00000000a1d00000, size: 0x411bc
<14>[   23.669868] servicemanager: Caller(pid=2609,uid=1000,sid=u:r:system_server:s0) Found android.hardware.thermal.IThermal/default in device VINTF manifest.
<7>[   23.669977] cnss: Sending QDSS config download message, state: 0x126013
<7>[   23.670194] cnss: Received QMI WLFW FW initialization done indication
<7>[   23.670198] cnss: Posting event: FW_READY(4), state: 0x126013 flags: 0x0
<3>[   23.672337] cnss: Failed to load QDSS: qdss_trace_config_v1.cfg
<6>[   23.672344] cnss: Failed to download qdss configuration file
<7>[   23.672347] cnss: Processing driver event: FW_READY(4), state: 0x126013
<7>[   23.672349] cnss: Processing FW Init Done..
<7>[   23.672350] cnss: PCIE Gen speed not setup
<7>[   23.672352] cnss: Requesting DMS MAC address
<6>[   23.672958] cnss: Received DMS MAC: [da:98:f4:ea:5f:ac]
<7>[   23.672962] cnss: Sending WLAN mac req [da:98:f4:ea:5f:ac], state: 0x126017
<7>[   23.672964] cnss: Sending revert WLAN mac req [ac:5f:ea:f4:98:da], state: 0x126017
<7>[   23.687351] cnss: Sending ini sync request, state: 0x126017, fw_log_mode: 1
<6>[   23.690185] [kworke][0x21cc2ed6][10:11:47.907166] wlan: [8:I:HIF] hif_pci_enable_bus: con_mode = 0x0, WLAN_SOC_device_id = 0x1103
<6>[   23.690191] [kworke][0x21cc2f81][10:11:47.907174] wlan: [8:I:HIF] hif_pci_enable_bus: hif_enable_pci done
<6>[   23.690356] [kworke][0x21cc3bdd][10:11:47.907339] wlan: [8:I:HIF] hif_get_device_type:  *********** QCA6490 *************
<6>[   23.690358] [kworke][0x21cc3c0c][10:11:47.907341] wlan: [8:I:HIF] hif_pci_enable_bus: hif_type = 0x16, target_type = 0x1b
<6>[   23.690361] [kworke][0x21cc3c3c][10:11:47.907344] wlan: [8:I:HIF] hif_register_tbl_attach: HIF_TYPE_QCA6490
<6>[   23.690363] [kworke][0x21cc3c65][10:11:47.907346] wlan: [8:I:HIF] hif_target_register_tbl_attach: TARGET_TYPE_QCA6490
<6>[   23.690365] [kworke][0x21cc3c8d][10:11:47.907348] wlan: [8:I:HIF] hif_pci_enable_bus: Skip tgt_wake up for srng devices
<3>[   23.690468] [kworke][0x21cc4450][10:11:47.907452] wlan: [8:E:TXRX] hif_print_hal_shadow_register_cfg: num_config 33
<6>[   23.690474] [kworke][0x21cc44c5][10:11:47.907458] wlan: [8:I:TXRX] hif_print_hal_shadow_register_cfg: i 0, val a3b034
<6>[   23.690476] [kworke][0x21cc44e7][10:11:47.907459] wlan: [8:I:TXRX] hif_print_hal_shadow_register_cfg: i 1, val a3b03c
<6>[   23.690478] [kworke][0x21cc450a][10:11:47.907461] wlan: [8:I:TXRX] hif_print_hal_shadow_register_cfg: i 2, val a3b044
<6>[   23.690479] [kworke][0x21cc4529][10:11:47.907463] wlan: [8:I:TXRX] hif_print_hal_shadow_register_cfg: i 3, val a3b04c
<6>[   23.690481] [kworke][0x21cc4546][10:11:47.907464] wlan: [8:I:TXRX] hif_print_hal_shadow_register_cfg: i 4, val a3b064
<6>[   23.690483] [kworke][0x21cc4565][10:11:47.907466] wlan: [8:I:TXRX] hif_print_hal_shadow_register_cfg: i 5, val a3b028
<6>[   23.690484] [kworke][0x21cc4583][10:11:47.907468] wlan: [8:I:TXRX] hif_print_hal_shadow_register_cfg: i 6, val a3b020
<6>[   23.690486] [kworke][0x21cc45a1][10:11:47.907469] wlan: [8:I:TXRX] hif_print_hal_shadow_register_cfg: i 7, val a3b07c
<6>[   23.690487] [kworke][0x21cc45c3][10:11:47.907471] wlan: [8:I:TXRX] hif_print_hal_shadow_register_cfg: i 8, val a46000
<6>[   23.690489] [kworke][0x21cc45e6][10:11:47.907473] wlan: [8:I:TXRX] hif_print_hal_shadow_register_cfg: i 9, val a46008
<6>[   23.690491] [kworke][0x21cc4605][10:11:47.907474] wlan: [8:I:TXRX] hif_print_hal_shadow_register_cfg: i 10, val a46010
<6>[   23.690493] [kworke][0x21cc4629][10:11:47.907476] wlan: [8:I:TXRX] hif_print_hal_shadow_register_cfg: i 11, val a46018
<6>[   23.690494] [kworke][0x21cc4647][10:11:47.907478] wlan: [8:I:TXRX] hif_print_hal_shadow_register_cfg: i 12, val a46034
<6>[   23.690496] [kworke][0x21cc4667][10:11:47.907479] wlan: [8:I:TXRX] hif_print_hal_shadow_register_cfg: i 13, val a370b0
<6>[   23.690497] [kworke][0x21cc4685][10:11:47.907481] wlan: [8:I:TXRX] hif_print_hal_shadow_register_cfg: i 14, val a37018
<6>[   23.690499] [kworke][0x21cc46a3][10:11:47.907483] wlan: [8:I:TXRX] hif_print_hal_shadow_register_cfg: i 15, val a370c4
<6>[   23.690501] [kworke][0x21cc46c1][10:11:47.907484] wlan: [8:I:TXRX] hif_print_hal_shadow_register_cfg: i 16, val a370cc
<6>[   23.690502] [kworke][0x21cc46e0][10:11:47.907486] wlan: [8:I:TXRX] hif_print_hal_shadow_register_cfg: i 17, val a370d4
<6>[   23.690504] [kworke][0x21cc4703][10:11:47.907488] wlan: [8:I:TXRX] hif_print_hal_shadow_register_cfg: i 18, val a370dc
<6>[   23.690506] [kworke][0x21cc4722][10:11:47.907489] wlan: [8:I:TXRX] hif_print_hal_shadow_register_cfg: i 19, val 1b80400
<6>[   23.690507] [kworke][0x21cc4741][10:11:47.907491] wlan: [8:I:TXRX] hif_print_hal_shadow_register_cfg: i 20, val 1b83400
<6>[   23.690509] [kworke][0x21cc475f][10:11:47.907492] wlan: [8:I:TXRX] hif_print_hal_shadow_register_cfg: i 21, val 1b8340c
<6>[   23.690511] [kworke][0x21cc477e][10:11:47.907494] wlan: [8:I:TXRX] hif_print_hal_shadow_register_cfg: i 22, val 1b85400
<6>[   23.690512] [kworke][0x21cc479d][10:11:47.907496] wlan: [8:I:TXRX] hif_print_hal_shadow_register_cfg: i 23, val 1b8540c
<6>[   23.690514] [kworke][0x21cc47ba][10:11:47.907497] wlan: [8:I:TXRX] hif_print_hal_shadow_register_cfg: i 24, val 1b86400
<6>[   23.690516] [kworke][0x21cc47dd][10:11:47.907499] wlan: [8:I:TXRX] hif_print_hal_shadow_register_cfg: i 25, val 1b88400
<6>[   23.690517] [kworke][0x21cc47fc][10:11:47.907501] wlan: [8:I:TXRX] hif_print_hal_shadow_register_cfg: i 26, val 1b8b400
<6>[   23.690519] [kworke][0x21cc481e][10:11:47.907502] wlan: [8:I:TXRX] hif_print_hal_shadow_register_cfg: i 27, val 1b8b40c
<6>[   23.690520] [kworke][0x21cc483c][10:11:47.907504] wlan: [8:I:TXRX] hif_print_hal_shadow_register_cfg: i 28, val a38004
<6>[   23.690522] [kworke][0x21cc485b][10:11:47.907506] wlan: [8:I:TXRX] hif_print_hal_shadow_register_cfg: i 29, val a38008
<6>[   23.690524] [kworke][0x21cc4879][10:11:47.907507] wlan: [8:I:TXRX] hif_print_hal_shadow_register_cfg: i 30, val a3800c
<6>[   23.690525] [kworke][0x21cc4898][10:11:47.907509] wlan: [8:I:TXRX] hif_print_hal_shadow_register_cfg: i 31, val a38010
<6>[   23.690527] [kworke][0x21cc48ba][10:11:47.907510] wlan: [8:I:TXRX] hif_print_hal_shadow_register_cfg: i 32, val a370d0
<7>[   23.690530] cnss: Mode: 0, config: 0000000000000000, host_version: 2.0.8.34Z
<7>[   23.690533] cnss: Sending WLAN config message, state: 0x126017
<7>[   23.691257] cnss: Sending mode message, mode: MISSION(0), state: 0x126017
<7>[   23.711962] cnss: Assign MSI to user: CE, num_vectors: 10, user_base_data: 803, base_vector: 3
<7>[   23.711974] cnss: Get MSI low addr = 0xa0000040, high addr = 0x0
<7>[   23.712080] cnss: Assign MSI to user: CE, num_vectors: 10, user_base_data: 803, base_vector: 3
<7>[   23.712087] cnss: Get MSI low addr = 0xa0000040, high addr = 0x0
<7>[   23.712094] cnss: Received QMI WLFW pin connect result indication
<7>[   23.712097] cnss: Pin connect Result: pwr_pin: 0x1 phy_io_pin: 0x0 rf_io_pin: 0x0
<7>[   23.712178] cnss: Assign MSI to user: CE, num_vectors: 10, user_base_data: 803, base_vector: 3
<7>[   23.712184] cnss: Get MSI low addr = 0xa0000040, high addr = 0x0
<7>[   23.712267] cnss: Assign MSI to user: CE, num_vectors: 10, user_base_data: 803, base_vector: 3
<7>[   23.712273] cnss: Get MSI low addr = 0xa0000040, high addr = 0x0
<7>[   23.712362] cnss: Assign MSI to user: CE, num_vectors: 10, user_base_data: 803, base_vector: 3
<7>[   23.712368] cnss: Get MSI low addr = 0xa0000040, high addr = 0x0
<7>[   23.712425] cnss: Assign MSI to user: CE, num_vectors: 10, user_base_data: 803, base_vector: 3
<7>[   23.712430] cnss: Get MSI low addr = 0xa0000040, high addr = 0x0
<6>[   23.712705] [kworke][0x21d2c815][10:11:47.929689] wlan: [8:I:HIF] hif_configure_irq: E
<7>[   23.712707] cnss: Assign MSI to user: WAKE, num_vectors: 1, user_base_data: 813, base_vector: 13
<7>[   23.712709] cnss: Get IRQ number 346 for vector index 13
<7>[   23.712733] cnss: Assign MSI to user: CE, num_vectors: 10, user_base_data: 803, base_vector: 3
<7>[   23.712734] cnss: Get IRQ number 336 for vector index 3
<7>[   23.712744] cnss: Get IRQ number 337 for vector index 4
<7>[   23.712752] cnss: Get IRQ number 338 for vector index 5
<7>[   23.712761] cnss: Get IRQ number 339 for vector index 6
<7>[   23.712768] cnss: Get IRQ number 342 for vector index 9
<7>[   23.712776] cnss: Get IRQ number 344 for vector index 11
<3>[   23.712800] wlan_pld:pld_is_ipa_offload_disabled:3268:: Not supported on type 0
<6>[   23.712806] [kworke][0x21d2cfa1][10:11:47.929789] wlan: [8:I:IPA] ipa_component_config_update: IPA ini configuration: 0x7d
<7>[   23.712846] cnss: Platform cap_flag is 0x4
<3>[   23.712849] [kworke][0x21d2d2e3][10:11:47.929833] wlan: [8:E:QDF] cds_get_context: Module ID 66 context is Null
<3>[   23.713438] [kworke][0x21d2fee3][10:11:47.930419] wlan: [8:E:QDF] cds_get_context: Module ID 66 context is Null
<1>[   23.713973] [kworke][0x21d3271e][10:11:47.930956] wlan: [8:F:WMA] WMA --> wmi_unified_attach - success
<3>[   23.715809] [kworke][0x21d3b08f][10:11:47.932789] wlan: [8:E:QDF] htc_wait_target: Target Ready! TX resource : 1 size:2176, MaxMsgsPerHTCBundle = 1
<3>[   23.715818] [kworke][0x21d3b18f][10:11:47.932802] wlan: [8:E:QDF] htc_setup_target_buffer_assignments: SVS Index : 1 TX : 0x100 : alloc:1
<3>[   23.715845] [kworke][0x21d3b395][10:11:47.932829] wlan: [8:E:DP] dp_srng_get_str_from_hal_ring_type: Invalid ring type
<6>[   23.715902] [kworke][0x21d3b7d0][10:11:47.932885] wlan: [8:I:DP] dp_soc_tx_desc_sw_pools_alloc Tx Desc Alloc num_pool = 4, descs = 4096
<7>[   23.715943] cnss: Assign MSI to user: DP, num_vectors: 18, user_base_data: 814, base_vector: 14
<7>[   23.715963] cnss: Assign MSI to user: DP, num_vectors: 18, user_base_data: 814, base_vector: 14
<7>[   23.715977] cnss: Assign MSI to user: DP, num_vectors: 18, user_base_data: 814, base_vector: 14
<7>[   23.716569] cnss: Assign MSI to user: DP, num_vectors: 18, user_base_data: 814, base_vector: 14
<7>[   23.716629] cnss: Assign MSI to user: DP, num_vectors: 18, user_base_data: 814, base_vector: 14
<7>[   23.716676] cnss: Assign MSI to user: DP, num_vectors: 18, user_base_data: 814, base_vector: 14
<7>[   23.716719] cnss: Assign MSI to user: DP, num_vectors: 18, user_base_data: 814, base_vector: 14
<7>[   23.716773] cnss: Assign MSI to user: DP, num_vectors: 18, user_base_data: 814, base_vector: 14
<7>[   23.716782] cnss: Get MSI low addr = 0xa0000040, high addr = 0x0
<7>[   23.716839] cnss: Assign MSI to user: DP, num_vectors: 18, user_base_data: 814, base_vector: 14
<7>[   23.716845] cnss: Get MSI low addr = 0xa0000040, high addr = 0x0
<7>[   23.716900] cnss: Assign MSI to user: DP, num_vectors: 18, user_base_data: 814, base_vector: 14
<7>[   23.716951] cnss: Assign MSI to user: DP, num_vectors: 18, user_base_data: 814, base_vector: 14
<7>[   23.716957] cnss: Get MSI low addr = 0xa0000040, high addr = 0x0
<7>[   23.717016] cnss: Assign MSI to user: DP, num_vectors: 18, user_base_data: 814, base_vector: 14
<7>[   23.717069] cnss: Assign MSI to user: DP, num_vectors: 18, user_base_data: 814, base_vector: 14
<7>[   23.717075] cnss: Get MSI low addr = 0xa0000040, high addr = 0x0
<7>[   23.717139] cnss: Assign MSI to user: DP, num_vectors: 18, user_base_data: 814, base_vector: 14
<7>[   23.717144] cnss: Get MSI low addr = 0xa0000040, high addr = 0x0
<7>[   23.717223] cnss: Assign MSI to user: DP, num_vectors: 18, user_base_data: 814, base_vector: 14
<7>[   23.717229] cnss: Get MSI low addr = 0xa0000040, high addr = 0x0
<7>[   23.717287] cnss: Assign MSI to user: DP, num_vectors: 18, user_base_data: 814, base_vector: 14
<7>[   23.717293] cnss: Get MSI low addr = 0xa0000040, high addr = 0x0
<7>[   23.717351] cnss: Assign MSI to user: DP, num_vectors: 18, user_base_data: 814, base_vector: 14
<6>[   23.718090] [kworke][0x21d45be8][10:11:47.935073] wlan: [8:I:HAL] hal_reo_set_err_dst_remap_6490: HWIO_REO_R0_ERROR_DESTINATION_MAPPING_IX_0 0x55555
<6>[   23.718103] [kworke][0x21d45cea][10:11:47.935086] wlan: [8:I:HAL] hal_reo_set_err_dst_remap_6490: HWIO_REO_R0_ERROR_DESTINATION_MAPPING_IX_1 0x5555550
<6>[   23.718516] [kworke][0x21d47bda][10:11:47.935499] wlan: [8:I:scan] scm_channel_list_db_init: min_freq 5935 max_freq 7115
<7>[   23.718686] cnss: Assign MSI to user: DP, num_vectors: 18, user_base_data: 814, base_vector: 14
<7>[   23.718695] cnss: Assign MSI to user: DP, num_vectors: 18, user_base_data: 814, base_vector: 14
<7>[   23.718751] cnss: Assign MSI to user: DP, num_vectors: 18, user_base_data: 814, base_vector: 14
<7>[   23.718800] cnss: Assign MSI to user: DP, num_vectors: 18, user_base_data: 814, base_vector: 14
<7>[   23.718808] cnss: Get MSI low addr = 0xa0000040, high addr = 0x0
<7>[   23.718813] cnss: Assign MSI to user: DP, num_vectors: 18, user_base_data: 814, base_vector: 14
<7>[   23.718819] cnss: Get MSI low addr = 0xa0000040, high addr = 0x0
<6>[   23.718829] [kworke][0x21d49360][10:11:47.935812] wlan: [8:I:DP] Peer pool init
<7>[   23.718940] cnss: Assign MSI to user: DP, num_vectors: 18, user_base_data: 814, base_vector: 14
<7>[   23.718948] cnss: Assign MSI to user: DP, num_vectors: 18, user_base_data: 814, base_vector: 14
<7>[   23.718960] cnss: Assign MSI to user: DP, num_vectors: 18, user_base_data: 814, base_vector: 14
<6>[   23.718981] [kworke][0x21d49ec3][10:11:47.935964] wlan: [8:I:HAL] hal_write32_mb_shadow_confirm: Shadow write:reg 0xa38004 val 0x66523211 ret 0
<3>[   23.719621] [kworke][0x21d4ce9e][10:11:47.936602] wlan: [8:E:DP] dp_rx_fst_attach: FST setup params FT size 128, hash_mask 0x7f, skid_length 2
<6>[   23.719642] [kworke][0x21d4d054][10:11:47.936625] wlan: [8:I:TXRX] hal_rx_fst base address 0x0000000000000000
<3>[   23.719718] [kworke][0x21d4d605][10:11:47.936701] wlan: [8:E:DP] dp_rx_refill_buff_pool_init: RX refill buffer pool support is disabled
<3>[   23.719721] [kworke][0x21d4d64a][10:11:47.936705] wlan: [8:E:DP] dp_rx_buffer_pool_init: RX buffer pool support is disabled
<7>[   23.723526] cnss: Assign MSI to user: DP, num_vectors: 18, user_base_data: 814, base_vector: 14
<7>[   23.723533] cnss: Get IRQ number 347 for vector index 14
<6>[   23.723542] [kworke][0x21d5f4c9][10:11:47.940525] wlan: [8:I:HIF] hif_event_history_init: SRNG events history initialized for group: 0
<7>[   23.723543] cnss: Assign MSI to user: DP, num_vectors: 18, user_base_data: 814, base_vector: 14
<7>[   23.723544] cnss: Get IRQ number 348 for vector index 15
<6>[   23.723547] [kworke][0x21d5f541][10:11:47.940531] wlan: [8:I:HIF] hif_event_history_init: SRNG events history initialized for group: 1
<7>[   23.723548] cnss: Assign MSI to user: DP, num_vectors: 18, user_base_data: 814, base_vector: 14
<7>[   23.723549] cnss: Get IRQ number 349 for vector index 16
<6>[   23.723552] [kworke][0x21d5f5a1][10:11:47.940536] wlan: [8:I:HIF] hif_event_history_init: SRNG events history initialized for group: 2
<7>[   23.723553] cnss: Assign MSI to user: DP, num_vectors: 18, user_base_data: 814, base_vector: 14
<7>[   23.723554] cnss: Get IRQ number 350 for vector index 17
<6>[   23.723557] [kworke][0x21d5f5fc][10:11:47.940541] wlan: [8:I:HIF] hif_event_history_init: SRNG events history initialized for group: 3
<7>[   23.723558] cnss: Assign MSI to user: DP, num_vectors: 18, user_base_data: 814, base_vector: 14
<6>[   23.723561] [kworke][0x21d5f648][10:11:47.940544] wlan: [8:I:HIF] hif_event_history_init: SRNG events history initialized for group: 4
<7>[   23.723562] cnss: Assign MSI to user: DP, num_vectors: 18, user_base_data: 814, base_vector: 14
<7>[   23.723563] cnss: Get IRQ number 352 for vector index 19
<6>[   23.723566] [kworke][0x21d5f6a1][10:11:47.940549] wlan: [8:I:HIF] hif_event_history_init: SRNG events history initialized for group: 5
<7>[   23.723566] cnss: Assign MSI to user: DP, num_vectors: 18, user_base_data: 814, base_vector: 14
<7>[   23.723568] cnss: Get IRQ number 353 for vector index 20
<6>[   23.723570] [kworke][0x21d5f6fc][10:11:47.940554] wlan: [8:I:HIF] hif_event_history_init: SRNG events history initialized for group: 6
<6>[   23.723880] [kworke][0x21d60e29][10:11:47.940863] wlan: [8:I:QDF] pktlogmod_init: Initialize pkt_log module
<6>[   23.723884] [kworke][0x21d60e87][10:11:47.940868] wlan: [8:I:QDF] pktlog_attach: attach pktlog resources
<6>[   23.724910] [kworke][0x21d65b6f][10:11:47.941893] wlan: [365:I:WMA] wma_rx_service_ready_event: Firmware build version : 110c86c9
<6>[   23.724917] [kworke][0x21d65bf8][10:11:47.941900] wlan: [365:I:WMA] wma_rx_service_ready_event: Board id: 0, Board version: 8 0 0 0 0
<6>[   23.725733] [kworke][0x21d69921][10:11:47.942716] wlan: [365:I:WMA] wma_is_dbs_mandatory: MAC0 does not support both bands 2 DBS is mandatory
<3>[   23.725759] [kworke][0x21d69b14][10:11:47.942742] wlan: [365:E:TIF] init_deinit_populate_twt_cap_ext2: Extraction of twt capability failed
<6>[   23.725773] [kworke][0x21d69c32][10:11:47.942757] wlan: [365:I:WMI] init_cmd_send_tlv: num peers: 16 , num offload peers: 3, num vdevs: 4, num tids: 32, num tdls conn tb entries: 8, num tdls vdevs: 1
<3>[   23.725776] [kworke][0x21d69c63][10:11:47.942759] wlan: [365:E:QDF] copy_fw_abi_version_tlv: copy_fw_abi_version_tlv: INIT_CMD version: 1, 0, 0x5f414351, 0x4c4d, 0x0, 0x0
<6>[   23.776081] OPLUS_CHG[COMM]: oplus_chg_heartbeat_work[2169]: charger vol=11989
<3>[   23.974822] [kworke][0x221f9262][10:11:48.191799] wlan: [362:E:QDF] ready_extract_init_status_tlv: ready_extract_init_status_tlv:0
<3>[   23.974851] [kworke][0x221f9509][10:11:48.191835] wlan: [362:E:QDF] cds_get_context: Module ID 65 context is Null
<1>[   23.974855] [kworke][0x221f954b][10:11:48.191838] wlan: [362:F:DP] cdp_ipa_set_uc_tx_partition_base invalid instance
<6>[   23.975199] [kworke][0x221faf25][10:11:48.192183] wlan: [362:I:dfs] WLAN_DEBUG_DFS_ALWAYS : wlan_dfs_pdev_obj_create_notification: dfs_offload 1
<6>[   23.975205] [kworke][0x221faf8c][10:11:48.192188] wlan: [362:I:SPECTRAL] null_get_capability: SPECTRAL : get_capability not registered\x0a
<6>[   23.975206] [kworke][0x221fafaa][10:11:48.192190] wlan: [362:I:SPECTRAL] target_if_pdev_spectral_init: HAL_CAP_PHYDIAG : Capable
<6>[   23.975208] [kworke][0x221fafc9][10:11:48.192191] wlan: [362:I:SPECTRAL] null_get_capability: SPECTRAL : get_capability not registered\x0a
<6>[   23.975209] [kworke][0x221fafe4][10:11:48.192193] wlan: [362:I:SPECTRAL] target_if_pdev_spectral_init: HAL_CAP_RADAR   : Capable
<6>[   23.975210] [kworke][0x221faffc][10:11:48.192194] wlan: [362:I:SPECTRAL] null_get_capability: SPECTRAL : get_capability not registered\x0a
<6>[   23.975212] [kworke][0x221fb016][10:11:48.192195] wlan: [362:I:SPECTRAL] target_if_pdev_spectral_init: HAL_CAP_SPECTRAL_SCAN : Capable
<6>[   23.975213] [kworke][0x221fb039][10:11:48.192197] wlan: [362:I:SPECTRAL] null_get_tsf64: SPECTRAL : get_tsf64 not registered\x0a
<6>[   23.975217] [kworke][0x221fb082][10:11:48.192201] wlan: [362:I:GREEN_AP] wlan_green_ap_pdev_obj_create_notification: Green AP creation successful, green ap ctx: 0000000000000000, pdev: 0000000000000000
<6>[   23.975229] [kworke][0x221fb16c][10:11:48.192213] wlan: [362:I:CFR] wlan_cfr_is_ini_disabled: cfr is disabled for pdev[0]
<3>[   23.975280] [kworke][0x221fb53f][10:11:48.192264] wlan: [362:E:CFR] wlan_cfr_pdev_open: cfr is disabled
<6>[   23.975298] [kworke][0x221fb697][10:11:48.192282] wlan: [362:I:REGULATORY] reg_set_band: same band 7
<6>[   23.975301] [kworke][0x221fb6d0][10:11:48.192285] wlan: [362:I:HDD] hdd_intersect_igmp_offload_setting: fw cap to handle igmp 0 igmp_offload_enable ini 0
<6>[   23.975369] [kworke][0x221fbbdc][10:11:48.192352] wlan: [362:I:GREEN_AP] target_if_green_ap_register_egap_event_handler: Set the Enhance Green AP event handler
<3>[   23.975372] [kworke][0x221fbc1d][10:11:48.192356] wlan: [362:E:QDF] dp_peer_map_attach_wifi3: dp_peer_map_attach_wifi3 max_peers 28, max_ast_index: 80\x0a
<6>[   23.975375] [kworke][0x221fbc54][10:11:48.192358] wlan: [362:I:DP] \x0a<=== cfg max peer id 28 ====>
<6>[   23.975377] [kworke][0x221fbc7d][10:11:48.192361] wlan: [362:I:DP] \x0a<=== cfg max ast idx 80 ====>
<6>[   23.975379] [kworke][0x221fbc9b][10:11:48.192362] wlan: [362:I:DP] ast hash_elems: 256, max_ast_idx: 80
<6>[   23.975429] [kworke][0x221fc032][10:11:48.192410] wlan: [8:I:WMA] wma_wait_for_ready_event: FW ready event received
<3>[   23.975835] [kworke][0x221fde86][10:11:48.192814] wlan: [8:E:WMI] send_action_oui_cmd_tlv: Invalid action id
<3>[   23.975842] [kworke][0x221fdf5f][10:11:48.192826] wlan: [8:E:WMI] send_action_oui_cmd_tlv: Invalid action id
<3>[   23.975912] [kworke][0x221fe491][10:11:48.192895] wlan: [8:E:QDF] Cannot malloc 0 bytes @ hdd_init_channel_avoidance:11995
<6>[   23.975916] [kworke][0x221fe4e7][10:11:48.192899] wlan: [8:I:IPA] ipa_register_is_ipa_ready: IPA is ready, invoke callback
<6>[   23.975919] [kworke][0x221fe51b][10:11:48.192902] wlan: [8:I:IPA] ipa_register_ready_cb: IPA ready callback invoked: ipa_register_ready_cb
<6>[   23.975926] [kworke][0x221fe59e][10:11:48.192909] wlan: [8:I:IPA] wlan_ipa_wdi_init: ipa_over_gsi: 1, is_smmu_enabled: 1
<3>[   23.976611] ipa ipa3_conn_wdi3_pipes:585 uc-loaded 1, ring-valid 1
<6>[   23.977102] [kworke][0x22203dc7][10:11:48.194084] wlan: [8:I:IPA] wlan_ipa_uc_ol_init: TX buffers mapped to IPA
<7>[   23.977107] cnss: dma-coherent is enabled
<7>[   23.977109] cnss: IOMMU map: iova b0000000, len 4096
<7>[   23.977111] cnss: IOMMU map: iova_addr b0000680
<7>[   23.977113] cnss: dma-coherent is enabled
<7>[   23.977114] cnss: IOMMU map: iova b0001000, len 4096
<7>[   23.977115] cnss: IOMMU map: iova_addr b0001680
<6>[   23.977244] [kworke][0x22204867][10:11:48.194226] wlan: [8:I:SYS] Creating periodic timer for OLBC UPDATE CACHE TIMEOUT\x0a
<3>[   23.977315] [kworke][0x22204dd5][10:11:48.194299] wlan: [8:E:TXRX] dp_rxdma_ring_config: DBS enabled max_mac_rings 2
<3>[   23.977319] [kworke][0x22204e1c][10:11:48.194302] wlan: [8:E:TXRX] dp_rxdma_ring_config: pdev_id 0 max_mac_rings 2
<3>[   23.977322] [kworke][0x22204e55][10:11:48.194305] wlan: [8:E:TXRX] dp_rxdma_ring_config: mac_id 0
<3>[   23.977348] [kworke][0x22205049][10:11:48.194331] wlan: [8:E:TXRX] dp_rxdma_ring_config: mac_id 1
<6>[   23.977461] [kworke][0x222058c6][10:11:48.194444] wlan: [8:I:POLICY_MGR] policy_mgr_update_5g_scc_prefer: overwrite pm_second_connection_pcl_dbs_2x2_table, index 2 mode 2 system prefer 0 new pcl 6
<6>[   23.977463] [kworke][0x222058ec][10:11:48.194446] wlan: [8:I:POLICY_MGR] policy_mgr_update_5g_scc_prefer: overwrite pm_second_connection_pcl_dbs_2x2_table, index 3 mode 2 system prefer 0 new pcl 6
<6>[   23.977465] [kworke][0x2220590d][10:11:48.194448] wlan: [8:I:POLICY_MGR] policy_mgr_update_5g_scc_prefer: overwrite pm_second_connection_pcl_dbs_2x2_table, index 2 mode 3 system prefer 0 new pcl 6
<6>[   23.977466] [kworke][0x2220592c][10:11:48.194450] wlan: [8:I:POLICY_MGR] policy_mgr_update_5g_scc_prefer: overwrite pm_second_connection_pcl_dbs_2x2_table, index 3 mode 3 system prefer 0 new pcl 6
<3>[   23.991429] [kworke][0x22247044][10:11:48.208411] wlan: [8:E:fwol] ucfg_fwol_send_get_thermal_stats_cmd: Command Disabled in Ini gThermalStatsTempOffset 5 or not enabled in FW 0
<3>[   23.991436] [kworke][0x222470e6][10:11:48.208419] wlan: [8:E:OSIF] os_if_fwol_get_thermal_stats_req: Failed to send get thermal stats cmd to FW, 4
<6>[   23.991468] [kworke][0x22247349][10:11:48.208451] wlan: [8:I:HIF] hif_pm_runtime_start: Enabling RUNTIME PM, Delay: 500 ms
<6>[   23.991725] [kworke][0x2224868c][10:11:48.208708] wlan: [8:I:HDD] hdd_platform_wlan_mac: provisioned MAC Addr [0] ac:5f:ea:f4:98:da
<6>[   23.991740] [kworke][0x222487ae][10:11:48.208723] wlan: [8:I:HDD] hdd_initialize_mac_address: using MAC address from platform driver
<6>[   23.995514] [kworke][0x2225a2b2][10:11:48.212497] wlan: [8:I:HDD] hdd_psoc_idle_timer_start: psoc idle timer is disabled
<7>[   23.995828] cnss: Config PCIe remap window register to 0x4000003f
<7>[   23.995885] cnss: Host time = 29838440 us, device time = 1480830 us, offset = 28357610 us
<7>[   23.995903] cnss: Updated time sync regs [0x984] = 0x1b0b3ea, [0x988] = 0x0
<7>[   23.995911] cnss: Removing vote for Regulator vdd-wlan-rfa2
<7>[   23.995935] cnss: Removing vote for Regulator vdd-wlan-rfa1
<7>[   23.995939] cnss: Removing vote for Regulator vdd-wlan-dig
<7>[   23.995948] cnss: Removing vote for Regulator vdd-wlan-aon
<7>[   23.995957] cnss: Removing vote for Regulator vdd-wlan-io
<7>[   23.995962] cnss: PM relax, state: 0x126107, count: 0
<7>[   23.995965] cnss: PM stay awake, state: 0x126107, count: 1
<7>[   23.995968] cnss: PM relax, state: 0x126107, count: 0
<14>[   23.997888] servicemanager: Caller(pid=2609,uid=1000,sid=u:r:system_server:s0) Found android.hardware.wifi.IWifi/default in device VINTF manifest.
<6>[   23.998442] [binder][0x22267e25][10:11:48.215423] wlan: [1550:I:HDD] wlan_hdd_state_ctrl_param_write: Wifi Turning On from UI\x0a
<6>[   23.998446] [binder][0x22267e92][10:11:48.215428] wlan: [1550:I:HDD] wlan_hdd_state_ctrl_param_write: is_driver_loaded 1 is_driver_recovering 0
<6>[   23.998777] [binder][0x2226977d][10:11:48.215761] wlan: [1550:I:DP] dp_vdev_attach_wifi3: wlan_cfg_ap_bridge_enabled 0
<6>[   23.998793] [binder][0x222698b0][10:11:48.215777] wlan: [1550:I:DP] 00000000: 18 e4 6e fa da 02 e7 05 75 17 8e 9e 04 e3 ee c3
<6>[   23.998794] [binder][0x222698cb][10:11:48.215778] wlan: [1550:I:DP] 00000010: 8b 4f c8 73
<6>[   23.998797] [binder][0x222698f5][10:11:48.215780] wlan: [1550:I:DP] 00000000: 63 3f f0 0a 00 49 92 03 23 07 8e ee e3 b6 c0 54
<6>[   23.998798] [binder][0x2226990d][10:11:48.215781] wlan: [1550:I:DP] 00000010: 97 8f 38 14 6a 6c 19 51 f6 4a 2d 18 be f5 04 36
<6>[   23.998799] [binder][0x22269924][10:11:48.215783] wlan: [1550:I:DP] 00000020: 3c 56 30 17 16 b9 63 12 4f 00 f1 31
<3>[   23.999479] [binder][0x2226cc25][10:11:48.216463] wlan: [1550:E:mlme] mlme_is_twt_setup_done: Peer object not found
<4>[   24.001857] netlink: 'cnss-daemon': attribute type 2 has an invalid length.
<14>[   24.047533] servicemanager: Caller(pid=2609,uid=1000,sid=u:r:system_server:s0) Found vendor.lineage.touch.IHighTouchPollingRate/default in device VINTF manifest.
<3>[   24.048149] [TP0]touchpanel: proc_game_switch_write: game_switch value=0x1
<14>[   24.049623] servicemanager: Caller(pid=2609,uid=1000,sid=u:r:system_server:s0) Could not find android.hardware.input.processor.IInputProcessor/default in the VINTF manifest. No alternative instances declared in VINTF.
<3>[   24.051354] [TP]synaptics-s3908: syna_tcm_set_game_mode: enable[1], now reg status[0x70]
<3>[   24.068265] [TP]synaptics-s3908: OK synaptics smooth lv to 0, now reg_val:0x1
<3>[   24.076554] [TP]synaptics-s3908: OK synaptics sensitive lv to 0, now reg_val:0
<14>[   24.076934] servicemanager: Caller(pid=2609,uid=1000,sid=u:r:system_server:s0) Could not find vendor.lineage.touch.IGloveMode/default in the VINTF manifest. No alternative instances declared in VINTF.
<14>[   24.077140] servicemanager: Caller(pid=2609,uid=1000,sid=u:r:system_server:s0) Could not find vendor.lineage.touch.IStylusMode/default in the VINTF manifest. No alternative instances declared in VINTF.
<3>[   24.416701] OPLUS_CHG[PMIC]: oplus_connector_temp_check_work[878]: Vbus not ready when protect algorithm runs, retry!! count: 0
<5>[   24.571511] sd 0:0:0:4: [sde] Synchronizing SCSI cache
<14>[   24.608186] servicemanager: Caller(pid=5205,uid=10437,sid=u:r:platform_app:s0:c512,c768) Could not find android.hardware.graphics.allocator.IAllocator/default in the VINTF manifest. No alternative instances declared in VINTF.
<14>[   24.612360] servicemanager: Caller(pid=5205,uid=10437,sid=u:r:platform_app:s0:c512,c768) Could not find android.hardware.graphics.allocator.IAllocator/default in the VINTF manifest. No alternative instances declared in VINTF.
<6>[   24.996796] [drm:dsi_display_set_mode [msm_drm]] [msm-dsi-info]: mdp_transfer_time=7700, hactive=1440, vactive=3216, fps=120, h_skew=0
<3>[   24.996829] IRIS_LOG I iris_post_switch(), post switch to 1440x3216@120Hz, cmd list 0, switch case ABYP_TO_ABYP
<3>[   24.996843] <AMB670YF01> dsi_cmd PPS not parsed from DTSI, generated dynamically
<3>[   24.996930] <AMB670YF01> dsi_cmd qcom,mdss-dsi-adfr-pre-switch-command
<6>[   24.997282] [drm:oplus_dsi_display_vsync_switch_check_te [msm_drm]] [msm-dsi-info]: kVRR Waiting for the next TE to switch
<6>[   25.005265] [drm:oplus_dsi_display_vsync_switch_check_te [msm_drm]] [msm-dsi-info]: kVRR set vsync_switch_gpio to 0
<3>[   25.005607] IRIS_LOG I iris_switch(), return 0, total cost '298 us'
<6>[   25.005833] [drm:dsi_panel_adfr_status_reset [msm_drm]] [msm-dsi-info]: kVRR auto mode reset: auto mode 0, fakeframe 0, min fps 0
<6>[   25.006054] [drm:oplus_adfr_resolution_vsync_switch [msm_drm]] [msm-dsi-info]: kVRR set vsync_switch_gpio to 1
<3>[   25.008112] <AMB670YF01> dsi_cmd qcom,mdss-dsi-post-panel-on-command
<6>[   25.020202] [drm:sde_encoder_adfr_vsync_switch [msm_drm]] [msm-dsi-info]: kVRR set vsync_switch_gpio to 0
<14>[   25.249470] servicemanager: Caller(pid=5326,uid=10438,sid=u:r:platform_app:s0:c512,c768) Could not find android.hardware.graphics.allocator.IAllocator/default in the VINTF manifest. No alternative instances declared in VINTF.
<14>[   25.250477] servicemanager: Caller(pid=5326,uid=10438,sid=u:r:platform_app:s0:c512,c768) Could not find android.hardware.graphics.allocator.IAllocator/default in the VINTF manifest. No alternative instances declared in VINTF.
<3>[   25.826790] [OPLUS_CHG][smbchg_get_charge_enable]get charge enable[1]
<3>[   25.920864] OPLUS_CHG[PMIC]: oplus_connector_temp_check_work[880]: Vbus not present, return!!
<5>[   25.965583] [OPLUS_MIDAS_CHG_DEBUG]oplus_midas_chg_processing: passedchg=0, realpassedchg=0,accu_delta=0, prev_chg_stat=0, reset_counts=0
<3>[   25.973987] [OPLUS_CHG][smbchg_get_charge_enable]get charge enable[1]
<6>[   25.977366] bat vol:(3819000,3813000)
<5>[   25.977404] [OPLUS_CHG][oplus_chg_update_ui_soc]ui_soc:37,waiting_for_ffc:1,fastchg_to_ffc:1,fastchg_start:0,chg_type=0x0
<5>[   25.977429] [OPLUS_CHG][oplus_chg_print_log]CHGR[ 0 / 0 / 1 / 1 / 0 ],BAT[ 1 / 0 / 0 / 0 / 1 / 0 ],GAUGE[ 401 / 3819 / 3813 / 496 / 400 / 37 / 37 / 37 / 1078 ],STATUS[ 0x0 / 0 / 0 / 0 / 0 / 0x0 ],OTHER[ 0 / 1 / 0 / 0 / 0/ 0 / -2740 ],OTHER2[ 0 / 0 / 0 / 0 ]
<6>[   26.020479] KernelSU: packages.list detected: 128
<6>[   26.058702] KernelSU: boot not completed, skip prune
<7>[   26.204049] cnss: Runtime suspend start
<6>[   26.204173] [kworke][0x24acb428][10:11:50.421156] wlan: [144:I:PMO] pmo_core_enable_wow_in_fw: drv wow is enabled
<7>[   26.223580] cnss: Setting MHI state: SUSPEND(6)
<7>[   26.223590] cnss: Suspending PCI link
<7>[   26.223592] cnss: Use PCIe DRV suspend
<7>[   26.226104] cnss: Runtime suspend status: 0
<3>[   26.336070] OPLUS_CHG[WLS]: oplus_chg_wls_rx_sm[5105]: curr_state=epp-plus, next_state=epp-plus, target_state=epp-plus
<3>[   26.338949] OPLUS_CHG[WLS]: oplus_chg_wls_rx_handle_state_epp_plus[4080]: wkcs: iout=358, vout=11974, vrect=12198
<11>[   26.621127] init: Control message: Could not find 'android.hardware.secure_element@1.2::ISecureElement/SIM2' for ctl.interface_start from pid: 751 (/system/system_ext/bin/hwservicemanager)
<11>[   26.626640] init: Control message: Could not find 'android.hardware.secure_element@1.1::ISecureElement/SIM2' for ctl.interface_start from pid: 751 (/system/system_ext/bin/hwservicemanager)
<11>[   26.631848] init: Control message: Could not find 'android.hardware.secure_element@1.0::ISecureElement/SIM2' for ctl.interface_start from pid: 751 (/system/system_ext/bin/hwservicemanager)
<14>[   26.800855] init: processing action (persist.vendor.net.doxlat=false) from (/system/etc/init/netd.rc:35)
<3>[   26.861499] dwc3 a600000.dwc3: request 0000000000000000 was not queued to ep0out
<4>[   26.979181] bt_ioctl: BT_CMD_PWR_CTRL pwr_cntrl: 0
<3>[   26.979184] bt_ioctl: BT chip state is already: 0 no change
<4>[   26.983004] bt_ioctl: BT_CMD_PWR_CTRL pwr_cntrl: 1
<6>[   26.992412] BTON:Turn Bt OFF asserting BT_EN to low
<6>[   26.992417] bt-reset-gpio(373) value(0)
<6>[   27.048116] BTON:Turn Bt OFF post asserting BT_EN to low
<6>[   27.048124] bt-reset-gpio(373) value(0)
<6>[   27.048126] BTON:Turn Bt OFF bt-sw-ctrl-gpio(461) value(1)
<6>[   27.048127] BTON:Turn Bt ON wl-reset-gpio(372) value(1)
<6>[   27.048128] BTON: WLAN ON Asserting BT_EN to high
<6>[   27.104081] BTON:Turn Bt On bt-reset-gpio(373) value(1)
<6>[   27.104087] BTON: Turn BT ON bt-sw-ctrl-gpio(461) value(1)
<6>[   27.104090] bt_configure_gpios: bt_gpio= 373 on: 1
<4>[   27.148136] bt_ioctl: unified Current SOC Version : 400c0110
<6>[   27.464364] android_work: did not send uevent (0 0 0000000000000000)
<6>[   27.606779] oplus_display_get_hbm = 0
<6>[   27.606785] oplus_display_panel_set_hbm oplus_display_set_hbm = 1
<3>[   27.607687] <AMB670YF01> dsi_cmd qcom,mdss-dsi-normal-hbm-on-command
<3>[   27.617063] OPLUS_CHG[WLS]: oplus_chg_wls_rx_sm[5105]: curr_state=epp-plus, next_state=epp-plus, target_state=epp-plus
<14>[   27.617763] libbinder.AidlLazyServiceRegistrar: Process has 1 (of 1 available) client(s) in use after notification apexservice has clients: 1
<14>[   27.617768] libbinder.AidlLazyServiceRegistrar: Shutdown prevented by forcePersist override flag.
<14>[   27.618019] apexd: markBootCompleted() received by ApexService
<3>[   27.619769] OPLUS_CHG[WLS]: oplus_chg_wls_rx_handle_state_epp_plus[4080]: wkcs: iout=361, vout=12005, vrect=12192
<14>[   27.635231] init: processing action (sys.boot_completed=1) from (/system/etc/init/hw/init.rc:1297)
<14>[   27.635504] init: starting service 'exec 46 (/bin/rm -rf /data/per_boot)'...
<14>[   27.639624] init: ... started service 'exec 46 (/bin/rm -rf /data/per_boot)' has pid 5904
<14>[   27.639757] init: SVC_EXEC service 'exec 46 (/bin/rm -rf /data/per_boot)' pid 5904 (uid 1000 gid 1000+0 context default) started; waiting...
<6>[   27.642051] oplus_display_get_hbm = 1
<6>[   27.643017] KernelSU: susfs: mark no sucompat checks for pid: '5904', exec: '/bin/rm'
<6>[   27.644317] oplus_display_get_hbm = 1
<14>[   27.657262] init: Service 'exec 46 (/bin/rm -rf /data/per_boot)' (pid 5904) exited with status 0 waiting took 0.020000 seconds
<14>[   27.657277] init: Sending SIGKILL to service 'exec 46 (/bin/rm -rf /data/per_boot)' (pid 5904) process group...
<6>[   27.666152] KernelSU: hook_manager: escape to root for init executing ksud: 5910
<6>[   27.690343] KernelSU: ksu fd installed: 5 for pid 5910
<6>[   27.690349] KernelSU: [5910] install ksu fd: 5
<6>[   27.690355] KernelSU: boot_complete triggered
<6>[   27.690356] KernelSU: on_boot_completed!
<6>[   27.810218] KernelSU: avc_spoof/get_sid: su_sid: 77
<6>[   27.810242] KernelSU: avc_spoof/get_sid: priv_app_sid: 75
<6>[   27.810243] KernelSU: avc_spoof/init: register slow_avc_audit kprobe!
<6>[   27.818398] KernelSU: sucompat: register_slow_avc_audit kprobe: 0
<6>[   27.818400] KernelSU: avc_spoof/init: slow_avc_audit spoofing enabled!
<6>[   27.818758] KernelSU: volumedown_pressed_count: 0
<6>[   27.836732] KernelSU: ksu fd released
<12>[   27.837459] Boot completed 
<12>[   27.843249] Boot completed 
<6>[   27.853862] KernelSU: susfs: mark no sucompat checks for pid: '5961', exec: '/vendor/bin/sh'
<6>[   27.856676] KernelSU: susfs: mark no sucompat checks for pid: '5963', exec: '/vendor/bin/sh'
<6>[   27.857175] KernelSU: susfs: mark no sucompat checks for pid: '5965', exec: '/system/bin/bootstat'
<6>[   27.863909] KernelSU: susfs: mark no sucompat checks for pid: '5973', exec: '/system/bin/lmkd'
<6>[   27.883034] KernelSU: susfs: mark no sucompat checks for pid: '5974', exec: '/system/bin/auditctl'
<6>[   27.887259] KernelSU: susfs: CMD_SUSFS_SHOW_ENABLED_FEATURES
<6>[   27.888910] KernelSU: susfs: mark no sucompat checks for pid: '5977', exec: '/system/bin/profcollectctl'
<36>[   28.018824] type=1400 audit(1770804712.230:556): avc:  denied  { write } for  comm="sh" name="sched_min_task_util_for_colocation" dev="proc" ino=56808 scontext=u:r:vendor_qti_init_shell:s0 tcontext=u:object_r:proc_sched:s0 tclass=file permissive=0
<6>[   28.024537] KernelSU: ksu fd installed: 5 for pid 6039
<6>[   28.024540] KernelSU: [6039] install ksu fd: 5
<6>[   28.024544] KernelSU: kernel_umount: set to 1
<6>[   28.024848] KernelSU: ksu fd released
<6>[   28.074963] KernelSU: susfs: mark no sucompat checks for pid: '6063', exec: '/vendor/bin/thermal-engine'
<14>[   28.088509] android.hardware.boot-service.qti: [libfstab] dt_fstab: Skip disabled entry for partition vendor
<14>[   28.091015] android.hardware.boot-service.qti: [libfstab] dt_fstab: Skip disabled entry for partition vendor
<14>[   28.096956] bootcontrolhal: set_snapshot_merge_status: MergeStatus = 0, current_slot = 0, returning: true 
<14>[   28.096963] bootcontrolhal: 
<6>[   28.101803] KernelSU: susfs: mark no sucompat checks for pid: '6064', exec: '/system/bin/lmkd'
<6>[   28.115774] KernelSU: susfs: mark no sucompat checks for pid: '6076', exec: '/system/bin/lmkd'
<4>[   28.118661] bt_ioctl: BT_CMD_PWR_CTRL pwr_cntrl: 2
<6>[   28.178965] KernelSU: susfs: mark no sucompat checks for pid: '6084', exec: '/vendor/bin/hw/vendor.qti.hardware.alarm@1.0-service'
<6>[   28.436124] KernelSU: handle umount for uid: 10458, pid: 6219
<6>[   28.436164] KernelSU: umount_tw_func: unmounting: /system/etc flags 0x0
<6>[   28.436171] KernelSU: umount / failed: -16
<6>[   28.436172] KernelSU: umount_tw_func: unmounting: /product/media flags 0x0
<6>[   28.446004] KernelSU: umount_tw_func: unmounting: /system/priv-app flags 0x0
<6>[   28.451348] KernelSU: umount_tw_func: unmounting: /system/bin flags 0x0
<6>[   28.451523] KernelSU: umount_tw_func: unmounting: /mnt/aY505XuXcN flags 0x0
<12>[   28.476503] vbmeta-fixer: service.sh - boot completed
<12>[   28.492898] vbmeta-fixer: service.sh - Boot completed, waiting for launcher
<12>[   28.524517] EnableTheRemoveGameFPSLimitDevSettingAutomatically: boot completed
<12>[   28.535413] EnableTheRemoveGameFPSLimitDevSettingAutomatically: Boot completed
<3>[   28.551941] susfs:[0][6279][susfs_add_sus_path] android_data_path is not configured yet
<6>[   28.551948] KernelSU: susfs: CMD_SUSFS_ADD_SUS_PATH
<3>[   28.569668] susfs:[0][6284][susfs_add_sus_path] android_data_path is not configured yet
<6>[   28.569675] KernelSU: susfs: CMD_SUSFS_ADD_SUS_PATH
<3>[   28.635594] [drm:sde_format_check_modified_format [msm_drm]] *ERROR* buffers total size too small 10592256 expected 19042304
<7>[   28.791040] cnss: Runtime resume start
<7>[   28.791067] cnss: Resuming PCI link
<14>[   28.791798] servicemanager: Caller(pid=2609,uid=1000,sid=u:r:system_server:s0) Found android.hardware.wifi.IWifi/default in device VINTF manifest.
<7>[   28.793412] cnss: Set PCI link status to: 2
<7>[   28.793423] cnss: Setting MHI state: RESUME(7)
<6>[   28.794010] [kworke][0x27a371db][10:11:53.010992] wlan: [144:I:PMO] pmo_core_psoc_send_host_wakeup_ind_to_fw: Host wakeup indication sent to fw
<3>[   28.796658] [soft_i][0x27a4383c][10:11:53.013637] wlan: [0:E:WMA] wma_wake_event_packet: Wake reason UNSPECIFIED is not a packet event
<7>[   28.796714] cnss: Runtime resume status: 0
<3>[   28.798897] [binder][0x27a4e04e][10:11:53.015878] wlan: [1550:E:HDD] hdd_twt_get_capabilities: Invalid state, vdev 0 mode 0 state 0
<3>[   28.799630] [binder][0x27a5171d][10:11:53.016609] wlan: [1550:E:HDD] hdd_convert_nl80211_to_reg_band_mask: band: 2 not supported
<3>[   28.816930] :f_falg has O_NONBLOCK. EAGAIN
<3>[   28.837244] nfc_dev_ioctl bad cmd 1
<3>[   28.877464] i2c_geni 884000.i2c: i2c error :-107
<4>[   28.877491] i2c_write: write failed, Maybe in Standby Mode - Retry(1)
<3>[   28.881136] nfc_i2c_dev_write: failed to write -107
<6>[   28.896061] OPLUS_CHG[COMM]: oplus_chg_heartbeat_work[2169]: charger vol=12005
<4>[   28.968459] bimc-bwmon: Zone thres larger than hw limit: hi:72090 med:19661 lo:0
<14>[   29.088603] servicemanager: Caller(pid=2609,uid=1000,sid=u:r:system_server:s0) Found android.hardware.wifi.IWifi/default in device VINTF manifest.
<14>[   29.089585] servicemanager: Caller(pid=2609,uid=1000,sid=u:r:system_server:s0) Found android.hardware.wifi.supplicant.ISupplicant/default in device VINTF manifest.
<14>[   29.090153] servicemanager: Caller(pid=2609,uid=1000,sid=u:r:system_server:s0) Found android.hardware.wifi.supplicant.ISupplicant/default in device VINTF manifest.
<14>[   29.090495] servicemanager: Caller(pid=2609,uid=1000,sid=u:r:system_server:s0) Since 'android.hardware.wifi.supplicant.ISupplicant/default' could not be found trying to start it as a lazy AIDL service. (if it's not configured to be a lazy service, it may be stuck starting or still starting).
<6>[   29.117129] KernelSU: susfs: mark no sucompat checks for pid: '6395', exec: '/vendor/bin/hw/wpa_supplicant'
<6>[   29.162770] capability: warning: `wpa_supplicant' uses 32-bit capabilities (legacy support in use)
<14>[   29.169330] servicemanager: Caller(pid=6395,uid=1010,sid=u:r:hal_wifi_supplicant_default:s0) Found android.hardware.wifi.supplicant.ISupplicant/default in device VINTF manifest.
<14>[   29.188396] servicemanager: Caller(pid=2609,uid=1000,sid=u:r:system_server:s0) Found android.hardware.wifi.IWifi/default in device VINTF manifest.
<3>[   29.192107] [binder][0x281812f4][10:11:53.409087] wlan: [1550:E:HDD] hdd_convert_nl80211_to_reg_band_mask: band: 2 not supported
<3>[   29.250770] [schedu][0x28294262][10:11:53.467746] wlan: [5130:E:DP] dp_tx_flow_pool_vdev_unmap: invalid vdev_id 0
<3>[   29.250803] [schedu][0x28294540][10:11:53.467784] wlan: [5130:E:DP] dp_tx_delete_flow_pool: flow pool either not created or alread deleted
<14>[   29.262211] servicemanager: Caller(pid=2609,uid=1000,sid=u:r:system_server:s0) Could not find android.hardware.graphics.allocator.IAllocator/default in the VINTF manifest. No alternative instances declared in VINTF.
<6>[   29.275467] [binder][0x28307ed2][10:11:53.492445] wlan: [1550:I:HDD] hdd_psoc_idle_timer_start: psoc idle timer is disabled
<6>[   29.276610] [binder][0x2830d484][10:11:53.493588] wlan: [1550:I:DP] dp_vdev_attach_wifi3: wlan_cfg_ap_bridge_enabled 0
<3>[   29.294962] [binder][0x283634d9][10:11:53.511939] wlan: [1550:E:mlme] mlme_is_twt_setup_done: Peer object not found
<14>[   29.296841] servicemanager: Caller(pid=2609,uid=1000,sid=u:r:system_server:s0) Could not find android.hardware.graphics.allocator.IAllocator/default in the VINTF manifest. No alternative instances declared in VINTF.
<14>[   29.390112] servicemanager: Caller(pid=2609,uid=1000,sid=u:r:system_server:s0) Found android.hardware.wifi.IWifi/default in device VINTF manifest.
<6>[   29.391226] zram: Can't change algorithm for initialized device
<6>[   29.391261] zram: Cannot change disksize for initialized device
<3>[   29.406182] [binder][0x2856ca67][10:11:53.623160] wlan: [1550:E:REGULATORY] reg_get_band_from_cur_chan_list: Failed to retrieve the channel list
<3>[   29.406218] [binder][0x2856cd2b][10:11:53.623196] wlan: [1550:E:HDD] hdd_send_usable_channel: No data requested
<3>[   29.406606] [binder][0x2856ea4c][10:11:53.623585] wlan: [1550:E:HDD] __wlan_hdd_cfg80211_get_usable_channel: failed to send usable_channels
<3>[   29.437500] [binder][0x285ff740][10:11:53.654478] wlan: [1550:E:REGULATORY] reg_get_band_from_cur_chan_list: Failed to retrieve the channel list
<3>[   29.437534] [binder][0x285ffa17][10:11:53.654515] wlan: [1550:E:HDD] hdd_send_usable_channel: No data requested
<3>[   29.437544] [binder][0x285ffaca][10:11:53.654525] wlan: [1550:E:HDD] __wlan_hdd_cfg80211_get_usable_channel: failed to send usable_channels
<3>[   29.466245] [binder][0x28686367][10:11:53.683226] wlan: [1550:E:OSIF] wlan_hdd_set_station_stats_request_pending: peer is null
<6>[   29.522367] [schedu][0x2878d49f][10:11:53.739349] wlan: [5130:I:OSIF] scan start scan id 40961
<12>[   29.643843] vbmeta-fixer: service.sh - waiting for launcher to start (1/20s)
<12>[   29.914651] bindhosts: service.sh - active
<36>[   29.935710] type=1400 audit(1770804714.146:557): avc:  denied  { read } for  comm="perf@2.2-servic" name="sched_busy_hyst_ns" dev="proc" ino=56949 scontext=u:r:vendor_hal_perf_default:s0 tcontext=u:object_r:proc_sched:s0 tclass=file permissive=0
<36>[   29.937249] type=1400 audit(1770804714.150:558): avc:  denied  { read } for  comm="perf@2.2-servic" name="sched_busy_hysteresis_enable_cpus" dev="proc" ino=56951 scontext=u:r:vendor_hal_perf_default:s0 tcontext=u:object_r:proc_sched:s0 tclass=file permissive=0
<36>[   29.938913] type=1400 audit(1770804714.150:559): avc:  denied  { read } for  comm="perf@2.2-servic" name="sched_min_task_util_for_colocation" dev="proc" ino=56808 scontext=u:r:vendor_hal_perf_default:s0 tcontext=u:object_r:proc_sched:s0 tclass=file permissive=0
<36>[   29.939094] type=1400 audit(1770804714.150:560): avc:  denied  { read } for  comm="perf@2.2-servic" name="sched_min_task_util_for_boost" dev="proc" ino=56952 scontext=u:r:vendor_hal_perf_default:s0 tcontext=u:object_r:proc_sched:s0 tclass=file permissive=0
<36>[   29.939169] type=1400 audit(1770804714.150:561): avc:  denied  { read } for  comm="perf@2.2-servic" name="sched_prefer_spread" dev="proc" ino=56958 scontext=u:r:vendor_hal_perf_default:s0 tcontext=u:object_r:proc_sched:s0 tclass=file permissive=0
<36>[   29.948160] type=1400 audit(1770804714.158:562): avc:  denied  { read } for  comm="perf@2.2-servic" name="sched_prefer_spread" dev="proc" ino=56958 scontext=u:r:vendor_hal_perf_default:s0 tcontext=u:object_r:proc_sched:s0 tclass=file permissive=0
<36>[   29.948326] type=1400 audit(1770804714.158:563): avc:  denied  { read } for  comm="perf@2.2-servic" name="sched_busy_hysteresis_enable_cpus" dev="proc" ino=56951 scontext=u:r:vendor_hal_perf_default:s0 tcontext=u:object_r:proc_sched:s0 tclass=file permissive=0
<36>[   29.948400] type=1400 audit(1770804714.158:564): avc:  denied  { read } for  comm="perf@2.2-servic" name="sched_busy_hyst_ns" dev="proc" ino=56949 scontext=u:r:vendor_hal_perf_default:s0 tcontext=u:object_r:proc_sched:s0 tclass=file permissive=0
<4>[   29.952053] ALERT: changing window size from 16000000 to 8000000 at 29952038841
<3>[   30.152837] i2c_geni 884000.i2c: i2c error :-107
<4>[   30.152848] i2c_write: write failed, Maybe in Standby Mode - Retry(1)
<3>[   30.154397] nfc_i2c_dev_write: failed to write -107
<5>[   30.389090] sd 0:0:0:1: [sdb] Synchronizing SCSI cache
<3>[   30.534627] nfc_dev_ioctl bad cmd 0
<6>[   30.706901] [schedu][0x29d3dc1b][10:11:54.923876] wlan: [5130:I:OSIF] vdev 0, scan id 40961 type COMPLETED(1) reason COMPLETED(1) scan found 26 bss
<12>[   30.720906] vbmeta-fixer: service.sh - waiting for launcher to start (2/20s)
<3>[   30.721649] [binder][0x29d82ebb][10:11:54.938631] wlan: [1550:E:OSIF] wlan_hdd_set_station_stats_request_pending: peer is null
<6>[   30.792675] KernelSU: handle umount for uid: 10502, pid: 5148
<6>[   30.792698] KernelSU: umount_tw_func: unmounting: /system/etc flags 0x0
<6>[   30.792707] KernelSU: umount / failed: -16
<6>[   30.792708] KernelSU: umount_tw_func: unmounting: /product/media flags 0x0
<6>[   30.792792] KernelSU: umount_tw_func: unmounting: /system/priv-app flags 0x0
<6>[   30.794044] KernelSU: umount_tw_func: unmounting: /system/bin flags 0x0
<6>[   30.794131] KernelSU: umount_tw_func: unmounting: /mnt/aY505XuXcN flags 0x0
<6>[   30.857201] KernelSU: handle umount for uid: 10360, pid: 6506
<6>[   30.857229] KernelSU: umount_tw_func: unmounting: /system/etc flags 0x0
<6>[   30.857290] KernelSU: umount / failed: -16
<6>[   30.857291] KernelSU: umount_tw_func: unmounting: /product/media flags 0x0
<6>[   30.860009] KernelSU: umount_tw_func: unmounting: /system/priv-app flags 0x0
<6>[   30.864299] KernelSU: umount_tw_func: unmounting: /system/bin flags 0x0
<6>[   30.864551] KernelSU: umount_tw_func: unmounting: /mnt/aY505XuXcN flags 0x0
<3>[   30.881580] [schedu][0x2a0709a0][10:11:55.098562] wlan: [5130:E:DP] dp_tx_flow_pool_vdev_unmap: invalid vdev_id 0
<3>[   30.881590] [schedu][0x2a070a70][10:11:55.098573] wlan: [5130:E:DP] dp_tx_delete_flow_pool: flow pool either not created or alread deleted
<6>[   30.909479] [binder][0x2a0f35d1][10:11:55.126458] wlan: [1550:I:HDD] hdd_psoc_idle_timer_start: psoc idle timer is disabled
<6>[   30.909977] [binder][0x2a0f5b6d][10:11:55.126960] wlan: [1550:I:DP] dp_vdev_attach_wifi3: wlan_cfg_ap_bridge_enabled 0
<6>[   30.922268] [schedu][0x2a12f4f0][10:11:55.139247] wlan: [5130:I:OSIF] vdev 0, scan id 40962 type COMPLETED(1) reason CANCELLED(2) scan found 0 bss
<3>[   30.955009] [OPLUS_CHG][smbchg_get_charge_enable]get charge enable[1]
<6>[   30.980781] [schedu][0x2a241991][10:11:55.197762] wlan: [5130:I:HDD] hdd_local_unsafe_channel_updated: unsafe chan list same
<6>[   30.992120] [wpa_su][0x2a276c13][10:11:55.209102] wlan: [6395:I:SME] vdev-0: Connecting to GR Digital Products 5GHz f0:a7:31:a9:76:3e rssi: -32 freq: 5200 akm 3 cipher: uc 6 mc 6, CC: TR
<3>[   31.005346] [binder][0x2a2b4bb6][10:11:55.222324] wlan: [1550:E:REGULATORY] reg_get_band_from_cur_chan_list: Failed to retrieve the channel list
<3>[   31.005398] [binder][0x2a2b4fd0][10:11:55.222378] wlan: [1550:E:HDD] hdd_send_usable_channel: No data requested
<3>[   31.005408] [binder][0x2a2b509c][10:11:55.222389] wlan: [1550:E:HDD] __wlan_hdd_cfg80211_get_usable_channel: failed to send usable_channels
<3>[   31.095748] [soft_i][0x2a45c7cb][10:11:55.312725] wlan: [0:E:DP] dp_peer_find_add_id: peer 0000000000000000 ID 6 vid 0 mac f0:a7:31:a9:76:3e
<6>[   31.095767] [soft_i][0x2a45c988][10:11:55.312748] wlan: [0:I:DP] dp_peer_find_add_id: ref_cnt: 4
<3>[   31.095787] [soft_i][0x2a45cb15][10:11:55.312769] wlan: [0:E:DP] dp_peer_map_ast: peer 0000000000000000 ID 0 vid 0 mac f0:a7:31:a9:76:3e
<5>[   31.096454] [OPLUS_MIDAS_CHG_DEBUG]oplus_midas_chg_processing: passedchg=0, realpassedchg=0,accu_delta=0, prev_chg_stat=0, reset_counts=0
<6>[   31.097714] [schedu][0x2a465ba1][10:11:55.314696] wlan: [5130:I:WMI] send_vdev_start_cmd_tlv: vdev_id 0 freq 5200 chanmode 18 ch_info: 0x12 is_dfs 0 beacon interval 100 dtim 0 center_chan 5210 center_freq2 0 reg_info_1: 0x140000 reg_info_2: 0x1400, req->max_txpow: 0x14 Tx SS 2, Rx SS 2, ldpc_rx: 0, cac 0, regd 2, HE ops: 0req->dis_hw_ack: 0 
<3>[   31.098689] [OPLUS_CHG][smbchg_get_charge_enable]get charge enable[1]
<6>[   31.102010] bat vol:(3794000,3792000)
<5>[   31.102097] [OPLUS_CHG][oplus_chg_update_ui_soc]ui_soc:37,waiting_for_ffc:1,fastchg_to_ffc:1,fastchg_start:0,chg_type=0x0
<5>[   31.102127] [OPLUS_CHG][oplus_chg_print_log]CHGR[ 0 / 0 / 0 / 1 / 0 ],BAT[ 1 / 0 / 0 / 0 / 1 / 0 ],GAUGE[ 402 / 3794 / 3792 / 593 / 397 / 37 / 37 / 37 / 1076 ],STATUS[ 0x0 / 0 / 0 / 0 / 0 / 0x0 ],OTHER[ 0 / 1 / 0 / 0 / 0/ 0 / -2740 ],OTHER2[ 0 / 0 / 0 / 0 ]
<6>[   31.245258] [schedu][0x2a719561][10:11:55.462239] wlan: [5130:I:PE] Auth TX: success (0)
<6>[   31.252468] [schedu][0x2a73b229][10:11:55.469450] wlan: [5130:I:PE] Auth RX: vdev 0 sys role 2 lim_state 29 from f0:a7:31:a9:76:3e rssi -31 auth_alg 3 seq 944
<6>[   31.252473] [schedu][0x2a73b2b4][10:11:55.469457] wlan: [5130:I:PE] SAE Auth RX type 0 subtype 11 from f0:a7:31:a9:76:3e
<6>[   31.258791] [schedu][0x2a758c55][10:11:55.475772] wlan: [5130:I:PE] Assoc req TX: vdev 0 to f0:a7:31:a9:76:3e seq num 2051
<6>[   31.261490] [schedu][0x2a7656cb][10:11:55.478471] wlan: [5130:I:PE] Assoc req TX: success (0)
<6>[   31.270642] [schedu][0x2a7904ee][10:11:55.487620] wlan: [5130:I:PE] Assoc rsp RX: subtype 0 vdev 0 sys role 2 lim state 10 rssi -31 from f0:a7:31:a9:76:3e
<6>[   31.280453] [schedu][0x2a7be509][10:11:55.497435] wlan: [5130:I:HDD] wlan0(vdevid-0): ac:5f:ea:f4:98:da connected to f0:a7:31:a9:76:3e
<6>[   31.280745] [dp_rx_][0x2a7bfb10][10:11:55.497728] wlan: [5132:I:QDF] EAPOL-1 RX: SA:f0:a7:31:a9:76:3e DA:ac:5f:ea:f4:98:da
<6>[   31.291755] [soft_i][0x2a7f33ff][10:11:55.508729] wlan: [0:I:QDF] EAPOL-2 TX: SA:ac:5f:ea:f4:98:da DA:f0:a7:31:a9:76:3e msdu_id:0 status: succ
<6>[   31.297461] [dp_rx_][0x2a80e089][10:11:55.514442] wlan: [5132:I:QDF] EAPOL-3 RX: SA:f0:a7:31:a9:76:3e DA:ac:5f:ea:f4:98:da
<6>[   31.301070] [soft_i][0x2a81eed6][10:11:55.518046] wlan: [0:I:QDF] EAPOL-4 TX: SA:ac:5f:ea:f4:98:da DA:f0:a7:31:a9:76:3e msdu_id:0 status: succ
<3>[   31.346570] [binder][0x2a8f43b0][10:11:55.563550] wlan: [1550:E:HDD] hdd_get_interface_info: client ac:5f:ea:f4:98:da is in the middle of WPS/EAPOL exchange.
<6>[   31.348260] [schedu][0x2a8fc29a][10:11:55.565242] wlan: [5130:I:WMI] wmi_fill_rso_tlvs: RSO_CFG: vdev:0 pmk_len = 32 pmksa caching:1 OKC:1 sae_same_pmk:0 key_mgmt_offload:1
<3>[   31.348325] [schedu][0x2a8fc788][10:11:55.565308] wlan: [5130:E:IPA] wlan_ipa_setup_iface: net:0000000000000000 mode:0 MAC:f0:a7:31:a9:76:3e id:0
<6>[   31.373387] [wpa_su][0x2a971c8d][10:11:55.590335] wlan: [6395:I:WMI] wmi_fill_rso_tlvs: RSO_CFG: vdev:0 pmk_len = 32 pmksa caching:1 OKC:1 sae_same_pmk:0 key_mgmt_offload:1
<4>[   31.427585] [binder][0x2aa6ffae][10:11:55.644563] wlan: [1550:W:HDD] __wlan_hdd_cfg80211_set_ns_offload: Active mode offload is disabled
<6>[   31.483102] [soft_i][0x2ab74330][10:11:55.700077] wlan: [0:I:QDF] DHCP-R TX: SA:ac:5f:ea:f4:98:da DA:ff:ff:ff:ff:ff:ff msdu_id:1 status: succ
<6>[   31.485567] [dp_rx_][0x2ab7fc0a][10:11:55.702542] wlan: [5132:I:QDF] DHCP-R RX: SA:ac:5f:ea:f4:98:da DA:ff:ff:ff:ff:ff:ff
<6>[   31.503518] KernelSU: handle umount for uid: 1110794, pid: 6589
<6>[   31.503533] KernelSU: umount_tw_func: unmounting: /system/etc flags 0x0
<6>[   31.503576] KernelSU: umount / failed: -16
<6>[   31.503577] KernelSU: umount_tw_func: unmounting: /product/media flags 0x0
<6>[   31.503743] KernelSU: umount_tw_func: unmounting: /system/priv-app flags 0x0
<6>[   31.503807] KernelSU: umount_tw_func: unmounting: /system/bin flags 0x0
<6>[   31.503891] KernelSU: umount_tw_func: unmounting: /mnt/aY505XuXcN flags 0x0
<6>[   31.519148] [soft_i][0x2ac1d2bc][10:11:55.736124] wlan: [0:I:DP] force use BA64 scheme
<6>[   31.525427] [dp_rx_][0x2ac3a9ee][10:11:55.742407] wlan: [5134:I:QDF] DHCP-A RX: SA:94:90:10:02:e5:b5 DA:ac:5f:ea:f4:98:da
<6>[   31.595113] [binder][0x2ad8148c][10:11:55.812095] wlan: [1550:I:WMI] wmi_fill_rso_tlvs: RSO_CFG: vdev:0 pmk_len = 32 pmksa caching:1 OKC:1 sae_same_pmk:0 key_mgmt_offload:1
<5>[   31.621248] sd 0:0:0:4: [sde] Synchronizing SCSI cache
<3>[   31.712107] OPLUS_CHG[WLS]: oplus_chg_wls_rx_sm[5105]: curr_state=epp-plus, next_state=epp-plus, target_state=epp-plus
<3>[   31.714827] OPLUS_CHG[WLS]: oplus_chg_wls_rx_handle_state_epp_plus[4080]: wkcs: iout=362, vout=11989, vrect=12121
<6>[   31.762846] KernelSU: handle umount for uid: 10385, pid: 6644
<6>[   31.762869] KernelSU: umount_tw_func: unmounting: /system/etc flags 0x0
<6>[   31.762943] KernelSU: umount / failed: -16
<6>[   31.762944] KernelSU: umount_tw_func: unmounting: /product/media flags 0x0
<6>[   31.763019] KernelSU: umount_tw_func: unmounting: /system/priv-app flags 0x0
<6>[   31.763169] KernelSU: umount_tw_func: unmounting: /system/bin flags 0x0
<6>[   31.763227] KernelSU: umount_tw_func: unmounting: /mnt/aY505XuXcN flags 0x0
<12>[   31.788009] vbmeta-fixer: service.sh - waiting for launcher to start (3/20s)
<6>[   31.820776] KernelSU: handle umount for uid: 1110794, pid: 6663
<6>[   31.820801] KernelSU: umount_tw_func: unmounting: /system/etc flags 0x0
<6>[   31.820810] KernelSU: umount / failed: -16
<6>[   31.820811] KernelSU: umount_tw_func: unmounting: /product/media flags 0x0
<6>[   31.821009] KernelSU: umount_tw_func: unmounting: /system/priv-app flags 0x0
<6>[   31.821136] KernelSU: umount_tw_func: unmounting: /system/bin flags 0x0
<6>[   31.821515] KernelSU: umount_tw_func: unmounting: /mnt/aY505XuXcN flags 0x0
<6>[   31.944314] KernelSU: handle umount for uid: 1110385, pid: 6697
<6>[   31.944331] KernelSU: umount_tw_func: unmounting: /system/etc flags 0x0
<6>[   31.946763] KernelSU: umount / failed: -16
<6>[   31.946766] KernelSU: umount_tw_func: unmounting: /product/media flags 0x0
<6>[   31.950353] [soft_i][0x2b402790][10:11:56.167335] wlan: [0:I:DP] force use BA64 scheme
<6>[   31.952741] KernelSU: umount_tw_func: unmounting: /system/priv-app flags 0x0
<6>[   31.953357] KernelSU: umount_tw_func: unmounting: /system/bin flags 0x0
<6>[   31.953456] KernelSU: umount_tw_func: unmounting: /mnt/aY505XuXcN flags 0x0
<6>[   32.082294] KernelSU: handle umount for uid: 10479, pid: 5151
<6>[   32.082319] KernelSU: umount_tw_func: unmounting: /system/etc flags 0x0
<6>[   32.082360] KernelSU: umount / failed: -16
<6>[   32.082361] KernelSU: umount_tw_func: unmounting: /product/media flags 0x0
<6>[   32.082453] KernelSU: umount_tw_func: unmounting: /system/priv-app flags 0x0
<6>[   32.082552] KernelSU: umount_tw_func: unmounting: /system/bin flags 0x0
<6>[   32.082745] KernelSU: umount_tw_func: unmounting: /mnt/aY505XuXcN flags 0x0
<6>[   32.204456] KernelSU: handle umount for uid: 10781, pid: 5154
<6>[   32.204473] KernelSU: umount_tw_func: unmounting: /system/etc flags 0x0
<6>[   32.204513] KernelSU: umount / failed: -16
<6>[   32.204514] KernelSU: umount_tw_func: unmounting: /product/media flags 0x0
<6>[   32.204639] KernelSU: umount_tw_func: unmounting: /system/priv-app flags 0x0
<6>[   32.204771] KernelSU: umount_tw_func: unmounting: /system/bin flags 0x0
<6>[   32.204861] KernelSU: umount_tw_func: unmounting: /mnt/aY505XuXcN flags 0x0
<6>[   32.384927] KernelSU: handle umount for uid: 10445, pid: 5156
<6>[   32.384950] KernelSU: umount_tw_func: unmounting: /system/etc flags 0x0
<6>[   32.385009] KernelSU: umount / failed: -16
<6>[   32.385010] KernelSU: umount_tw_func: unmounting: /product/media flags 0x0
<6>[   32.386009] KernelSU: umount_tw_func: unmounting: /system/priv-app flags 0x0
<6>[   32.386081] KernelSU: umount_tw_func: unmounting: /system/bin flags 0x0
<6>[   32.386139] KernelSU: umount_tw_func: unmounting: /mnt/aY505XuXcN flags 0x0
<6>[   32.487024] KernelSU: handle umount for uid: 10440, pid: 5161
<6>[   32.487176] KernelSU: umount_tw_func: unmounting: /system/etc flags 0x0
<6>[   32.487257] KernelSU: umount / failed: -16
<6>[   32.487259] KernelSU: umount_tw_func: unmounting: /product/media flags 0x0
<6>[   32.489996] KernelSU: umount_tw_func: unmounting: /system/priv-app flags 0x0
<6>[   32.499629] KernelSU: umount_tw_func: unmounting: /system/bin flags 0x0
<6>[   32.499746] KernelSU: umount_tw_func: unmounting: /mnt/aY505XuXcN flags 0x0
<3>[   32.625675] ipa-wan ipa3_wwan_ioctl:2138 r_rmnet_data0 is an invalid iface name
<6>[   32.714070] KernelSU: handle umount for uid: 10007, pid: 5164
<6>[   32.714096] KernelSU: umount_tw_func: unmounting: /system/etc flags 0x0
<6>[   32.714144] KernelSU: umount / failed: -16
<6>[   32.714146] KernelSU: umount_tw_func: unmounting: /product/media flags 0x0
<6>[   32.715157] KernelSU: umount_tw_func: unmounting: /system/priv-app flags 0x0
<6>[   32.715344] KernelSU: umount_tw_func: unmounting: /system/bin flags 0x0
<6>[   32.715438] KernelSU: umount_tw_func: unmounting: /mnt/aY505XuXcN flags 0x0
<6>[   32.796601] KernelSU: handle umount for uid: 10466, pid: 6858
<6>[   32.796625] KernelSU: umount_tw_func: unmounting: /system/etc flags 0x0
<6>[   32.796684] KernelSU: umount / failed: -16
<6>[   32.796685] KernelSU: umount_tw_func: unmounting: /product/media flags 0x0
<6>[   32.797055] KernelSU: umount_tw_func: unmounting: /system/priv-app flags 0x0
<6>[   32.797452] KernelSU: umount_tw_func: unmounting: /system/bin flags 0x0
<6>[   32.797543] KernelSU: umount_tw_func: unmounting: /mnt/aY505XuXcN flags 0x0
<12>[   32.818785] vbmeta-fixer: service.sh - waiting for launcher to start (4/20s)
<6>[   32.863094] KernelSU: handle umount for uid: 1110466, pid: 6881
<6>[   32.863109] KernelSU: umount_tw_func: unmounting: /system/etc flags 0x0
<6>[   32.863116] KernelSU: umount / failed: -16
<6>[   32.863117] KernelSU: umount_tw_func: unmounting: /product/media flags 0x0
<6>[   32.863174] KernelSU: umount_tw_func: unmounting: /system/priv-app flags 0x0
<6>[   32.863230] KernelSU: umount_tw_func: unmounting: /system/bin flags 0x0
<6>[   32.863276] KernelSU: umount_tw_func: unmounting: /mnt/aY505XuXcN flags 0x0
<14>[   33.093844] libbinder.AidlLazyServiceRegistrar: Process has 0 (of 1 available) client(s) in use after notification apexservice has clients: 0
<14>[   33.093849] libbinder.AidlLazyServiceRegistrar: Shutdown prevented by forcePersist override flag.
<6>[   33.109609] [schedu][0x2c93c79c][10:11:57.326589] wlan: [5130:I:OSIF] scan start scan id 40963
<6>[   33.235704] KernelSU: ksu_handle_execveat_sucompat: su found
<6>[   33.247096] KernelSU: ksu_handle_execveat_sucompat: su found
<6>[   33.263192] KernelSU: ksu_handle_execveat_sucompat: su found
<14>[   33.414885] init: starting service 'adbd'...
<14>[   33.415957] init: Created socket '/dev/socket/adbd', mode 660, user 1000, group 1000
<14>[   33.422278] init: ... started service 'adbd' has pid 6962
<14>[   33.422295] init: Control message: Processed ctl.restart for 'adbd' from pid: 6961 (setprop ctl.restart adbd)
<6>[   33.445485] read descriptors
<6>[   33.445507] read strings
<14>[   33.447559] init: starting service 'mdnsd'...
<14>[   33.447733] init: Created socket '/dev/socket/mdnsd', mode 660, user 1020, group 3003
<14>[   33.449941] init: ... started service 'mdnsd' has pid 6973
<14>[   33.449960] init: Control message: Processed ctl.start for 'mdnsd' from pid: 6962 (/apex/com.android.adbd/bin/adbd --root_seclabel=u:r:su:s0 --tim_seclabel=u:r:adbd_tradeinmode:s0)
<6>[   33.450660] KernelSU: susfs: mark no sucompat checks for pid: '6973', exec: '/system/bin/mdnsd'
<36>[   33.463233] type=1400 audit(1770804717.646:565): avc:  denied  { nlmsg_readpriv } for  comm="moe.haruue.wadb" scontext=u:r:untrusted_app_30:s0:c130,c259,c512,c768 tcontext=u:r:untrusted_app_30:s0:c130,c259,c512,c768 tclass=netlink_route_socket permissive=0 app=moe.haruue.wadb
<14>[   33.476309] logd: start watching /data/system/packages.list ...
<14>[   33.485957] logd: ReadPackageList, total packages: 817
<6>[   33.493480] KernelSU: ksu_handle_execveat_sucompat: su found
<12>[   33.541465] EnableTheRemoveGameFPSLimitDevSettingAutomatically: current value = 
<12>[   33.542731] EnableTheRemoveGameFPSLimitDevSettingAutomatically: Setting the Property
<12>[   33.551418] EnableTheRemoveGameFPSLimitDevSettingAutomatically: new value = true
<12>[   33.552713] EnableTheRemoveGameFPSLimitDevSettingAutomatically: Success
<12>[   33.552740] EnableTheRemoveGameFPSLimitDevSettingAutomatically: successfully enabled
<12>[   33.552758] EnableTheRemoveGameFPSLimitDevSettingAutomatically: script completed
<14>[   33.553169] init: Untracked process (pid: 2410 name: (busybox) ppid: 1 pgrp: 2410 state: Z) exited with status 0
<14>[   33.553177] init: Untracked process (pid: 2410 name: (busybox) ppid: 1 pgrp: 2410 state: Z) did not have an associated service entry and will not be reaped
<36>[   33.654321] type=1400 audit(1770804717.866:566): avc:  denied  { getattr } for  comm="rikka.appops" path="/proc/1334" dev="proc" ino=20875 scontext=u:r:untrusted_app_32:s0:c72,c258,c512,c768 tcontext=u:r:zygote:s0 tclass=dir permissive=0 app=rikka.appops
<11>[   33.654526] logd: HexToBytes: Invalid characters: ", /
<6>[   33.760401] gcc_ufs_card_gdsc: disabling
<6>[   33.760445] display_panel_avdd: disabling
<6>[   33.760452] hap-swr-slave-reg: disabling
<6>[   33.760515] pm8008i-chip-en: disabling
<14>[   33.793487] apexd: Deleting unused dm device com.android.i18n
<14>[   33.795255] apexd: Deleting unused dm device com.android.runtime
<14>[   33.798444] apexd: Deleting unused dm device com.android.rkpd
<14>[   33.799965] apexd: Deleting unused dm device com.android.healthfitness
<14>[   33.821152] apexd: Deleting unused dm device com.android.apex.cts.shim
<14>[   33.842239] apexd: Deleting unused dm device com.android.sdkext
<12>[   33.850806] vbmeta-fixer: service.sh - waiting for launcher to start (5/20s)
<14>[   33.863403] apexd: Deleting unused dm device com.android.os.statsd
<14>[   33.865069] apexd: Deleting unused dm device com.android.tzdata
<14>[   33.889052] servicemanager: Caller(pid=848,uid=0,sid=u:r:apexd:s0) Unregistering apexservice
<4>[   33.892731] printk: binder:848_3: 107 output lines suppressed due to ratelimiting
<36>[   33.919588] type=1400 audit(1770804718.130:567): avc:  denied  { getattr } for  comm=".appops:monitor" path="/proc/1334" dev="proc" ino=20875 scontext=u:r:untrusted_app_32:s0:c72,c258,c512,c768 tcontext=u:r:zygote:s0 tclass=dir permissive=0 app=rikka.appops
<11>[   33.919808] logd: HexToBytes: Invalid characters: ", /
<6>[   34.009524] KernelSU: handle umount for uid: 1110479, pid: 6981
<6>[   34.009550] KernelSU: umount_tw_func: unmounting: /system/etc flags 0x0
<6>[   34.009560] KernelSU: umount / failed: -16
<6>[   34.009561] KernelSU: umount_tw_func: unmounting: /product/media flags 0x0
<6>[   34.010713] KernelSU: umount_tw_func: unmounting: /system/priv-app flags 0x0
<6>[   34.010849] KernelSU: umount_tw_func: unmounting: /system/bin flags 0x0
<6>[   34.010957] KernelSU: umount_tw_func: unmounting: /mnt/aY505XuXcN flags 0x0
<6>[   34.016089] OPLUS_CHG[COMM]: oplus_chg_heartbeat_work[2169]: charger vol=11984
<6>[   34.133509] KernelSU: handle umount for uid: 1110781, pid: 7042
<6>[   34.133531] KernelSU: umount_tw_func: unmounting: /system/etc flags 0x0
<6>[   34.133549] KernelSU: umount / failed: -16
<6>[   34.133550] KernelSU: umount_tw_func: unmounting: /product/media flags 0x0
<6>[   34.134110] KernelSU: umount_tw_func: unmounting: /system/priv-app flags 0x0
<6>[   34.134196] KernelSU: umount_tw_func: unmounting: /system/bin flags 0x0
<6>[   34.134268] KernelSU: umount_tw_func: unmounting: /mnt/aY505XuXcN flags 0x0
<6>[   34.284816] KernelSU: handle umount for uid: 1110394, pid: 7066
<6>[   34.284830] KernelSU: umount_tw_func: unmounting: /system/etc flags 0x0
<6>[   34.284838] KernelSU: umount / failed: -16
<6>[   34.284839] KernelSU: umount_tw_func: unmounting: /product/media flags 0x0
<6>[   34.285280] KernelSU: umount_tw_func: unmounting: /system/priv-app flags 0x0
<6>[   34.285415] KernelSU: umount_tw_func: unmounting: /system/bin flags 0x0
<6>[   34.285741] KernelSU: umount_tw_func: unmounting: /mnt/aY505XuXcN flags 0x0
<6>[   34.382441] KernelSU: handle umount for uid: 1110445, pid: 7090
<6>[   34.382468] KernelSU: umount_tw_func: unmounting: /system/etc flags 0x0
<6>[   34.382478] KernelSU: umount / failed: -16
<6>[   34.382480] KernelSU: umount_tw_func: unmounting: /product/media flags 0x0
<6>[   34.385937] KernelSU: umount_tw_func: unmounting: /system/priv-app flags 0x0
<6>[   34.386901] KernelSU: umount_tw_func: unmounting: /system/bin flags 0x0
<6>[   34.392112] KernelSU: umount_tw_func: unmounting: /mnt/aY505XuXcN flags 0x0
<6>[   34.492738] read descriptors
<6>[   34.492766] read strings
<6>[   34.508435] KernelSU: handle umount for uid: 1110440, pid: 7117
<6>[   34.508454] KernelSU: umount_tw_func: unmounting: /system/etc flags 0x0
<6>[   34.508462] KernelSU: umount / failed: -16
<6>[   34.508463] KernelSU: umount_tw_func: unmounting: /product/media flags 0x0
<6>[   34.509843] KernelSU: umount_tw_func: unmounting: /system/priv-app flags 0x0
<6>[   34.510031] KernelSU: umount_tw_func: unmounting: /system/bin flags 0x0
<6>[   34.512753] KernelSU: umount_tw_func: unmounting: /mnt/aY505XuXcN flags 0x0
<6>[   34.586641] KernelSU: handle umount for uid: 1110766, pid: 7145
<6>[   34.586662] KernelSU: umount_tw_func: unmounting: /system/etc flags 0x0
<6>[   34.586669] KernelSU: umount / failed: -16
<6>[   34.586671] KernelSU: umount_tw_func: unmounting: /product/media flags 0x0
<6>[   34.586877] KernelSU: umount_tw_func: unmounting: /system/priv-app flags 0x0
<6>[   34.587305] KernelSU: umount_tw_func: unmounting: /system/bin flags 0x0
<6>[   34.587384] KernelSU: umount_tw_func: unmounting: /mnt/aY505XuXcN flags 0x0
<6>[   34.651054] [soft_i][0x2e575f9d][10:11:58.868029] wlan: [0:I:DP] force use BA64 scheme
<12>[   34.896183] vbmeta-fixer: service.sh - waiting for launcher to start (6/20s)
