pid=7768 uid=10361 name=com.android.externalstorage 64bit debugInfo=0x75d8a836b0 entryPointOff=24 accessFlagsOff=4
  0xb40000762ed13a70 boolean com.android.externalstorage.ExternalStorageProvider.shouldHideDocument(java.lang.String)
    hooked=0x750014e4d0 backup=0x7500190030
    expectedEntryPoint=0x78ad92c0a8 realEntryPoint=0x78ad92c0a8 eq=true
    expectedAccessFlags=0x1a300004 realAccessFlags=0x1a380004 eq=false
  0xb40000762ed15330 boolean com.android.externalstorage.ExternalStorageProvider.shouldBlockDirectoryFromTree(java.lang.String)
    hooked=0x750014e4b0 backup=0x750016f030
    expectedEntryPoint=0x78ad92c090 realEntryPoint=0x78ad92c090 eq=true
    expectedAccessFlags=0x1a300004 realAccessFlags=0x1a380004 eq=false
  0xb40000769ecc3c60 void android.app.ActivityThread.attach(boolean, long)
    hooked=0x70aee278 backup=0x750010c050
    expectedEntryPoint=0x78ad92c078 realEntryPoint=0x78ad92c078 eq=true
    expectedAccessFlags=0x2000002 realAccessFlags=0x2000002 eq=true
  0xb40000769ecd5b40 void android.app.LoadedApk.createOrUpdateClassLoaderLocked(java.util.List)
    hooked=0x707b3470 backup=0x75000ca030
    expectedEntryPoint=0x78ad92c060 realEntryPoint=0x78ad92c060 eq=true
    expectedAccessFlags=0x2380002 realAccessFlags=0x2380002 eq=true
  0xb4000075decbb910 void android.app.LoadedApk.<init>(android.app.ActivityThread, android.content.pm.ApplicationInfo, android.content.res.CompatibilityInfo, java.lang.ClassLoader, boolean, boolean, boolean)
    hooked=0x707b32d0 backup=0x75000a9030
    expectedEntryPoint=0x78ad92c048 realEntryPoint=0x78ad92c048 eq=true
    expectedAccessFlags=0x2290001 realAccessFlags=0x2290001 eq=true
  0xb4000076fecf7090 java.lang.Object dalvik.system.DexFile.openInMemoryDexFiles(java.nio.ByteBuffer[], java.lang.ClassLoader, dalvik.system.DexPathList$Element[])
    hooked=0x6ff37c58 backup=0x7500088030
    expectedEntryPoint=0x78ad92c030 realEntryPoint=0x78ad92c030 eq=true
    expectedAccessFlags=0x238000a realAccessFlags=0x238000a eq=true
  0xb4000076fecf6df0 java.lang.Object dalvik.system.DexFile.openDexFile(java.lang.String, java.lang.String, int, java.lang.ClassLoader, dalvik.system.DexPathList$Element[])
    hooked=0x6ff37c18 backup=0x7500067030
    expectedEntryPoint=0x78ad92c018 realEntryPoint=0x78ad92c018 eq=true
    expectedAccessFlags=0x228000a realAccessFlags=0x228000a eq=true
  0xb40000769eccae00 void java.lang.Thread.dispatchUncaughtException(java.lang.Throwable)
    hooked=0x6fe3b7f8 backup=0x7500046030
    expectedEntryPoint=0x78ad92c000 realEntryPoint=0x78ad92c000 eq=true
    expectedAccessFlags=0x2380011 realAccessFlags=0x2380011 eq=true
  0xb40000762ed1ff10 deoptimized java.io.File android.app.ContextImpl.getSharedPreferencesPath(java.lang.String)
    hooked=0x70791d58 backup=0x0
    expectedEntryPoint=0x75d8d951e0 realEntryPoint=0x75d8d951e0 eq=true
    expectedAccessFlags=0x40380001 realAccessFlags=0x40380001 eq=true
  0xb4000076fecf4cb0 deoptimized android.app.Application android.app.Instrumentation.newApplication(java.lang.ClassLoader, java.lang.String, android.content.Context)
    hooked=0x70afb510 backup=0x0
    expectedEntryPoint=0x75d8d951e0 realEntryPoint=0x75d8d951e0 eq=true
    expectedAccessFlags=0x50380001 realAccessFlags=0x50380001 eq=true
  0xb4000075eecb6610 deoptimized android.app.Application android.app.LoadedApk.makeApplicationInner(boolean, android.app.Instrumentation, boolean)
    hooked=0x707b3970 backup=0x0
    expectedEntryPoint=0x75d8d951e0 realEntryPoint=0x75d8d951e0 eq=true
    expectedAccessFlags=0x40280002 realAccessFlags=0x40280002 eq=true
  0xb40000762ed1ea70 deoptimized android.app.Application android.app.LoadedApk.makeApplicationInner(boolean, android.app.Instrumentation)
    hooked=0x707b3950 backup=0x0
    expectedEntryPoint=0x75d8d951e0 realEntryPoint=0x75d8d951e0 eq=true
    expectedAccessFlags=0x40280001 realAccessFlags=0x40280001 eq=true
  0xb40000762ed20800 deoptimized android.app.Application android.app.LoadedApk.makeApplication(boolean, android.app.Instrumentation)
    hooked=0x707b3930 backup=0x0
    expectedEntryPoint=0x75d8d951e0 realEntryPoint=0x75d8d951e0 eq=true
    expectedAccessFlags=0x40280001 realAccessFlags=0x40280001 eq=true

pid=16175 uid=10668 name=com.instagram.android:mqtt 64bit debugInfo=0x75d8a836b0 entryPointOff=24 accessFlagsOff=4
  0xb4000075eecb9490 android.app.Activity android.app.Instrumentation.newActivity(java.lang.ClassLoader, java.lang.String, android.content.Intent)
    hooked=0x70afb4d0 backup=0x7500426030
    expectedEntryPoint=0x78adbf71c8 realEntryPoint=0x78adbf71c8 eq=true
    expectedAccessFlags=0x12380001 realAccessFlags=0x12380001 eq=true
  0xb4000077decafb30 void X.0yK.A0E(java.util.Collection)
    hooked=0x4a4d2128 backup=0x7500406050
    expectedEntryPoint=0x78adbf71b0 realEntryPoint=0x78adbf71b0 eq=true
    expectedAccessFlags=0x12300002 realAccessFlags=0x12300002 eq=true
  0xb40000773ecb8270 void com.instagram.app.InstagramAppShell.onCreate()
    hooked=0x4a52aaf8 backup=0x750037f030
    expectedEntryPoint=0x78adbf7198 realEntryPoint=0x78adbf7198 eq=true
    expectedAccessFlags=0x12300011 realAccessFlags=0x12300011 eq=true
  0xb40000769ecd52d0 android.os.LocaleList android.os.LocaleList.getAdjustedDefault()
    hooked=0x708f0ab8 backup=0x750033a030
    expectedEntryPoint=0x78adbf7180 realEntryPoint=0x78adbf7180 eq=true
    expectedAccessFlags=0x12380009 realAccessFlags=0x12380009 eq=true
  0xb40000769ecc1980 android.os.LocaleList android.os.LocaleList.getDefault()
    hooked=0x708f0ad8 backup=0x7500319030
    expectedEntryPoint=0x78adbf7168 realEntryPoint=0x78adbf7168 eq=true
    expectedAccessFlags=0x12380009 realAccessFlags=0x12380009 eq=true
  0xb40000769ecbf460 void android.content.res.Configuration.setLocales(android.os.LocaleList)
    hooked=0x70827728 backup=0x75002f8030
    expectedEntryPoint=0x78adbf7150 realEntryPoint=0x78adbf7150 eq=true
    expectedAccessFlags=0x12380001 realAccessFlags=0x12380001 eq=true
  0xb40000769ecc0420 android.os.LocaleList android.content.res.Configuration.getLocales()
    hooked=0x70827448 backup=0x75002d7030
    expectedEntryPoint=0x78adbf7138 realEntryPoint=0x78adbf7138 eq=true
    expectedAccessFlags=0x12380001 realAccessFlags=0x12380001 eq=true
  0xb40000769ecbe650 java.util.Locale java.util.Locale.getDefault(java.util.Locale$Category)
    hooked=0x6fde5888 backup=0x75002b6030
    expectedEntryPoint=0x78adbf7120 realEntryPoint=0x78adbf7120 eq=true
    expectedAccessFlags=0x12380009 realAccessFlags=0x12380009 eq=true
  0xb40000773ecb99a0 void android.content.res.Configuration.<init>()
    hooked=0x70827188 backup=0x7500295030
    expectedEntryPoint=0x78adbf7108 realEntryPoint=0x78adbf7108 eq=true
    expectedAccessFlags=0x12390001 realAccessFlags=0x12390001 eq=true
  0xb40000769ecbe380 android.content.res.Resources android.content.res.Resources.getSystem()
    hooked=0x70826740 backup=0x7500274030
    expectedEntryPoint=0x78adbf70f0 realEntryPoint=0x78adbf70f0 eq=true
    expectedAccessFlags=0x12380009 realAccessFlags=0x12380009 eq=true
  0xb40000769ecbe890 void android.content.res.Configuration.setLocale(java.util.Locale)
    hooked=0x70827708 backup=0x7500253030
    expectedEntryPoint=0x78adbf70d8 realEntryPoint=0x78adbf70d8 eq=true
    expectedAccessFlags=0x12380001 realAccessFlags=0x12380001 eq=true
  0xb4000075eecb57d0 void android.content.res.Resources.updateConfiguration(android.content.res.Configuration, android.util.DisplayMetrics)
    hooked=0x70826cc0 backup=0x7500232030
    expectedEntryPoint=0x78adbf70c0 realEntryPoint=0x78adbf70c0 eq=true
    expectedAccessFlags=0x12380001 realAccessFlags=0x12380001 eq=true
  0xb40000769ecc4560 android.content.res.Configuration android.content.res.Resources.getConfiguration()
    hooked=0x708262a0 backup=0x7500211030
    expectedEntryPoint=0x78adbf70a8 realEntryPoint=0x78adbf70a8 eq=true
    expectedAccessFlags=0x12380001 realAccessFlags=0x12380001 eq=true
  0xb40000773ecb8f90 java.util.Locale java.util.Locale.getDefault()
    hooked=0x6fde5868 backup=0x75001f0030
    expectedEntryPoint=0x78adbf7090 realEntryPoint=0x78adbf7090 eq=true
    expectedAccessFlags=0x12380009 realAccessFlags=0x12380009 eq=true
  0xb40000769ecc3c60 void android.app.ActivityThread.attach(boolean, long)
    hooked=0x70aee278 backup=0x750010c050
    expectedEntryPoint=0x78adbf7078 realEntryPoint=0x78adbf7078 eq=true
    expectedAccessFlags=0x2000002 realAccessFlags=0x2000002 eq=true
  0xb40000769ecd5b40 void android.app.LoadedApk.createOrUpdateClassLoaderLocked(java.util.List)
    hooked=0x707b3470 backup=0x75000ca030
    expectedEntryPoint=0x78adbf7060 realEntryPoint=0x78adbf7060 eq=true
    expectedAccessFlags=0x2380002 realAccessFlags=0x2380002 eq=true
  0xb4000075decb2eb0 void android.app.LoadedApk.<init>(android.app.ActivityThread, android.content.pm.ApplicationInfo, android.content.res.CompatibilityInfo, java.lang.ClassLoader, boolean, boolean, boolean)
    hooked=0x707b32d0 backup=0x75000a9030
    expectedEntryPoint=0x78adbf7048 realEntryPoint=0x78adbf7048 eq=true
    expectedAccessFlags=0x2290001 realAccessFlags=0x2290001 eq=true
  0xb4000076fecf5ab0 java.lang.Object dalvik.system.DexFile.openInMemoryDexFiles(java.nio.ByteBuffer[], java.lang.ClassLoader, dalvik.system.DexPathList$Element[])
    hooked=0x6ff37c58 backup=0x7500088030
    expectedEntryPoint=0x78adbf7030 realEntryPoint=0x78adbf7030 eq=true
    expectedAccessFlags=0x238000a realAccessFlags=0x238000a eq=true
  0xb4000076fecf4a10 java.lang.Object dalvik.system.DexFile.openDexFile(java.lang.String, java.lang.String, int, java.lang.ClassLoader, dalvik.system.DexPathList$Element[])
    hooked=0x6ff37c18 backup=0x7500067030
    expectedEntryPoint=0x78adbf7018 realEntryPoint=0x78adbf7018 eq=true
    expectedAccessFlags=0x228000a realAccessFlags=0x228000a eq=true
  0xb40000769eccae00 void java.lang.Thread.dispatchUncaughtException(java.lang.Throwable)
    hooked=0x6fe3b7f8 backup=0x7500046030
    expectedEntryPoint=0x78adbf7000 realEntryPoint=0x78adbf7000 eq=true
    expectedAccessFlags=0x2380011 realAccessFlags=0x2380011 eq=true
  0xb40000762ed1ff10 deoptimized java.io.File android.app.ContextImpl.getSharedPreferencesPath(java.lang.String)
    hooked=0x70791d58 backup=0x0
    expectedEntryPoint=0x75d8d951e0 realEntryPoint=0x75d8d951e0 eq=true
    expectedAccessFlags=0x40380001 realAccessFlags=0x40380001 eq=true
  0xb4000076fecf4cb0 deoptimized android.app.Application android.app.Instrumentation.newApplication(java.lang.ClassLoader, java.lang.String, android.content.Context)
    hooked=0x70afb510 backup=0x0
    expectedEntryPoint=0x75d8d951e0 realEntryPoint=0x75d8d951e0 eq=true
    expectedAccessFlags=0x50380001 realAccessFlags=0x50380001 eq=true
  0xb4000075eecb6610 deoptimized android.app.Application android.app.LoadedApk.makeApplicationInner(boolean, android.app.Instrumentation, boolean)
    hooked=0x707b3970 backup=0x0
    expectedEntryPoint=0x75d8d951e0 realEntryPoint=0x75d8d951e0 eq=true
    expectedAccessFlags=0x40280002 realAccessFlags=0x40280002 eq=true
  0xb40000762ed1ea70 deoptimized android.app.Application android.app.LoadedApk.makeApplicationInner(boolean, android.app.Instrumentation)
    hooked=0x707b3950 backup=0x0
    expectedEntryPoint=0x75d8d951e0 realEntryPoint=0x75d8d951e0 eq=true
    expectedAccessFlags=0x40280001 realAccessFlags=0x40280001 eq=true
  0xb40000762ed20800 deoptimized android.app.Application android.app.LoadedApk.makeApplication(boolean, android.app.Instrumentation)
    hooked=0x707b3930 backup=0x0
    expectedEntryPoint=0x75d8d951e0 realEntryPoint=0x75d8d951e0 eq=true
    expectedAccessFlags=0x40280001 realAccessFlags=0x40280001 eq=true

pid=12616 uid=10124 name=com.chiller3.bcr 64bit debugInfo=0x75d8a836b0 entryPointOff=24 accessFlagsOff=4
  0xb40000762ed15330 android.media.AudioAttributes$Builder android.media.AudioAttributes$Builder.setAllowedCapturePolicy(int)
    hooked=0x70899958 backup=0x750016e030
    expectedEntryPoint=0x78ad92c090 realEntryPoint=0x78ad92c090 eq=true
    expectedAccessFlags=0x12280001 realAccessFlags=0x12280001 eq=true
  0xb40000769ecc3c60 void android.app.ActivityThread.attach(boolean, long)
    hooked=0x70aee278 backup=0x750010c050
    expectedEntryPoint=0x78ad92c078 realEntryPoint=0x78ad92c078 eq=true
    expectedAccessFlags=0x2000002 realAccessFlags=0x2000002 eq=true
  0xb40000769ecd5b40 void android.app.LoadedApk.createOrUpdateClassLoaderLocked(java.util.List)
    hooked=0x707b3470 backup=0x75000ca030
    expectedEntryPoint=0x78ad92c060 realEntryPoint=0x78ad92c060 eq=true
    expectedAccessFlags=0x2380002 realAccessFlags=0x2380002 eq=true
  0xb4000075decbc9f0 void android.app.LoadedApk.<init>(android.app.ActivityThread, android.content.pm.ApplicationInfo, android.content.res.CompatibilityInfo, java.lang.ClassLoader, boolean, boolean, boolean)
    hooked=0x707b32d0 backup=0x75000a9030
    expectedEntryPoint=0x78ad92c048 realEntryPoint=0x78ad92c048 eq=true
    expectedAccessFlags=0x2290001 realAccessFlags=0x2290001 eq=true
  0xb4000076fecf5e30 java.lang.Object dalvik.system.DexFile.openInMemoryDexFiles(java.nio.ByteBuffer[], java.lang.ClassLoader, dalvik.system.DexPathList$Element[])
    hooked=0x6ff37c58 backup=0x7500088030
    expectedEntryPoint=0x78ad92c030 realEntryPoint=0x78ad92c030 eq=true
    expectedAccessFlags=0x238000a realAccessFlags=0x238000a eq=true
  0xb4000076fecf4cb0 java.lang.Object dalvik.system.DexFile.openDexFile(java.lang.String, java.lang.String, int, java.lang.ClassLoader, dalvik.system.DexPathList$Element[])
    hooked=0x6ff37c18 backup=0x7500067030
    expectedEntryPoint=0x78ad92c018 realEntryPoint=0x78ad92c018 eq=true
    expectedAccessFlags=0x228000a realAccessFlags=0x228000a eq=true
  0xb40000769eccae00 void java.lang.Thread.dispatchUncaughtException(java.lang.Throwable)
    hooked=0x6fe3b7f8 backup=0x7500046030
    expectedEntryPoint=0x78ad92c000 realEntryPoint=0x78ad92c000 eq=true
    expectedAccessFlags=0x2380011 realAccessFlags=0x2380011 eq=true
  0xb40000762ed1ff10 deoptimized java.io.File android.app.ContextImpl.getSharedPreferencesPath(java.lang.String)
    hooked=0x70791d58 backup=0x0
    expectedEntryPoint=0x75d8d951e0 realEntryPoint=0x75d8d951e0 eq=true
    expectedAccessFlags=0x40380001 realAccessFlags=0x40380001 eq=true
  0xb4000076fecf74f0 deoptimized android.app.Application android.app.Instrumentation.newApplication(java.lang.ClassLoader, java.lang.String, android.content.Context)
    hooked=0x70afb510 backup=0x0
    expectedEntryPoint=0x75d8d951e0 realEntryPoint=0x75d8d951e0 eq=true
    expectedAccessFlags=0x50380001 realAccessFlags=0x50380001 eq=true
  0xb4000075eecb6610 deoptimized android.app.Application android.app.LoadedApk.makeApplicationInner(boolean, android.app.Instrumentation, boolean)
    hooked=0x707b3970 backup=0x0
    expectedEntryPoint=0x75d8d951e0 realEntryPoint=0x75d8d951e0 eq=true
    expectedAccessFlags=0x40280002 realAccessFlags=0x40280002 eq=true
  0xb40000762ed1ea70 deoptimized android.app.Application android.app.LoadedApk.makeApplicationInner(boolean, android.app.Instrumentation)
    hooked=0x707b3950 backup=0x0
    expectedEntryPoint=0x75d8d951e0 realEntryPoint=0x75d8d951e0 eq=true
    expectedAccessFlags=0x40280001 realAccessFlags=0x40280001 eq=true
  0xb40000762ed20800 deoptimized android.app.Application android.app.LoadedApk.makeApplication(boolean, android.app.Instrumentation)
    hooked=0x707b3930 backup=0x0
    expectedEntryPoint=0x75d8d951e0 realEntryPoint=0x75d8d951e0 eq=true
    expectedAccessFlags=0x40280001 realAccessFlags=0x40280001 eq=true

pid=18356 uid=2000 name=com.android.shell 64bit debugInfo=0x75d8a836b0 entryPointOff=24 accessFlagsOff=4
  0xb4000075decbe610 void android.app.ActivityThread.performStopActivityInner(android.app.ActivityThread$ActivityClientRecord, android.app.servertransaction.PendingTransactionActions$StopInfo, boolean, boolean, java.lang.String)
    hooked=0x70aefa38 backup=0x750016f030
    expectedEntryPoint=0x78ad7420c0 realEntryPoint=0x78ad7420c0 eq=true
    expectedAccessFlags=0x2200002 realAccessFlags=0x2200002 eq=true
  0xb40000769ecc3d80 android.webkit.WebViewFactoryProvider android.webkit.WebViewFactory.getProvider()
    hooked=0x70a14dc0 backup=0x750014e030
    expectedEntryPoint=0x78ad7420a8 realEntryPoint=0x78ad7420a8 eq=true
    expectedAccessFlags=0x2380008 realAccessFlags=0x2380008 eq=true
  0xb40000762ed1dec0 void android.app.ActivityThread.deliverNewIntents(android.app.ActivityThread$ActivityClientRecord, java.util.List)
    hooked=0x70aee558 backup=0x750012d030
    expectedEntryPoint=0x78ad742090 realEntryPoint=0x78ad742090 eq=true
    expectedAccessFlags=0x2300002 realAccessFlags=0x2300002 eq=true
  0xb4000075decbb6d0 android.app.ContentProviderHolder android.app.ActivityThread.installProvider(android.content.Context, android.app.ContentProviderHolder, android.content.pm.ProviderInfo, boolean, boolean, boolean)
    hooked=0x70aef4f8 backup=0x750010c030
    expectedEntryPoint=0x78ad742078 realEntryPoint=0x78ad742078 eq=true
    expectedAccessFlags=0x2200002 realAccessFlags=0x2200002 eq=true
  0xb40000762ed1f0a0 void android.app.ActivityThread.handleReceiver(android.app.ActivityThread$ReceiverData)
    hooked=0x70aef078 backup=0x75000eb030
    expectedEntryPoint=0x78ad742060 realEntryPoint=0x78ad742060 eq=true
    expectedAccessFlags=0x2300002 realAccessFlags=0x2300002 eq=true
  0xb40000765ecad2d0 void android.app.ActivityThread$ActivityClientRecord.<init>(android.os.IBinder, android.content.Intent, int, android.content.pm.ActivityInfo, android.content.res.Configuration, java.lang.String, com.android.internal.app.IVoiceInteractor, android.os.Bundle, android.os.PersistableBundle, java.util.List, java.util.List, android.app.ActivityOptions$SceneTransitionInfo, boolean, android.app.ProfilerInfo, android.app.ClientTransactionHandler, android.os.IBinder, android.os.IBinder, boolean, android.os.IBinder, android.os.IBinder, android.window.ActivityWindowInfo)
    hooked=0x70781bb0 backup=0x75000a9030
    expectedEntryPoint=0x78ad742048 realEntryPoint=0x78ad742048 eq=true
    expectedAccessFlags=0x2290001 realAccessFlags=0x2290001 eq=true
  0xb40000769ecd4a60 void android.app.ActivityThread$ActivityClientRecord.<init>()
    hooked=0x70781b90 backup=0x7500088030
    expectedEntryPoint=0x78ad742030 realEntryPoint=0x78ad742030 eq=true
    expectedAccessFlags=0x2390001 realAccessFlags=0x2390001 eq=true
  0xb40000769eccae00 java.lang.ClassLoader android.app.LoadedApk.getClassLoader()
    hooked=0x707b35d0 backup=0x7500067030
    expectedEntryPoint=0x78ad742018 realEntryPoint=0x78ad742018 eq=true
    expectedAccessFlags=0x2380001 realAccessFlags=0x2380001 eq=true
  0xb40000762ed1fe60 void android.app.ActivityThread.handleBindApplication(android.app.ActivityThread$AppBindData)
    hooked=0x70aeecf8 backup=0x7500046030
    expectedEntryPoint=0x78ad742000 realEntryPoint=0x78ad742000 eq=true
    expectedAccessFlags=0x2300002 realAccessFlags=0x2300002 eq=true
  0xb40000762ed1ff10 deoptimized java.io.File android.app.ContextImpl.getSharedPreferencesPath(java.lang.String)
    hooked=0x70791d58 backup=0x0
    expectedEntryPoint=0x75d8d951e0 realEntryPoint=0x75d8d951e0 eq=true
    expectedAccessFlags=0x40380001 realAccessFlags=0x40380001 eq=true
  0xb4000076fecf74f0 deoptimized android.app.Application android.app.Instrumentation.newApplication(java.lang.ClassLoader, java.lang.String, android.content.Context)
    hooked=0x70afb510 backup=0x0
    expectedEntryPoint=0x75d8d951e0 realEntryPoint=0x75d8d951e0 eq=true
    expectedAccessFlags=0x50380001 realAccessFlags=0x50380001 eq=true
  0xb4000075eecb6610 deoptimized android.app.Application android.app.LoadedApk.makeApplicationInner(boolean, android.app.Instrumentation, boolean)
    hooked=0x707b3970 backup=0x0
    expectedEntryPoint=0x75d8d951e0 realEntryPoint=0x75d8d951e0 eq=true
    expectedAccessFlags=0x40280002 realAccessFlags=0x40280002 eq=true
  0xb40000762ed1ea70 deoptimized android.app.Application android.app.LoadedApk.makeApplicationInner(boolean, android.app.Instrumentation)
    hooked=0x707b3950 backup=0x0
    expectedEntryPoint=0x75d8d951e0 realEntryPoint=0x75d8d951e0 eq=true
    expectedAccessFlags=0x40280001 realAccessFlags=0x40280001 eq=true
  0xb40000762ed20800 deoptimized android.app.Application android.app.LoadedApk.makeApplication(boolean, android.app.Instrumentation)
    hooked=0x707b3930 backup=0x0
    expectedEntryPoint=0x75d8d951e0 realEntryPoint=0x75d8d951e0 eq=true
    expectedAccessFlags=0x40280001 realAccessFlags=0x40280001 eq=true

pid=2383 uid=1000 name=system 64bit debugInfo=0x75d8a836b0 entryPointOff=24 accessFlagsOff=4
  0xb40000769ed24080 long android.os.SystemProperties.getLong(java.lang.String, long)
    hooked=0x70b7de80 backup=0x750115b030
    expectedEntryPoint=0x78ad9228a0 realEntryPoint=0x78ad9228a0 eq=true
    expectedAccessFlags=0x12080009 realAccessFlags=0x12080009 eq=true
  0xb40000769ed24110 int android.os.SystemProperties.getInt(java.lang.String, int)
    hooked=0x70b7de60 backup=0x750113a030
    expectedEntryPoint=0x78ad922888 realEntryPoint=0x78ad922888 eq=true
    expectedAccessFlags=0x12280009 realAccessFlags=0x12280009 eq=true
  0xb40000769ed22a90 boolean android.os.SystemProperties.getBoolean(java.lang.String, boolean)
    hooked=0x70b7de40 backup=0x750111a030
    expectedEntryPoint=0x78ad922870 realEntryPoint=0x78ad922870 eq=true
    expectedAccessFlags=0x12280009 realAccessFlags=0x12280009 eq=true
  0xb40000769ed23ff0 java.lang.String android.os.SystemProperties.get(java.lang.String, java.lang.String)
    hooked=0x70b7de20 backup=0x75010fa030
    expectedEntryPoint=0x78ad922858 realEntryPoint=0x78ad922858 eq=true
    expectedAccessFlags=0x12380009 realAccessFlags=0x12380009 eq=true
  0xb40000769ed23c90 java.lang.String android.os.SystemProperties.get(java.lang.String)
    hooked=0x70b7de00 backup=0x75010da030
    expectedEntryPoint=0x78ad922840 realEntryPoint=0x78ad922840 eq=true
    expectedAccessFlags=0x12380009 realAccessFlags=0x12380009 eq=true
  0xb4000075eecdf410 java.lang.String android.provider.Settings$Secure.getStringForUser(android.content.ContentResolver, java.lang.String, int)
    hooked=0x70b86140 backup=0x75010ba030
    expectedEntryPoint=0x78ad922828 realEntryPoint=0x78ad922828 eq=true
    expectedAccessFlags=0x2280009 realAccessFlags=0x2280009 eq=true
  0xb4000075eecdf350 java.lang.String android.provider.Settings$Global.getStringForUser(android.content.ContentResolver, java.lang.String, int)
    hooked=0x70b85cf8 backup=0x750109a030
    expectedEntryPoint=0x78ad922810 realEntryPoint=0x78ad922810 eq=true
    expectedAccessFlags=0x2280009 realAccessFlags=0x2280009 eq=true
  0xb40000762ece3920 android.media.AudioAttributes$Builder android.media.AudioAttributes$Builder.setAllowedCapturePolicy(int)
    hooked=0x70899958 backup=0x7500fcc030
    expectedEntryPoint=0x78ad9227f8 realEntryPoint=0x78ad9227f8 eq=true
    expectedAccessFlags=0x12280001 realAccessFlags=0x12280001 eq=true
  0xb4000076aece1f50 android.os.Process$ProcessStartResult android.os.ZygoteProcess.start(java.lang.String, java.lang.String, int, int, int[], int, int, int, java.lang.String, java.lang.String, java.lang.String, java.lang.String, java.lang.String, java.lang.String, int, boolean, long[], java.util.Map, java.util.Map, boolean, boolean, boolean, long, java.lang.String[])
    hooked=0x70b70e20 backup=0x7500f8c030
    expectedEntryPoint=0x78ad9227e0 realEntryPoint=0x78ad9227e0 eq=true
    expectedAccessFlags=0x2080011 realAccessFlags=0x2080011 eq=true
java.io.IOException: read failed: EIO (I/O error)
	at libcore.io.IoBridge.read(IoBridge.java:614)
	at java.io.RandomAccessFile.readBytes(RandomAccessFile.java:405)
	at java.io.RandomAccessFile.read(RandomAccessFile.java:434)
	at java.io.RandomAccessFile.readFully(RandomAccessFile.java:493)
	at java.io.RandomAccessFile.readFully(RandomAccessFile.java:473)
	at t3.c(r8-map-id-eae531cef432cc1b47b8e2152e7637f9a04968ef1b42d3ef9c610ae6a9ba6c1b:24)
	at t3.d(r8-map-id-eae531cef432cc1b47b8e2152e7637f9a04968ef1b42d3ef9c610ae6a9ba6c1b:16)
	at t3.a(r8-map-id-eae531cef432cc1b47b8e2152e7637f9a04968ef1b42d3ef9c610ae6a9ba6c1b:69)
	at v3.c(r8-map-id-eae531cef432cc1b47b8e2152e7637f9a04968ef1b42d3ef9c610ae6a9ba6c1b:160)
	at j3.a(r8-map-id-eae531cef432cc1b47b8e2152e7637f9a04968ef1b42d3ef9c610ae6a9ba6c1b:138)
	at j3.onTransact(r8-map-id-eae531cef432cc1b47b8e2152e7637f9a04968ef1b42d3ef9c610ae6a9ba6c1b:1588)
	at android.os.Binder.execTransactInternal(Binder.java:1473)
	at android.os.Binder.execTransact(Binder.java:1418)
Caused by: android.system.ErrnoException: read failed: EIO (I/O error)
	at libcore.io.Linux.readBytes(Native Method)
	at libcore.io.Linux.read(Linux.java:231)
	at libcore.io.ForwardingOs.read(ForwardingOs.java:624)
	at libcore.io.BlockGuardOs.read(BlockGuardOs.java:325)
	at libcore.io.IoBridge.read(IoBridge.java:604)
	... 12 more

pid=15477 uid=10500 name=com.google.android.youtube 64bit debugInfo=0x75d8a836b0 entryPointOff=24 accessFlagsOff=4
  0xb4000075eecb5890 android.app.Activity android.app.Instrumentation.newActivity(java.lang.ClassLoader, java.lang.String, android.content.Intent)
    hooked=0x70afb4d0 backup=0x7500e73030
    expectedEntryPoint=0x78adbf7948 realEntryPoint=0x78adbf7948 eq=true
    expectedAccessFlags=0x12380001 realAccessFlags=0x12380001 eq=true
  0xb40000764ed78a70 jmd aulp.aa()
    hooked=0x75001f1c70 backup=0x7500e52050
    expectedEntryPoint=0x78adbf7930 realEntryPoint=0x78adbf7930 eq=true
    expectedAccessFlags=0x12300011 realAccessFlags=0x12300011 eq=true
  0xb40000762ed2dd20 void com.google.android.libraries.social.licenses.LicenseActivity.onSaveInstanceState(android.os.Bundle)
    hooked=0x75005caad0 backup=0x7500e31030
    expectedEntryPoint=0x78adbf7918 realEntryPoint=0x78adbf7918 eq=true
    expectedAccessFlags=0x12300011 realAccessFlags=0x12300011 eq=true
  0xb40000762ed2c7d0 void com.google.android.libraries.social.licenses.LicenseActivity.onRestoreInstanceState(android.os.Bundle)
    hooked=0x75005caab0 backup=0x7500e10030
    expectedEntryPoint=0x78adbf7900 realEntryPoint=0x78adbf7900 eq=true
    expectedAccessFlags=0x12300011 realAccessFlags=0x12300011 eq=true
  0xb40000762ed2c9e0 void com.google.android.libraries.social.licenses.LicenseActivity.onCreate(android.os.Bundle)
    hooked=0x75005caa70 backup=0x7500def030
    expectedEntryPoint=0x78adbf78e8 realEntryPoint=0x78adbf78e8 eq=true
    expectedAccessFlags=0x12300011 realAccessFlags=0x12300011 eq=true
  0xb4000077decaebd0 void ce.onCreate(android.os.Bundle)
    hooked=0x75001c1a20 backup=0x7500dce030
    expectedEntryPoint=0x78adbf78d0 realEntryPoint=0x78adbf78d0 eq=true
    expectedAccessFlags=0x12300004 realAccessFlags=0x12300004 eq=true
  0xb40000764ed78250 void efy.q(int)
    hooked=0x75005ca8e0 backup=0x7500dad030
    expectedEntryPoint=0x78adbf78b8 realEntryPoint=0x78adbf78b8 eq=true
    expectedAccessFlags=0x12200011 realAccessFlags=0x12200011 eq=true
  0xb4000075decd4750 androidx.preference.Preference egc.a(org.xmlpull.v1.XmlPullParser, androidx.preference.PreferenceGroup, android.content.Context, java.lang.Object[], egg, java.lang.String[])
    hooked=0x75005c9540 backup=0x7500d8c050
    expectedEntryPoint=0x78adbf78a0 realEntryPoint=0x78adbf78a0 eq=true
    expectedAccessFlags=0x12300019 realAccessFlags=0x12300019 eq=true
  0xb40000762ed2c5c0 void acea.onFailed(org.chromium.net.UrlRequest, org.chromium.net.UrlResponseInfo, org.chromium.net.CronetException)
    hooked=0x75005c8a90 backup=0x7500d6b030
    expectedEntryPoint=0x78adbf7888 realEntryPoint=0x78adbf7888 eq=true
    expectedAccessFlags=0x12300011 realAccessFlags=0x12300011 eq=true
  0xb40000769ecd7a30 void acea.onSucceeded(org.chromium.net.UrlRequest, org.chromium.net.UrlResponseInfo)
    hooked=0x75005c8b10 backup=0x7500d4a030
    expectedEntryPoint=0x78adbf7870 realEntryPoint=0x78adbf7870 eq=true
    expectedAccessFlags=0x12300011 realAccessFlags=0x12300011 eq=true
  0xb40000773ecbefd0 void fsz.<init>(java.lang.String, fta)
    hooked=0x75005c8530 backup=0x7500d29030
    expectedEntryPoint=0x78adbf7858 realEntryPoint=0x78adbf7858 eq=true
    expectedAccessFlags=0x12310001 realAccessFlags=0x12310001 eq=true
  0xb40000764ed79600 void anje.f(agzf)
    hooked=0x75005c81c0 backup=0x7500d08030
    expectedEntryPoint=0x78adbf7840 realEntryPoint=0x78adbf7840 eq=true
    expectedAccessFlags=0x12300011 realAccessFlags=0x12300011 eq=true
  0xb4000077decbc0d0 void antp.d(agzf, anku, aiye, aoau)
    hooked=0x75005c7620 backup=0x7500ce7030
    expectedEntryPoint=0x78adbf7828 realEntryPoint=0x78adbf7828 eq=true
    expectedAccessFlags=0x12300011 realAccessFlags=0x12300011 eq=true
  0xb40000764ed78f20 boolean anye.h()
    hooked=0x75005c72b0 backup=0x7500cc6030
    expectedEntryPoint=0x78adbf7810 realEntryPoint=0x78adbf7810 eq=true
    expectedAccessFlags=0x12300011 realAccessFlags=0x12300011 eq=true
  0xb40000773ecbdad0 boolean alap.dv(java.util.Set, java.util.Set, athf)
    hooked=0x75005c4eb0 backup=0x7500ca5030
    expectedEntryPoint=0x78adbf77f8 realEntryPoint=0x78adbf77f8 eq=true
    expectedAccessFlags=0x12300011 realAccessFlags=0x12300011 eq=true
  0xb40000769ecd6a70 int[] android.view.Display$HdrCapabilities.getSupportedHdrTypes()
    hooked=0x709b3a80 backup=0x7500c84030
    expectedEntryPoint=0x78adbf77e0 realEntryPoint=0x78adbf77e0 eq=true
    expectedAccessFlags=0x12380001 realAccessFlags=0x12380001 eq=true
  0xb40000764ed791a0 boolean agwp.M()
    hooked=0x75005c3de0 backup=0x7500c63050
    expectedEntryPoint=0x78adbf77c8 realEntryPoint=0x78adbf77c8 eq=true
    expectedAccessFlags=0x12300011 realAccessFlags=0x12300011 eq=true
  0xb40000769ecbb950 java.lang.String agod.cX(azes, long, java.lang.String)
    hooked=0x7500221300 backup=0x7500c42030
    expectedEntryPoint=0x78adbf77b0 realEntryPoint=0x78adbf77b0 eq=true
    expectedAccessFlags=0x1200000a realAccessFlags=0x1200000a eq=true
  0xb4000077decbe0b0 long agod.e(azes, long, long)
    hooked=0x7500221680 backup=0x7500c21030
    expectedEntryPoint=0x78adbf7798 realEntryPoint=0x78adbf7798 eq=true
    expectedAccessFlags=0x12000009 realAccessFlags=0x12000009 eq=true
  0xb4000077decbdb10 double agod.cW(azes, long, double)
    hooked=0x75002212e0 backup=0x7500c00030
    expectedEntryPoint=0x78adbf7780 realEntryPoint=0x78adbf7780 eq=true
    expectedAccessFlags=0x1200000a realAccessFlags=0x1200000a eq=true
  0xb4000077decbe170 boolean agod.o(azes, long, boolean)
    hooked=0x75002217c0 backup=0x7500bdf030
    expectedEntryPoint=0x78adbf7768 realEntryPoint=0x78adbf7768 eq=true
    expectedAccessFlags=0x12000009 realAccessFlags=0x12000009 eq=true
  0xb40000764ed70820 float ansi.a()
    hooked=0x75003993a0 backup=0x7500bbe050
    expectedEntryPoint=0x78adbf7750 realEntryPoint=0x78adbf7750 eq=true
    expectedAccessFlags=0x12100011 realAccessFlags=0x12100011 eq=true
  0xb40000764ed78a20 void jji.run()
    hooked=0x75005c3780 backup=0x7500b9d030
    expectedEntryPoint=0x78adbf7738 realEntryPoint=0x78adbf7738 eq=true
    expectedAccessFlags=0x12300011 realAccessFlags=0x12300011 eq=true
  0xb4000077decbdc30 void mit.c(bhmw[], int)
    hooked=0x75005c3460 backup=0x7500b7c030
    expectedEntryPoint=0x78adbf7720 realEntryPoint=0x78adbf7720 eq=true
    expectedAccessFlags=0x12200011 realAccessFlags=0x12200011 eq=true
  0xb40000764ed78340 bhmw[] ammk.a(agzf)
    hooked=0x75005bfcb0 backup=0x7500b5b050
    expectedEntryPoint=0x78adbf7708 realEntryPoint=0x78adbf7708 eq=true
    expectedAccessFlags=0x12300009 realAccessFlags=0x12300009 eq=true
  0xb4000077decaec90 void akmm.A(float, agyu)
    hooked=0x7500390fe0 backup=0x7500b3a050
    expectedEntryPoint=0x78adbf76f0 realEntryPoint=0x78adbf76f0 eq=true
    expectedAccessFlags=0x12000011 realAccessFlags=0x12000011 eq=true
  0xb4000077decb4d50 float acse.c(float, float, float)
    hooked=0x75005be830 backup=0x7500b19030
    expectedEntryPoint=0x78adbf76d8 realEntryPoint=0x78adbf76d8 eq=true
    expectedAccessFlags=0x12000009 realAccessFlags=0x12000009 eq=true
  0xb40000764ed73ed0 boolean blzp.dq()
    hooked=0x750037e080 backup=0x7500af8030
    expectedEntryPoint=0x78adbf76c0 realEntryPoint=0x78adbf76c0 eq=true
    expectedAccessFlags=0x12300011 realAccessFlags=0x12300011 eq=true
  0xb4000077decbbb90 void ptj.a(java.lang.Object)
    hooked=0x75005bd800 backup=0x7500ad7050
    expectedEntryPoint=0x78adbf76a8 realEntryPoint=0x78adbf76a8 eq=true
    expectedAccessFlags=0x12300011 realAccessFlags=0x12300011 eq=true
  0xb40000773ecbe0f0 void pvk.<init>(java.lang.Object, boolean, int)
    hooked=0x75005bd5b0 backup=0x7500ab6030
    expectedEntryPoint=0x78adbf7690 realEntryPoint=0x78adbf7690 eq=true
    expectedAccessFlags=0x12211001 realAccessFlags=0x12211001 eq=true
  0xb40000773ecc2920 osj[] osj.e(android.content.Context, bhso, bpck)
    hooked=0x75005bcc20 backup=0x7500a95030
    expectedEntryPoint=0x78adbf7678 realEntryPoint=0x78adbf7678 eq=true
    expectedAccessFlags=0x12300008 realAccessFlags=0x12300008 eq=true
  0xb40000762ed290d0 android.view.View otv.O(android.view.LayoutInflater, android.view.ViewGroup, android.os.Bundle)
    hooked=0x75005bc730 backup=0x7500a74050
    expectedEntryPoint=0x78adbf7660 realEntryPoint=0x78adbf7660 eq=true
    expectedAccessFlags=0x12300011 realAccessFlags=0x12300011 eq=true
  0xb40000762ed2cf60 android.view.View ote.O(android.view.LayoutInflater, android.view.ViewGroup, android.os.Bundle)
    hooked=0x75005bc200 backup=0x7500a53050
    expectedEntryPoint=0x78adbf7648 realEntryPoint=0x78adbf7648 eq=true
    expectedAccessFlags=0x12300011 realAccessFlags=0x12300011 eq=true
  0xb40000762ed281b0 android.view.View android.view.LayoutInflater.inflate(int, android.view.ViewGroup, boolean)
    hooked=0x70ba4c58 backup=0x7500a32030
    expectedEntryPoint=0x78adbf7630 realEntryPoint=0x78adbf7630 eq=true
    expectedAccessFlags=0x12280001 realAccessFlags=0x12280001 eq=true
  0xb4000075eecb6310 void apti.<init>(aptc, android.support.v7.widget.RecyclerView, apgh, tiu, aivz, uor, uon, anup, bnzs, bnzs, prh, apvf, apof)
    hooked=0x75005b9b50 backup=0x7500a11030
    expectedEntryPoint=0x78adbf7618 realEntryPoint=0x78adbf7618 eq=true
    expectedAccessFlags=0x12310001 realAccessFlags=0x12310001 eq=true
  0xb40000773ecb8430 void android.support.v7.widget.RecyclerView.aI(qy)
    hooked=0x75001c3c70 backup=0x75009f0050
    expectedEntryPoint=0x78adbf7600 realEntryPoint=0x78adbf7600 eq=true
    expectedAccessFlags=0x12300011 realAccessFlags=0x12300011 eq=true
  0xb40000764ed77530 avme amqc.g(biza)
    hooked=0x75005af2c0 backup=0x75009cf030
    expectedEntryPoint=0x78adbf75e8 realEntryPoint=0x78adbf75e8 eq=true
    expectedAccessFlags=0x12300011 realAccessFlags=0x12300011 eq=true
  0xb40000764ed75f00 void ansi.V(agyw)
    hooked=0x7500399300 backup=0x75009ae050
    expectedEntryPoint=0x78adbf75d0 realEntryPoint=0x78adbf75d0 eq=true
    expectedAccessFlags=0x12300011 realAccessFlags=0x12300011 eq=true
  0xb40000769ecb9ca0 void otu.onItemClick(android.widget.AdapterView, android.view.View, int, long)
    hooked=0x75005b0990 backup=0x750098d030
    expectedEntryPoint=0x78adbf75b8 realEntryPoint=0x78adbf75b8 eq=true
    expectedAccessFlags=0x12000011 realAccessFlags=0x12000011 eq=true
  0xb40000762ed28100 boolean com.google.android.apps.youtube.app.watchwhile.MainActivity.dispatchKeyEvent(android.view.KeyEvent)
    hooked=0x750022e910 backup=0x750096c030
    expectedEntryPoint=0x78adbf75a0 realEntryPoint=0x78adbf75a0 eq=true
    expectedAccessFlags=0x12300011 realAccessFlags=0x12300011 eq=true
  0xb40000769ecb9700 boolean android.app.Activity.dispatchTouchEvent(android.view.MotionEvent)
    hooked=0x70ae6a38 backup=0x750094b030
    expectedEntryPoint=0x78adbf7588 realEntryPoint=0x78adbf7588 eq=true
    expectedAccessFlags=0x12380001 realAccessFlags=0x12380001 eq=true
  0xb40000762ed27b80 boolean com.google.android.apps.youtube.app.watchwhile.MainActivity.dispatchTouchEvent(android.view.MotionEvent)
    hooked=0x750022e930 backup=0x750092a030
    expectedEntryPoint=0x78adbf7570 realEntryPoint=0x78adbf7570 eq=true
    expectedAccessFlags=0x12300011 realAccessFlags=0x12300011 eq=true
  0xb40000769ecd5240 void com.google.android.apps.youtube.app.watchwhile.MainActivity.onStart()
    hooked=0x750022edd0 backup=0x7500909030
    expectedEntryPoint=0x78adbf7558 realEntryPoint=0x78adbf7558 eq=true
    expectedAccessFlags=0x12300014 realAccessFlags=0x12300014 eq=true
  0xb40000769ecd4dc0 void com.google.android.apps.youtube.app.watchwhile.MainActivity.<init>()
    hooked=0x750022e830 backup=0x75008e8030
    expectedEntryPoint=0x78adbf7540 realEntryPoint=0x78adbf7540 eq=true
    expectedAccessFlags=0x12310001 realAccessFlags=0x12310001 eq=true
  0xb40000769ecbb0e0 void hye.e(java.util.Map, bdll, java.lang.String, bdlk)
    hooked=0x75005b8d90 backup=0x75008c7030
    expectedEntryPoint=0x78adbf7528 realEntryPoint=0x78adbf7528 eq=true
    expectedAccessFlags=0x12300011 realAccessFlags=0x12300011 eq=true
  0xb40000764ed75af0 void aazb.b(boolean)
    hooked=0x75005b8ab0 backup=0x75008a6050
    expectedEntryPoint=0x78adbf7510 realEntryPoint=0x78adbf7510 eq=true
    expectedAccessFlags=0x12200011 realAccessFlags=0x12200011 eq=true
  0xb40000773ecb9690 void android.view.View.setVisibility(int)
    hooked=0x709c1078 backup=0x7500885030
    expectedEntryPoint=0x78adbf74f8 realEntryPoint=0x78adbf74f8 eq=true
    expectedAccessFlags=0x12280001 realAccessFlags=0x12280001 eq=true
  0xb40000764ed6de40 void msu.F()
    hooked=0x75005b5fb0 backup=0x7500864050
    expectedEntryPoint=0x78adbf74e0 realEntryPoint=0x78adbf74e0 eq=true
    expectedAccessFlags=0x12300011 realAccessFlags=0x12300011 eq=true
  0xb40000769ecbaa20 android.view.View android.view.LayoutInflater.inflate(int, android.view.ViewGroup)
    hooked=0x70ba4c38 backup=0x7500843030
    expectedEntryPoint=0x78adbf74c8 realEntryPoint=0x78adbf74c8 eq=true
    expectedAccessFlags=0x12280001 realAccessFlags=0x12280001 eq=true
  0xb40000769ecbb050 void mmw.iY(java.lang.CharSequence, java.lang.CharSequence, java.lang.CharSequence)
    hooked=0x75005b80e0 backup=0x7500822030
    expectedEntryPoint=0x78adbf74b0 realEntryPoint=0x78adbf74b0 eq=true
    expectedAccessFlags=0x12300011 realAccessFlags=0x12300011 eq=true
  0xb40000762ed22170 void android.graphics.BaseRecordingCanvas.drawCircle(float, float, float, android.graphics.Paint)
    hooked=0x70b1a338 backup=0x7500801030
    expectedEntryPoint=0x78adbf7498 realEntryPoint=0x78adbf7498 eq=true
    expectedAccessFlags=0x12080011 realAccessFlags=0x12080011 eq=true
  0xb40000773ecbd7c0 void android.graphics.Rect.set(int, int, int, int)
    hooked=0x708362a0 backup=0x75007e0030
    expectedEntryPoint=0x78adbf7480 realEntryPoint=0x78adbf7480 eq=true
    expectedAccessFlags=0x12280001 realAccessFlags=0x12280001 eq=true
  0xb40000773ecb9d90 void ime.onDraw(android.graphics.Canvas)
    hooked=0x7500397990 backup=0x75007bf030
    expectedEntryPoint=0x78adbf7468 realEntryPoint=0x78adbf7468 eq=true
    expectedAccessFlags=0x12300011 realAccessFlags=0x12300011 eq=true
  0xb40000762ed27ce0 void android.support.constraint.ConstraintLayout.onLayout(boolean, int, int, int, int)
    hooked=0x75005b7900 backup=0x750079e030
    expectedEntryPoint=0x78adbf7450 realEntryPoint=0x78adbf7450 eq=true
    expectedAccessFlags=0x12200014 realAccessFlags=0x12200014 eq=true
  0xb40000773ecb9ee0 void msu.jk(android.view.MotionEvent)
    hooked=0x75005b6810 backup=0x750077d030
    expectedEntryPoint=0x78adbf7438 realEntryPoint=0x78adbf7438 eq=true
    expectedAccessFlags=0x12300011 realAccessFlags=0x12300011 eq=true
  0xb40000773ecb9a10 void android.view.View.setTranslationY(float)
    hooked=0x709c0f18 backup=0x750075c030
    expectedEntryPoint=0x78adbf7420 realEntryPoint=0x78adbf7420 eq=true
    expectedAccessFlags=0x12080001 realAccessFlags=0x12080001 eq=true
  0xb4000077decaf590 void mlr.a(android.view.View)
    hooked=0x75005b7530 backup=0x750073b050
    expectedEntryPoint=0x78adbf7408 realEntryPoint=0x78adbf7408 eq=true
    expectedAccessFlags=0x12300011 realAccessFlags=0x12300011 eq=true
  0xb4000077decb4c90 void msu.ac(boolean, boolean)
    hooked=0x75005b62b0 backup=0x750071a050
    expectedEntryPoint=0x78adbf73f0 realEntryPoint=0x78adbf73f0 eq=true
    expectedAccessFlags=0x12200012 realAccessFlags=0x12200012 eq=true
  0xb40000773ecbdfa0 android.view.View android.view.ViewStub.inflate()
    hooked=0x709e67f8 backup=0x75006f9030
    expectedEntryPoint=0x78adbf73d8 realEntryPoint=0x78adbf73d8 eq=true
    expectedAccessFlags=0x12380001 realAccessFlags=0x12380001 eq=true
  0xb40000764ed75280 void anbr.a(anbl)
    hooked=0x75005b5260 backup=0x75006d8050
    expectedEntryPoint=0x78adbf73c0 realEntryPoint=0x78adbf73c0 eq=true
    expectedAccessFlags=0x12300011 realAccessFlags=0x12300011 eq=true
  0xb40000762ed28260 android.view.View aoim.O(android.view.LayoutInflater, android.view.ViewGroup, android.os.Bundle)
    hooked=0x75005b2940 backup=0x75006b7050
    expectedEntryPoint=0x78adbf73a8 realEntryPoint=0x78adbf73a8 eq=true
    expectedAccessFlags=0x12300011 realAccessFlags=0x12300011 eq=true
  0xb40000762ed28940 void com.google.android.apps.youtube.app.common.player.overlay.YouTubePlayerOverlaysLayout.j(ifv)
    hooked=0x75005b12e0 backup=0x7500696030
    expectedEntryPoint=0x78adbf7390 realEntryPoint=0x78adbf7390 eq=true
    expectedAccessFlags=0x12300011 realAccessFlags=0x12300011 eq=true
  0xb4000077decbca90 void mjd.l(agyw[], int, boolean)
    hooked=0x75005b03e0 backup=0x7500675030
    expectedEntryPoint=0x78adbf7378 realEntryPoint=0x78adbf7378 eq=true
    expectedAccessFlags=0x12200011 realAccessFlags=0x12200011 eq=true
  0xb4000077decbb470 void agyw.<init>(agwp, avwl, atid)
    hooked=0x75005afb30 backup=0x7500654030
    expectedEntryPoint=0x78adbf7360 realEntryPoint=0x78adbf7360 eq=true
    expectedAccessFlags=0x12310001 realAccessFlags=0x12310001 eq=true
  0xb40000769ecbac60 void agyw.<init>(int, avwl, java.lang.String, boolean, atid)
    hooked=0x75005afb10 backup=0x7500633030
    expectedEntryPoint=0x78adbf7348 realEntryPoint=0x78adbf7348 eq=true
    expectedAccessFlags=0x12210001 realAccessFlags=0x12210001 eq=true
  0xb40000769ecbbdd0 void agyw.<init>(int, avwl, java.lang.String, boolean)
    hooked=0x75005afaf0 backup=0x7500612030
    expectedEntryPoint=0x78adbf7330 realEntryPoint=0x78adbf7330 eq=true
    expectedAccessFlags=0x12210001 realAccessFlags=0x12210001 eq=true
  0xb40000764ed757d0 avme amqc.h(bizb)
    hooked=0x75005af2e0 backup=0x75005f1030
    expectedEntryPoint=0x78adbf7318 realEntryPoint=0x78adbf7318 eq=true
    expectedAccessFlags=0x12300011 realAccessFlags=0x12300011 eq=true
  0xb40000764ed77120 otk lyr.c(ce)
    hooked=0x750039cd10 backup=0x75005d0030
    expectedEntryPoint=0x78adbf7300 realEntryPoint=0x78adbf7300 eq=true
    expectedAccessFlags=0x12300009 realAccessFlags=0x12300009 eq=true
  0xb40000769ecbc400 void otk.onItemClick(android.widget.AdapterView, android.view.View, int, long)
    hooked=0x750039a260 backup=0x750058f030
    expectedEntryPoint=0x78adbf72e8 realEntryPoint=0x78adbf72e8 eq=true
    expectedAccessFlags=0x12000011 realAccessFlags=0x12000011 eq=true
  0xb40000764ed6e7a0 void ansi.R(float)
    hooked=0x7500399280 backup=0x750056e050
    expectedEntryPoint=0x78adbf72d0 realEntryPoint=0x78adbf72d0 eq=true
    expectedAccessFlags=0x12000011 realAccessFlags=0x12000011 eq=true
  0xb40000762ed213b0 void amom.<init>(long, long, long, long, long, long, long, boolean, java.lang.String)
    hooked=0x7500398a80 backup=0x750054d030
    expectedEntryPoint=0x78adbf72b8 realEntryPoint=0x78adbf72b8 eq=true
    expectedAccessFlags=0x12010001 realAccessFlags=0x12010001 eq=true
  0xb40000764ed75b40 void ime.fQ()
    hooked=0x75003977f0 backup=0x750052c030
    expectedEntryPoint=0x78adbf72a0 realEntryPoint=0x78adbf72a0 eq=true
    expectedAccessFlags=0x12300014 realAccessFlags=0x12300014 eq=true
  0xb4000077decb58f0 void ajna.cY(int, aava)
    hooked=0x7500392200 backup=0x750050c030
    expectedEntryPoint=0x78adbf7288 realEntryPoint=0x78adbf7288 eq=true
    expectedAccessFlags=0x12200012 realAccessFlags=0x12200012 eq=true
  0xb40000770ed238f0 void aoay.<init>(swf, akmm, alak, anuq, anlp, anup, ankm, anlr, agys, acrs, aoem, aoba, agoe, agnz, aoed, aobh, blnv, vlo, aobl, j$.util.Optional, antg, akxb, j$.util.Optional, anix, agod, antl, bpck, blnv, bnzs, aoem, akhb, bplh, blnv)
    hooked=0x75003873c0 backup=0x75004ec030
    expectedEntryPoint=0x78adbf7270 realEntryPoint=0x78adbf7270 eq=true
    expectedAccessFlags=0x12310001 realAccessFlags=0x12310001 eq=true
  0xb4000075deccc050 anof anod.b(java.lang.String, byte[], java.lang.String, java.lang.String, int, boolean, int, bevq, java.util.Set, java.lang.String, java.lang.String, aiye, boolean, boolean, boolean, j$.time.Duration)
    hooked=0x7500384c80 backup=0x75004c8050
    expectedEntryPoint=0x78adbf7258 realEntryPoint=0x78adbf7258 eq=true
    expectedAccessFlags=0x12200011 realAccessFlags=0x12200011 eq=true
  0xb4000077decae9f0 void aodh.B(agzf, java.lang.String)
    hooked=0x7500383cc0 backup=0x75004a7050
    expectedEntryPoint=0x78adbf7240 realEntryPoint=0x78adbf7240 eq=true
    expectedAccessFlags=0x12300011 realAccessFlags=0x12300011 eq=true
  0xb40000769ecbd9f0 android.view.View android.view.View.findViewById(int)
    hooked=0x709ba1d8 backup=0x7500486030
    expectedEntryPoint=0x78adbf7228 realEntryPoint=0x78adbf7228 eq=true
    expectedAccessFlags=0x12280011 realAccessFlags=0x12280011 eq=true
  0xb4000077decbba70 void ggu.<init>(int, int, int)
    hooked=0x7500383940 backup=0x7500465030
    expectedEntryPoint=0x78adbf7210 realEntryPoint=0x78adbf7210 eq=true
    expectedAccessFlags=0x12210001 realAccessFlags=0x12210001 eq=true
  0xb40000769ecbd3c0 gdt tih.a(gdy, unc, twy, java.util.List, uoa, boolean)
    hooked=0x7500381c10 backup=0x7500445050
    expectedEntryPoint=0x78adbf71f8 realEntryPoint=0x78adbf71f8 eq=true
    expectedAccessFlags=0x12200011 realAccessFlags=0x12200011 eq=true
  0xb40000773ecb5b10 void auqu.f(int, java.nio.ByteBuffer)
    hooked=0x7500381890 backup=0x7500422030
    expectedEntryPoint=0x78adbf71e0 realEntryPoint=0x78adbf71e0 eq=true
    expectedAccessFlags=0x12200011 realAccessFlags=0x12200011 eq=true
  0xb40000769ecbd8d0 boolean androidx.swiperefreshlayout.widget.SwipeRefreshLayout.n()
    hooked=0x7500380fc0 backup=0x7500401030
    expectedEntryPoint=0x78adbf71c8 realEntryPoint=0x78adbf71c8 eq=true
    expectedAccessFlags=0x12300011 realAccessFlags=0x12300011 eq=true
  0xb40000762ed22010 android.content.Intent android.content.Intent.putExtra(java.lang.String, java.lang.String)
    hooked=0x70b0cb50 backup=0x75003e0030
    expectedEntryPoint=0x78adbf71b0 realEntryPoint=0x78adbf71b0 eq=true
    expectedAccessFlags=0x12300001 realAccessFlags=0x12300001 eq=true
  0xb40000762ed210f0 android.content.ClipData android.content.ClipData.newPlainText(java.lang.CharSequence, java.lang.CharSequence)
    hooked=0x707f80c0 backup=0x75003bf030
    expectedEntryPoint=0x78adbf7198 realEntryPoint=0x78adbf7198 eq=true
    expectedAccessFlags=0x12380009 realAccessFlags=0x12380009 eq=true
  0xb4000075eecb8a10 void jjc.<init>(ce, asrb, bnzs, bnzs, bnzs, bnzs, bnzs, bnzs, bnzs, blnv, acik, agps, aopm, agoe, blzp, blzo, bmtx, acjh, bnzs)
    hooked=0x750037d360 backup=0x750039e030
    expectedEntryPoint=0x78adbf7180 realEntryPoint=0x78adbf7180 eq=true
    expectedAccessFlags=0x12310001 realAccessFlags=0x12310001 eq=true
  0xb4000077decaf530 boolean agod.p(long, boolean)
    hooked=0x75002217e0 backup=0x750035d030
    expectedEntryPoint=0x78adbf7168 realEntryPoint=0x78adbf7168 eq=true
    expectedAccessFlags=0x12000011 realAccessFlags=0x12000011 eq=true
  0xb4000077decaeb10 void pkm.l(int, ifv, bcwc)
    hooked=0x75002344a0 backup=0x750033c030
    expectedEntryPoint=0x78adbf7150 realEntryPoint=0x78adbf7150 eq=true
    expectedAccessFlags=0x12200011 realAccessFlags=0x12200011 eq=true
  0xb40000764ed74ec0 boolean aopm.bl()
    hooked=0x7500233d90 backup=0x750031b030
    expectedEntryPoint=0x78adbf7138 realEntryPoint=0x78adbf7138 eq=true
    expectedAccessFlags=0x12300011 realAccessFlags=0x12300011 eq=true
  0xb40000764ed70c80 boolean bab.Q()
    hooked=0x7500232c90 backup=0x75002fb050
    expectedEntryPoint=0x78adbf7120 realEntryPoint=0x78adbf7120 eq=true
    expectedAccessFlags=0x12300011 realAccessFlags=0x12300011 eq=true
  0xb40000764ed6d260 boolean amgv.x(batn)
    hooked=0x7500231e20 backup=0x75002db030
    expectedEntryPoint=0x78adbf7108 realEntryPoint=0x78adbf7108 eq=true
    expectedAccessFlags=0x12300009 realAccessFlags=0x12300009 eq=true
  0xb40000764ed6d580 boolean amgv.u(batn)
    hooked=0x7500231dc0 backup=0x75002bb030
    expectedEntryPoint=0x78adbf70f0 realEntryPoint=0x78adbf70f0 eq=true
    expectedAccessFlags=0x12300009 realAccessFlags=0x12300009 eq=true
  0xb40000764ed6d760 boolean amgv.s(batn)
    hooked=0x7500231d80 backup=0x750029b030
    expectedEntryPoint=0x78adbf70d8 realEntryPoint=0x78adbf70d8 eq=true
    expectedAccessFlags=0x12300009 realAccessFlags=0x12300009 eq=true
  0xb4000077decb0af0 void aaal.t(java.util.List)
    hooked=0x7500231780 backup=0x750027b030
    expectedEntryPoint=0x78adbf70c0 realEntryPoint=0x78adbf70c0 eq=true
    expectedAccessFlags=0x12300011 realAccessFlags=0x12300011 eq=true
  0xb40000762ed170c0 void com.google.android.apps.youtube.app.watchwhile.MainActivity.onCreate(android.os.Bundle)
    hooked=0x750022eb50 backup=0x7500258030
    expectedEntryPoint=0x78adbf70a8 realEntryPoint=0x78adbf70a8 eq=true
    expectedAccessFlags=0x12300014 realAccessFlags=0x12300014 eq=true
  0xb40000764ed7a4b0 void hht.onCreate()
    hooked=0x75001542f0 backup=0x7500191030
    expectedEntryPoint=0x78adbf7090 realEntryPoint=0x78adbf7090 eq=true
    expectedAccessFlags=0x12300011 realAccessFlags=0x12300011 eq=true
  0xb40000769ecc3c60 void android.app.ActivityThread.attach(boolean, long)
    hooked=0x70aee278 backup=0x750010c050
    expectedEntryPoint=0x78adbf7078 realEntryPoint=0x78adbf7078 eq=true
    expectedAccessFlags=0x2000002 realAccessFlags=0x2000002 eq=true
  0xb40000769ecd5b40 void android.app.LoadedApk.createOrUpdateClassLoaderLocked(java.util.List)
    hooked=0x707b3470 backup=0x75000ca030
    expectedEntryPoint=0x78adbf7060 realEntryPoint=0x78adbf7060 eq=true
    expectedAccessFlags=0x2380002 realAccessFlags=0x2380002 eq=true
  0xb4000075decbb7f0 void android.app.LoadedApk.<init>(android.app.ActivityThread, android.content.pm.ApplicationInfo, android.content.res.CompatibilityInfo, java.lang.ClassLoader, boolean, boolean, boolean)
    hooked=0x707b32d0 backup=0x75000a9030
    expectedEntryPoint=0x78adbf7048 realEntryPoint=0x78adbf7048 eq=true
    expectedAccessFlags=0x2290001 realAccessFlags=0x2290001 eq=true
  0xb4000076fecf6df0 java.lang.Object dalvik.system.DexFile.openInMemoryDexFiles(java.nio.ByteBuffer[], java.lang.ClassLoader, dalvik.system.DexPathList$Element[])
    hooked=0x6ff37c58 backup=0x7500088030
    expectedEntryPoint=0x78adbf7030 realEntryPoint=0x78adbf7030 eq=true
    expectedAccessFlags=0x238000a realAccessFlags=0x238000a eq=true
  0xb4000076fecf66f0 java.lang.Object dalvik.system.DexFile.openDexFile(java.lang.String, java.lang.String, int, java.lang.ClassLoader, dalvik.system.DexPathList$Element[])
    hooked=0x6ff37c18 backup=0x7500067030
    expectedEntryPoint=0x78adbf7018 realEntryPoint=0x78adbf7018 eq=true
    expectedAccessFlags=0x228000a realAccessFlags=0x228000a eq=true
  0xb40000769eccae00 void java.lang.Thread.dispatchUncaughtException(java.lang.Throwable)
    hooked=0x6fe3b7f8 backup=0x7500046030
    expectedEntryPoint=0x78adbf7000 realEntryPoint=0x78adbf7000 eq=true
    expectedAccessFlags=0x2380011 realAccessFlags=0x2380011 eq=true
  0xb40000762ed1ff10 deoptimized java.io.File android.app.ContextImpl.getSharedPreferencesPath(java.lang.String)
    hooked=0x70791d58 backup=0x0
    expectedEntryPoint=0x75d8d951e0 realEntryPoint=0x75d8d951e0 eq=true
    expectedAccessFlags=0x40380001 realAccessFlags=0x40380001 eq=true
  0xb4000076fecf74f0 deoptimized android.app.Application android.app.Instrumentation.newApplication(java.lang.ClassLoader, java.lang.String, android.content.Context)
    hooked=0x70afb510 backup=0x0
    expectedEntryPoint=0x75d8d951e0 realEntryPoint=0x75d8d951e0 eq=true
    expectedAccessFlags=0x50380001 realAccessFlags=0x50380001 eq=true
  0xb4000075eecb6610 deoptimized android.app.Application android.app.LoadedApk.makeApplicationInner(boolean, android.app.Instrumentation, boolean)
    hooked=0x707b3970 backup=0x0
    expectedEntryPoint=0x75d8d951e0 realEntryPoint=0x75d8d951e0 eq=true
    expectedAccessFlags=0x40280002 realAccessFlags=0x40280002 eq=true
  0xb40000762ed1ea70 deoptimized android.app.Application android.app.LoadedApk.makeApplicationInner(boolean, android.app.Instrumentation)
    hooked=0x707b3950 backup=0x0
    expectedEntryPoint=0x75d8d951e0 realEntryPoint=0x75d8d951e0 eq=true
    expectedAccessFlags=0x40280001 realAccessFlags=0x40280001 eq=true
  0xb40000762ed20800 deoptimized android.app.Application android.app.LoadedApk.makeApplication(boolean, android.app.Instrumentation)
    hooked=0x707b3930 backup=0x0
    expectedEntryPoint=0x75d8d951e0 realEntryPoint=0x75d8d951e0 eq=true
    expectedAccessFlags=0x40280001 realAccessFlags=0x40280001 eq=true

pid=15097 uid=10509 name=com.google.android.apps.youtube.music 64bit debugInfo=0x75d8a836b0 entryPointOff=24 accessFlagsOff=4
  0xb4000075eecb5890 android.app.Activity android.app.Instrumentation.newActivity(java.lang.ClassLoader, java.lang.String, android.content.Intent)
    hooked=0x70afb4d0 backup=0x75004cb030
    expectedEntryPoint=0x78adbed288 realEntryPoint=0x78adbed288 eq=true
    expectedAccessFlags=0x12380001 realAccessFlags=0x12380001 eq=true
  0xb40000762ed121b0 void com.google.android.gms.common.api.GoogleApiActivity.onSaveInstanceState(android.os.Bundle)
    hooked=0x4abf7190 backup=0x75004a7030
    expectedEntryPoint=0x78adbed270 realEntryPoint=0x78adbed270 eq=true
    expectedAccessFlags=0x12300014 realAccessFlags=0x12300014 eq=true
  0xb40000762ed116b0 void com.google.android.gms.common.api.GoogleApiActivity.onCancel(android.content.DialogInterface)
    hooked=0x4abf7150 backup=0x7500486030
    expectedEntryPoint=0x78adbed258 realEntryPoint=0x78adbed258 eq=true
    expectedAccessFlags=0x12300011 realAccessFlags=0x12300011 eq=true
  0xb40000762ed12730 void com.google.android.gms.common.api.GoogleApiActivity.onActivityResult(int, int, android.content.Intent)
    hooked=0x4abf7130 backup=0x7500465030
    expectedEntryPoint=0x78adbed240 realEntryPoint=0x78adbed240 eq=true
    expectedAccessFlags=0x12200014 realAccessFlags=0x12200014 eq=true
  0xb40000769ecbd330 void com.google.android.gms.common.api.GoogleApiActivity.b()
    hooked=0x4abf7110 backup=0x7500444050
    expectedEntryPoint=0x78adbed228 realEntryPoint=0x78adbed228 eq=true
    expectedAccessFlags=0x12300012 realAccessFlags=0x12300012 eq=true
  0xb40000769ecbde70 void com.google.android.gms.common.api.GoogleApiActivity.onCreate(android.os.Bundle)
    hooked=0x4abf7170 backup=0x7500403030
    expectedEntryPoint=0x78adbed210 realEntryPoint=0x78adbed210 eq=true
    expectedAccessFlags=0x12300014 realAccessFlags=0x12300014 eq=true
  0xb40000769ecbc010 void android.app.Activity.onCreate(android.os.Bundle)
    hooked=0x70ae7a18 backup=0x75003e2030
    expectedEntryPoint=0x78adbed1f8 realEntryPoint=0x78adbed1f8 eq=true
    expectedAccessFlags=0x12380004 realAccessFlags=0x12380004 eq=true
  0xb40000769ecbb7a0 void emp.setPreferencesFromResource(int, java.lang.String)
    hooked=0x4ad0f798 backup=0x75003c1030
    expectedEntryPoint=0x78adbed1e0 realEntryPoint=0x78adbed1e0 eq=true
    expectedAccessFlags=0x1a200001 realAccessFlags=0x1a200001 eq=true
  0xb40000762ed11810 android.content.Intent android.content.Intent.putExtra(java.lang.String, java.lang.String)
    hooked=0x70b0cb50 backup=0x75003a0030
    expectedEntryPoint=0x78adbed1c8 realEntryPoint=0x78adbed1c8 eq=true
    expectedAccessFlags=0x12300001 realAccessFlags=0x12300001 eq=true
  0xb40000762ed12ec0 android.content.ClipData android.content.ClipData.newPlainText(java.lang.CharSequence, java.lang.CharSequence)
    hooked=0x707f80c0 backup=0x750037f030
    expectedEntryPoint=0x78adbed1b0 realEntryPoint=0x78adbed1b0 eq=true
    expectedAccessFlags=0x12380009 realAccessFlags=0x12380009 eq=true
  0xb4000077decaf530 long anke.e(bowq, long, long)
    hooked=0x4aab0728 backup=0x750035e030
    expectedEntryPoint=0x78adbed198 realEntryPoint=0x78adbed198 eq=true
    expectedAccessFlags=0x12000009 realAccessFlags=0x12000009 eq=true
  0xb4000077decaf7d0 double anke.u(bowq, long, double)
    hooked=0x4aab0928 backup=0x750033d030
    expectedEntryPoint=0x78adbed180 realEntryPoint=0x78adbed180 eq=true
    expectedAccessFlags=0x1200000a realAccessFlags=0x1200000a eq=true
  0xb4000077decbc0d0 boolean anke.j(bowq, long, boolean)
    hooked=0x4aab07c8 backup=0x750031c030
    expectedEntryPoint=0x78adbed168 realEntryPoint=0x78adbed168 eq=true
    expectedAccessFlags=0x12000009 realAccessFlags=0x12000009 eq=true
  0xb40000764ed76bd0 boolean kci.e()
    hooked=0x4aaa4cd8 backup=0x75002fb030
    expectedEntryPoint=0x78adbed150 realEntryPoint=0x78adbed150 eq=true
    expectedAccessFlags=0x12300011 realAccessFlags=0x12300011 eq=true
  0xb4000077decbc4f0 java.lang.CharSequence kcg.d()
    hooked=0x4aaa59f8 backup=0x75002da030
    expectedEntryPoint=0x78adbed138 realEntryPoint=0x78adbed138 eq=true
    expectedAccessFlags=0x12300011 realAccessFlags=0x12300011 eq=true
  0xb40000764ed6c310 void pri.n()
    hooked=0x4abcaf58 backup=0x75002b9030
    expectedEntryPoint=0x78adbed120 realEntryPoint=0x78adbed120 eq=true
    expectedAccessFlags=0x12300011 realAccessFlags=0x12300011 eq=true
  0xb4000077decbbe30 void ley.<init>(aowt, boolean)
    hooked=0x4aae7310 backup=0x7500298030
    expectedEntryPoint=0x78adbed108 realEntryPoint=0x78adbed108 eq=true
    expectedAccessFlags=0x12210001 realAccessFlags=0x12210001 eq=true
  0xb4000077decbc550 void qxx.c(int, nbi, boolean)
    hooked=0x4abb87c8 backup=0x7500278030
    expectedEntryPoint=0x78adbed0f0 realEntryPoint=0x78adbed0f0 eq=true
    expectedAccessFlags=0x12200011 realAccessFlags=0x12200011 eq=true
  0xb40000764ed6eed0 boolean ayox.g(bqup)
    hooked=0x4ac6d4d8 backup=0x7500258030
    expectedEntryPoint=0x78adbed0d8 realEntryPoint=0x78adbed0d8 eq=true
    expectedAccessFlags=0x12300009 realAccessFlags=0x12300009 eq=true
  0xb40000764ed744c0 void badd.bj(baks)
    hooked=0x4aa84660 backup=0x7500238030
    expectedEntryPoint=0x78adbed0c0 realEntryPoint=0x78adbed0c0 eq=true
    expectedAccessFlags=0x12300012 realAccessFlags=0x12300012 eq=true
  0xb40000764ed6ca40 void bajm.d(boolean)
    hooked=0x4ad08e80 backup=0x7500218030
    expectedEntryPoint=0x78adbed0a8 realEntryPoint=0x78adbed0a8 eq=true
    expectedAccessFlags=0x12200011 realAccessFlags=0x12200011 eq=true
  0xb40000764ed7adc0 void iwf.onCreate()
    hooked=0x4aa9a358 backup=0x7500190030
    expectedEntryPoint=0x78adbed090 realEntryPoint=0x78adbed090 eq=true
    expectedAccessFlags=0x12300011 realAccessFlags=0x12300011 eq=true
  0xb40000769ecc48c0 void android.app.ActivityThread.attach(boolean, long)
    hooked=0x70aee278 backup=0x750010c050
    expectedEntryPoint=0x78adbed078 realEntryPoint=0x78adbed078 eq=true
    expectedAccessFlags=0x2000002 realAccessFlags=0x2000002 eq=true
  0xb40000769ecc4cb0 void android.app.LoadedApk.createOrUpdateClassLoaderLocked(java.util.List)
    hooked=0x707b3470 backup=0x75000ca030
    expectedEntryPoint=0x78adbed060 realEntryPoint=0x78adbed060 eq=true
    expectedAccessFlags=0x2380002 realAccessFlags=0x2380002 eq=true
  0xb4000075decbbfd0 void android.app.LoadedApk.<init>(android.app.ActivityThread, android.content.pm.ApplicationInfo, android.content.res.CompatibilityInfo, java.lang.ClassLoader, boolean, boolean, boolean)
    hooked=0x707b32d0 backup=0x75000a9030
    expectedEntryPoint=0x78adbed048 realEntryPoint=0x78adbed048 eq=true
    expectedAccessFlags=0x2290001 realAccessFlags=0x2290001 eq=true
  0xb4000076fecf5e30 java.lang.Object dalvik.system.DexFile.openInMemoryDexFiles(java.nio.ByteBuffer[], java.lang.ClassLoader, dalvik.system.DexPathList$Element[])
    hooked=0x6ff37c58 backup=0x7500088030
    expectedEntryPoint=0x78adbed030 realEntryPoint=0x78adbed030 eq=true
    expectedAccessFlags=0x238000a realAccessFlags=0x238000a eq=true
  0xb4000076fecf4cb0 java.lang.Object dalvik.system.DexFile.openDexFile(java.lang.String, java.lang.String, int, java.lang.ClassLoader, dalvik.system.DexPathList$Element[])
    hooked=0x6ff37c18 backup=0x7500067030
    expectedEntryPoint=0x78adbed018 realEntryPoint=0x78adbed018 eq=true
    expectedAccessFlags=0x228000a realAccessFlags=0x228000a eq=true
  0xb40000769ecd5b40 void java.lang.Thread.dispatchUncaughtException(java.lang.Throwable)
    hooked=0x6fe3b7f8 backup=0x7500046030
    expectedEntryPoint=0x78adbed000 realEntryPoint=0x78adbed000 eq=true
    expectedAccessFlags=0x2380011 realAccessFlags=0x2380011 eq=true
  0xb40000762ed1ff10 deoptimized java.io.File android.app.ContextImpl.getSharedPreferencesPath(java.lang.String)
    hooked=0x70791d58 backup=0x0
    expectedEntryPoint=0x75d8d951e0 realEntryPoint=0x75d8d951e0 eq=true
    expectedAccessFlags=0x40380001 realAccessFlags=0x40380001 eq=true
  0xb4000076fecf74f0 deoptimized android.app.Application android.app.Instrumentation.newApplication(java.lang.ClassLoader, java.lang.String, android.content.Context)
    hooked=0x70afb510 backup=0x0
    expectedEntryPoint=0x75d8d951e0 realEntryPoint=0x75d8d951e0 eq=true
    expectedAccessFlags=0x50380001 realAccessFlags=0x50380001 eq=true
  0xb4000075eecb6610 deoptimized android.app.Application android.app.LoadedApk.makeApplicationInner(boolean, android.app.Instrumentation, boolean)
    hooked=0x707b3970 backup=0x0
    expectedEntryPoint=0x75d8d951e0 realEntryPoint=0x75d8d951e0 eq=true
    expectedAccessFlags=0x40280002 realAccessFlags=0x40280002 eq=true
  0xb40000762ed1ea70 deoptimized android.app.Application android.app.LoadedApk.makeApplicationInner(boolean, android.app.Instrumentation)
    hooked=0x707b3950 backup=0x0
    expectedEntryPoint=0x75d8d951e0 realEntryPoint=0x75d8d951e0 eq=true
    expectedAccessFlags=0x40280001 realAccessFlags=0x40280001 eq=true
  0xb40000762ed20800 deoptimized android.app.Application android.app.LoadedApk.makeApplication(boolean, android.app.Instrumentation)
    hooked=0x707b3930 backup=0x0
    expectedEntryPoint=0x75d8d951e0 realEntryPoint=0x75d8d951e0 eq=true
    expectedAccessFlags=0x40280001 realAccessFlags=0x40280001 eq=true

pid=15480 uid=10668 name=com.instagram.android 64bit debugInfo=0x75d8a836b0 entryPointOff=24 accessFlagsOff=4
  0xb4000075eecb9490 android.app.Activity android.app.Instrumentation.newActivity(java.lang.ClassLoader, java.lang.String, android.content.Intent)
    hooked=0x70afb4d0 backup=0x7500426030
    expectedEntryPoint=0x78adbf71c8 realEntryPoint=0x78adbf71c8 eq=true
    expectedAccessFlags=0x12380001 realAccessFlags=0x12380001 eq=true
  0xb4000077decbac90 void X.0yK.A0E(java.util.Collection)
    hooked=0x4a4d2128 backup=0x7500406050
    expectedEntryPoint=0x78adbf71b0 realEntryPoint=0x78adbf71b0 eq=true
    expectedAccessFlags=0x12300002 realAccessFlags=0x12300002 eq=true
  0xb40000773ecb8660 void com.instagram.app.InstagramAppShell.onCreate()
    hooked=0x4a52aaf8 backup=0x750037f030
    expectedEntryPoint=0x78adbf7198 realEntryPoint=0x78adbf7198 eq=true
    expectedAccessFlags=0x12300011 realAccessFlags=0x12300011 eq=true
  0xb40000769ecd53f0 android.os.LocaleList android.os.LocaleList.getAdjustedDefault()
    hooked=0x708f0ab8 backup=0x750033a030
    expectedEntryPoint=0x78adbf7180 realEntryPoint=0x78adbf7180 eq=true
    expectedAccessFlags=0x12380009 realAccessFlags=0x12380009 eq=true
  0xb40000769ecd5990 android.os.LocaleList android.os.LocaleList.getDefault()
    hooked=0x708f0ad8 backup=0x7500319030
    expectedEntryPoint=0x78adbf7168 realEntryPoint=0x78adbf7168 eq=true
    expectedAccessFlags=0x12380009 realAccessFlags=0x12380009 eq=true
  0xb40000769ecbead0 void android.content.res.Configuration.setLocales(android.os.LocaleList)
    hooked=0x70827728 backup=0x75002f8030
    expectedEntryPoint=0x78adbf7150 realEntryPoint=0x78adbf7150 eq=true
    expectedAccessFlags=0x12380001 realAccessFlags=0x12380001 eq=true
  0xb40000769ecc0db0 android.os.LocaleList android.content.res.Configuration.getLocales()
    hooked=0x70827448 backup=0x75002d7030
    expectedEntryPoint=0x78adbf7138 realEntryPoint=0x78adbf7138 eq=true
    expectedAccessFlags=0x12380001 realAccessFlags=0x12380001 eq=true
  0xb40000769ecbf100 java.util.Locale java.util.Locale.getDefault(java.util.Locale$Category)
    hooked=0x6fde5888 backup=0x75002b6030
    expectedEntryPoint=0x78adbf7120 realEntryPoint=0x78adbf7120 eq=true
    expectedAccessFlags=0x12380009 realAccessFlags=0x12380009 eq=true
  0xb40000773ecb77f0 void android.content.res.Configuration.<init>()
    hooked=0x70827188 backup=0x7500295030
    expectedEntryPoint=0x78adbf7108 realEntryPoint=0x78adbf7108 eq=true
    expectedAccessFlags=0x12390001 realAccessFlags=0x12390001 eq=true
  0xb40000769ecbef50 android.content.res.Resources android.content.res.Resources.getSystem()
    hooked=0x70826740 backup=0x7500274030
    expectedEntryPoint=0x78adbf70f0 realEntryPoint=0x78adbf70f0 eq=true
    expectedAccessFlags=0x12380009 realAccessFlags=0x12380009 eq=true
  0xb40000769ecbe380 void android.content.res.Configuration.setLocale(java.util.Locale)
    hooked=0x70827708 backup=0x7500253030
    expectedEntryPoint=0x78adbf70d8 realEntryPoint=0x78adbf70d8 eq=true
    expectedAccessFlags=0x12380001 realAccessFlags=0x12380001 eq=true
  0xb4000075eecb57d0 void android.content.res.Resources.updateConfiguration(android.content.res.Configuration, android.util.DisplayMetrics)
    hooked=0x70826cc0 backup=0x7500232030
    expectedEntryPoint=0x78adbf70c0 realEntryPoint=0x78adbf70c0 eq=true
    expectedAccessFlags=0x12380001 realAccessFlags=0x12380001 eq=true
  0xb40000769ecc2430 android.content.res.Configuration android.content.res.Resources.getConfiguration()
    hooked=0x708262a0 backup=0x7500211030
    expectedEntryPoint=0x78adbf70a8 realEntryPoint=0x78adbf70a8 eq=true
    expectedAccessFlags=0x12380001 realAccessFlags=0x12380001 eq=true
  0xb40000773ecb91c0 java.util.Locale java.util.Locale.getDefault()
    hooked=0x6fde5868 backup=0x75001f0030
    expectedEntryPoint=0x78adbf7090 realEntryPoint=0x78adbf7090 eq=true
    expectedAccessFlags=0x12380009 realAccessFlags=0x12380009 eq=true
  0xb40000769ecc3c60 void android.app.ActivityThread.attach(boolean, long)
    hooked=0x70aee278 backup=0x750010c050
    expectedEntryPoint=0x78adbf7078 realEntryPoint=0x78adbf7078 eq=true
    expectedAccessFlags=0x2000002 realAccessFlags=0x2000002 eq=true
  0xb40000769ecd5b40 void android.app.LoadedApk.createOrUpdateClassLoaderLocked(java.util.List)
    hooked=0x707b3470 backup=0x75000ca030
    expectedEntryPoint=0x78adbf7060 realEntryPoint=0x78adbf7060 eq=true
    expectedAccessFlags=0x2380002 realAccessFlags=0x2380002 eq=true
  0xb4000075decbb7f0 void android.app.LoadedApk.<init>(android.app.ActivityThread, android.content.pm.ApplicationInfo, android.content.res.CompatibilityInfo, java.lang.ClassLoader, boolean, boolean, boolean)
    hooked=0x707b32d0 backup=0x75000a9030
    expectedEntryPoint=0x78adbf7048 realEntryPoint=0x78adbf7048 eq=true
    expectedAccessFlags=0x2290001 realAccessFlags=0x2290001 eq=true
  0xb4000076fecf6df0 java.lang.Object dalvik.system.DexFile.openInMemoryDexFiles(java.nio.ByteBuffer[], java.lang.ClassLoader, dalvik.system.DexPathList$Element[])
    hooked=0x6ff37c58 backup=0x7500088030
    expectedEntryPoint=0x78adbf7030 realEntryPoint=0x78adbf7030 eq=true
    expectedAccessFlags=0x238000a realAccessFlags=0x238000a eq=true
  0xb4000076fecf66f0 java.lang.Object dalvik.system.DexFile.openDexFile(java.lang.String, java.lang.String, int, java.lang.ClassLoader, dalvik.system.DexPathList$Element[])
    hooked=0x6ff37c18 backup=0x7500067030
    expectedEntryPoint=0x78adbf7018 realEntryPoint=0x78adbf7018 eq=true
    expectedAccessFlags=0x228000a realAccessFlags=0x228000a eq=true
  0xb40000769eccae00 void java.lang.Thread.dispatchUncaughtException(java.lang.Throwable)
    hooked=0x6fe3b7f8 backup=0x7500046030
    expectedEntryPoint=0x78adbf7000 realEntryPoint=0x78adbf7000 eq=true
    expectedAccessFlags=0x2380011 realAccessFlags=0x2380011 eq=true
  0xb40000762ed1ff10 deoptimized java.io.File android.app.ContextImpl.getSharedPreferencesPath(java.lang.String)
    hooked=0x70791d58 backup=0x0
    expectedEntryPoint=0x75d8d951e0 realEntryPoint=0x75d8d951e0 eq=true
    expectedAccessFlags=0x40380001 realAccessFlags=0x40380001 eq=true
  0xb4000076fecf74f0 deoptimized android.app.Application android.app.Instrumentation.newApplication(java.lang.ClassLoader, java.lang.String, android.content.Context)
    hooked=0x70afb510 backup=0x0
    expectedEntryPoint=0x75d8d951e0 realEntryPoint=0x75d8d951e0 eq=true
    expectedAccessFlags=0x50380001 realAccessFlags=0x50380001 eq=true
  0xb4000075eecb6610 deoptimized android.app.Application android.app.LoadedApk.makeApplicationInner(boolean, android.app.Instrumentation, boolean)
    hooked=0x707b3970 backup=0x0
    expectedEntryPoint=0x75d8d951e0 realEntryPoint=0x75d8d951e0 eq=true
    expectedAccessFlags=0x40280002 realAccessFlags=0x40280002 eq=true
  0xb40000762ed1ea70 deoptimized android.app.Application android.app.LoadedApk.makeApplicationInner(boolean, android.app.Instrumentation)
    hooked=0x707b3950 backup=0x0
    expectedEntryPoint=0x75d8d951e0 realEntryPoint=0x75d8d951e0 eq=true
    expectedAccessFlags=0x40280001 realAccessFlags=0x40280001 eq=true
  0xb40000762ed20800 deoptimized android.app.Application android.app.LoadedApk.makeApplication(boolean, android.app.Instrumentation)
    hooked=0x707b3930 backup=0x0
    expectedEntryPoint=0x75d8d951e0 realEntryPoint=0x75d8d951e0 eq=true
    expectedAccessFlags=0x40280001 realAccessFlags=0x40280001 eq=true

pid=14181 uid=10707 name=com.google.android.apps.maps 64bit debugInfo=0x75d8a836b0 entryPointOff=24 accessFlagsOff=4
  0xb40000762ed174e0 void com.google.android.apps.gmm.base.layout.MainLayout.<init>(android.content.Context, android.util.AttributeSet)
    hooked=0x4a890da0 backup=0x75001f0030
    expectedEntryPoint=0x78adbed0c0 realEntryPoint=0x78adbed0c0 eq=true
    expectedAccessFlags=0x12310001 realAccessFlags=0x12310001 eq=true
  0xb40000762ed17430 void com.google.android.apps.gmm.base.layout.MainLayout.<init>(android.content.Context)
    hooked=0x4a890d80 backup=0x75001cf030
    expectedEntryPoint=0x78adbed0a8 realEntryPoint=0x78adbed0a8 eq=true
    expectedAccessFlags=0x12310001 realAccessFlags=0x12310001 eq=true
  0xb40000769ecbd0f0 void android.content.ContextWrapper.attachBaseContext(android.content.Context)
    hooked=0x7076b108 backup=0x750016e050
    expectedEntryPoint=0x78adbed090 realEntryPoint=0x78adbed090 eq=true
    expectedAccessFlags=0x12380004 realAccessFlags=0x12380004 eq=true
  0xb40000769ecc3c60 void android.app.ActivityThread.attach(boolean, long)
    hooked=0x70aee278 backup=0x750010c050
    expectedEntryPoint=0x78adbed078 realEntryPoint=0x78adbed078 eq=true
    expectedAccessFlags=0x2000002 realAccessFlags=0x2000002 eq=true
  0xb40000769ecd5b40 void android.app.LoadedApk.createOrUpdateClassLoaderLocked(java.util.List)
    hooked=0x707b3470 backup=0x75000ca030
    expectedEntryPoint=0x78adbed060 realEntryPoint=0x78adbed060 eq=true
    expectedAccessFlags=0x2380002 realAccessFlags=0x2380002 eq=true
  0xb4000075decb3450 void android.app.LoadedApk.<init>(android.app.ActivityThread, android.content.pm.ApplicationInfo, android.content.res.CompatibilityInfo, java.lang.ClassLoader, boolean, boolean, boolean)
    hooked=0x707b32d0 backup=0x75000a9030
    expectedEntryPoint=0x78adbed048 realEntryPoint=0x78adbed048 eq=true
    expectedAccessFlags=0x2290001 realAccessFlags=0x2290001 eq=true
  0xb4000076fecf5e30 java.lang.Object dalvik.system.DexFile.openInMemoryDexFiles(java.nio.ByteBuffer[], java.lang.ClassLoader, dalvik.system.DexPathList$Element[])
    hooked=0x6ff37c58 backup=0x7500088030
    expectedEntryPoint=0x78adbed030 realEntryPoint=0x78adbed030 eq=true
    expectedAccessFlags=0x238000a realAccessFlags=0x238000a eq=true
  0xb4000076fecf4cb0 java.lang.Object dalvik.system.DexFile.openDexFile(java.lang.String, java.lang.String, int, java.lang.ClassLoader, dalvik.system.DexPathList$Element[])
    hooked=0x6ff37c18 backup=0x7500067030
    expectedEntryPoint=0x78adbed018 realEntryPoint=0x78adbed018 eq=true
    expectedAccessFlags=0x228000a realAccessFlags=0x228000a eq=true
  0xb40000769eccae00 void java.lang.Thread.dispatchUncaughtException(java.lang.Throwable)
    hooked=0x6fe3b7f8 backup=0x7500046030
    expectedEntryPoint=0x78adbed000 realEntryPoint=0x78adbed000 eq=true
    expectedAccessFlags=0x2380011 realAccessFlags=0x2380011 eq=true
  0xb40000762ed1ff10 deoptimized java.io.File android.app.ContextImpl.getSharedPreferencesPath(java.lang.String)
    hooked=0x70791d58 backup=0x0
    expectedEntryPoint=0x75d8d951e0 realEntryPoint=0x75d8d951e0 eq=true
    expectedAccessFlags=0x40380001 realAccessFlags=0x40380001 eq=true
  0xb4000076fecf74f0 deoptimized android.app.Application android.app.Instrumentation.newApplication(java.lang.ClassLoader, java.lang.String, android.content.Context)
    hooked=0x70afb510 backup=0x0
    expectedEntryPoint=0x75d8d951e0 realEntryPoint=0x75d8d951e0 eq=true
    expectedAccessFlags=0x50380001 realAccessFlags=0x50380001 eq=true
  0xb4000075eecb6610 deoptimized android.app.Application android.app.LoadedApk.makeApplicationInner(boolean, android.app.Instrumentation, boolean)
    hooked=0x707b3970 backup=0x0
    expectedEntryPoint=0x75d8d951e0 realEntryPoint=0x75d8d951e0 eq=true
    expectedAccessFlags=0x40280002 realAccessFlags=0x40280002 eq=true
  0xb40000762ed1ea70 deoptimized android.app.Application android.app.LoadedApk.makeApplicationInner(boolean, android.app.Instrumentation)
    hooked=0x707b3950 backup=0x0
    expectedEntryPoint=0x75d8d951e0 realEntryPoint=0x75d8d951e0 eq=true
    expectedAccessFlags=0x40280001 realAccessFlags=0x40280001 eq=true
  0xb40000762ed20800 deoptimized android.app.Application android.app.LoadedApk.makeApplication(boolean, android.app.Instrumentation)
    hooked=0x707b3930 backup=0x0
    expectedEntryPoint=0x75d8d951e0 realEntryPoint=0x75d8d951e0 eq=true
    expectedAccessFlags=0x40280001 realAccessFlags=0x40280001 eq=true

pid=8514 uid=10773 name=com.google.android.apps.photos 64bit debugInfo=0x75d8a836b0 entryPointOff=24 accessFlagsOff=4
  0xb4000075eecb9490 android.app.Activity android.app.Instrumentation.newActivity(java.lang.ClassLoader, java.lang.String, android.content.Intent)
    hooked=0x70afb4d0 backup=0x7500260030
    expectedEntryPoint=0x78adbf70d8 realEntryPoint=0x78adbf70d8 eq=true
    expectedAccessFlags=0x12380001 realAccessFlags=0x12380001 eq=true
  0xb40000762ed18fb0 boolean android.app.ApplicationPackageManager.hasSystemFeature(java.lang.String, int)
    hooked=0x70af6590 backup=0x7500240030
    expectedEntryPoint=0x78adbf70c0 realEntryPoint=0x78adbf70c0 eq=true
    expectedAccessFlags=0x12200001 realAccessFlags=0x12200001 eq=true
  0xb40000769ecc3fc0 boolean android.app.ApplicationPackageManager.hasSystemFeature(java.lang.String)
    hooked=0x70af6570 backup=0x7500220030
    expectedEntryPoint=0x78adbf70a8 realEntryPoint=0x78adbf70a8 eq=true
    expectedAccessFlags=0x12300001 realAccessFlags=0x12300001 eq=true
  0xb40000769ecd4940 void com.google.android.apps.photos.PhotosRoot_Application.onCreate()
    hooked=0x4a957160 backup=0x7500190030
    expectedEntryPoint=0x78adbf7090 realEntryPoint=0x78adbf7090 eq=true
    expectedAccessFlags=0x12300011 realAccessFlags=0x12300011 eq=true
  0xb40000769ecc3c60 void android.app.ActivityThread.attach(boolean, long)
    hooked=0x70aee278 backup=0x750010c050
    expectedEntryPoint=0x78adbf7078 realEntryPoint=0x78adbf7078 eq=true
    expectedAccessFlags=0x2000002 realAccessFlags=0x2000002 eq=true
  0xb40000769ecd5b40 void android.app.LoadedApk.createOrUpdateClassLoaderLocked(java.util.List)
    hooked=0x707b3470 backup=0x75000ca030
    expectedEntryPoint=0x78adbf7060 realEntryPoint=0x78adbf7060 eq=true
    expectedAccessFlags=0x2380002 realAccessFlags=0x2380002 eq=true
  0xb4000075decbbd90 void android.app.LoadedApk.<init>(android.app.ActivityThread, android.content.pm.ApplicationInfo, android.content.res.CompatibilityInfo, java.lang.ClassLoader, boolean, boolean, boolean)
    hooked=0x707b32d0 backup=0x75000a9030
    expectedEntryPoint=0x78adbf7048 realEntryPoint=0x78adbf7048 eq=true
    expectedAccessFlags=0x2290001 realAccessFlags=0x2290001 eq=true
  0xb4000076fecf5ab0 java.lang.Object dalvik.system.DexFile.openInMemoryDexFiles(java.nio.ByteBuffer[], java.lang.ClassLoader, dalvik.system.DexPathList$Element[])
    hooked=0x6ff37c58 backup=0x7500088030
    expectedEntryPoint=0x78adbf7030 realEntryPoint=0x78adbf7030 eq=true
    expectedAccessFlags=0x238000a realAccessFlags=0x238000a eq=true
  0xb4000076fecf4a10 java.lang.Object dalvik.system.DexFile.openDexFile(java.lang.String, java.lang.String, int, java.lang.ClassLoader, dalvik.system.DexPathList$Element[])
    hooked=0x6ff37c18 backup=0x7500067030
    expectedEntryPoint=0x78adbf7018 realEntryPoint=0x78adbf7018 eq=true
    expectedAccessFlags=0x228000a realAccessFlags=0x228000a eq=true
  0xb40000769eccae00 void java.lang.Thread.dispatchUncaughtException(java.lang.Throwable)
    hooked=0x6fe3b7f8 backup=0x7500046030
    expectedEntryPoint=0x78adbf7000 realEntryPoint=0x78adbf7000 eq=true
    expectedAccessFlags=0x2380011 realAccessFlags=0x2380011 eq=true
  0xb40000762ed1ff10 deoptimized java.io.File android.app.ContextImpl.getSharedPreferencesPath(java.lang.String)
    hooked=0x70791d58 backup=0x0
    expectedEntryPoint=0x75d8d951e0 realEntryPoint=0x75d8d951e0 eq=true
    expectedAccessFlags=0x40380001 realAccessFlags=0x40380001 eq=true
  0xb4000076fecf4cb0 deoptimized android.app.Application android.app.Instrumentation.newApplication(java.lang.ClassLoader, java.lang.String, android.content.Context)
    hooked=0x70afb510 backup=0x0
    expectedEntryPoint=0x75d8d951e0 realEntryPoint=0x75d8d951e0 eq=true
    expectedAccessFlags=0x50380001 realAccessFlags=0x50380001 eq=true
  0xb4000075eecb6610 deoptimized android.app.Application android.app.LoadedApk.makeApplicationInner(boolean, android.app.Instrumentation, boolean)
    hooked=0x707b3970 backup=0x0
    expectedEntryPoint=0x75d8d951e0 realEntryPoint=0x75d8d951e0 eq=true
    expectedAccessFlags=0x40280002 realAccessFlags=0x40280002 eq=true
  0xb40000762ed1ea70 deoptimized android.app.Application android.app.LoadedApk.makeApplicationInner(boolean, android.app.Instrumentation)
    hooked=0x707b3950 backup=0x0
    expectedEntryPoint=0x75d8d951e0 realEntryPoint=0x75d8d951e0 eq=true
    expectedAccessFlags=0x40280001 realAccessFlags=0x40280001 eq=true
  0xb40000762ed20800 deoptimized android.app.Application android.app.LoadedApk.makeApplication(boolean, android.app.Instrumentation)
    hooked=0x707b3930 backup=0x0
    expectedEntryPoint=0x75d8d951e0 realEntryPoint=0x75d8d951e0 eq=true
    expectedAccessFlags=0x40280001 realAccessFlags=0x40280001 eq=true

pid=5520 uid=1001 name=com.android.phone 64bit debugInfo=0x75d8a836b0 entryPointOff=24 accessFlagsOff=4
  0xb40000770ecc2050 void com.android.internal.telephony.InboundSmsHandler.dispatchIntent(android.content.Intent, java.lang.String, java.lang.String, android.os.Bundle, com.android.internal.telephony.InboundSmsHandler$SmsBroadcastReceiver, android.os.UserHandle, int)
    hooked=0x70f32c80 backup=0x7500191030
    expectedEntryPoint=0x78ad9220a8 realEntryPoint=0x78ad9220a8 eq=true
    expectedAccessFlags=0x2200001 realAccessFlags=0x2200001 eq=true
  0xb4000076aeca78d0 void com.android.internal.telephony.InboundSmsHandler.<init>(java.lang.String, android.content.Context, com.android.internal.telephony.SmsStorageMonitor, com.android.internal.telephony.Phone, android.os.Looper, com.android.internal.hidden_from_bootclasspath.com.android.internal.telephony.flags.FeatureFlags)
    hooked=0x70f32aa0 backup=0x7500170030
    expectedEntryPoint=0x78ad922090 realEntryPoint=0x78ad922090 eq=true
    expectedAccessFlags=0x2310004 realAccessFlags=0x2310004 eq=true
  0xb40000769ecc48c0 void android.app.ActivityThread.attach(boolean, long)
    hooked=0x70aee278 backup=0x750010c050
    expectedEntryPoint=0x78ad922078 realEntryPoint=0x78ad922078 eq=true
    expectedAccessFlags=0x2000002 realAccessFlags=0x2000002 eq=true
  0xb40000769ecc4cb0 void android.app.LoadedApk.createOrUpdateClassLoaderLocked(java.util.List)
    hooked=0x707b3470 backup=0x75000ca030
    expectedEntryPoint=0x78ad922060 realEntryPoint=0x78ad922060 eq=true
    expectedAccessFlags=0x2380002 realAccessFlags=0x2380002 eq=true
  0xb4000075decbbfd0 void android.app.LoadedApk.<init>(android.app.ActivityThread, android.content.pm.ApplicationInfo, android.content.res.CompatibilityInfo, java.lang.ClassLoader, boolean, boolean, boolean)
    hooked=0x707b32d0 backup=0x75000a9030
    expectedEntryPoint=0x78ad922048 realEntryPoint=0x78ad922048 eq=true
    expectedAccessFlags=0x2290001 realAccessFlags=0x2290001 eq=true
  0xb4000076fecf7090 java.lang.Object dalvik.system.DexFile.openInMemoryDexFiles(java.nio.ByteBuffer[], java.lang.ClassLoader, dalvik.system.DexPathList$Element[])
    hooked=0x6ff37c58 backup=0x7500088030
    expectedEntryPoint=0x78ad922030 realEntryPoint=0x78ad922030 eq=true
    expectedAccessFlags=0x238000a realAccessFlags=0x238000a eq=true
  0xb4000076fecf6df0 java.lang.Object dalvik.system.DexFile.openDexFile(java.lang.String, java.lang.String, int, java.lang.ClassLoader, dalvik.system.DexPathList$Element[])
    hooked=0x6ff37c18 backup=0x7500067030
    expectedEntryPoint=0x78ad922018 realEntryPoint=0x78ad922018 eq=true
    expectedAccessFlags=0x228000a realAccessFlags=0x228000a eq=true
  0xb40000769ecd5b40 void java.lang.Thread.dispatchUncaughtException(java.lang.Throwable)
    hooked=0x6fe3b7f8 backup=0x7500046030
    expectedEntryPoint=0x78ad922000 realEntryPoint=0x78ad922000 eq=true
    expectedAccessFlags=0x2380011 realAccessFlags=0x2380011 eq=true
  0xb40000762ed1ff10 deoptimized java.io.File android.app.ContextImpl.getSharedPreferencesPath(java.lang.String)
    hooked=0x70791d58 backup=0x0
    expectedEntryPoint=0x75d8d951e0 realEntryPoint=0x75d8d951e0 eq=true
    expectedAccessFlags=0x40380001 realAccessFlags=0x40380001 eq=true
  0xb4000076fecf4cb0 deoptimized android.app.Application android.app.Instrumentation.newApplication(java.lang.ClassLoader, java.lang.String, android.content.Context)
    hooked=0x70afb510 backup=0x0
    expectedEntryPoint=0x75d8d951e0 realEntryPoint=0x75d8d951e0 eq=true
    expectedAccessFlags=0x50380001 realAccessFlags=0x50380001 eq=true
  0xb4000075eecb6610 deoptimized android.app.Application android.app.LoadedApk.makeApplicationInner(boolean, android.app.Instrumentation, boolean)
    hooked=0x707b3970 backup=0x0
    expectedEntryPoint=0x75d8d951e0 realEntryPoint=0x75d8d951e0 eq=true
    expectedAccessFlags=0x40280002 realAccessFlags=0x40280002 eq=true
  0xb40000762ed1ea70 deoptimized android.app.Application android.app.LoadedApk.makeApplicationInner(boolean, android.app.Instrumentation)
    hooked=0x707b3950 backup=0x0
    expectedEntryPoint=0x75d8d951e0 realEntryPoint=0x75d8d951e0 eq=true
    expectedAccessFlags=0x40280001 realAccessFlags=0x40280001 eq=true
  0xb40000762ed20800 deoptimized android.app.Application android.app.LoadedApk.makeApplication(boolean, android.app.Instrumentation)
    hooked=0x707b3930 backup=0x0
    expectedEntryPoint=0x75d8d951e0 realEntryPoint=0x75d8d951e0 eq=true
    expectedAccessFlags=0x40280001 realAccessFlags=0x40280001 eq=true

pid=5147 uid=10437 name=com.android.systemui 64bit debugInfo=0x75d8a836b0 entryPointOff=24 accessFlagsOff=4
  0xb40000769ecd4940 void com.android.systemui.qs.QSTileRevealController$1.run()
    hooked=0x75001bee70 backup=0x75002d9030
    expectedEntryPoint=0x78ad92c150 realEntryPoint=0x78ad92c150 eq=true
    expectedAccessFlags=0x12300011 realAccessFlags=0x12300011 eq=true
  0xb40000769ecc21f0 void com.android.systemui.qs.QSPanelControllerBase.setTiles()
    hooked=0x75001bec90 backup=0x75002b8030
    expectedEntryPoint=0x78ad92c138 realEntryPoint=0x78ad92c138 eq=true
    expectedAccessFlags=0x1a300001 realAccessFlags=0x1a300001 eq=true
  0xb40000762ed14fc0 boolean com.android.systemui.statusbar.phone.PhoneStatusBarView.onTouchEvent(android.view.MotionEvent)
    hooked=0x75001be820 backup=0x7500297030
    expectedEntryPoint=0x78ad92c120 realEntryPoint=0x78ad92c120 eq=true
    expectedAccessFlags=0x12300011 realAccessFlags=0x12380011 eq=false
  0xb40000769ecc43b0 void com.android.systemui.statusbar.phone.PhoneStatusBarView.onDetachedFromWindow()
    hooked=0x75001be7a0 backup=0x7500276030
    expectedEntryPoint=0x78ad92c108 realEntryPoint=0x78ad92c108 eq=true
    expectedAccessFlags=0x12300011 realAccessFlags=0x12380011 eq=false
  0xb4000075eecb57d0 void com.android.systemui.statusbar.phone.PhoneStatusBarView.onConfigurationChanged(android.content.res.Configuration)
    hooked=0x75001be780 backup=0x7500255030
    expectedEntryPoint=0x78ad92c0f0 realEntryPoint=0x78ad92c0f0 eq=true
    expectedAccessFlags=0x12300011 realAccessFlags=0x12380011 eq=false
  0xb40000769ecc2430 void com.android.systemui.statusbar.phone.PhoneStatusBarView.onAttachedToWindow()
    hooked=0x75001be760 backup=0x7500234030
    expectedEntryPoint=0x78ad92c0d8 realEntryPoint=0x78ad92c0d8 eq=true
    expectedAccessFlags=0x12300011 realAccessFlags=0x12380011 eq=false
  0xb40000762ed12f70 void com.android.systemui.statusbar.policy.BatteryController$BatteryStateChangeCallback.onPowerSaveChanged(boolean)
    hooked=0x75001bdf30 backup=0x7500213030
    expectedEntryPoint=0x78ad92c0c0 realEntryPoint=0x78ad92c0c0 eq=true
    expectedAccessFlags=0x12600001 realAccessFlags=0x12680001 eq=false
  0xb40000769ecc5490 void com.android.systemui.qs.tiles.BatterySaverTile.onPowerSaveChanged(boolean)
    hooked=0x75001be0e0 backup=0x75001f2030
    expectedEntryPoint=0x78ad92c0a8 realEntryPoint=0x78ad92c0a8 eq=true
    expectedAccessFlags=0x12200011 realAccessFlags=0x12280011 eq=false
  0xb4000075eecb6790 void com.android.settingslib.fuelgauge.BatterySaverUtils.setPowerSaveMode(int, android.content.Context, boolean, boolean)
    hooked=0x75001b6180 backup=0x75001d1030
    expectedEntryPoint=0x78ad92c090 realEntryPoint=0x78ad92c090 eq=true
    expectedAccessFlags=0x12220009 realAccessFlags=0x12220009 eq=true
  0xb40000769ecc3c60 void android.app.ActivityThread.attach(boolean, long)
    hooked=0x70aee278 backup=0x750010c050
    expectedEntryPoint=0x78ad92c078 realEntryPoint=0x78ad92c078 eq=true
    expectedAccessFlags=0x2000002 realAccessFlags=0x2000002 eq=true
  0xb40000769ecd5b40 void android.app.LoadedApk.createOrUpdateClassLoaderLocked(java.util.List)
    hooked=0x707b3470 backup=0x75000ca030
    expectedEntryPoint=0x78ad92c060 realEntryPoint=0x78ad92c060 eq=true
    expectedAccessFlags=0x2380002 realAccessFlags=0x2380002 eq=true
  0xb4000075decbc9f0 void android.app.LoadedApk.<init>(android.app.ActivityThread, android.content.pm.ApplicationInfo, android.content.res.CompatibilityInfo, java.lang.ClassLoader, boolean, boolean, boolean)
    hooked=0x707b32d0 backup=0x75000a9030
    expectedEntryPoint=0x78ad92c048 realEntryPoint=0x78ad92c048 eq=true
    expectedAccessFlags=0x2290001 realAccessFlags=0x2290001 eq=true
  0xb4000076fecf7090 java.lang.Object dalvik.system.DexFile.openInMemoryDexFiles(java.nio.ByteBuffer[], java.lang.ClassLoader, dalvik.system.DexPathList$Element[])
    hooked=0x6ff37c58 backup=0x7500088030
    expectedEntryPoint=0x78ad92c030 realEntryPoint=0x78ad92c030 eq=true
    expectedAccessFlags=0x238000a realAccessFlags=0x238000a eq=true
  0xb4000076fecf6df0 java.lang.Object dalvik.system.DexFile.openDexFile(java.lang.String, java.lang.String, int, java.lang.ClassLoader, dalvik.system.DexPathList$Element[])
    hooked=0x6ff37c18 backup=0x7500067030
    expectedEntryPoint=0x78ad92c018 realEntryPoint=0x78ad92c018 eq=true
    expectedAccessFlags=0x228000a realAccessFlags=0x228000a eq=true
  0xb40000769eccae00 void java.lang.Thread.dispatchUncaughtException(java.lang.Throwable)
    hooked=0x6fe3b7f8 backup=0x7500046030
    expectedEntryPoint=0x78ad92c000 realEntryPoint=0x78ad92c000 eq=true
    expectedAccessFlags=0x2380011 realAccessFlags=0x2380011 eq=true
  0xb40000762ed1ff10 deoptimized java.io.File android.app.ContextImpl.getSharedPreferencesPath(java.lang.String)
    hooked=0x70791d58 backup=0x0
    expectedEntryPoint=0x75d8d951e0 realEntryPoint=0x75d8d951e0 eq=true
    expectedAccessFlags=0x40380001 realAccessFlags=0x40380001 eq=true
  0xb4000076fecf4cb0 deoptimized android.app.Application android.app.Instrumentation.newApplication(java.lang.ClassLoader, java.lang.String, android.content.Context)
    hooked=0x70afb510 backup=0x0
    expectedEntryPoint=0x75d8d951e0 realEntryPoint=0x75d8d951e0 eq=true
    expectedAccessFlags=0x50380001 realAccessFlags=0x50380001 eq=true
  0xb4000075eecb6610 deoptimized android.app.Application android.app.LoadedApk.makeApplicationInner(boolean, android.app.Instrumentation, boolean)
    hooked=0x707b3970 backup=0x0
    expectedEntryPoint=0x75d8d951e0 realEntryPoint=0x75d8d951e0 eq=true
    expectedAccessFlags=0x40280002 realAccessFlags=0x40280002 eq=true
  0xb40000762ed1ea70 deoptimized android.app.Application android.app.LoadedApk.makeApplicationInner(boolean, android.app.Instrumentation)
    hooked=0x707b3950 backup=0x0
    expectedEntryPoint=0x75d8d951e0 realEntryPoint=0x75d8d951e0 eq=true
    expectedAccessFlags=0x40280001 realAccessFlags=0x40280001 eq=true
  0xb40000762ed20800 deoptimized android.app.Application android.app.LoadedApk.makeApplication(boolean, android.app.Instrumentation)
    hooked=0x707b3930 backup=0x0
    expectedEntryPoint=0x75d8d951e0 realEntryPoint=0x75d8d951e0 eq=true
    expectedAccessFlags=0x40280001 realAccessFlags=0x40280001 eq=true

pid=15484 uid=10658 name=com.pozitron.hepsiburada 64bit debugInfo=0x75d8a836b0 entryPointOff=24 accessFlagsOff=4
  0xb40000769ecc51c0 boolean android.os.SystemProperties.native_get_boolean(java.lang.String, boolean)
    hooked=0x70b7df60 backup=0x750016f030
    expectedEntryPoint=0x78adbed090 realEntryPoint=0x78adbed090 eq=true
    expectedAccessFlags=0x228010a realAccessFlags=0x228010a eq=true
  0xb40000769ecc3c60 void android.app.ActivityThread.attach(boolean, long)
    hooked=0x70aee278 backup=0x750010c050
    expectedEntryPoint=0x78adbed078 realEntryPoint=0x78adbed078 eq=true
    expectedAccessFlags=0x2000002 realAccessFlags=0x2000002 eq=true
  0xb40000769ecd5b40 void android.app.LoadedApk.createOrUpdateClassLoaderLocked(java.util.List)
    hooked=0x707b3470 backup=0x75000ca030
    expectedEntryPoint=0x78adbed060 realEntryPoint=0x78adbed060 eq=true
    expectedAccessFlags=0x2380002 realAccessFlags=0x2380002 eq=true
  0xb4000075decbb7f0 void android.app.LoadedApk.<init>(android.app.ActivityThread, android.content.pm.ApplicationInfo, android.content.res.CompatibilityInfo, java.lang.ClassLoader, boolean, boolean, boolean)
    hooked=0x707b32d0 backup=0x75000a9030
    expectedEntryPoint=0x78adbed048 realEntryPoint=0x78adbed048 eq=true
    expectedAccessFlags=0x2290001 realAccessFlags=0x2290001 eq=true
  0xb4000076fecf5e30 java.lang.Object dalvik.system.DexFile.openInMemoryDexFiles(java.nio.ByteBuffer[], java.lang.ClassLoader, dalvik.system.DexPathList$Element[])
    hooked=0x6ff37c58 backup=0x7500088030
    expectedEntryPoint=0x78adbed030 realEntryPoint=0x78adbed030 eq=true
    expectedAccessFlags=0x238000a realAccessFlags=0x238000a eq=true
  0xb4000076fecf4cb0 java.lang.Object dalvik.system.DexFile.openDexFile(java.lang.String, java.lang.String, int, java.lang.ClassLoader, dalvik.system.DexPathList$Element[])
    hooked=0x6ff37c18 backup=0x7500067030
    expectedEntryPoint=0x78adbed018 realEntryPoint=0x78adbed018 eq=true
    expectedAccessFlags=0x228000a realAccessFlags=0x228000a eq=true
  0xb40000769eccae00 void java.lang.Thread.dispatchUncaughtException(java.lang.Throwable)
    hooked=0x6fe3b7f8 backup=0x7500046030
    expectedEntryPoint=0x78adbed000 realEntryPoint=0x78adbed000 eq=true
    expectedAccessFlags=0x2380011 realAccessFlags=0x2380011 eq=true
  0xb40000762ed1ff10 deoptimized java.io.File android.app.ContextImpl.getSharedPreferencesPath(java.lang.String)
    hooked=0x70791d58 backup=0x0
    expectedEntryPoint=0x75d8d951e0 realEntryPoint=0x75d8d951e0 eq=true
    expectedAccessFlags=0x40380001 realAccessFlags=0x40380001 eq=true
  0xb4000076fecf74f0 deoptimized android.app.Application android.app.Instrumentation.newApplication(java.lang.ClassLoader, java.lang.String, android.content.Context)
    hooked=0x70afb510 backup=0x0
    expectedEntryPoint=0x75d8d951e0 realEntryPoint=0x75d8d951e0 eq=true
    expectedAccessFlags=0x50380001 realAccessFlags=0x50380001 eq=true
  0xb4000075eecb6610 deoptimized android.app.Application android.app.LoadedApk.makeApplicationInner(boolean, android.app.Instrumentation, boolean)
    hooked=0x707b3970 backup=0x0
    expectedEntryPoint=0x75d8d951e0 realEntryPoint=0x75d8d951e0 eq=true
    expectedAccessFlags=0x40280002 realAccessFlags=0x40280002 eq=true
  0xb40000762ed1ea70 deoptimized android.app.Application android.app.LoadedApk.makeApplicationInner(boolean, android.app.Instrumentation)
    hooked=0x707b3950 backup=0x0
    expectedEntryPoint=0x75d8d951e0 realEntryPoint=0x75d8d951e0 eq=true
    expectedAccessFlags=0x40280001 realAccessFlags=0x40280001 eq=true
  0xb40000762ed20800 deoptimized android.app.Application android.app.LoadedApk.makeApplication(boolean, android.app.Instrumentation)
    hooked=0x707b3930 backup=0x0
    expectedEntryPoint=0x75d8d951e0 realEntryPoint=0x75d8d951e0 eq=true
    expectedAccessFlags=0x40280001 realAccessFlags=0x40280001 eq=true

pid=16499 uid=10668 name=com.instagram.android:fbns 64bit debugInfo=0x75d8a836b0 entryPointOff=24 accessFlagsOff=4
  0xb4000075eecb5710 android.app.Activity android.app.Instrumentation.newActivity(java.lang.ClassLoader, java.lang.String, android.content.Intent)
    hooked=0x70afb4d0 backup=0x7500426030
    expectedEntryPoint=0x78adbf71c8 realEntryPoint=0x78adbf71c8 eq=true
    expectedAccessFlags=0x12380001 realAccessFlags=0x12380001 eq=true
  0xb4000077decbc190 void X.0yK.A0E(java.util.Collection)
    hooked=0x4a4d2128 backup=0x7500406050
    expectedEntryPoint=0x78adbf71b0 realEntryPoint=0x78adbf71b0 eq=true
    expectedAccessFlags=0x12300002 realAccessFlags=0x12300002 eq=true
  0xb40000773ecb8270 void com.instagram.app.InstagramAppShell.onCreate()
    hooked=0x4a52aaf8 backup=0x750037f030
    expectedEntryPoint=0x78adbf7198 realEntryPoint=0x78adbf7198 eq=true
    expectedAccessFlags=0x12300011 realAccessFlags=0x12300011 eq=true
  0xb40000769ecd52d0 android.os.LocaleList android.os.LocaleList.getAdjustedDefault()
    hooked=0x708f0ab8 backup=0x750033a030
    expectedEntryPoint=0x78adbf7180 realEntryPoint=0x78adbf7180 eq=true
    expectedAccessFlags=0x12380009 realAccessFlags=0x12380009 eq=true
  0xb40000769ecd53f0 android.os.LocaleList android.os.LocaleList.getDefault()
    hooked=0x708f0ad8 backup=0x7500319030
    expectedEntryPoint=0x78adbf7168 realEntryPoint=0x78adbf7168 eq=true
    expectedAccessFlags=0x12380009 realAccessFlags=0x12380009 eq=true
  0xb40000769ecc0390 void android.content.res.Configuration.setLocales(android.os.LocaleList)
    hooked=0x70827728 backup=0x75002f8030
    expectedEntryPoint=0x78adbf7150 realEntryPoint=0x78adbf7150 eq=true
    expectedAccessFlags=0x12380001 realAccessFlags=0x12380001 eq=true
  0xb40000769ecc0420 android.os.LocaleList android.content.res.Configuration.getLocales()
    hooked=0x70827448 backup=0x75002d7030
    expectedEntryPoint=0x78adbf7138 realEntryPoint=0x78adbf7138 eq=true
    expectedAccessFlags=0x12380001 realAccessFlags=0x12380001 eq=true
  0xb40000769ecbe650 java.util.Locale java.util.Locale.getDefault(java.util.Locale$Category)
    hooked=0x6fde5888 backup=0x75002b6030
    expectedEntryPoint=0x78adbf7120 realEntryPoint=0x78adbf7120 eq=true
    expectedAccessFlags=0x12380009 realAccessFlags=0x12380009 eq=true
  0xb40000773ecb99a0 void android.content.res.Configuration.<init>()
    hooked=0x70827188 backup=0x7500295030
    expectedEntryPoint=0x78adbf7108 realEntryPoint=0x78adbf7108 eq=true
    expectedAccessFlags=0x12390001 realAccessFlags=0x12390001 eq=true
  0xb40000769ecbe380 android.content.res.Resources android.content.res.Resources.getSystem()
    hooked=0x70826740 backup=0x7500274030
    expectedEntryPoint=0x78adbf70f0 realEntryPoint=0x78adbf70f0 eq=true
    expectedAccessFlags=0x12380009 realAccessFlags=0x12380009 eq=true
  0xb40000769ecbebf0 void android.content.res.Configuration.setLocale(java.util.Locale)
    hooked=0x70827708 backup=0x7500253030
    expectedEntryPoint=0x78adbf70d8 realEntryPoint=0x78adbf70d8 eq=true
    expectedAccessFlags=0x12380001 realAccessFlags=0x12380001 eq=true
  0xb4000075eecb57d0 void android.content.res.Resources.updateConfiguration(android.content.res.Configuration, android.util.DisplayMetrics)
    hooked=0x70826cc0 backup=0x7500232030
    expectedEntryPoint=0x78adbf70c0 realEntryPoint=0x78adbf70c0 eq=true
    expectedAccessFlags=0x12380001 realAccessFlags=0x12380001 eq=true
  0xb40000769ecc21f0 android.content.res.Configuration android.content.res.Resources.getConfiguration()
    hooked=0x708262a0 backup=0x7500211030
    expectedEntryPoint=0x78adbf70a8 realEntryPoint=0x78adbf70a8 eq=true
    expectedAccessFlags=0x12380001 realAccessFlags=0x12380001 eq=true
  0xb40000773ecb8f90 java.util.Locale java.util.Locale.getDefault()
    hooked=0x6fde5868 backup=0x75001f0030
    expectedEntryPoint=0x78adbf7090 realEntryPoint=0x78adbf7090 eq=true
    expectedAccessFlags=0x12380009 realAccessFlags=0x12380009 eq=true
  0xb40000769ecc3c60 void android.app.ActivityThread.attach(boolean, long)
    hooked=0x70aee278 backup=0x750010c050
    expectedEntryPoint=0x78adbf7078 realEntryPoint=0x78adbf7078 eq=true
    expectedAccessFlags=0x2000002 realAccessFlags=0x2000002 eq=true
  0xb40000769ecd5b40 void android.app.LoadedApk.createOrUpdateClassLoaderLocked(java.util.List)
    hooked=0x707b3470 backup=0x75000ca030
    expectedEntryPoint=0x78adbf7060 realEntryPoint=0x78adbf7060 eq=true
    expectedAccessFlags=0x2380002 realAccessFlags=0x2380002 eq=true
  0xb4000075decb1710 void android.app.LoadedApk.<init>(android.app.ActivityThread, android.content.pm.ApplicationInfo, android.content.res.CompatibilityInfo, java.lang.ClassLoader, boolean, boolean, boolean)
    hooked=0x707b32d0 backup=0x75000a9030
    expectedEntryPoint=0x78adbf7048 realEntryPoint=0x78adbf7048 eq=true
    expectedAccessFlags=0x2290001 realAccessFlags=0x2290001 eq=true
  0xb4000076fecf5ab0 java.lang.Object dalvik.system.DexFile.openInMemoryDexFiles(java.nio.ByteBuffer[], java.lang.ClassLoader, dalvik.system.DexPathList$Element[])
    hooked=0x6ff37c58 backup=0x7500088030
    expectedEntryPoint=0x78adbf7030 realEntryPoint=0x78adbf7030 eq=true
    expectedAccessFlags=0x238000a realAccessFlags=0x238000a eq=true
  0xb4000076fecf4a10 java.lang.Object dalvik.system.DexFile.openDexFile(java.lang.String, java.lang.String, int, java.lang.ClassLoader, dalvik.system.DexPathList$Element[])
    hooked=0x6ff37c18 backup=0x7500067030
    expectedEntryPoint=0x78adbf7018 realEntryPoint=0x78adbf7018 eq=true
    expectedAccessFlags=0x228000a realAccessFlags=0x228000a eq=true
  0xb40000769eccae00 void java.lang.Thread.dispatchUncaughtException(java.lang.Throwable)
    hooked=0x6fe3b7f8 backup=0x7500046030
    expectedEntryPoint=0x78adbf7000 realEntryPoint=0x78adbf7000 eq=true
    expectedAccessFlags=0x2380011 realAccessFlags=0x2380011 eq=true
  0xb40000762ed1ff10 deoptimized java.io.File android.app.ContextImpl.getSharedPreferencesPath(java.lang.String)
    hooked=0x70791d58 backup=0x0
    expectedEntryPoint=0x75d8d951e0 realEntryPoint=0x75d8d951e0 eq=true
    expectedAccessFlags=0x40380001 realAccessFlags=0x40380001 eq=true
  0xb4000076fecf4cb0 deoptimized android.app.Application android.app.Instrumentation.newApplication(java.lang.ClassLoader, java.lang.String, android.content.Context)
    hooked=0x70afb510 backup=0x0
    expectedEntryPoint=0x75d8d951e0 realEntryPoint=0x75d8d951e0 eq=true
    expectedAccessFlags=0x50380001 realAccessFlags=0x50380001 eq=true
  0xb4000075eecb6610 deoptimized android.app.Application android.app.LoadedApk.makeApplicationInner(boolean, android.app.Instrumentation, boolean)
    hooked=0x707b3970 backup=0x0
    expectedEntryPoint=0x75d8d951e0 realEntryPoint=0x75d8d951e0 eq=true
    expectedAccessFlags=0x40280002 realAccessFlags=0x40280002 eq=true
  0xb40000762ed1ea70 deoptimized android.app.Application android.app.LoadedApk.makeApplicationInner(boolean, android.app.Instrumentation)
    hooked=0x707b3950 backup=0x0
    expectedEntryPoint=0x75d8d951e0 realEntryPoint=0x75d8d951e0 eq=true
    expectedAccessFlags=0x40280001 realAccessFlags=0x40280001 eq=true
  0xb40000762ed20800 deoptimized android.app.Application android.app.LoadedApk.makeApplication(boolean, android.app.Instrumentation)
    hooked=0x707b3930 backup=0x0
    expectedEntryPoint=0x75d8d951e0 realEntryPoint=0x75d8d951e0 eq=true
    expectedAccessFlags=0x40280001 realAccessFlags=0x40280001 eq=true

