----part 1 start----
[ 1970-01-05T00:34:26.716        0:  1070:  1070 I/zygisk-ptrace64 ] ReZygisk v1.0.0-454-b5f0aa5-release
[ 1970-01-05T00:34:26.746        0:  1107:  1107 I/LSPosed         ] starting lspd 
[ 1970-01-05T00:34:26.751        0:  1110:  1110 I/LSPosed         ] started lspd 1109
[ 1970-01-05T00:34:26.907        0:  1109:  1109 D/AndroidRuntime  ] >>>>>> START com.android.internal.os.RuntimeInit uid 0 <<<<<<
[ 1970-01-05T00:34:26.910        0:  1109:  1109 I/lspd            ] MMAP_TRYLOCK is not supported in uffd addr:0x749333f000 page-size:4096
[ 1970-01-05T00:34:26.910        0:  1109:  1109 I/AndroidRuntime  ] Using default boot image
[ 1970-01-05T00:34:26.910        0:  1109:  1109 I/AndroidRuntime  ] Leaving lock profiling enabled
[ 1970-01-05T00:34:26.919        0:  1109:  1109 I/lspd            ] Using CollectorTypeCMC GC.
[ 1970-01-05T00:34:27.032        0:  1109:  1109 D/nativeloader    ] InitDefaultPublicLibraries for_preload=1: libandroid.so:libaaudio.so:libamidi.so:libbinder_ndk.so:libc.so:libcamera2ndk.so:libdl.so:libEGL.so:libGLESv1_CM.so:libGLESv2.so:libGLESv3.so:libicu.so:libicui18n.so:libicuuc.so:libjnigraphics.so:liblog.so:libmediandk.so:libm.so:libnativehelper.so:libnativewindow.so:libOpenMAXAL.so:libOpenSLES.so:libRS.so:libstdc++.so:libsync.so:libvulkan.so:libwebviewchromium_plat_support.so:libz.so
[ 1970-01-05T00:34:27.063        0:  1109:  1109 D/nativeloader    ] Load libicu_jni.so using APEX ns com_android_art for caller /apex/com.android.art/javalib/core-oj.jar: ok
[ 1970-01-05T00:34:27.066        0:  1109:  1109 D/lspd            ] u_setTimeZoneFilesDirectory("/apex/com.android.tzdata/etc/tz/versioned/9/icu") succeeded. 
[ 1970-01-05T00:34:27.066        0:  1109:  1109 D/lspd            ] I18n APEX ICU file found: /apex/com.android.i18n/etc/icu/icudt76l.dat
[ 1970-01-05T00:34:27.070        0:  1109:  1109 D/nativeloader    ] Load libjavacore.so using APEX ns com_android_art for caller /apex/com.android.art/javalib/core-oj.jar: ok
[ 1970-01-05T00:34:27.074        0:  1109:  1109 D/nativeloader    ] Load libopenjdk.so using APEX ns com_android_art for caller /apex/com.android.art/javalib/core-oj.jar: ok
[ 1970-01-05T00:34:27.083        0:  1109:  1109 I/lspd            ] Priority-to-niceness mapping: 19, 16, 13, 10, 0, -2, -4, -5, -6, -8
[ 1970-01-05T00:34:27.145        0:  1109:  1109 D/nativeloader    ] Load libframework-connectivity-tiramisu-jni.so using APEX ns com_android_tethering for caller /apex/com.android.tethering/javalib/framework-connectivity-t.jar: ok
[ 1970-01-05T00:34:27.145        0:  1109:  1109 D/AndroidRuntime  ] Calling main entry org.lsposed.lspd.Main
[ 1970-01-05T00:34:27.158        0:  1109:  1109 I/LSPosedService  ] starting server...
[ 1970-01-05T00:34:27.171        0:  1109:  1109 I/LSPosedService  ] version 1.9.2-it (7467)
[ 1970-01-05T00:34:27.172        0:  1109:  1109 D/nativeloader    ] InitApexLibraries:
  com_android_art: libnativehelper.so
  com_android_i18n: libicui18n.so:libicuuc.so:libicu.so
  com_android_neuralnetworks: libneuralnetworks.so
[ 1970-01-05T00:34:27.172        0:  1109:  1109 D/nativeloader    ] InitDefaultPublicLibraries for_preload=0: libandroid.so:libaaudio.so:libamidi.so:libbinder_ndk.so:libc.so:libcamera2ndk.so:libclang_rt.hwasan-aarch64-android.so:libdl.so:libEGL.so:libGLESv1_CM.so:libGLESv2.so:libGLESv3.so:libjnigraphics.so:liblog.so:libmediandk.so:libm.so:libnativewindow.so:libOpenMAXAL.so:libOpenSLES.so:libRS.so:libstdc++.so:libsync.so:libvulkan.so:libwebviewchromium_plat_support.so:libz.so
[ 1970-01-05T00:34:27.172        0:  1109:  1109 D/nativeloader    ] Configuring clns-1 for other apk . target_sdk_version=0, uses_libraries=ALL, library_path=/system/lib64:/system_ext/lib64, permitted_path=/data:/mnt/expand
[ 1970-01-05T00:34:27.172        0:  1109:  1109 D/nativeloader    ] InitExtendedPublicLibraries: 
[ 1970-01-05T00:34:27.173        0:  1109:  1109 D/nativeloader    ] InitApexLibraries:
  
[ 1970-01-05T00:34:27.173        0:  1109:  1109 D/nativeloader    ] InitVendorPublicLibraries: libqti-perfd-client.so:libadsprpc.so:libcdsprpc.so:libsdsprpc.so:libfastcvopt.so:liblistensoundmodel2.so:libOpenCL.so:libnpu.so:libhta_hexagon_runtime.so:unnhal-acc-hta.so:libAlgoProcess.so:libancbase_rt_bokeh.so:libAncHumBokeh.so:libsnpe_loader.so:libstblur_api.so:libAncHumVideoBase.so:libmidasserviceintf.so:libAncFilter.so:libarcsoft_scbokeh_video.so:libAncHumanDoubleExposure.so:libancbase_rt_doubleexposure.so
[ 1970-01-05T00:34:27.173        0:  1109:  1109 D/nativeloader    ] InitProductPublicLibraries: 
[ 1970-01-05T00:34:27.174        0:  1109:  1109 D/nativeloader    ] Load /data/adb/modules/zygisk_lsposed/daemon.apk!/lib/arm64-v8a/libdaemon.so using isolated ns clns-1 (caller=/data/adb/modules/zygisk_lsposed/daemon.apk): ok
[ 1970-01-05T00:34:27.177        0:  1109:  1231 I/LSPosedLogcat   ] start running
[ 1970-01-05T00:34:27.177        0:  1109:  1231 I/LSPosedLogcat   ] New log file: /data/adb/lspd/log/verbose_1970-01-05T00:34:27.17758.log
[ 1970-01-05T00:34:27.178        0:  1109:  1231 I/LSPosedLogcat   ] New log file: /data/adb/lspd/log/modules_1970-01-05T00:34:27.178427.log
[ 1970-01-05T00:34:27.181        0:  1109:  1109 W/SQLiteCompatibilityWalFlags ] Cannot read global setting sqlite_compatibility_wal_flags - Application state not available
[ 1970-01-05T00:34:27.205        0:  1109:  1234 D/nativeloader    ] Load libjavacrypto.so using APEX ns com_android_conscrypt for caller /apex/com.android.conscrypt/javalib/conscrypt.jar: ok
[ 1970-01-05T00:34:27.214        0:  1109:  1109 W/OverlayConfig   ] partition_order.xml does not exist.
[ 1970-01-05T00:34:27.420        0:  1109:  1109 I/AconfigPackage  ] android.graphics.pdf.flags is mapped to com.android.mediaprovider
[ 1970-01-05T00:34:27.420        0:  1109:  1109 I/AconfigPackage  ] com.android.providers.media.flags is mapped to com.android.mediaprovider
[ 1970-01-05T00:34:27.420        0:  1109:  1109 I/AconfigPackage  ] android.graphics.pdf.flags.readonly is mapped to com.android.mediaprovider
[ 1970-01-05T00:34:27.421        0:  1109:  1109 I/AconfigPackage  ] com.android.system.virtualmachine.flags is mapped to com.android.virt
[ 1970-01-05T00:34:27.422        0:  1109:  1109 I/AconfigPackage  ] com.android.icu is mapped to com.android.i18n
[ 1970-01-05T00:34:27.422        0:  1109:  1109 I/AconfigPackage  ] com.android.bluetooth.flags is mapped to com.android.bt
[ 1970-01-05T00:34:27.423        0:  1109:  1109 I/AconfigPackage  ] com.android.nfc.module.flags is mapped to com.android.nfcservices
[ 1970-01-05T00:34:27.423        0:  1109:  1109 I/AconfigPackage  ] com.android.uwb.flags is mapped to com.android.uwb
[ 1970-01-05T00:34:27.423        0:  1109:  1109 I/AconfigPackage  ] com.android.ranging.flags is mapped to com.android.uwb
[ 1970-01-05T00:34:27.424        0:  1109:  1109 I/AconfigPackage  ] com.android.devicelock.flags is mapped to com.android.devicelock
[ 1970-01-05T00:34:27.425        0:  1109:  1109 I/AconfigPackage  ] com.android.ipsec.flags is mapped to com.android.ipsec
[ 1970-01-05T00:34:27.425        0:  1109:  1109 I/AconfigPackage  ] com.android.rkpd.flags is mapped to com.android.rkpd
[ 1970-01-05T00:34:27.426        0:  1109:  1109 I/AconfigPackage  ] com.android.media.extractor.flags is mapped to com.android.media
[ 1970-01-05T00:34:27.426        0:  1109:  1109 I/AconfigPackage  ] com.android.media.mainline.flags is mapped to com.android.media
[ 1970-01-05T00:34:27.427        0:  1109:  1109 I/AconfigPackage  ] com.android.permission.flags is mapped to com.android.permission
[ 1970-01-05T00:34:27.427        0:  1109:  1109 I/AconfigPackage  ] com.android.permissioncontroller.flags is mapped to com.android.permission
[ 1970-01-05T00:34:27.427        0:  1109:  1109 I/AconfigPackage  ] android.os.profiling is mapped to com.android.profiling
[ 1970-01-05T00:34:27.427        0:  1109:  1109 I/AconfigPackage  ] android.os.profiling.anomaly.flags is mapped to com.android.profiling
[ 1970-01-05T00:34:27.428        0:  1109:  1109 I/AconfigPackage  ] com.android.healthfitness.flags is mapped to com.android.healthfitness
[ 1970-01-05T00:34:27.429        0:  1109:  1109 I/AconfigPackage  ] com.android.org.conscrypt.flags is mapped to com.android.conscrypt
[ 1970-01-05T00:34:27.429        0:  1109:  1109 I/AconfigPackage  ] com.android.org.conscrypt.net.flags is mapped to com.android.conscrypt
[ 1970-01-05T00:34:27.429        0:  1109:  1109 I/AconfigPackage  ] com.android.appsearch.flags is mapped to com.android.appsearch
[ 1970-01-05T00:34:27.430        0:  1109:  1109 I/AconfigPackage  ] com.android.wifi.flags is mapped to com.android.wifi
[ 1970-01-05T00:34:27.431        0:  1109:  1109 I/AconfigPackage  ] android.provider.flags is mapped to com.android.configinfrastructure
[ 1970-01-05T00:34:27.431        0:  1109:  1109 I/AconfigPackage  ] com.android.server.deviceconfig is mapped to com.android.configinfrastructure
[ 1970-01-05T00:34:27.431        0:  1109:  1109 I/AconfigPackage  ] com.android.os.statsd.flags is mapped to com.android.os.statsd
[ 1970-01-05T00:34:27.432        0:  1109:  1109 I/AconfigPackage  ] com.android.cellbroadcastreceiver.flags is mapped to com.android.cellbroadcast
[ 1970-01-05T00:34:27.433        0:  1109:  1109 I/AconfigPackage  ] android.media.swcodec.flags is mapped to com.android.media.swcodec
[ 1970-01-05T00:34:27.433        0:  1109:  1109 I/AconfigPackage  ] com.android.telephony.flags is mapped to com.android.telephonycore
[ 1970-01-05T00:34:27.434        0:  1109:  1109 I/AconfigPackage  ] com.android.tethering.mainline.beta is mapped to com.android.tethering
[ 1970-01-05T00:34:27.434        0:  1109:  1109 I/AconfigPackage  ] android.net.http is mapped to com.android.tethering
[ 1970-01-05T00:34:27.434        0:  1109:  1109 I/AconfigPackage  ] com.android.tethering.readonly.flags is mapped to com.android.tethering
[ 1970-01-05T00:34:27.434        0:  1109:  1109 I/AconfigPackage  ] android.net.vcn is mapped to com.android.tethering
[ 1970-01-05T00:34:27.434        0:  1109:  1109 I/AconfigPackage  ] com.android.net.flags is mapped to com.android.tethering
[ 1970-01-05T00:34:27.434        0:  1109:  1109 I/AconfigPackage  ] com.android.tethering.beta.test is mapped to com.android.tethering
[ 1970-01-05T00:34:27.434        0:  1109:  1109 I/AconfigPackage  ] com.android.nearby.flags is mapped to com.android.tethering
[ 1970-01-05T00:34:27.434        0:  1109:  1109 I/AconfigPackage  ] com.android.net.ct.flags is mapped to com.android.tethering
[ 1970-01-05T00:34:27.434        0:  1109:  1109 I/AconfigPackage  ] com.android.net.thread.flags is mapped to com.android.tethering
[ 1970-01-05T00:34:27.434        0:  1109:  1109 I/AconfigPackage  ] com.android.adservices.ondevicepersonalization.flags is mapped to com.android.ondevicepersonalization
[ 1970-01-05T00:34:27.435        0:  1109:  1109 I/AconfigPackage  ] com.android.adservices.flags is mapped to com.android.adservices
[ 1970-01-05T00:34:27.435        0:  1109:  1109 I/AconfigPackage  ] com.android.sdksandbox.flags is mapped to com.android.adservices
[ 1970-01-05T00:34:27.436        0:  1109:  1109 I/AconfigPackage  ] com.android.adbd.flags is mapped to com.android.adbd
[ 1970-01-05T00:34:27.436        0:  1109:  1109 I/AconfigPackage  ] android.uprobestats.mainline.flags is mapped to com.android.uprobestats
[ 1970-01-05T00:34:27.437        0:  1109:  1109 I/AconfigPackage  ] com.android.art.flags is mapped to com.android.art
[ 1970-01-05T00:34:27.437        0:  1109:  1109 I/AconfigPackage  ] com.android.art.rw.flags is mapped to com.android.art
[ 1970-01-05T00:34:27.437        0:  1109:  1109 I/AconfigPackage  ] com.android.libcore is mapped to com.android.art
[ 1970-01-05T00:34:27.438        0:  1109:  1109 I/AconfigPackage  ] com.android.crashrecovery.flags is mapped to com.android.crashrecovery
[ 1970-01-05T00:34:27.439        0:  1109:  1109 E/FeatureFlagsImplExport ] android.os.flagging.AconfigStorageReadException: ERROR_PACKAGE_NOT_FOUND: package android.xr cannot be found on the device
[ 1970-01-05T00:34:27.442        0:  1109:  1109 I/LSPosedService  ] service package is not started, wait 1s.
[ 1970-01-05T00:34:28.442        0:  1109:  1109 I/LSPosedService  ] service package is not started, wait 1s.
[ 1970-01-05T00:34:28.470        0:  1281:  1281 I/LSPosed         ] starting lspd 
[ 1970-01-05T00:34:28.474        0:  1284:  1284 I/LSPosed         ] started lspd 1283
[ 2026-02-14T02:23:46.039        0:  1329:  1329 E/zygisk-core64   ] Retrying to connect to ReZygiskd, sleep 1s failed with 2: No such file or directory
[ 2026-02-14T02:23:46.039        0:  1327:  1327 I/zygiskd64       ] Welcome to ReZygisk v1.0.0 Zygiskd64!
[ 2026-02-14T02:23:46.039        0:  1327:  1327 I/zygiskd64       ] KernelSU root implementation found.
[ 2026-02-14T02:23:46.039        0:  1327:  1327 I/zygiskd64       ] Loading modules for architecture: arm64-v8a
[ 2026-02-14T02:23:46.039        0:  1327:  1327 I/zygiskd64       ] Sent root implementation and modules information to controller socket
[ 2026-02-14T02:23:46.039        0:  1070:  1070 I/zygisk-ptrace64 ] status updated: Monitor: ✅, ReZygisk 64-bit: ⚠️
[ 2026-02-14T02:23:46.059        0:  1340:  1340 I/zygiskd32       ] Welcome to ReZygisk v1.0.0 Zygiskd32!
[ 2026-02-14T02:23:46.059        0:  1340:  1340 I/zygiskd32       ] KernelSU root implementation found.
[ 2026-02-14T02:23:46.059        0:  1340:  1340 I/zygiskd32       ] Loading modules for architecture: armeabi-v7a
[ 2026-02-14T02:23:46.059        0:  1340:  1340 I/zygiskd32       ] Sent root implementation and modules information to controller socket
[ 2026-02-14T02:23:46.059        0:  1070:  1070 I/zygisk-ptrace64 ] status updated: Monitor: ✅, ReZygisk 64-bit: ⚠️, ReZygisk 32-bit: ⚠️
[ 2026-02-14T02:23:46.061        0:  1342:  1342 I/zygisk-ptrace32 ] start tracing 1326 (tracer 1342)
[ 2026-02-14T02:23:46.061        0:  1342:  1342 I/zygisk-ptrace32 ] injecting /data/adb/modules/rezygisk/lib/libzygisk.so to zygote 1326
[ 2026-02-14T02:23:46.258        0:  1342:  1342 E/zygisk-elfutil32 ] Cannot load symtabs: .symtab section or its string table not found/valid.
[ 2026-02-14T02:23:46.258        0:  1342:  1342 E/zygisk-elfutil32 ] Failed to load symtabs for linear lookup of free
[ 2026-02-14T02:23:46.258        0:  1342:  1342 E/zygisk-ptrace32 ] failed to find symbol free in /system/lib/liblog.so
[ 2026-02-14T02:23:46.258        0:  1342:  1342 E/zygisk-elfutil32 ] Cannot load symtabs: .symtab section or its string table not found/valid.
[ 2026-02-14T02:23:46.258        0:  1342:  1342 E/zygisk-elfutil32 ] Failed to load symtabs for linear lookup of free
[ 2026-02-14T02:23:46.258        0:  1342:  1342 E/zygisk-ptrace32 ] failed to find symbol free in /apex/com.android.runtime/lib/bionic/libm.so
[ 2026-02-14T02:23:46.258        0:  1342:  1342 E/zygisk-elfutil32 ] Cannot load symtabs: .symtab section or its string table not found/valid.
[ 2026-02-14T02:23:46.258        0:  1342:  1342 E/zygisk-elfutil32 ] Failed to load symtabs for linear lookup of free
[ 2026-02-14T02:23:46.258        0:  1342:  1342 E/zygisk-ptrace32 ] failed to find symbol free in /apex/com.android.runtime/lib/bionic/libdl.so
[ 2026-02-14T02:23:46.258        0:  1342:  1342 E/zygisk-elfutil32 ] Cannot load symtabs: .symtab section or its string table not found/valid.
[ 2026-02-14T02:23:46.258        0:  1342:  1342 E/zygisk-elfutil32 ] Failed to load symtabs for linear lookup of __stack_chk_guard
[ 2026-02-14T02:23:46.258        0:  1342:  1342 E/zygisk-ptrace32 ] failed to find symbol __stack_chk_guard in /system/lib/liblog.so
[ 2026-02-14T02:23:46.258        0:  1342:  1342 E/zygisk-elfutil32 ] Cannot load symtabs: .symtab section or its string table not found/valid.
[ 2026-02-14T02:23:46.258        0:  1342:  1342 E/zygisk-elfutil32 ] Failed to load symtabs for linear lookup of __stack_chk_guard
[ 2026-02-14T02:23:46.258        0:  1342:  1342 E/zygisk-ptrace32 ] failed to find symbol __stack_chk_guard in /apex/com.android.runtime/lib/bionic/libm.so
[ 2026-02-14T02:23:46.258        0:  1342:  1342 E/zygisk-elfutil32 ] Cannot load symtabs: .symtab section or its string table not found/valid.
[ 2026-02-14T02:23:46.258        0:  1342:  1342 E/zygisk-elfutil32 ] Failed to load symtabs for linear lookup of __stack_chk_guard
[ 2026-02-14T02:23:46.258        0:  1342:  1342 E/zygisk-ptrace32 ] failed to find symbol __stack_chk_guard in /apex/com.android.runtime/lib/bionic/libdl.so
[ 2026-02-14T02:23:46.258        0:  1342:  1342 E/zygisk-elfutil32 ] Cannot load symtabs: .symtab section or its string table not found/valid.
[ 2026-02-14T02:23:46.258        0:  1342:  1342 E/zygisk-elfutil32 ] Failed to load symtabs for linear lookup of strncmp
[ 2026-02-14T02:23:46.258        0:  1342:  1342 E/zygisk-ptrace32 ] failed to find symbol strncmp in /system/lib/liblog.so
[ 2026-02-14T02:23:46.258        0:  1342:  1342 E/zygisk-elfutil32 ] Cannot load symtabs: .symtab section or its string table not found/valid.
[ 2026-02-14T02:23:46.258        0:  1342:  1342 E/zygisk-elfutil32 ] Failed to load symtabs for linear lookup of strncmp
[ 2026-02-14T02:23:46.258        0:  1342:  1342 E/zygisk-ptrace32 ] failed to find symbol strncmp in /apex/com.android.runtime/lib/bionic/libm.so
[ 2026-02-14T02:23:46.258        0:  1342:  1342 E/zygisk-elfutil32 ] Cannot load symtabs: .symtab section or its string table not found/valid.
[ 2026-02-14T02:23:46.258        0:  1342:  1342 E/zygisk-elfutil32 ] Failed to load symtabs for linear lookup of strncmp
[ 2026-02-14T02:23:46.258        0:  1342:  1342 E/zygisk-ptrace32 ] failed to find symbol strncmp in /apex/com.android.runtime/lib/bionic/libdl.so
[ 2026-02-14T02:23:46.258        0:  1342:  1342 E/zygisk-elfutil32 ] Cannot load symtabs: .symtab section or its string table not found/valid.
[ 2026-02-14T02:23:46.258        0:  1342:  1342 E/zygisk-elfutil32 ] Failed to load symtabs for linear lookup of access
[ 2026-02-14T02:23:46.258        0:  1342:  1342 E/zygisk-ptrace32 ] failed to find symbol access in /system/lib/liblog.so
[ 2026-02-14T02:23:46.258        0:  1342:  1342 E/zygisk-elfutil32 ] Cannot load symtabs: .symtab section or its string table not found/valid.
[ 2026-02-14T02:23:46.258        0:  1342:  1342 E/zygisk-elfutil32 ] Failed to load symtabs for linear lookup of access
[ 2026-02-14T02:23:46.258        0:  1342:  1342 E/zygisk-ptrace32 ] failed to find symbol access in /apex/com.android.runtime/lib/bionic/libm.so
[ 2026-02-14T02:23:46.258        0:  1342:  1342 E/zygisk-elfutil32 ] Cannot load symtabs: .symtab section or its string table not found/valid.
[ 2026-02-14T02:23:46.258        0:  1342:  1342 E/zygisk-elfutil32 ] Failed to load symtabs for linear lookup of access
[ 2026-02-14T02:23:46.258        0:  1342:  1342 E/zygisk-ptrace32 ] failed to find symbol access in /apex/com.android.runtime/lib/bionic/libdl.so
[ 2026-02-14T02:23:46.258        0:  1342:  1342 E/zygisk-elfutil32 ] Cannot load symtabs: .symtab section or its string table not found/valid.
[ 2026-02-14T02:23:46.258        0:  1342:  1342 E/zygisk-elfutil32 ] Failed to load symtabs for linear lookup of close
[ 2026-02-14T02:23:46.258        0:  1342:  1342 E/zygisk-ptrace32 ] failed to find symbol close in /system/lib/liblog.so
[ 2026-02-14T02:23:46.258        0:  1342:  1342 E/zygisk-elfutil32 ] Cannot load symtabs: .symtab section or its string table not found/valid.
[ 2026-02-14T02:23:46.258        0:  1342:  1342 E/zygisk-elfutil32 ] Failed to load symtabs for linear lookup of close
[ 2026-02-14T02:23:46.258        0:  1342:  1342 E/zygisk-ptrace32 ] failed to find symbol close in /apex/com.android.runtime/lib/bionic/libm.so
[ 2026-02-14T02:23:46.258        0:  1342:  1342 E/zygisk-elfutil32 ] Cannot load symtabs: .symtab section or its string table not found/valid.
[ 2026-02-14T02:23:46.258        0:  1342:  1342 E/zygisk-elfutil32 ] Failed to load symtabs for linear lookup of close
[ 2026-02-14T02:23:46.258        0:  1342:  1342 E/zygisk-ptrace32 ] failed to find symbol close in /apex/com.android.runtime/lib/bionic/libdl.so
[ 2026-02-14T02:23:46.258        0:  1342:  1342 E/zygisk-elfutil32 ] Cannot load symtabs: .symtab section or its string table not found/valid.
[ 2026-02-14T02:23:46.258        0:  1342:  1342 E/zygisk-elfutil32 ] Failed to load symtabs for linear lookup of gettid
[ 2026-02-14T02:23:46.258        0:  1342:  1342 E/zygisk-ptrace32 ] failed to find symbol gettid in /system/lib/liblog.so
[ 2026-02-14T02:23:46.258        0:  1342:  1342 E/zygisk-elfutil32 ] Cannot load symtabs: .symtab section or its string table not found/valid.
[ 2026-02-14T02:23:46.258        0:  1342:  1342 E/zygisk-elfutil32 ] Failed to load symtabs for linear lookup of gettid
[ 2026-02-14T02:23:46.258        0:  1342:  1342 E/zygisk-ptrace32 ] failed to find symbol gettid in /apex/com.android.runtime/lib/bionic/libm.so
[ 2026-02-14T02:23:46.258        0:  1342:  1342 E/zygisk-elfutil32 ] Cannot load symtabs: .symtab section or its string table not found/valid.
[ 2026-02-14T02:23:46.258        0:  1342:  1342 E/zygisk-elfutil32 ] Failed to load symtabs for linear lookup of gettid
[ 2026-02-14T02:23:46.258        0:  1342:  1342 E/zygisk-ptrace32 ] failed to find symbol gettid in /apex/com.android.runtime/lib/bionic/libdl.so
[ 2026-02-14T02:23:46.259        0:  1342:  1342 E/zygisk-elfutil32 ] Cannot load symtabs: .symtab section or its string table not found/valid.
[ 2026-02-14T02:23:46.259        0:  1342:  1342 E/zygisk-elfutil32 ] Failed to load symtabs for linear lookup of getpid
[ 2026-02-14T02:23:46.259        0:  1342:  1342 E/zygisk-ptrace32 ] failed to find symbol getpid in /system/lib/liblog.so
[ 2026-02-14T02:23:46.259        0:  1342:  1342 E/zygisk-elfutil32 ] Cannot load symtabs: .symtab section or its string table not found/valid.
[ 2026-02-14T02:23:46.259        0:  1342:  1342 E/zygisk-elfutil32 ] Failed to load symtabs for linear lookup of getpid
[ 2026-02-14T02:23:46.259        0:  1342:  1342 E/zygisk-ptrace32 ] failed to find symbol getpid in /apex/com.android.runtime/lib/bionic/libm.so
[ 2026-02-14T02:23:46.259        0:  1342:  1342 E/zygisk-elfutil32 ] Cannot load symtabs: .symtab section or its string table not found/valid.
[ 2026-02-14T02:23:46.259        0:  1342:  1342 E/zygisk-elfutil32 ] Failed to load symtabs for linear lookup of getpid
[ 2026-02-14T02:23:46.259        0:  1342:  1342 E/zygisk-ptrace32 ] failed to find symbol getpid in /apex/com.android.runtime/lib/bionic/libdl.so
[ 2026-02-14T02:23:46.259        0:  1342:  1342 E/zygisk-elfutil32 ] Cannot load symtabs: .symtab section or its string table not found/valid.
[ 2026-02-14T02:23:46.259        0:  1342:  1342 E/zygisk-elfutil32 ] Failed to load symtabs for linear lookup of free
[ 2026-02-14T02:23:46.259        0:  1342:  1342 E/zygisk-ptrace32 ] failed to find symbol free in /system/lib/liblog.so
[ 2026-02-14T02:23:46.259        0:  1342:  1342 E/zygisk-elfutil32 ] Cannot load symtabs: .symtab section or its string table not found/valid.
[ 2026-02-14T02:23:46.259        0:  1342:  1342 E/zygisk-elfutil32 ] Failed to load symtabs for linear lookup of free
[ 2026-02-14T02:23:46.259        0:  1342:  1342 E/zygisk-ptrace32 ] failed to find symbol free in /apex/com.android.runtime/lib/bionic/libm.so
[ 2026-02-14T02:23:46.259        0:  1342:  1342 E/zygisk-elfutil32 ] Cannot load symtabs: .symtab section or its string table not found/valid.
[ 2026-02-14T02:23:46.259        0:  1342:  1342 E/zygisk-elfutil32 ] Failed to load symtabs for linear lookup of free
[ 2026-02-14T02:23:46.259        0:  1342:  1342 E/zygisk-ptrace32 ] failed to find symbol free in /apex/com.android.runtime/lib/bionic/libdl.so
[ 2026-02-14T02:23:46.259        0:  1342:  1342 E/zygisk-elfutil32 ] Cannot load symtabs: .symtab section or its string table not found/valid.
[ 2026-02-14T02:23:46.259        0:  1342:  1342 E/zygisk-elfutil32 ] Failed to load symtabs for linear lookup of munmap
[ 2026-02-14T02:23:46.259        0:  1342:  1342 E/zygisk-ptrace32 ] failed to find symbol munmap in /system/lib/liblog.so
[ 2026-02-14T02:23:46.259        0:  1342:  1342 E/zygisk-elfutil32 ] Cannot load symtabs: .symtab section or its string table not found/valid.
[ 2026-02-14T02:23:46.259        0:  1342:  1342 E/zygisk-elfutil32 ] Failed to load symtabs for linear lookup of munmap
[ 2026-02-14T02:23:46.259        0:  1342:  1342 E/zygisk-ptrace32 ] failed to find symbol munmap in /apex/com.android.runtime/lib/bionic/libm.so
[ 2026-02-14T02:23:46.259        0:  1342:  1342 E/zygisk-elfutil32 ] Cannot load symtabs: .symtab section or its string table not found/valid.
[ 2026-02-14T02:23:46.259        0:  1342:  1342 E/zygisk-elfutil32 ] Failed to load symtabs for linear lookup of munmap
[ 2026-02-14T02:23:46.259        0:  1342:  1342 E/zygisk-ptrace32 ] failed to find symbol munmap in /apex/com.android.runtime/lib/bionic/libdl.so
[ 2026-02-14T02:23:46.259        0:  1342:  1342 E/zygisk-elfutil32 ] Cannot load symtabs: .symtab section or its string table not found/valid.
[ 2026-02-14T02:23:46.259        0:  1342:  1342 E/zygisk-elfutil32 ] Failed to load symtabs for linear lookup of strcmp
[ 2026-02-14T02:23:46.259        0:  1342:  1342 E/zygisk-ptrace32 ] failed to find symbol strcmp in /system/lib/liblog.so
[ 2026-02-14T02:23:46.259        0:  1342:  1342 E/zygisk-elfutil32 ] Cannot load symtabs: .symtab section or its string table not found/valid.
[ 2026-02-14T02:23:46.259        0:  1342:  1342 E/zygisk-elfutil32 ] Failed to load symtabs for linear lookup of strcmp
[ 2026-02-14T02:23:46.259        0:  1342:  1342 E/zygisk-ptrace32 ] failed to find symbol strcmp in /apex/com.android.runtime/lib/bionic/libm.so
[ 2026-02-14T02:23:46.259        0:  1342:  1342 E/zygisk-elfutil32 ] Cannot load symtabs: .symtab section or its string table not found/valid.
[ 2026-02-14T02:23:46.259        0:  1342:  1342 E/zygisk-elfutil32 ] Failed to load symtabs for linear lookup of strcmp
[ 2026-02-14T02:23:46.259        0:  1342:  1342 E/zygisk-ptrace32 ] failed to find symbol strcmp in /apex/com.android.runtime/lib/bionic/libdl.so
[ 2026-02-14T02:23:46.259        0:  1342:  1342 E/zygisk-elfutil32 ] Cannot load symtabs: .symtab section or its string table not found/valid.
[ 2026-02-14T02:23:46.259        0:  1342:  1342 E/zygisk-elfutil32 ] Failed to load symtabs for linear lookup of strstr
[ 2026-02-14T02:23:46.259        0:  1342:  1342 E/zygisk-ptrace32 ] failed to find symbol strstr in /system/lib/liblog.so
[ 2026-02-14T02:23:46.259        0:  1342:  1342 E/zygisk-elfutil32 ] Cannot load symtabs: .symtab section or its string table not found/valid.
[ 2026-02-14T02:23:46.259        0:  1342:  1342 E/zygisk-elfutil32 ] Failed to load symtabs for linear lookup of strstr
[ 2026-02-14T02:23:46.259        0:  1342:  1342 E/zygisk-ptrace32 ] failed to find symbol strstr in /apex/com.android.runtime/lib/bionic/libm.so
[ 2026-02-14T02:23:46.259        0:  1342:  1342 E/zygisk-elfutil32 ] Cannot load symtabs: .symtab section or its string table not found/valid.
[ 2026-02-14T02:23:46.259        0:  1342:  1342 E/zygisk-elfutil32 ] Failed to load symtabs for linear lookup of strstr
[ 2026-02-14T02:23:46.259        0:  1342:  1342 E/zygisk-ptrace32 ] failed to find symbol strstr in /apex/com.android.runtime/lib/bionic/libdl.so
[ 2026-02-14T02:23:46.259        0:  1342:  1342 E/zygisk-elfutil32 ] Cannot load symtabs: .symtab section or its string table not found/valid.
[ 2026-02-14T02:23:46.259        0:  1342:  1342 E/zygisk-elfutil32 ] Failed to load symtabs for linear lookup of dlsym
[ 2026-02-14T02:23:46.259        0:  1342:  1342 E/zygisk-ptrace32 ] failed to find symbol dlsym in /system/lib/liblog.so
[ 2026-02-14T02:23:46.259        0:  1342:  1342 E/zygisk-elfutil32 ] Cannot load symtabs: .symtab section or its string table not found/valid.
[ 2026-02-14T02:23:46.259        0:  1342:  1342 E/zygisk-elfutil32 ] Failed to load symtabs for linear lookup of dlsym
[ 2026-02-14T02:23:46.259        0:  1342:  1342 E/zygisk-ptrace32 ] failed to find symbol dlsym in /apex/com.android.runtime/lib/bionic/libm.so
[ 2026-02-14T02:23:46.259        0:  1342:  1342 E/zygisk-elfutil32 ] Cannot load symtabs: .symtab section or its string table not found/valid.
[ 2026-02-14T02:23:46.259        0:  1342:  1342 E/zygisk-elfutil32 ] Failed to load symtabs for linear lookup of dlopen
[ 2026-02-14T02:23:46.259        0:  1342:  1342 E/zygisk-ptrace32 ] failed to find symbol dlopen in /system/lib/liblog.so
[ 2026-02-14T02:23:46.259        0:  1342:  1342 E/zygisk-elfutil32 ] Cannot load symtabs: .symtab section or its string table not found/valid.
[ 2026-02-14T02:23:46.259        0:  1342:  1342 E/zygisk-elfutil32 ] Failed to load symtabs for linear lookup of dlopen
[ 2026-02-14T02:23:46.259        0:  1342:  1342 E/zygisk-ptrace32 ] failed to find symbol dlopen in /apex/com.android.runtime/lib/bionic/libm.so
[ 2026-02-14T02:23:46.259        0:  1342:  1342 E/zygisk-elfutil32 ] Cannot load symtabs: .symtab section or its string table not found/valid.
[ 2026-02-14T02:23:46.259        0:  1342:  1342 E/zygisk-elfutil32 ] Failed to load symtabs for linear lookup of dlerror
[ 2026-02-14T02:23:46.259        0:  1342:  1342 E/zygisk-ptrace32 ] failed to find symbol dlerror in /system/lib/liblog.so
[ 2026-02-14T02:23:46.259        0:  1342:  1342 E/zygisk-elfutil32 ] Cannot load symtabs: .symtab section or its string table not found/valid.
[ 2026-02-14T02:23:46.259        0:  1342:  1342 E/zygisk-elfutil32 ] Failed to load symtabs for linear lookup of dlerror
[ 2026-02-14T02:23:46.259        0:  1342:  1342 E/zygisk-ptrace32 ] failed to find symbol dlerror in /apex/com.android.runtime/lib/bionic/libm.so
[ 2026-02-14T02:23:46.260        0:  1342:  1342 E/zygisk-elfutil32 ] Cannot load symtabs: .symtab section or its string table not found/valid.
[ 2026-02-14T02:23:46.260        0:  1342:  1342 E/zygisk-elfutil32 ] Failed to load symtabs for linear lookup of dlclose
[ 2026-02-14T02:23:46.260        0:  1342:  1342 E/zygisk-ptrace32 ] failed to find symbol dlclose in /system/lib/liblog.so
[ 2026-02-14T02:23:46.260        0:  1342:  1342 E/zygisk-elfutil32 ] Cannot load symtabs: .symtab section or its string table not found/valid.
[ 2026-02-14T02:23:46.260        0:  1342:  1342 E/zygisk-elfutil32 ] Failed to load symtabs for linear lookup of dlclose
[ 2026-02-14T02:23:46.260        0:  1342:  1342 E/zygisk-ptrace32 ] failed to find symbol dlclose in /apex/com.android.runtime/lib/bionic/libm.so
[ 2026-02-14T02:23:46.260        0:  1342:  1342 E/zygisk-elfutil32 ] Cannot load symtabs: .symtab section or its string table not found/valid.
[ 2026-02-14T02:23:46.260        0:  1342:  1342 E/zygisk-elfutil32 ] Failed to load symtabs for linear lookup of pthread_mutex_init
[ 2026-02-14T02:23:46.260        0:  1342:  1342 E/zygisk-ptrace32 ] failed to find symbol pthread_mutex_init in /system/lib/liblog.so
[ 2026-02-14T02:23:46.260        0:  1342:  1342 E/zygisk-elfutil32 ] Cannot load symtabs: .symtab section or its string table not found/valid.
[ 2026-02-14T02:23:46.260        0:  1342:  1342 E/zygisk-elfutil32 ] Failed to load symtabs for linear lookup of pthread_mutex_init
[ 2026-02-14T02:23:46.260        0:  1342:  1342 E/zygisk-ptrace32 ] failed to find symbol pthread_mutex_init in /apex/com.android.runtime/lib/bionic/libm.so
[ 2026-02-14T02:23:46.260        0:  1342:  1342 E/zygisk-elfutil32 ] Cannot load symtabs: .symtab section or its string table not found/valid.
[ 2026-02-14T02:23:46.260        0:  1342:  1342 E/zygisk-elfutil32 ] Failed to load symtabs for linear lookup of pthread_mutex_init
[ 2026-02-14T02:23:46.260        0:  1342:  1342 E/zygisk-ptrace32 ] failed to find symbol pthread_mutex_init in /apex/com.android.runtime/lib/bionic/libdl.so
[ 2026-02-14T02:23:46.260        0:  1342:  1342 E/zygisk-elfutil32 ] Cannot load symtabs: .symtab section or its string table not found/valid.
[ 2026-02-14T02:23:46.260        0:  1342:  1342 E/zygisk-elfutil32 ] Failed to load symtabs for linear lookup of opendir
[ 2026-02-14T02:23:46.260        0:  1342:  1342 E/zygisk-ptrace32 ] failed to find symbol opendir in /system/lib/liblog.so
[ 2026-02-14T02:23:46.260        0:  1342:  1342 E/zygisk-elfutil32 ] Cannot load symtabs: .symtab section or its string table not found/valid.
[ 2026-02-14T02:23:46.260        0:  1342:  1342 E/zygisk-elfutil32 ] Failed to load symtabs for linear lookup of opendir
[ 2026-02-14T02:23:46.260        0:  1342:  1342 E/zygisk-ptrace32 ] failed to find symbol opendir in /apex/com.android.runtime/lib/bionic/libm.so
[ 2026-02-14T02:23:46.260        0:  1342:  1342 E/zygisk-elfutil32 ] Cannot load symtabs: .symtab section or its string table not found/valid.
[ 2026-02-14T02:23:46.260        0:  1342:  1342 E/zygisk-elfutil32 ] Failed to load symtabs for linear lookup of opendir
[ 2026-02-14T02:23:46.260        0:  1342:  1342 E/zygisk-ptrace32 ] failed to find symbol opendir in /apex/com.android.runtime/lib/bionic/libdl.so
[ 2026-02-14T02:23:46.260        0:  1342:  1342 E/zygisk-elfutil32 ] Cannot load symtabs: .symtab section or its string table not found/valid.
[ 2026-02-14T02:23:46.260        0:  1342:  1342 E/zygisk-elfutil32 ] Failed to load symtabs for linear lookup of __errno
[ 2026-02-14T02:23:46.260        0:  1342:  1342 E/zygisk-ptrace32 ] failed to find symbol __errno in /system/lib/liblog.so
[ 2026-02-14T02:23:46.260        0:  1342:  1342 E/zygisk-elfutil32 ] Cannot load symtabs: .symtab section or its string table not found/valid.
[ 2026-02-14T02:23:46.260        0:  1342:  1342 E/zygisk-elfutil32 ] Failed to load symtabs for linear lookup of __errno
[ 2026-02-14T02:23:46.260        0:  1342:  1342 E/zygisk-ptrace32 ] failed to find symbol __errno in /apex/com.android.runtime/lib/bionic/libm.so
[ 2026-02-14T02:23:46.260        0:  1342:  1342 E/zygisk-elfutil32 ] Cannot load symtabs: .symtab section or its string table not found/valid.
[ 2026-02-14T02:23:46.260        0:  1342:  1342 E/zygisk-elfutil32 ] Failed to load symtabs for linear lookup of __errno
[ 2026-02-14T02:23:46.260        0:  1342:  1342 E/zygisk-ptrace32 ] failed to find symbol __errno in /apex/com.android.runtime/lib/bionic/libdl.so
[ 2026-02-14T02:23:46.260        0:  1342:  1342 E/zygisk-elfutil32 ] Cannot load symtabs: .symtab section or its string table not found/valid.
[ 2026-02-14T02:23:46.260        0:  1342:  1342 E/zygisk-elfutil32 ] Failed to load symtabs for linear lookup of strerror
[ 2026-02-14T02:23:46.260        0:  1342:  1342 E/zygisk-ptrace32 ] failed to find symbol strerror in /system/lib/liblog.so
[ 2026-02-14T02:23:46.260        0:  1342:  1342 E/zygisk-elfutil32 ] Cannot load symtabs: .symtab section or its string table not found/valid.
[ 2026-02-14T02:23:46.260        0:  1342:  1342 E/zygisk-elfutil32 ] Failed to load symtabs for linear lookup of strerror
[ 2026-02-14T02:23:46.260        0:  1342:  1342 E/zygisk-ptrace32 ] failed to find symbol strerror in /apex/com.android.runtime/lib/bionic/libm.so
[ 2026-02-14T02:23:46.260        0:  1342:  1342 E/zygisk-elfutil32 ] Cannot load symtabs: .symtab section or its string table not found/valid.
[ 2026-02-14T02:23:46.260        0:  1342:  1342 E/zygisk-elfutil32 ] Failed to load symtabs for linear lookup of strerror
[ 2026-02-14T02:23:46.260        0:  1342:  1342 E/zygisk-ptrace32 ] failed to find symbol strerror in /apex/com.android.runtime/lib/bionic/libdl.so
[ 2026-02-14T02:23:46.260        0:  1342:  1342 E/zygisk-elfutil32 ] Cannot load symtabs: .symtab section or its string table not found/valid.
[ 2026-02-14T02:23:46.260        0:  1342:  1342 E/zygisk-elfutil32 ] Failed to load symtabs for linear lookup of readdir
[ 2026-02-14T02:23:46.260        0:  1342:  1342 E/zygisk-ptrace32 ] failed to find symbol readdir in /system/lib/liblog.so
[ 2026-02-14T02:23:46.260        0:  1342:  1342 E/zygisk-elfutil32 ] Cannot load symtabs: .symtab section or its string table not found/valid.
[ 2026-02-14T02:23:46.260        0:  1342:  1342 E/zygisk-elfutil32 ] Failed to load symtabs for linear lookup of readdir
[ 2026-02-14T02:23:46.260        0:  1342:  1342 E/zygisk-ptrace32 ] failed to find symbol readdir in /apex/com.android.runtime/lib/bionic/libm.so
[ 2026-02-14T02:23:46.260        0:  1342:  1342 E/zygisk-elfutil32 ] Cannot load symtabs: .symtab section or its string table not found/valid.
[ 2026-02-14T02:23:46.260        0:  1342:  1342 E/zygisk-elfutil32 ] Failed to load symtabs for linear lookup of readdir
[ 2026-02-14T02:23:46.260        0:  1342:  1342 E/zygisk-ptrace32 ] failed to find symbol readdir in /apex/com.android.runtime/lib/bionic/libdl.so
[ 2026-02-14T02:23:46.260        0:  1342:  1342 E/zygisk-elfutil32 ] Cannot load symtabs: .symtab section or its string table not found/valid.
[ 2026-02-14T02:23:46.260        0:  1342:  1342 E/zygisk-elfutil32 ] Failed to load symtabs for linear lookup of dirfd
[ 2026-02-14T02:23:46.260        0:  1342:  1342 E/zygisk-ptrace32 ] failed to find symbol dirfd in /system/lib/liblog.so
[ 2026-02-14T02:23:46.260        0:  1342:  1342 E/zygisk-elfutil32 ] Cannot load symtabs: .symtab section or its string table not found/valid.
[ 2026-02-14T02:23:46.260        0:  1342:  1342 E/zygisk-elfutil32 ] Failed to load symtabs for linear lookup of dirfd
[ 2026-02-14T02:23:46.260        0:  1342:  1342 E/zygisk-ptrace32 ] failed to find symbol dirfd in /apex/com.android.runtime/lib/bionic/libm.so
[ 2026-02-14T02:23:46.260        0:  1342:  1342 E/zygisk-elfutil32 ] Cannot load symtabs: .symtab section or its string table not found/valid.
[ 2026-02-14T02:23:46.260        0:  1342:  1342 E/zygisk-elfutil32 ] Failed to load symtabs for linear lookup of dirfd
[ 2026-02-14T02:23:46.260        0:  1342:  1342 E/zygisk-ptrace32 ] failed to find symbol dirfd in /apex/com.android.runtime/lib/bionic/libdl.so
[ 2026-02-14T02:23:46.260        0:  1342:  1342 E/zygisk-elfutil32 ] Cannot load symtabs: .symtab section or its string table not found/valid.
[ 2026-02-14T02:23:46.260        0:  1342:  1342 E/zygisk-elfutil32 ] Failed to load symtabs for linear lookup of closedir
[ 2026-02-14T02:23:46.261        0:  1342:  1342 E/zygisk-ptrace32 ] failed to find symbol closedir in /system/lib/liblog.so
[ 2026-02-14T02:23:46.261        0:  1342:  1342 E/zygisk-elfutil32 ] Cannot load symtabs: .symtab section or its string table not found/valid.
[ 2026-02-14T02:23:46.261        0:  1342:  1342 E/zygisk-elfutil32 ] Failed to load symtabs for linear lookup of closedir
[ 2026-02-14T02:23:46.261        0:  1342:  1342 E/zygisk-ptrace32 ] failed to find symbol closedir in /apex/com.android.runtime/lib/bionic/libm.so
[ 2026-02-14T02:23:46.261        0:  1342:  1342 E/zygisk-elfutil32 ] Cannot load symtabs: .symtab section or its string table not found/valid.
[ 2026-02-14T02:23:46.261        0:  1342:  1342 E/zygisk-elfutil32 ] Failed to load symtabs for linear lookup of closedir
[ 2026-02-14T02:23:46.261        0:  1342:  1342 E/zygisk-ptrace32 ] failed to find symbol closedir in /apex/com.android.runtime/lib/bionic/libdl.so
[ 2026-02-14T02:23:46.261        0:  1342:  1342 E/zygisk-elfutil32 ] Cannot load symtabs: .symtab section or its string table not found/valid.
[ 2026-02-14T02:23:46.261        0:  1342:  1342 E/zygisk-elfutil32 ] Failed to load symtabs for linear lookup of sigemptyset
[ 2026-02-14T02:23:46.261        0:  1342:  1342 E/zygisk-ptrace32 ] failed to find symbol sigemptyset in /system/lib/liblog.so
[ 2026-02-14T02:23:46.261        0:  1342:  1342 E/zygisk-elfutil32 ] Cannot load symtabs: .symtab section or its string table not found/valid.
[ 2026-02-14T02:23:46.261        0:  1342:  1342 E/zygisk-elfutil32 ] Failed to load symtabs for linear lookup of sigemptyset
[ 2026-02-14T02:23:46.261        0:  1342:  1342 E/zygisk-ptrace32 ] failed to find symbol sigemptyset in /apex/com.android.runtime/lib/bionic/libm.so
[ 2026-02-14T02:23:46.261        0:  1342:  1342 E/zygisk-elfutil32 ] Cannot load symtabs: .symtab section or its string table not found/valid.
[ 2026-02-14T02:23:46.261        0:  1342:  1342 E/zygisk-elfutil32 ] Failed to load symtabs for linear lookup of sigemptyset
[ 2026-02-14T02:23:46.261        0:  1342:  1342 E/zygisk-ptrace32 ] failed to find symbol sigemptyset in /apex/com.android.runtime/lib/bionic/libdl.so
[ 2026-02-14T02:23:46.261        0:  1342:  1342 E/zygisk-elfutil32 ] Cannot load symtabs: .symtab section or its string table not found/valid.
[ 2026-02-14T02:23:46.261        0:  1342:  1342 E/zygisk-elfutil32 ] Failed to load symtabs for linear lookup of sigaddset
[ 2026-02-14T02:23:46.261        0:  1342:  1342 E/zygisk-ptrace32 ] failed to find symbol sigaddset in /system/lib/liblog.so
[ 2026-02-14T02:23:46.261        0:  1342:  1342 E/zygisk-elfutil32 ] Cannot load symtabs: .symtab section or its string table not found/valid.
[ 2026-02-14T02:23:46.261        0:  1342:  1342 E/zygisk-elfutil32 ] Failed to load symtabs for linear lookup of sigaddset
[ 2026-02-14T02:23:46.261        0:  1342:  1342 E/zygisk-ptrace32 ] failed to find symbol sigaddset in /apex/com.android.runtime/lib/bionic/libm.so
[ 2026-02-14T02:23:46.261        0:  1342:  1342 E/zygisk-elfutil32 ] Cannot load symtabs: .symtab section or its string table not found/valid.
[ 2026-02-14T02:23:46.261        0:  1342:  1342 E/zygisk-elfutil32 ] Failed to load symtabs for linear lookup of sigaddset
[ 2026-02-14T02:23:46.261        0:  1342:  1342 E/zygisk-ptrace32 ] failed to find symbol sigaddset in /apex/com.android.runtime/lib/bionic/libdl.so
[ 2026-02-14T02:23:46.261        0:  1342:  1342 E/zygisk-elfutil32 ] Cannot load symtabs: .symtab section or its string table not found/valid.
[ 2026-02-14T02:23:46.261        0:  1342:  1342 E/zygisk-elfutil32 ] Failed to load symtabs for linear lookup of sigprocmask
[ 2026-02-14T02:23:46.261        0:  1342:  1342 E/zygisk-ptrace32 ] failed to find symbol sigprocmask in /system/lib/liblog.so
[ 2026-02-14T02:23:46.261        0:  1342:  1342 E/zygisk-elfutil32 ] Cannot load symtabs: .symtab section or its string table not found/valid.
[ 2026-02-14T02:23:46.261        0:  1342:  1342 E/zygisk-elfutil32 ] Failed to load symtabs for linear lookup of sigprocmask
[ 2026-02-14T02:23:46.261        0:  1342:  1342 E/zygisk-ptrace32 ] failed to find symbol sigprocmask in /apex/com.android.runtime/lib/bionic/libm.so
[ 2026-02-14T02:23:46.261        0:  1342:  1342 E/zygisk-elfutil32 ] Cannot load symtabs: .symtab section or its string table not found/valid.
[ 2026-02-14T02:23:46.261        0:  1342:  1342 E/zygisk-elfutil32 ] Failed to load symtabs for linear lookup of sigprocmask
[ 2026-02-14T02:23:46.261        0:  1342:  1342 E/zygisk-ptrace32 ] failed to find symbol sigprocmask in /apex/com.android.runtime/lib/bionic/libdl.so
[ 2026-02-14T02:23:46.261        0:  1342:  1342 E/zygisk-elfutil32 ] Cannot load symtabs: .symtab section or its string table not found/valid.
[ 2026-02-14T02:23:46.261        0:  1342:  1342 E/zygisk-elfutil32 ] Failed to load symtabs for linear lookup of stat
[ 2026-02-14T02:23:46.261        0:  1342:  1342 E/zygisk-ptrace32 ] failed to find symbol stat in /system/lib/liblog.so
[ 2026-02-14T02:23:46.261        0:  1342:  1342 E/zygisk-elfutil32 ] Cannot load symtabs: .symtab section or its string table not found/valid.
[ 2026-02-14T02:23:46.261        0:  1342:  1342 E/zygisk-elfutil32 ] Failed to load symtabs for linear lookup of stat
[ 2026-02-14T02:23:46.261        0:  1342:  1342 E/zygisk-ptrace32 ] failed to find symbol stat in /apex/com.android.runtime/lib/bionic/libm.so
[ 2026-02-14T02:23:46.261        0:  1342:  1342 E/zygisk-elfutil32 ] Cannot load symtabs: .symtab section or its string table not found/valid.
[ 2026-02-14T02:23:46.261        0:  1342:  1342 E/zygisk-elfutil32 ] Failed to load symtabs for linear lookup of stat
[ 2026-02-14T02:23:46.261        0:  1342:  1342 E/zygisk-ptrace32 ] failed to find symbol stat in /apex/com.android.runtime/lib/bionic/libdl.so
[ 2026-02-14T02:23:46.261        0:  1342:  1342 E/zygisk-elfutil32 ] Cannot load symtabs: .symtab section or its string table not found/valid.
[ 2026-02-14T02:23:46.261        0:  1342:  1342 E/zygisk-elfutil32 ] Failed to load symtabs for linear lookup of setenv
[ 2026-02-14T02:23:46.261        0:  1342:  1342 E/zygisk-ptrace32 ] failed to find symbol setenv in /system/lib/liblog.so
[ 2026-02-14T02:23:46.261        0:  1342:  1342 E/zygisk-elfutil32 ] Cannot load symtabs: .symtab section or its string table not found/valid.
[ 2026-02-14T02:23:46.261        0:  1342:  1342 E/zygisk-elfutil32 ] Failed to load symtabs for linear lookup of setenv
[ 2026-02-14T02:23:46.261        0:  1342:  1342 E/zygisk-ptrace32 ] failed to find symbol setenv in /apex/com.android.runtime/lib/bionic/libm.so
[ 2026-02-14T02:23:46.261        0:  1342:  1342 E/zygisk-elfutil32 ] Cannot load symtabs: .symtab section or its string table not found/valid.
[ 2026-02-14T02:23:46.261        0:  1342:  1342 E/zygisk-elfutil32 ] Failed to load symtabs for linear lookup of setenv
[ 2026-02-14T02:23:46.261        0:  1342:  1342 E/zygisk-ptrace32 ] failed to find symbol setenv in /apex/com.android.runtime/lib/bionic/libdl.so
[ 2026-02-14T02:23:46.261        0:  1342:  1342 E/zygisk-elfutil32 ] Cannot load symtabs: .symtab section or its string table not found/valid.
[ 2026-02-14T02:23:46.261        0:  1342:  1342 E/zygisk-elfutil32 ] Failed to load symtabs for linear lookup of setns
[ 2026-02-14T02:23:46.261        0:  1342:  1342 E/zygisk-ptrace32 ] failed to find symbol setns in /system/lib/liblog.so
[ 2026-02-14T02:23:46.261        0:  1342:  1342 E/zygisk-elfutil32 ] Cannot load symtabs: .symtab section or its string table not found/valid.
[ 2026-02-14T02:23:46.261        0:  1342:  1342 E/zygisk-elfutil32 ] Failed to load symtabs for linear lookup of setns
[ 2026-02-14T02:23:46.261        0:  1342:  1342 E/zygisk-ptrace32 ] failed to find symbol setns in /apex/com.android.runtime/lib/bionic/libm.so
[ 2026-02-14T02:23:46.261        0:  1342:  1342 E/zygisk-elfutil32 ] Cannot load symtabs: .symtab section or its string table not found/valid.
[ 2026-02-14T02:23:46.261        0:  1342:  1342 E/zygisk-elfutil32 ] Failed to load symtabs for linear lookup of setns
[ 2026-02-14T02:23:46.261        0:  1342:  1342 E/zygisk-ptrace32 ] failed to find symbol setns in /apex/com.android.runtime/lib/bionic/libdl.so
[ 2026-02-14T02:23:46.262        0:  1342:  1342 E/zygisk-elfutil32 ] Cannot load symtabs: .symtab section or its string table not found/valid.
[ 2026-02-14T02:23:46.262        0:  1342:  1342 E/zygisk-elfutil32 ] Failed to load symtabs for linear lookup of __open_2
[ 2026-02-14T02:23:46.262        0:  1342:  1342 E/zygisk-ptrace32 ] failed to find symbol __open_2 in /system/lib/liblog.so
[ 2026-02-14T02:23:46.262        0:  1342:  1342 E/zygisk-elfutil32 ] Cannot load symtabs: .symtab section or its string table not found/valid.
[ 2026-02-14T02:23:46.262        0:  1342:  1342 E/zygisk-elfutil32 ] Failed to load symtabs for linear lookup of __open_2
[ 2026-02-14T02:23:46.262        0:  1342:  1342 E/zygisk-ptrace32 ] failed to find symbol __open_2 in /apex/com.android.runtime/lib/bionic/libm.so
[ 2026-02-14T02:23:46.262        0:  1342:  1342 E/zygisk-elfutil32 ] Cannot load symtabs: .symtab section or its string table not found/valid.
[ 2026-02-14T02:23:46.262        0:  1342:  1342 E/zygisk-elfutil32 ] Failed to load symtabs for linear lookup of __open_2
[ 2026-02-14T02:23:46.262        0:  1342:  1342 E/zygisk-ptrace32 ] failed to find symbol __open_2 in /apex/com.android.runtime/lib/bionic/libdl.so
[ 2026-02-14T02:23:46.262        0:  1342:  1342 E/zygisk-elfutil32 ] Cannot load symtabs: .symtab section or its string table not found/valid.
[ 2026-02-14T02:23:46.262        0:  1342:  1342 E/zygisk-elfutil32 ] Failed to load symtabs for linear lookup of pthread_mutex_destroy
[ 2026-02-14T02:23:46.262        0:  1342:  1342 E/zygisk-ptrace32 ] failed to find symbol pthread_mutex_destroy in /system/lib/liblog.so
[ 2026-02-14T02:23:46.262        0:  1342:  1342 E/zygisk-elfutil32 ] Cannot load symtabs: .symtab section or its string table not found/valid.
[ 2026-02-14T02:23:46.262        0:  1342:  1342 E/zygisk-elfutil32 ] Failed to load symtabs for linear lookup of pthread_mutex_destroy
[ 2026-02-14T02:23:46.262        0:  1342:  1342 E/zygisk-ptrace32 ] failed to find symbol pthread_mutex_destroy in /apex/com.android.runtime/lib/bionic/libm.so
[ 2026-02-14T02:23:46.262        0:  1342:  1342 E/zygisk-elfutil32 ] Cannot load symtabs: .symtab section or its string table not found/valid.
[ 2026-02-14T02:23:46.262        0:  1342:  1342 E/zygisk-elfutil32 ] Failed to load symtabs for linear lookup of pthread_mutex_destroy
[ 2026-02-14T02:23:46.262        0:  1342:  1342 E/zygisk-ptrace32 ] failed to find symbol pthread_mutex_destroy in /apex/com.android.runtime/lib/bionic/libdl.so
[ 2026-02-14T02:23:46.262        0:  1342:  1342 E/zygisk-elfutil32 ] Cannot load symtabs: .symtab section or its string table not found/valid.
[ 2026-02-14T02:23:46.262        0:  1342:  1342 E/zygisk-elfutil32 ] Failed to load symtabs for linear lookup of realloc
[ 2026-02-14T02:23:46.262        0:  1342:  1342 E/zygisk-ptrace32 ] failed to find symbol realloc in /system/lib/liblog.so
[ 2026-02-14T02:23:46.262        0:  1342:  1342 E/zygisk-elfutil32 ] Cannot load symtabs: .symtab section or its string table not found/valid.
[ 2026-02-14T02:23:46.262        0:  1342:  1342 E/zygisk-elfutil32 ] Failed to load symtabs for linear lookup of realloc
[ 2026-02-14T02:23:46.262        0:  1342:  1342 E/zygisk-ptrace32 ] failed to find symbol realloc in /apex/com.android.runtime/lib/bionic/libm.so
[ 2026-02-14T02:23:46.262        0:  1342:  1342 E/zygisk-elfutil32 ] Cannot load symtabs: .symtab section or its string table not found/valid.
[ 2026-02-14T02:23:46.262        0:  1342:  1342 E/zygisk-elfutil32 ] Failed to load symtabs for linear lookup of realloc
[ 2026-02-14T02:23:46.262        0:  1342:  1342 E/zygisk-ptrace32 ] failed to find symbol realloc in /apex/com.android.runtime/lib/bionic/libdl.so
[ 2026-02-14T02:23:46.262        0:  1342:  1342 E/zygisk-elfutil32 ] Cannot load symtabs: .symtab section or its string table not found/valid.
[ 2026-02-14T02:23:46.262        0:  1342:  1342 E/zygisk-elfutil32 ] Failed to load symtabs for linear lookup of strdup
[ 2026-02-14T02:23:46.262        0:  1342:  1342 E/zygisk-ptrace32 ] failed to find symbol strdup in /system/lib/liblog.so
[ 2026-02-14T02:23:46.262        0:  1342:  1342 E/zygisk-elfutil32 ] Cannot load symtabs: .symtab section or its string table not found/valid.
[ 2026-02-14T02:23:46.262        0:  1342:  1342 E/zygisk-elfutil32 ] Failed to load symtabs for linear lookup of strdup
[ 2026-02-14T02:23:46.262        0:  1342:  1342 E/zygisk-ptrace32 ] failed to find symbol strdup in /apex/com.android.runtime/lib/bionic/libm.so
[ 2026-02-14T02:23:46.262        0:  1342:  1342 E/zygisk-elfutil32 ] Cannot load symtabs: .symtab section or its string table not found/valid.
[ 2026-02-14T02:23:46.262        0:  1342:  1342 E/zygisk-elfutil32 ] Failed to load symtabs for linear lookup of strdup
[ 2026-02-14T02:23:46.262        0:  1342:  1342 E/zygisk-ptrace32 ] failed to find symbol strdup in /apex/com.android.runtime/lib/bionic/libdl.so
[ 2026-02-14T02:23:46.262        0:  1342:  1342 E/zygisk-elfutil32 ] Cannot load symtabs: .symtab section or its string table not found/valid.
[ 2026-02-14T02:23:46.262        0:  1342:  1342 E/zygisk-elfutil32 ] Failed to load symtabs for linear lookup of malloc
[ 2026-02-14T02:23:46.262        0:  1342:  1342 E/zygisk-ptrace32 ] failed to find symbol malloc in /system/lib/liblog.so
[ 2026-02-14T02:23:46.262        0:  1342:  1342 E/zygisk-elfutil32 ] Cannot load symtabs: .symtab section or its string table not found/valid.
[ 2026-02-14T02:23:46.262        0:  1342:  1342 E/zygisk-elfutil32 ] Failed to load symtabs for linear lookup of malloc
[ 2026-02-14T02:23:46.262        0:  1342:  1342 E/zygisk-ptrace32 ] failed to find symbol malloc in /apex/com.android.runtime/lib/bionic/libm.so
[ 2026-02-14T02:23:46.262        0:  1342:  1342 E/zygisk-elfutil32 ] Cannot load symtabs: .symtab section or its string table not found/valid.
[ 2026-02-14T02:23:46.262        0:  1342:  1342 E/zygisk-elfutil32 ] Failed to load symtabs for linear lookup of malloc
[ 2026-02-14T02:23:46.262        0:  1342:  1342 E/zygisk-ptrace32 ] failed to find symbol malloc in /apex/com.android.runtime/lib/bionic/libdl.so
[ 2026-02-14T02:23:46.262        0:  1342:  1342 E/zygisk-elfutil32 ] Cannot load symtabs: .symtab section or its string table not found/valid.
[ 2026-02-14T02:23:46.262        0:  1342:  1342 E/zygisk-elfutil32 ] Failed to load symtabs for linear lookup of regcomp
[ 2026-02-14T02:23:46.262        0:  1342:  1342 E/zygisk-ptrace32 ] failed to find symbol regcomp in /system/lib/liblog.so
[ 2026-02-14T02:23:46.262        0:  1342:  1342 E/zygisk-elfutil32 ] Cannot load symtabs: .symtab section or its string table not found/valid.
[ 2026-02-14T02:23:46.262        0:  1342:  1342 E/zygisk-elfutil32 ] Failed to load symtabs for linear lookup of regcomp
[ 2026-02-14T02:23:46.262        0:  1342:  1342 E/zygisk-ptrace32 ] failed to find symbol regcomp in /apex/com.android.runtime/lib/bionic/libm.so
[ 2026-02-14T02:23:46.262        0:  1342:  1342 E/zygisk-elfutil32 ] Cannot load symtabs: .symtab section or its string table not found/valid.
[ 2026-02-14T02:23:46.262        0:  1342:  1342 E/zygisk-elfutil32 ] Failed to load symtabs for linear lookup of regcomp
[ 2026-02-14T02:23:46.262        0:  1342:  1342 E/zygisk-ptrace32 ] failed to find symbol regcomp in /apex/com.android.runtime/lib/bionic/libdl.so
[ 2026-02-14T02:23:46.262        0:  1342:  1342 E/zygisk-elfutil32 ] Cannot load symtabs: .symtab section or its string table not found/valid.
[ 2026-02-14T02:23:46.262        0:  1342:  1342 E/zygisk-elfutil32 ] Failed to load symtabs for linear lookup of pthread_mutex_lock
[ 2026-02-14T02:23:46.262        0:  1342:  1342 E/zygisk-ptrace32 ] failed to find symbol pthread_mutex_lock in /system/lib/liblog.so
[ 2026-02-14T02:23:46.262        0:  1342:  1342 E/zygisk-elfutil32 ] Cannot load symtabs: .symtab section or its string table not found/valid.
[ 2026-02-14T02:23:46.262        0:  1342:  1342 E/zygisk-elfutil32 ] Failed to load symtabs for linear lookup of pthread_mutex_lock
[ 2026-02-14T02:23:46.265        0:  1342:  1342 E/zygisk-elfutil32 ] Cannot load symtabs: .symtab section or its string table not found/valid.
[ 2026-02-14T02:23:46.265        0:  1342:  1342 E/zygisk-elfutil32 ] Failed to load symtabs for linear lookup of sleep
[ 2026-02-14T02:23:46.265        0:  1342:  1342 E/zygisk-ptrace32 ] failed to find symbol sleep in /apex/com.android.runtime/lib/bionic/libm.so
[ 2026-02-14T02:23:46.265        0:  1342:  1342 E/zygisk-elfutil32 ] Cannot load symtabs: .symtab section or its string table not found/valid.
[ 2026-02-14T02:23:46.265        0:  1342:  1342 E/zygisk-elfutil32 ] Failed to load symtabs for linear lookup of sleep
[ 2026-02-14T02:23:46.265        0:  1342:  1342 E/zygisk-ptrace32 ] failed to find symbol sleep in /apex/com.android.runtime/lib/bionic/libdl.so
[ 2026-02-14T02:23:46.265        0:  1342:  1342 E/zygisk-elfutil32 ] Cannot load symtabs: .symtab section or its string table not found/valid.
[ 2026-02-14T02:23:46.265        0:  1342:  1342 E/zygisk-elfutil32 ] Failed to load symtabs for linear lookup of __vsnprintf_chk
[ 2026-02-14T02:23:46.265        0:  1342:  1342 E/zygisk-ptrace32 ] failed to find symbol __vsnprintf_chk in /system/lib/liblog.so
[ 2026-02-14T02:23:46.265        0:  1342:  1342 E/zygisk-elfutil32 ] Cannot load symtabs: .symtab section or its string table not found/valid.
[ 2026-02-14T02:23:46.265        0:  1342:  1342 E/zygisk-elfutil32 ] Failed to load symtabs for linear lookup of __vsnprintf_chk
[ 2026-02-14T02:23:46.265        0:  1342:  1342 E/zygisk-ptrace32 ] failed to find symbol __vsnprintf_chk in /apex/com.android.runtime/lib/bionic/libm.so
[ 2026-02-14T02:23:46.265        0:  1342:  1342 E/zygisk-elfutil32 ] Cannot load symtabs: .symtab section or its string table not found/valid.
[ 2026-02-14T02:23:46.265        0:  1342:  1342 E/zygisk-elfutil32 ] Failed to load symtabs for linear lookup of __vsnprintf_chk
[ 2026-02-14T02:23:46.265        0:  1342:  1342 E/zygisk-ptrace32 ] failed to find symbol __vsnprintf_chk in /apex/com.android.runtime/lib/bionic/libdl.so
[ 2026-02-14T02:23:46.265        0:  1342:  1342 E/zygisk-elfutil32 ] Cannot load symtabs: .symtab section or its string table not found/valid.
[ 2026-02-14T02:23:46.265        0:  1342:  1342 E/zygisk-elfutil32 ] Failed to load symtabs for linear lookup of __strlen_chk
[ 2026-02-14T02:23:46.265        0:  1342:  1342 E/zygisk-ptrace32 ] failed to find symbol __strlen_chk in /system/lib/liblog.so
[ 2026-02-14T02:23:46.265        0:  1342:  1342 E/zygisk-elfutil32 ] Cannot load symtabs: .symtab section or its string table not found/valid.
[ 2026-02-14T02:23:46.265        0:  1342:  1342 E/zygisk-elfutil32 ] Failed to load symtabs for linear lookup of __strlen_chk
[ 2026-02-14T02:23:46.265        0:  1342:  1342 E/zygisk-ptrace32 ] failed to find symbol __strlen_chk in /apex/com.android.runtime/lib/bionic/libm.so
[ 2026-02-14T02:23:46.265        0:  1342:  1342 E/zygisk-elfutil32 ] Cannot load symtabs: .symtab section or its string table not found/valid.
[ 2026-02-14T02:23:46.265        0:  1342:  1342 E/zygisk-elfutil32 ] Failed to load symtabs for linear lookup of __strlen_chk
[ 2026-02-14T02:23:46.265        0:  1342:  1342 E/zygisk-ptrace32 ] failed to find symbol __strlen_chk in /apex/com.android.runtime/lib/bionic/libdl.so
[ 2026-02-14T02:23:46.265        0:  1342:  1342 E/zygisk-elfutil32 ] Cannot load symtabs: .symtab section or its string table not found/valid.
[ 2026-02-14T02:23:46.265        0:  1342:  1342 E/zygisk-elfutil32 ] Failed to load symtabs for linear lookup of uname
[ 2026-02-14T02:23:46.265        0:  1342:  1342 E/zygisk-ptrace32 ] failed to find symbol uname in /system/lib/liblog.so
[ 2026-02-14T02:23:46.265        0:  1342:  1342 E/zygisk-elfutil32 ] Cannot load symtabs: .symtab section or its string table not found/valid.
[ 2026-02-14T02:23:46.265        0:  1342:  1342 E/zygisk-elfutil32 ] Failed to load symtabs for linear lookup of uname
[ 2026-02-14T02:23:46.265        0:  1342:  1342 E/zygisk-ptrace32 ] failed to find symbol uname in /apex/com.android.runtime/lib/bionic/libm.so
[ 2026-02-14T02:23:46.265        0:  1342:  1342 E/zygisk-elfutil32 ] Cannot load symtabs: .symtab section or its string table not found/valid.
[ 2026-02-14T02:23:46.265        0:  1342:  1342 E/zygisk-elfutil32 ] Failed to load symtabs for linear lookup of uname
[ 2026-02-14T02:23:46.265        0:  1342:  1342 E/zygisk-ptrace32 ] failed to find symbol uname in /apex/com.android.runtime/lib/bionic/libdl.so
[ 2026-02-14T02:23:46.265        0:  1342:  1342 E/zygisk-elfutil32 ] Cannot load symtabs: .symtab section or its string table not found/valid.
[ 2026-02-14T02:23:46.265        0:  1342:  1342 E/zygisk-elfutil32 ] Failed to load symtabs for linear lookup of sscanf
[ 2026-02-14T02:23:46.265        0:  1342:  1342 E/zygisk-ptrace32 ] failed to find symbol sscanf in /system/lib/liblog.so
[ 2026-02-14T02:23:46.265        0:  1342:  1342 E/zygisk-elfutil32 ] Cannot load symtabs: .symtab section or its string table not found/valid.
[ 2026-02-14T02:23:46.265        0:  1342:  1342 E/zygisk-elfutil32 ] Failed to load symtabs for linear lookup of sscanf
[ 2026-02-14T02:23:46.265        0:  1342:  1342 E/zygisk-ptrace32 ] failed to find symbol sscanf in /apex/com.android.runtime/lib/bionic/libm.so
[ 2026-02-14T02:23:46.265        0:  1342:  1342 E/zygisk-elfutil32 ] Cannot load symtabs: .symtab section or its string table not found/valid.
[ 2026-02-14T02:23:46.265        0:  1342:  1342 E/zygisk-elfutil32 ] Failed to load symtabs for linear lookup of sscanf
[ 2026-02-14T02:23:46.265        0:  1342:  1342 E/zygisk-ptrace32 ] failed to find symbol sscanf in /apex/com.android.runtime/lib/bionic/libdl.so
[ 2026-02-14T02:23:46.266        0:  1342:  1342 E/zygisk-elfutil32 ] Cannot load symtabs: .symtab section or its string table not found/valid.
[ 2026-02-14T02:23:46.266        0:  1342:  1342 E/zygisk-elfutil32 ] Failed to load symtabs for linear lookup of recvmsg
[ 2026-02-14T02:23:46.266        0:  1342:  1342 E/zygisk-ptrace32 ] failed to find symbol recvmsg in /system/lib/liblog.so
[ 2026-02-14T02:23:46.266        0:  1342:  1342 E/zygisk-elfutil32 ] Cannot load symtabs: .symtab section or its string table not found/valid.
[ 2026-02-14T02:23:46.266        0:  1342:  1342 E/zygisk-elfutil32 ] Failed to load symtabs for linear lookup of recvmsg
[ 2026-02-14T02:23:46.266        0:  1342:  1342 E/zygisk-ptrace32 ] failed to find symbol recvmsg in /apex/com.android.runtime/lib/bionic/libm.so
[ 2026-02-14T02:23:46.266        0:  1342:  1342 E/zygisk-elfutil32 ] Cannot load symtabs: .symtab section or its string table not found/valid.
[ 2026-02-14T02:23:46.266        0:  1342:  1342 E/zygisk-elfutil32 ] Failed to load symtabs for linear lookup of recvmsg
[ 2026-02-14T02:23:46.266        0:  1342:  1342 E/zygisk-ptrace32 ] failed to find symbol recvmsg in /apex/com.android.runtime/lib/bionic/libdl.so
[ 2026-02-14T02:23:46.266        0:  1342:  1342 E/zygisk-elfutil32 ] Cannot load symtabs: .symtab section or its string table not found/valid.
[ 2026-02-14T02:23:46.266        0:  1342:  1342 E/zygisk-elfutil32 ] Failed to load symtabs for linear lookup of __write_chk
[ 2026-02-14T02:23:46.266        0:  1342:  1342 E/zygisk-ptrace32 ] failed to find symbol __write_chk in /system/lib/liblog.so
[ 2026-02-14T02:23:46.266        0:  1342:  1342 E/zygisk-elfutil32 ] Cannot load symtabs: .symtab section or its string table not found/valid.
[ 2026-02-14T02:23:46.266        0:  1342:  1342 E/zygisk-elfutil32 ] Failed to load symtabs for linear lookup of __write_chk
[ 2026-02-14T02:23:46.266        0:  1342:  1342 E/zygisk-ptrace32 ] failed to find symbol __write_chk in /apex/com.android.runtime/lib/bionic/libm.so
[ 2026-02-14T02:23:46.266        0:  1342:  1342 E/zygisk-elfutil32 ] Cannot load symtabs: .symtab section or its string table not found/valid.
[ 2026-02-14T02:23:46.266        0:  1342:  1342 E/zygisk-elfutil32 ] Failed to load symtabs for linear lookup of __write_chk
[ 2026-02-14T02:23:46.266        0:  1342:  1342 E/zygisk-ptrace32 ] failed to find symbol __write_chk in /apex/com.android.runtime/lib/bionic/libdl.so
[ 2026-02-14T02:23:46.266        0:  1342:  1342 E/zygisk-elfutil32 ] Cannot load symtabs: .symtab section or its string table not found/valid.
[ 2026-02-14T02:23:46.266        0:  1342:  1342 E/zygisk-elfutil32 ] Failed to load symtabs for linear lookup of write
[ 2026-02-14T02:23:46.266        0:  1342:  1342 E/zygisk-ptrace32 ] failed to find symbol write in /system/lib/liblog.so
[ 2026-02-14T02:23:46.266        0:  1342:  1342 E/zygisk-elfutil32 ] Cannot load symtabs: .symtab section or its string table not found/valid.
[ 2026-02-14T02:23:46.266        0:  1342:  1342 E/zygisk-elfutil32 ] Failed to load symtabs for linear lookup of write
[ 2026-02-14T02:23:46.266        0:  1342:  1342 E/zygisk-ptrace32 ] failed to find symbol write in /apex/com.android.runtime/lib/bionic/libm.so
[ 2026-02-14T02:23:46.266        0:  1342:  1342 E/zygisk-elfutil32 ] Cannot load symtabs: .symtab section or its string table not found/valid.
[ 2026-02-14T02:23:46.266        0:  1342:  1342 E/zygisk-elfutil32 ] Failed to load symtabs for linear lookup of write
[ 2026-02-14T02:23:46.266        0:  1342:  1342 E/zygisk-ptrace32 ] failed to find symbol write in /apex/com.android.runtime/lib/bionic/libdl.so
[ 2026-02-14T02:23:46.266        0:  1342:  1342 E/zygisk-elfutil32 ] Cannot load symtabs: .symtab section or its string table not found/valid.
[ 2026-02-14T02:23:46.266        0:  1342:  1342 E/zygisk-elfutil32 ] Failed to load symtabs for linear lookup of __pread_chk
[ 2026-02-14T02:23:46.266        0:  1342:  1342 E/zygisk-ptrace32 ] failed to find symbol __pread_chk in /system/lib/liblog.so
[ 2026-02-14T02:23:46.266        0:  1342:  1342 E/zygisk-elfutil32 ] Cannot load symtabs: .symtab section or its string table not found/valid.
[ 2026-02-14T02:23:46.266        0:  1342:  1342 E/zygisk-elfutil32 ] Failed to load symtabs for linear lookup of __pread_chk
[ 2026-02-14T02:23:46.266        0:  1342:  1342 E/zygisk-ptrace32 ] failed to find symbol __pread_chk in /apex/com.android.runtime/lib/bionic/libm.so
[ 2026-02-14T02:23:46.266        0:  1342:  1342 E/zygisk-elfutil32 ] Cannot load symtabs: .symtab section or its string table not found/valid.
[ 2026-02-14T02:23:46.266        0:  1342:  1342 E/zygisk-elfutil32 ] Failed to load symtabs for linear lookup of __pread_chk
[ 2026-02-14T02:23:46.266        0:  1342:  1342 E/zygisk-ptrace32 ] failed to find symbol __pread_chk in /apex/com.android.runtime/lib/bionic/libdl.so
[ 2026-02-14T02:23:46.266        0:  1342:  1342 E/zygisk-elfutil32 ] Cannot load symtabs: .symtab section or its string table not found/valid.
[ 2026-02-14T02:23:46.266        0:  1342:  1342 E/zygisk-elfutil32 ] Failed to load symtabs for linear lookup of pread
[ 2026-02-14T02:23:46.266        0:  1342:  1342 E/zygisk-ptrace32 ] failed to find symbol pread in /system/lib/liblog.so
[ 2026-02-14T02:23:46.266        0:  1342:  1342 E/zygisk-elfutil32 ] Cannot load symtabs: .symtab section or its string table not found/valid.
[ 2026-02-14T02:23:46.266        0:  1342:  1342 E/zygisk-elfutil32 ] Failed to load symtabs for linear lookup of pread
[ 2026-02-14T02:23:46.266        0:  1342:  1342 E/zygisk-ptrace32 ] failed to find symbol pread in /apex/com.android.runtime/lib/bionic/libm.so
[ 2026-02-14T02:23:46.266        0:  1342:  1342 E/zygisk-elfutil32 ] Cannot load symtabs: .symtab section or its string table not found/valid.
[ 2026-02-14T02:23:46.266        0:  1342:  1342 E/zygisk-elfutil32 ] Failed to load symtabs for linear lookup of pread
[ 2026-02-14T02:23:46.266        0:  1342:  1342 E/zygisk-ptrace32 ] failed to find symbol pread in /apex/com.android.runtime/lib/bionic/libdl.so
[ 2026-02-14T02:23:46.266        0:  1342:  1342 E/zygisk-elfutil32 ] Cannot load symtabs: .symtab section or its string table not found/valid.
[ 2026-02-14T02:23:46.266        0:  1342:  1342 E/zygisk-elfutil32 ] Failed to load symtabs for linear lookup of __read_chk
[ 2026-02-14T02:23:46.266        0:  1342:  1342 E/zygisk-ptrace32 ] failed to find symbol __read_chk in /system/lib/liblog.so
[ 2026-02-14T02:23:46.266        0:  1342:  1342 E/zygisk-elfutil32 ] Cannot load symtabs: .symtab section or its string table not found/valid.
[ 2026-02-14T02:23:46.266        0:  1342:  1342 E/zygisk-elfutil32 ] Failed to load symtabs for linear lookup of __read_chk
[ 2026-02-14T02:23:46.266        0:  1342:  1342 E/zygisk-ptrace32 ] failed to find symbol __read_chk in /apex/com.android.runtime/lib/bionic/libm.so
[ 2026-02-14T02:23:46.266        0:  1342:  1342 E/zygisk-elfutil32 ] Cannot load symtabs: .symtab section or its string table not found/valid.
[ 2026-02-14T02:23:46.266        0:  1342:  1342 E/zygisk-elfutil32 ] Failed to load symtabs for linear lookup of __read_chk
[ 2026-02-14T02:23:46.266        0:  1342:  1342 E/zygisk-ptrace32 ] failed to find symbol __read_chk in /apex/com.android.runtime/lib/bionic/libdl.so
[ 2026-02-14T02:23:46.266        0:  1342:  1342 E/zygisk-elfutil32 ] Cannot load symtabs: .symtab section or its string table not found/valid.
[ 2026-02-14T02:23:46.266        0:  1342:  1342 E/zygisk-elfutil32 ] Failed to load symtabs for linear lookup of socketpair
[ 2026-02-14T02:23:46.266        0:  1342:  1342 E/zygisk-ptrace32 ] failed to find symbol socketpair in /system/lib/liblog.so
[ 2026-02-14T02:23:46.266        0:  1342:  1342 E/zygisk-elfutil32 ] Cannot load symtabs: .symtab section or its string table not found/valid.
[ 2026-02-14T02:23:46.266        0:  1342:  1342 E/zygisk-elfutil32 ] Failed to load symtabs for linear lookup of socketpair
[ 2026-02-14T02:23:46.266        0:  1342:  1342 E/zygisk-ptrace32 ] failed to find symbol socketpair in /apex/com.android.runtime/lib/bionic/libm.so
[ 2026-02-14T02:23:46.266        0:  1342:  1342 E/zygisk-elfutil32 ] Cannot load symtabs: .symtab section or its string table not found/valid.
[ 2026-02-14T02:23:46.266        0:  1342:  1342 E/zygisk-elfutil32 ] Failed to load symtabs for linear lookup of socketpair
[ 2026-02-14T02:23:46.266        0:  1342:  1342 E/zygisk-ptrace32 ] failed to find symbol socketpair in /apex/com.android.runtime/lib/bionic/libdl.so
[ 2026-02-14T02:23:46.267        0:  1342:  1342 E/zygisk-elfutil32 ] Cannot load symtabs: .symtab section or its string table not found/valid.
[ 2026-02-14T02:23:46.267        0:  1342:  1342 E/zygisk-elfutil32 ] Failed to load symtabs for linear lookup of _exit
[ 2026-02-14T02:23:46.267        0:  1342:  1342 E/zygisk-ptrace32 ] failed to find symbol _exit in /system/lib/liblog.so
[ 2026-02-14T02:23:46.267        0:  1342:  1342 E/zygisk-elfutil32 ] Cannot load symtabs: .symtab section or its string table not found/valid.
[ 2026-02-14T02:23:46.267        0:  1342:  1342 E/zygisk-elfutil32 ] Failed to load symtabs for linear lookup of _exit
[ 2026-02-14T02:23:46.267        0:  1342:  1342 E/zygisk-ptrace32 ] failed to find symbol _exit in /apex/com.android.runtime/lib/bionic/libm.so
[ 2026-02-14T02:23:46.267        0:  1342:  1342 E/zygisk-elfutil32 ] Cannot load symtabs: .symtab section or its string table not found/valid.
[ 2026-02-14T02:23:46.267        0:  1342:  1342 E/zygisk-elfutil32 ] Failed to load symtabs for linear lookup of _exit
[ 2026-02-14T02:23:46.267        0:  1342:  1342 E/zygisk-ptrace32 ] failed to find symbol _exit in /apex/com.android.runtime/lib/bionic/libdl.so
[ 2026-02-14T02:23:46.267        0:  1342:  1342 E/zygisk-elfutil32 ] Cannot load symtabs: .symtab section or its string table not found/valid.
[ 2026-02-14T02:23:46.267        0:  1342:  1342 E/zygisk-elfutil32 ] Failed to load symtabs for linear lookup of fdopen
[ 2026-02-14T02:23:46.267        0:  1342:  1342 E/zygisk-ptrace32 ] failed to find symbol fdopen in /system/lib/liblog.so
[ 2026-02-14T02:23:46.267        0:  1342:  1342 E/zygisk-elfutil32 ] Cannot load symtabs: .symtab section or its string table not found/valid.
[ 2026-02-14T02:23:46.267        0:  1342:  1342 E/zygisk-elfutil32 ] Failed to load symtabs for linear lookup of fdopen
[ 2026-02-14T02:23:46.267        0:  1342:  1342 E/zygisk-ptrace32 ] failed to find symbol fdopen in /apex/com.android.runtime/lib/bionic/libm.so
[ 2026-02-14T02:23:46.267        0:  1342:  1342 E/zygisk-elfutil32 ] Cannot load symtabs: .symtab section or its string table not found/valid.
[ 2026-02-14T02:23:46.267        0:  1342:  1342 E/zygisk-elfutil32 ] Failed to load symtabs for linear lookup of fdopen
[ 2026-02-14T02:23:46.267        0:  1342:  1342 E/zygisk-ptrace32 ] failed to find symbol fdopen in /apex/com.android.runtime/lib/bionic/libdl.so
[ 2026-02-14T02:23:46.267        0:  1342:  1342 E/zygisk-elfutil32 ] Cannot load symtabs: .symtab section or its string table not found/valid.
[ 2026-02-14T02:23:46.267        0:  1342:  1342 E/zygisk-elfutil32 ] Failed to load symtabs for linear lookup of calloc
[ 2026-02-14T02:23:46.267        0:  1342:  1342 E/zygisk-ptrace32 ] failed to find symbol calloc in /system/lib/liblog.so
[ 2026-02-14T02:23:46.267        0:  1342:  1342 E/zygisk-elfutil32 ] Cannot load symtabs: .symtab section or its string table not found/valid.
[ 2026-02-14T02:23:46.267        0:  1342:  1342 E/zygisk-elfutil32 ] Failed to load symtabs for linear lookup of calloc
[ 2026-02-14T02:23:46.267        0:  1342:  1342 E/zygisk-ptrace32 ] failed to find symbol calloc in /apex/com.android.runtime/lib/bionic/libm.so
[ 2026-02-14T02:23:46.267        0:  1342:  1342 E/zygisk-elfutil32 ] Cannot load symtabs: .symtab section or its string table not found/valid.
[ 2026-02-14T02:23:46.267        0:  1342:  1342 E/zygisk-elfutil32 ] Failed to load symtabs for linear lookup of calloc
[ 2026-02-14T02:23:46.267        0:  1342:  1342 E/zygisk-ptrace32 ] failed to find symbol calloc in /apex/com.android.runtime/lib/bionic/libdl.so
[ 2026-02-14T02:23:46.267        0:  1342:  1342 E/zygisk-elfutil32 ] Cannot load symtabs: .symtab section or its string table not found/valid.
[ 2026-02-14T02:23:46.267        0:  1342:  1342 E/zygisk-elfutil32 ] Failed to load symtabs for linear lookup of waitpid
[ 2026-02-14T02:23:46.267        0:  1342:  1342 E/zygisk-ptrace32 ] failed to find symbol waitpid in /system/lib/liblog.so
[ 2026-02-14T02:23:46.267        0:  1342:  1342 E/zygisk-elfutil32 ] Cannot load symtabs: .symtab section or its string table not found/valid.
[ 2026-02-14T02:23:46.267        0:  1342:  1342 E/zygisk-elfutil32 ] Failed to load symtabs for linear lookup of waitpid
[ 2026-02-14T02:23:46.267        0:  1342:  1342 E/zygisk-ptrace32 ] failed to find symbol waitpid in /apex/com.android.runtime/lib/bionic/libm.so
[ 2026-02-14T02:23:46.267        0:  1342:  1342 E/zygisk-elfutil32 ] Cannot load symtabs: .symtab section or its string table not found/valid.
[ 2026-02-14T02:23:46.267        0:  1342:  1342 E/zygisk-elfutil32 ] Failed to load symtabs for linear lookup of waitpid
[ 2026-02-14T02:23:46.267        0:  1342:  1342 E/zygisk-ptrace32 ] failed to find symbol waitpid in /apex/com.android.runtime/lib/bionic/libdl.so
[ 2026-02-14T02:23:46.267        0:  1342:  1342 E/zygisk-elfutil32 ] Cannot load symtabs: .symtab section or its string table not found/valid.
[ 2026-02-14T02:23:46.267        0:  1342:  1342 E/zygisk-elfutil32 ] Failed to load symtabs for linear lookup of mprotect
[ 2026-02-14T02:23:46.267        0:  1342:  1342 E/zygisk-ptrace32 ] failed to find symbol mprotect in /system/lib/liblog.so
[ 2026-02-14T02:23:46.267        0:  1342:  1342 E/zygisk-elfutil32 ] Cannot load symtabs: .symtab section or its string table not found/valid.
[ 2026-02-14T02:23:46.267        0:  1342:  1342 E/zygisk-elfutil32 ] Failed to load symtabs for linear lookup of mprotect
[ 2026-02-14T02:23:46.267        0:  1342:  1342 E/zygisk-ptrace32 ] failed to find symbol mprotect in /apex/com.android.runtime/lib/bionic/libm.so
[ 2026-02-14T02:23:46.267        0:  1342:  1342 E/zygisk-elfutil32 ] Cannot load symtabs: .symtab section or its string table not found/valid.
[ 2026-02-14T02:23:46.267        0:  1342:  1342 E/zygisk-elfutil32 ] Failed to load symtabs for linear lookup of mprotect
[ 2026-02-14T02:23:46.267        0:  1342:  1342 E/zygisk-ptrace32 ] failed to find symbol mprotect in /apex/com.android.runtime/lib/bionic/libdl.so
[ 2026-02-14T02:23:46.267        0:  1342:  1342 E/zygisk-elfutil32 ] Cannot load symtabs: .symtab section or its string table not found/valid.
[ 2026-02-14T02:23:46.267        0:  1342:  1342 E/zygisk-elfutil32 ] Failed to load symtabs for linear lookup of sendmsg
[ 2026-02-14T02:23:46.267        0:  1342:  1342 E/zygisk-ptrace32 ] failed to find symbol sendmsg in /system/lib/liblog.so
[ 2026-02-14T02:23:46.267        0:  1342:  1342 E/zygisk-elfutil32 ] Cannot load symtabs: .symtab section or its string table not found/valid.
[ 2026-02-14T02:23:46.267        0:  1342:  1342 E/zygisk-elfutil32 ] Failed to load symtabs for linear lookup of sendmsg
[ 2026-02-14T02:23:46.267        0:  1342:  1342 E/zygisk-ptrace32 ] failed to find symbol sendmsg in /apex/com.android.runtime/lib/bionic/libm.so
[ 2026-02-14T02:23:46.267        0:  1342:  1342 E/zygisk-elfutil32 ] Cannot load symtabs: .symtab section or its string table not found/valid.
[ 2026-02-14T02:23:46.267        0:  1342:  1342 E/zygisk-elfutil32 ] Failed to load symtabs for linear lookup of sendmsg
[ 2026-02-14T02:23:46.267        0:  1342:  1342 E/zygisk-ptrace32 ] failed to find symbol sendmsg in /apex/com.android.runtime/lib/bionic/libdl.so
[ 2026-02-14T02:23:46.267        0:  1342:  1342 E/zygisk-elfutil32 ] Cannot load symtabs: .symtab section or its string table not found/valid.
[ 2026-02-14T02:23:46.267        0:  1342:  1342 E/zygisk-elfutil32 ] Failed to load symtabs for linear lookup of qsort
[ 2026-02-14T02:23:46.267        0:  1342:  1342 E/zygisk-ptrace32 ] failed to find symbol qsort in /system/lib/liblog.so
[ 2026-02-14T02:23:46.267        0:  1342:  1342 E/zygisk-elfutil32 ] Cannot load symtabs: .symtab section or its string table not found/valid.
[ 2026-02-14T02:23:46.268        0:  1342:  1342 E/zygisk-elfutil32 ] Cannot load symtabs: .symtab section or its string table not found/valid.
[ 2026-02-14T02:23:46.268        0:  1342:  1342 E/zygisk-elfutil32 ] Failed to load symtabs for linear lookup of fstat
[ 2026-02-14T02:23:46.268        0:  1342:  1342 E/zygisk-ptrace32 ] failed to find symbol fstat in /system/lib/liblog.so
[ 2026-02-14T02:23:46.268        0:  1342:  1342 E/zygisk-elfutil32 ] Cannot load symtabs: .symtab section or its string table not found/valid.
[ 2026-02-14T02:23:46.268        0:  1342:  1342 E/zygisk-elfutil32 ] Failed to load symtabs for linear lookup of fstat
[ 2026-02-14T02:23:46.268        0:  1342:  1342 E/zygisk-ptrace32 ] failed to find symbol fstat in /apex/com.android.runtime/lib/bionic/libm.so
[ 2026-02-14T02:23:46.268        0:  1342:  1342 E/zygisk-elfutil32 ] Cannot load symtabs: .symtab section or its string table not found/valid.
[ 2026-02-14T02:23:46.268        0:  1342:  1342 E/zygisk-elfutil32 ] Failed to load symtabs for linear lookup of fstat
[ 2026-02-14T02:23:46.268        0:  1342:  1342 E/zygisk-ptrace32 ] failed to find symbol fstat in /apex/com.android.runtime/lib/bionic/libdl.so
[ 2026-02-14T02:23:46.268        0:  1342:  1342 E/zygisk-elfutil32 ] Cannot load symtabs: .symtab section or its string table not found/valid.
[ 2026-02-14T02:23:46.269        0:  1342:  1342 E/zygisk-elfutil32 ] Failed to load symtabs for linear lookup of dl_iterate_phdr
[ 2026-02-14T02:23:46.269        0:  1342:  1342 E/zygisk-ptrace32 ] failed to find symbol dl_iterate_phdr in /system/lib/liblog.so
[ 2026-02-14T02:23:46.269        0:  1342:  1342 E/zygisk-elfutil32 ] Cannot load symtabs: .symtab section or its string table not found/valid.
[ 2026-02-14T02:23:46.269        0:  1342:  1342 E/zygisk-elfutil32 ] Failed to load symtabs for linear lookup of dl_iterate_phdr
[ 2026-02-14T02:23:46.269        0:  1342:  1342 E/zygisk-ptrace32 ] failed to find symbol dl_iterate_phdr in /apex/com.android.runtime/lib/bionic/libm.so
[ 2026-02-14T02:23:46.269        0:  1342:  1342 E/zygisk-elfutil32 ] Cannot load symtabs: .symtab section or its string table not found/valid.
[ 2026-02-14T02:23:46.269        0:  1342:  1342 E/zygisk-elfutil32 ] Failed to load symtabs for linear lookup of getauxval
[ 2026-02-14T02:23:46.269        0:  1342:  1342 E/zygisk-ptrace32 ] failed to find symbol getauxval in /system/lib/liblog.so
[ 2026-02-14T02:23:46.269        0:  1342:  1342 E/zygisk-elfutil32 ] Cannot load symtabs: .symtab section or its string table not found/valid.
[ 2026-02-14T02:23:46.269        0:  1342:  1342 E/zygisk-elfutil32 ] Failed to load symtabs for linear lookup of getauxval
[ 2026-02-14T02:23:46.269        0:  1342:  1342 E/zygisk-ptrace32 ] failed to find symbol getauxval in /apex/com.android.runtime/lib/bionic/libm.so
[ 2026-02-14T02:23:46.269        0:  1342:  1342 E/zygisk-elfutil32 ] Cannot load symtabs: .symtab section or its string table not found/valid.
[ 2026-02-14T02:23:46.269        0:  1342:  1342 E/zygisk-elfutil32 ] Failed to load symtabs for linear lookup of getauxval
[ 2026-02-14T02:23:46.269        0:  1342:  1342 E/zygisk-ptrace32 ] failed to find symbol getauxval in /apex/com.android.runtime/lib/bionic/libdl.so
[ 2026-02-14T02:23:46.269        0:  1342:  1342 W/zygisk-ptrace32 ] Bypassing resolution of EH frame function: __deregister_frame
[ 2026-02-14T02:23:46.269        0:  1342:  1342 E/zygisk-elfutil32 ] Cannot load symtabs: .symtab section or its string table not found/valid.
[ 2026-02-14T02:23:46.269        0:  1342:  1342 E/zygisk-elfutil32 ] Failed to load symtabs for linear lookup of mmap
[ 2026-02-14T02:23:46.269        0:  1342:  1342 E/zygisk-ptrace32 ] failed to find symbol mmap in /system/lib/liblog.so
[ 2026-02-14T02:23:46.269        0:  1342:  1342 E/zygisk-elfutil32 ] Cannot load symtabs: .symtab section or its string table not found/valid.
[ 2026-02-14T02:23:46.269        0:  1342:  1342 E/zygisk-elfutil32 ] Failed to load symtabs for linear lookup of mmap
[ 2026-02-14T02:23:46.271        0:  1342:  1342 E/zygisk-ptrace32 ] failed to find symbol mmap in /apex/com.android.runtime/lib/bionic/libm.so
[ 2026-02-14T02:23:46.271        0:  1342:  1342 E/zygisk-elfutil32 ] Cannot load symtabs: .symtab section or its string table not found/valid.
[ 2026-02-14T02:23:46.271        0:  1342:  1342 E/zygisk-elfutil32 ] Failed to load symtabs for linear lookup of mmap
[ 2026-02-14T02:23:46.271        0:  1342:  1342 E/zygisk-ptrace32 ] failed to find symbol mmap in /apex/com.android.runtime/lib/bionic/libdl.so
[ 2026-02-14T02:23:46.271        0:  1342:  1342 E/zygisk-elfutil32 ] Cannot load symtabs: .symtab section or its string table not found/valid.
[ 2026-02-14T02:23:46.271        0:  1342:  1342 E/zygisk-elfutil32 ] Failed to load symtabs for linear lookup of sysconf
[ 2026-02-14T02:23:46.271        0:  1342:  1342 E/zygisk-ptrace32 ] failed to find symbol sysconf in /system/lib/liblog.so
[ 2026-02-14T02:23:46.271        0:  1342:  1342 E/zygisk-elfutil32 ] Cannot load symtabs: .symtab section or its string table not found/valid.
[ 2026-02-14T02:23:46.271        0:  1342:  1342 E/zygisk-elfutil32 ] Failed to load symtabs for linear lookup of sysconf
[ 2026-02-14T02:23:46.271        0:  1342:  1342 E/zygisk-ptrace32 ] failed to find symbol sysconf in /apex/com.android.runtime/lib/bionic/libm.so
[ 2026-02-14T02:23:46.271        0:  1342:  1342 E/zygisk-elfutil32 ] Cannot load symtabs: .symtab section or its string table not found/valid.
[ 2026-02-14T02:23:46.271        0:  1342:  1342 E/zygisk-elfutil32 ] Failed to load symtabs for linear lookup of sysconf
[ 2026-02-14T02:23:46.271        0:  1342:  1342 E/zygisk-ptrace32 ] failed to find symbol sysconf in /apex/com.android.runtime/lib/bionic/libdl.so
[ 2026-02-14T02:23:46.271        0:  1342:  1342 E/zygisk-elfutil32 ] Cannot load symtabs: .symtab section or its string table not found/valid.
[ 2026-02-14T02:23:46.271        0:  1342:  1342 E/zygisk-elfutil32 ] Failed to load symtabs for linear lookup of abort
[ 2026-02-14T02:23:46.271        0:  1342:  1342 E/zygisk-ptrace32 ] failed to find symbol abort in /system/lib/liblog.so
[ 2026-02-14T02:23:46.271        0:  1342:  1342 E/zygisk-elfutil32 ] Cannot load symtabs: .symtab section or its string table not found/valid.
[ 2026-02-14T02:23:46.271        0:  1342:  1342 E/zygisk-elfutil32 ] Failed to load symtabs for linear lookup of abort
[ 2026-02-14T02:23:46.271        0:  1342:  1342 E/zygisk-ptrace32 ] failed to find symbol abort in /apex/com.android.runtime/lib/bionic/libm.so
[ 2026-02-14T02:23:46.271        0:  1342:  1342 E/zygisk-elfutil32 ] Cannot load symtabs: .symtab section or its string table not found/valid.
[ 2026-02-14T02:23:46.271        0:  1342:  1342 E/zygisk-elfutil32 ] Failed to load symtabs for linear lookup of abort
[ 2026-02-14T02:23:46.271        0:  1342:  1342 E/zygisk-ptrace32 ] failed to find symbol abort in /apex/com.android.runtime/lib/bionic/libdl.so
[ 2026-02-14T02:23:46.271        0:  1342:  1342 E/zygisk-elfutil32 ] Cannot load symtabs: .symtab section or its string table not found/valid.
[ 2026-02-14T02:23:46.271        0:  1342:  1342 E/zygisk-elfutil32 ] Failed to load symtabs for linear lookup of pthread_once
[ 2026-02-14T02:23:46.271        0:  1342:  1342 E/zygisk-ptrace32 ] failed to find symbol pthread_once in /system/lib/liblog.so
[ 2026-02-14T02:23:46.271        0:  1342:  1342 E/zygisk-elfutil32 ] Cannot load symtabs: .symtab section or its string table not found/valid.
[ 2026-02-14T02:23:46.271        0:  1342:  1342 E/zygisk-elfutil32 ] Failed to load symtabs for linear lookup of pthread_once
[ 2026-02-14T02:23:46.271        0:  1342:  1342 E/zygisk-ptrace32 ] failed to find symbol pthread_once in /apex/com.android.runtime/lib/bionic/libm.so
[ 2026-02-14T02:23:46.271        0:  1342:  1342 E/zygisk-elfutil32 ] Cannot load symtabs: .symtab section or its string table not found/valid.
[ 2026-02-14T02:23:46.271        0:  1342:  1342 E/zygisk-elfutil32 ] Failed to load symtabs for linear lookup of pthread_once
[ 2026-02-14T02:23:46.271        0:  1342:  1342 E/zygisk-ptrace32 ] failed to find symbol pthread_once in /apex/com.android.runtime/lib/bionic/libdl.so
[ 2026-02-14T02:23:46.272        0:  1342:  1342 E/zygisk-elfutil32 ] Cannot load symtabs: .symtab section or its string table not found/valid.
[ 2026-02-14T02:23:46.272        0:  1342:  1342 E/zygisk-elfutil32 ] Failed to load symtabs for linear lookup of pthread_getspecific
[ 2026-02-14T02:23:46.272        0:  1342:  1342 E/zygisk-ptrace32 ] failed to find symbol pthread_getspecific in /system/lib/liblog.so
[ 2026-02-14T02:23:46.272        0:  1342:  1342 E/zygisk-elfutil32 ] Cannot load symtabs: .symtab section or its string table not found/valid.
[ 2026-02-14T02:23:46.272        0:  1342:  1342 E/zygisk-elfutil32 ] Failed to load symtabs for linear lookup of pthread_getspecific
[ 2026-02-14T02:23:46.272        0:  1342:  1342 E/zygisk-ptrace32 ] failed to find symbol pthread_getspecific in /apex/com.android.runtime/lib/bionic/libm.so
[ 2026-02-14T02:23:46.272        0:  1342:  1342 E/zygisk-elfutil32 ] Cannot load symtabs: .symtab section or its string table not found/valid.
[ 2026-02-14T02:23:46.272        0:  1342:  1342 E/zygisk-elfutil32 ] Failed to load symtabs for linear lookup of pthread_getspecific
[ 2026-02-14T02:23:46.272        0:  1342:  1342 E/zygisk-ptrace32 ] failed to find symbol pthread_getspecific in /apex/com.android.runtime/lib/bionic/libdl.so
[ 2026-02-14T02:23:46.272        0:  1342:  1342 E/zygisk-elfutil32 ] Cannot load symtabs: .symtab section or its string table not found/valid.
[ 2026-02-14T02:23:46.272        0:  1342:  1342 E/zygisk-elfutil32 ] Failed to load symtabs for linear lookup of pthread_key_create
[ 2026-02-14T02:23:46.272        0:  1342:  1342 E/zygisk-ptrace32 ] failed to find symbol pthread_key_create in /system/lib/liblog.so
[ 2026-02-14T02:23:46.272        0:  1342:  1342 E/zygisk-elfutil32 ] Cannot load symtabs: .symtab section or its string table not found/valid.
[ 2026-02-14T02:23:46.272        0:  1342:  1342 E/zygisk-elfutil32 ] Failed to load symtabs for linear lookup of pthread_key_create
[ 2026-02-14T02:23:46.272        0:  1342:  1342 E/zygisk-ptrace32 ] failed to find symbol pthread_key_create in /apex/com.android.runtime/lib/bionic/libm.so
[ 2026-02-14T02:23:46.272        0:  1342:  1342 E/zygisk-elfutil32 ] Cannot load symtabs: .symtab section or its string table not found/valid.
[ 2026-02-14T02:23:46.272        0:  1342:  1342 E/zygisk-elfutil32 ] Failed to load symtabs for linear lookup of pthread_key_create
[ 2026-02-14T02:23:46.272        0:  1342:  1342 E/zygisk-ptrace32 ] failed to find symbol pthread_key_create in /apex/com.android.runtime/lib/bionic/libdl.so
[ 2026-02-14T02:23:46.272        0:  1342:  1342 E/zygisk-elfutil32 ] Cannot load symtabs: .symtab section or its string table not found/valid.
[ 2026-02-14T02:23:46.272        0:  1342:  1342 E/zygisk-elfutil32 ] Failed to load symtabs for linear lookup of posix_memalign
[ 2026-02-14T02:23:46.272        0:  1342:  1342 E/zygisk-ptrace32 ] failed to find symbol posix_memalign in /system/lib/liblog.so
[ 2026-02-14T02:23:46.272        0:  1342:  1342 E/zygisk-elfutil32 ] Cannot load symtabs: .symtab section or its string table not found/valid.
[ 2026-02-14T02:23:46.272        0:  1342:  1342 E/zygisk-elfutil32 ] Failed to load symtabs for linear lookup of posix_memalign
[ 2026-02-14T02:23:46.272        0:  1342:  1342 E/zygisk-ptrace32 ] failed to find symbol posix_memalign in /apex/com.android.runtime/lib/bionic/libm.so
[ 2026-02-14T02:23:46.272        0:  1342:  1342 E/zygisk-elfutil32 ] Cannot load symtabs: .symtab section or its string table not found/valid.
[ 2026-02-14T02:23:46.272        0:  1342:  1342 E/zygisk-elfutil32 ] Failed to load symtabs for linear lookup of posix_memalign
[ 2026-02-14T02:23:46.272        0:  1342:  1342 E/zygisk-ptrace32 ] failed to find symbol posix_memalign in /apex/com.android.runtime/lib/bionic/libdl.so
[ 2026-02-14T02:23:46.272        0:  1342:  1342 E/zygisk-elfutil32 ] Cannot load symtabs: .symtab section or its string table not found/valid.
[ 2026-02-14T02:23:46.272        0:  1342:  1342 E/zygisk-elfutil32 ] Failed to load symtabs for linear lookup of pthread_setspecific
[ 2026-02-14T02:23:46.272        0:  1342:  1342 E/zygisk-ptrace32 ] failed to find symbol pthread_setspecific in /system/lib/liblog.so
[ 2026-02-14T02:23:46.272        0:  1342:  1342 E/zygisk-elfutil32 ] Cannot load symtabs: .symtab section or its string table not found/valid.
[ 2026-02-14T02:23:46.272        0:  1342:  1342 E/zygisk-elfutil32 ] Failed to load symtabs for linear lookup of pthread_setspecific
[ 2026-02-14T02:23:46.272        0:  1342:  1342 E/zygisk-ptrace32 ] failed to find symbol pthread_setspecific in /apex/com.android.runtime/lib/bionic/libm.so
[ 2026-02-14T02:23:46.272        0:  1342:  1342 E/zygisk-elfutil32 ] Cannot load symtabs: .symtab section or its string table not found/valid.
[ 2026-02-14T02:23:46.272        0:  1342:  1342 E/zygisk-elfutil32 ] Failed to load symtabs for linear lookup of pthread_setspecific
[ 2026-02-14T02:23:46.272        0:  1342:  1342 E/zygisk-ptrace32 ] failed to find symbol pthread_setspecific in /apex/com.android.runtime/lib/bionic/libdl.so
[ 2026-02-14T02:23:46.272        0:  1342:  1342 E/zygisk-elfutil32 ] Cannot load symtabs: .symtab section or its string table not found/valid.
[ 2026-02-14T02:23:46.272        0:  1342:  1342 E/zygisk-elfutil32 ] Failed to load symtabs for linear lookup of __aeabi_memcpy
[ 2026-02-14T02:23:46.272        0:  1342:  1342 E/zygisk-ptrace32 ] failed to find symbol __aeabi_memcpy in /system/lib/liblog.so
[ 2026-02-14T02:23:46.272        0:  1342:  1342 E/zygisk-elfutil32 ] Cannot load symtabs: .symtab section or its string table not found/valid.
[ 2026-02-14T02:23:46.272        0:  1342:  1342 E/zygisk-elfutil32 ] Failed to load symtabs for linear lookup of __aeabi_memcpy
[ 2026-02-14T02:23:46.272        0:  1342:  1342 E/zygisk-ptrace32 ] failed to find symbol __aeabi_memcpy in /apex/com.android.runtime/lib/bionic/libm.so
[ 2026-02-14T02:23:46.273        0:  1342:  1342 E/zygisk-elfutil32 ] Cannot load symtabs: .symtab section or its string table not found/valid.
[ 2026-02-14T02:23:46.273        0:  1342:  1342 E/zygisk-elfutil32 ] Failed to load symtabs for linear lookup of __aeabi_memcpy
[ 2026-02-14T02:23:46.273        0:  1342:  1342 E/zygisk-ptrace32 ] failed to find symbol __aeabi_memcpy in /apex/com.android.runtime/lib/bionic/libdl.so
[ 2026-02-14T02:23:46.273        0:  1342:  1342 E/zygisk-elfutil32 ] Cannot load symtabs: .symtab section or its string table not found/valid.
[ 2026-02-14T02:23:46.273        0:  1342:  1342 E/zygisk-elfutil32 ] Failed to load symtabs for linear lookup of __aeabi_memcpy4
[ 2026-02-14T02:23:46.273        0:  1342:  1342 E/zygisk-ptrace32 ] failed to find symbol __aeabi_memcpy4 in /system/lib/liblog.so
[ 2026-02-14T02:23:46.273        0:  1342:  1342 E/zygisk-elfutil32 ] Cannot load symtabs: .symtab section or its string table not found/valid.
[ 2026-02-14T02:23:46.273        0:  1342:  1342 E/zygisk-elfutil32 ] Failed to load symtabs for linear lookup of __aeabi_memcpy4
[ 2026-02-14T02:23:46.273        0:  1342:  1342 E/zygisk-ptrace32 ] failed to find symbol __aeabi_memcpy4 in /apex/com.android.runtime/lib/bionic/libm.so
[ 2026-02-14T02:23:46.273        0:  1342:  1342 E/zygisk-elfutil32 ] Cannot load symtabs: .symtab section or its string table not found/valid.
[ 2026-02-14T02:23:46.273        0:  1342:  1342 E/zygisk-elfutil32 ] Failed to load symtabs for linear lookup of __aeabi_memcpy4
[ 2026-02-14T02:23:46.273        0:  1342:  1342 E/zygisk-ptrace32 ] failed to find symbol __aeabi_memcpy4 in /apex/com.android.runtime/lib/bionic/libdl.so
[ 2026-02-14T02:23:46.273        0:  1342:  1342 E/zygisk-elfutil32 ] Cannot load symtabs: .symtab section or its string table not found/valid.
[ 2026-02-14T02:23:46.273        0:  1342:  1342 E/zygisk-elfutil32 ] Failed to load symtabs for linear lookup of __aeabi_memmove
[ 2026-02-14T02:23:46.273        0:  1342:  1342 E/zygisk-ptrace32 ] failed to find symbol __aeabi_memmove in /system/lib/liblog.so
[ 2026-02-14T02:23:46.273        0:  1342:  1342 E/zygisk-elfutil32 ] Cannot load symtabs: .symtab section or its string table not found/valid.
[ 2026-02-14T02:23:46.273        0:  1342:  1342 E/zygisk-elfutil32 ] Failed to load symtabs for linear lookup of __aeabi_memmove
[ 2026-02-14T02:23:46.273        0:  1342:  1342 E/zygisk-ptrace32 ] failed to find symbol __aeabi_memmove in /apex/com.android.runtime/lib/bionic/libm.so
[ 2026-02-14T02:23:46.273        0:  1342:  1342 E/zygisk-elfutil32 ] Cannot load symtabs: .symtab section or its string table not found/valid.
[ 2026-02-14T02:23:46.273        0:  1342:  1342 E/zygisk-elfutil32 ] Failed to load symtabs for linear lookup of __aeabi_memmove
[ 2026-02-14T02:23:46.273        0:  1342:  1342 E/zygisk-ptrace32 ] failed to find symbol __aeabi_memmove in /apex/com.android.runtime/lib/bionic/libdl.so
[ 2026-02-14T02:23:46.273        0:  1342:  1342 E/zygisk-elfutil32 ] Cannot load symtabs: .symtab section or its string table not found/valid.
[ 2026-02-14T02:23:46.273        0:  1342:  1342 E/zygisk-elfutil32 ] Failed to load symtabs for linear lookup of __aeabi_memclr
[ 2026-02-14T02:23:46.273        0:  1342:  1342 E/zygisk-ptrace32 ] failed to find symbol __aeabi_memclr in /system/lib/liblog.so
[ 2026-02-14T02:23:46.273        0:  1342:  1342 E/zygisk-elfutil32 ] Cannot load symtabs: .symtab section or its string table not found/valid.
[ 2026-02-14T02:23:46.273        0:  1342:  1342 E/zygisk-elfutil32 ] Failed to load symtabs for linear lookup of __aeabi_memclr
[ 2026-02-14T02:23:46.273        0:  1342:  1342 E/zygisk-ptrace32 ] failed to find symbol __aeabi_memclr in /apex/com.android.runtime/lib/bionic/libm.so
[ 2026-02-14T02:23:46.273        0:  1342:  1342 E/zygisk-elfutil32 ] Cannot load symtabs: .symtab section or its string table not found/valid.
[ 2026-02-14T02:23:46.273        0:  1342:  1342 E/zygisk-elfutil32 ] Failed to load symtabs for linear lookup of __aeabi_memclr
[ 2026-02-14T02:23:46.273        0:  1342:  1342 E/zygisk-ptrace32 ] failed to find symbol __aeabi_memclr in /apex/com.android.runtime/lib/bionic/libdl.so
[ 2026-02-14T02:23:46.273        0:  1342:  1342 E/zygisk-elfutil32 ] Cannot load symtabs: .symtab section or its string table not found/valid.
[ 2026-02-14T02:23:46.273        0:  1342:  1342 E/zygisk-elfutil32 ] Failed to load symtabs for linear lookup of __aeabi_memclr4
[ 2026-02-14T02:23:46.273        0:  1342:  1342 E/zygisk-ptrace32 ] failed to find symbol __aeabi_memclr4 in /system/lib/liblog.so
[ 2026-02-14T02:23:46.273        0:  1342:  1342 E/zygisk-elfutil32 ] Cannot load symtabs: .symtab section or its string table not found/valid.
[ 2026-02-14T02:23:46.273        0:  1342:  1342 E/zygisk-elfutil32 ] Failed to load symtabs for linear lookup of __aeabi_memclr4
[ 2026-02-14T02:23:46.273        0:  1342:  1342 E/zygisk-ptrace32 ] failed to find symbol __aeabi_memclr4 in /apex/com.android.runtime/lib/bionic/libm.so
[ 2026-02-14T02:23:46.273        0:  1342:  1342 E/zygisk-elfutil32 ] Cannot load symtabs: .symtab section or its string table not found/valid.
[ 2026-02-14T02:23:46.273        0:  1342:  1342 E/zygisk-elfutil32 ] Failed to load symtabs for linear lookup of __aeabi_memclr4
[ 2026-02-14T02:23:46.273        0:  1342:  1342 E/zygisk-ptrace32 ] failed to find symbol __aeabi_memclr4 in /apex/com.android.runtime/lib/bionic/libdl.so
[ 2026-02-14T02:23:46.273        0:  1342:  1342 E/zygisk-elfutil32 ] Cannot load symtabs: .symtab section or its string table not found/valid.
[ 2026-02-14T02:23:46.273        0:  1342:  1342 E/zygisk-elfutil32 ] Failed to load symtabs for linear lookup of __aeabi_memclr8
[ 2026-02-14T02:23:46.273        0:  1342:  1342 E/zygisk-ptrace32 ] failed to find symbol __aeabi_memclr8 in /system/lib/liblog.so
[ 2026-02-14T02:23:46.273        0:  1342:  1342 E/zygisk-elfutil32 ] Cannot load symtabs: .symtab section or its string table not found/valid.
[ 2026-02-14T02:23:46.274        0:  1342:  1342 E/zygisk-elfutil32 ] Failed to load symtabs for linear lookup of __aeabi_memclr8
[ 2026-02-14T02:23:46.274        0:  1342:  1342 E/zygisk-ptrace32 ] failed to find symbol __aeabi_memclr8 in /apex/com.android.runtime/lib/bionic/libm.so
[ 2026-02-14T02:23:46.274        0:  1342:  1342 E/zygisk-elfutil32 ] Cannot load symtabs: .symtab section or its string table not found/valid.
[ 2026-02-14T02:23:46.274        0:  1342:  1342 E/zygisk-elfutil32 ] Failed to load symtabs for linear lookup of __aeabi_memclr8
[ 2026-02-14T02:23:46.274        0:  1342:  1342 E/zygisk-ptrace32 ] failed to find symbol __aeabi_memclr8 in /apex/com.android.runtime/lib/bionic/libdl.so
[ 2026-02-14T02:23:46.274        0:  1342:  1342 E/zygisk-elfutil32 ] Cannot load symtabs: .symtab section or its string table not found/valid.
[ 2026-02-14T02:23:46.274        0:  1342:  1342 E/zygisk-elfutil32 ] Failed to load symtabs for linear lookup of strlen
[ 2026-02-14T02:23:46.274        0:  1342:  1342 E/zygisk-ptrace32 ] failed to find symbol strlen in /system/lib/liblog.so
[ 2026-02-14T02:23:46.274        0:  1342:  1342 E/zygisk-elfutil32 ] Cannot load symtabs: .symtab section or its string table not found/valid.
[ 2026-02-14T02:23:46.274        0:  1342:  1342 E/zygisk-elfutil32 ] Failed to load symtabs for linear lookup of strlen
[ 2026-02-14T02:23:46.274        0:  1342:  1342 E/zygisk-ptrace32 ] failed to find symbol strlen in /apex/com.android.runtime/lib/bionic/libm.so
[ 2026-02-14T02:23:46.274        0:  1342:  1342 E/zygisk-elfutil32 ] Cannot load symtabs: .symtab section or its string table not found/valid.
[ 2026-02-14T02:23:46.274        0:  1342:  1342 E/zygisk-elfutil32 ] Failed to load symtabs for linear lookup of strlen
[ 2026-02-14T02:23:46.274        0:  1342:  1342 E/zygisk-ptrace32 ] failed to find symbol strlen in /apex/com.android.runtime/lib/bionic/libdl.so
[ 2026-02-14T02:23:46.274        0:  1342:  1342 E/zygisk-elfutil32 ] Cannot load symtabs: .symtab section or its string table not found/valid.
[ 2026-02-14T02:23:46.274        0:  1342:  1342 E/zygisk-elfutil32 ] Failed to load symtabs for linear lookup of __stack_chk_fail
[ 2026-02-14T02:23:46.274        0:  1342:  1342 E/zygisk-ptrace32 ] failed to find symbol __stack_chk_fail in /system/lib/liblog.so
[ 2026-02-14T02:23:46.274        0:  1342:  1342 E/zygisk-elfutil32 ] Cannot load symtabs: .symtab section or its string table not found/valid.
[ 2026-02-14T02:23:46.274        0:  1342:  1342 E/zygisk-elfutil32 ] Failed to load symtabs for linear lookup of __stack_chk_fail
[ 2026-02-14T02:23:46.274        0:  1342:  1342 E/zygisk-ptrace32 ] failed to find symbol __stack_chk_fail in /apex/com.android.runtime/lib/bionic/libm.so
[ 2026-02-14T02:23:46.274        0:  1342:  1342 E/zygisk-elfutil32 ] Cannot load symtabs: .symtab section or its string table not found/valid.
[ 2026-02-14T02:23:46.274        0:  1342:  1342 E/zygisk-elfutil32 ] Failed to load symtabs for linear lookup of __stack_chk_fail
[ 2026-02-14T02:23:46.274        0:  1342:  1342 E/zygisk-ptrace32 ] failed to find symbol __stack_chk_fail in /apex/com.android.runtime/lib/bionic/libdl.so
[ 2026-02-14T02:23:46.274        0:  1342:  1342 I/zygisk-ptrace32 ] remote mapped /data/adb/modules/rezygisk/lib/libzygisk.so at 0xf5cca000 (size 73728), entry 0xf5ccce61
[ 2026-02-14T02:23:46.278        0:  1342:  1342 I/zygisk-ptrace32 ] process 1326 stopped by SIGCHLD, continue
[ 2026-02-14T02:23:46.280        0:  1070:  1070 I/zygisk-ptrace64 ] Received Zygote32 injected command
[ 2026-02-14T02:23:46.280        0:  1070:  1070 I/zygisk-ptrace64 ] status updated: Monitor: ✅, ReZygisk 64-bit: ⚠️, ReZygisk 32-bit: ✅
[ 2026-02-14T02:23:46.683        0:  1109:  1109 I/LSPosedService  ] service package is not started, wait 1s.
[ 2026-02-14T02:23:47.039        0:  1329:  1329 I/zygisk-ptrace64 ] start tracing 1325 (tracer 1329)
[ 2026-02-14T02:23:47.039        0:  1329:  1329 I/zygisk-ptrace64 ] injecting /data/adb/modules/rezygisk/lib64/libzygisk.so to zygote 1325
[ 2026-02-14T02:23:47.141        0:  1329:  1329 E/zygisk-elfutil64 ] Cannot load symtabs: .symtab section or its string table not found/valid.
[ 2026-02-14T02:23:47.141        0:  1329:  1329 E/zygisk-elfutil64 ] Failed to load symtabs for linear lookup of free
[ 2026-02-14T02:23:47.141        0:  1329:  1329 E/zygisk-ptrace64 ] failed to find symbol free in /system/lib64/liblog.so
[ 2026-02-14T02:23:47.141        0:  1329:  1329 E/zygisk-elfutil64 ] Cannot load symtabs: .symtab section or its string table not found/valid.
[ 2026-02-14T02:23:47.141        0:  1329:  1329 E/zygisk-elfutil64 ] Failed to load symtabs for linear lookup of free
[ 2026-02-14T02:23:47.141        0:  1329:  1329 E/zygisk-ptrace64 ] failed to find symbol free in /apex/com.android.runtime/lib64/bionic/libm.so
[ 2026-02-14T02:23:47.141        0:  1329:  1329 E/zygisk-elfutil64 ] Cannot load symtabs: .symtab section or its string table not found/valid.
[ 2026-02-14T02:23:47.141        0:  1329:  1329 E/zygisk-elfutil64 ] Failed to load symtabs for linear lookup of free
[ 2026-02-14T02:23:47.141        0:  1329:  1329 E/zygisk-ptrace64 ] failed to find symbol free in /apex/com.android.runtime/lib64/bionic/libdl.so
[ 2026-02-14T02:23:47.142        0:  1329:  1329 W/zygisk-ptrace64 ] Bypassing resolution of EH frame function: __register_frame
[ 2026-02-14T02:23:47.142        0:  1329:  1329 E/zygisk-elfutil64 ] Cannot load symtabs: .symtab section or its string table not found/valid.
[ 2026-02-14T02:23:47.142        0:  1329:  1329 E/zygisk-elfutil64 ] Failed to load symtabs for linear lookup of strncmp
[ 2026-02-14T02:23:47.142        0:  1329:  1329 E/zygisk-ptrace64 ] failed to find symbol strncmp in /system/lib64/liblog.so
[ 2026-02-14T02:23:47.142        0:  1329:  1329 E/zygisk-elfutil64 ] Cannot load symtabs: .symtab section or its string table not found/valid.
[ 2026-02-14T02:23:47.142        0:  1329:  1329 E/zygisk-elfutil64 ] Failed to load symtabs for linear lookup of strncmp
[ 2026-02-14T02:23:47.142        0:  1329:  1329 E/zygisk-ptrace64 ] failed to find symbol strncmp in /apex/com.android.runtime/lib64/bionic/libm.so
[ 2026-02-14T02:23:47.143        0:  1329:  1329 E/zygisk-elfutil64 ] Cannot load symtabs: .symtab section or its string table not found/valid.
[ 2026-02-14T02:23:47.143        0:  1329:  1329 E/zygisk-elfutil64 ] Failed to load symtabs for linear lookup of strncmp
[ 2026-02-14T02:23:47.143        0:  1329:  1329 E/zygisk-ptrace64 ] failed to find symbol strncmp in /apex/com.android.runtime/lib64/bionic/libdl.so
[ 2026-02-14T02:23:47.143        0:  1329:  1329 E/zygisk-elfutil64 ] Cannot load symtabs: .symtab section or its string table not found/valid.
[ 2026-02-14T02:23:47.143        0:  1329:  1329 E/zygisk-elfutil64 ] Failed to load symtabs for linear lookup of access
[ 2026-02-14T02:23:47.143        0:  1329:  1329 E/zygisk-ptrace64 ] failed to find symbol access in /system/lib64/liblog.so
[ 2026-02-14T02:23:47.143        0:  1329:  1329 E/zygisk-elfutil64 ] Cannot load symtabs: .symtab section or its string table not found/valid.
[ 2026-02-14T02:23:47.143        0:  1329:  1329 E/zygisk-elfutil64 ] Failed to load symtabs for linear lookup of access
[ 2026-02-14T02:23:47.143        0:  1329:  1329 E/zygisk-ptrace64 ] failed to find symbol access in /apex/com.android.runtime/lib64/bionic/libm.so
[ 2026-02-14T02:23:47.143        0:  1329:  1329 E/zygisk-elfutil64 ] Cannot load symtabs: .symtab section or its string table not found/valid.
[ 2026-02-14T02:23:47.143        0:  1329:  1329 E/zygisk-elfutil64 ] Failed to load symtabs for linear lookup of access
[ 2026-02-14T02:23:47.143        0:  1329:  1329 E/zygisk-ptrace64 ] failed to find symbol access in /apex/com.android.runtime/lib64/bionic/libdl.so
[ 2026-02-14T02:23:47.143        0:  1329:  1329 E/zygisk-elfutil64 ] Cannot load symtabs: .symtab section or its string table not found/valid.
[ 2026-02-14T02:23:47.143        0:  1329:  1329 E/zygisk-elfutil64 ] Failed to load symtabs for linear lookup of close
[ 2026-02-14T02:23:47.143        0:  1329:  1329 E/zygisk-ptrace64 ] failed to find symbol close in /system/lib64/liblog.so
[ 2026-02-14T02:23:47.143        0:  1329:  1329 E/zygisk-elfutil64 ] Cannot load symtabs: .symtab section or its string table not found/valid.
[ 2026-02-14T02:23:47.143        0:  1329:  1329 E/zygisk-elfutil64 ] Failed to load symtabs for linear lookup of close
[ 2026-02-14T02:23:47.143        0:  1329:  1329 E/zygisk-ptrace64 ] failed to find symbol close in /apex/com.android.runtime/lib64/bionic/libm.so
[ 2026-02-14T02:23:47.143        0:  1329:  1329 E/zygisk-elfutil64 ] Cannot load symtabs: .symtab section or its string table not found/valid.
[ 2026-02-14T02:23:47.143        0:  1329:  1329 E/zygisk-elfutil64 ] Failed to load symtabs for linear lookup of close
[ 2026-02-14T02:23:47.143        0:  1329:  1329 E/zygisk-ptrace64 ] failed to find symbol close in /apex/com.android.runtime/lib64/bionic/libdl.so
[ 2026-02-14T02:23:47.143        0:  1329:  1329 E/zygisk-elfutil64 ] Cannot load symtabs: .symtab section or its string table not found/valid.
[ 2026-02-14T02:23:47.144        0:  1329:  1329 E/zygisk-elfutil64 ] Failed to load symtabs for linear lookup of gettid
[ 2026-02-14T02:23:47.144        0:  1329:  1329 E/zygisk-ptrace64 ] failed to find symbol gettid in /system/lib64/liblog.so
[ 2026-02-14T02:23:47.144        0:  1329:  1329 E/zygisk-elfutil64 ] Cannot load symtabs: .symtab section or its string table not found/valid.
[ 2026-02-14T02:23:47.144        0:  1329:  1329 E/zygisk-elfutil64 ] Failed to load symtabs for linear lookup of gettid
[ 2026-02-14T02:23:47.144        0:  1329:  1329 E/zygisk-ptrace64 ] failed to find symbol gettid in /apex/com.android.runtime/lib64/bionic/libm.so
[ 2026-02-14T02:23:47.144        0:  1329:  1329 E/zygisk-elfutil64 ] Cannot load symtabs: .symtab section or its string table not found/valid.
[ 2026-02-14T02:23:47.144        0:  1329:  1329 E/zygisk-elfutil64 ] Failed to load symtabs for linear lookup of gettid
[ 2026-02-14T02:23:47.144        0:  1329:  1329 E/zygisk-ptrace64 ] failed to find symbol gettid in /apex/com.android.runtime/lib64/bionic/libdl.so
[ 2026-02-14T02:23:47.144        0:  1329:  1329 E/zygisk-elfutil64 ] Cannot load symtabs: .symtab section or its string table not found/valid.
[ 2026-02-14T02:23:47.144        0:  1329:  1329 E/zygisk-elfutil64 ] Failed to load symtabs for linear lookup of getpid
[ 2026-02-14T02:23:47.144        0:  1329:  1329 E/zygisk-ptrace64 ] failed to find symbol getpid in /system/lib64/liblog.so
[ 2026-02-14T02:23:47.144        0:  1329:  1329 E/zygisk-elfutil64 ] Cannot load symtabs: .symtab section or its string table not found/valid.
[ 2026-02-14T02:23:47.144        0:  1329:  1329 E/zygisk-elfutil64 ] Failed to load symtabs for linear lookup of getpid
[ 2026-02-14T02:23:47.144        0:  1329:  1329 E/zygisk-ptrace64 ] failed to find symbol getpid in /apex/com.android.runtime/lib64/bionic/libm.so
[ 2026-02-14T02:23:47.144        0:  1329:  1329 E/zygisk-elfutil64 ] Cannot load symtabs: .symtab section or its string table not found/valid.
[ 2026-02-14T02:23:47.144        0:  1329:  1329 E/zygisk-elfutil64 ] Failed to load symtabs for linear lookup of getpid
[ 2026-02-14T02:23:47.144        0:  1329:  1329 E/zygisk-ptrace64 ] failed to find symbol getpid in /apex/com.android.runtime/lib64/bionic/libdl.so
[ 2026-02-14T02:23:47.145        0:  1329:  1329 E/zygisk-elfutil64 ] Cannot load symtabs: .symtab section or its string table not found/valid.
[ 2026-02-14T02:23:47.145        0:  1329:  1329 E/zygisk-elfutil64 ] Failed to load symtabs for linear lookup of free
[ 2026-02-14T02:23:47.145        0:  1329:  1329 E/zygisk-ptrace64 ] failed to find symbol free in /system/lib64/liblog.so
[ 2026-02-14T02:23:47.145        0:  1329:  1329 E/zygisk-elfutil64 ] Cannot load symtabs: .symtab section or its string table not found/valid.
[ 2026-02-14T02:23:47.145        0:  1329:  1329 E/zygisk-elfutil64 ] Failed to load symtabs for linear lookup of free
[ 2026-02-14T02:23:47.145        0:  1329:  1329 E/zygisk-ptrace64 ] failed to find symbol free in /apex/com.android.runtime/lib64/bionic/libm.so
[ 2026-02-14T02:23:47.146        0:  1329:  1329 E/zygisk-elfutil64 ] Cannot load symtabs: .symtab section or its string table not found/valid.
[ 2026-02-14T02:23:47.146        0:  1329:  1329 E/zygisk-elfutil64 ] Failed to load symtabs for linear lookup of free
[ 2026-02-14T02:23:47.146        0:  1329:  1329 E/zygisk-ptrace64 ] failed to find symbol free in /apex/com.android.runtime/lib64/bionic/libdl.so
[ 2026-02-14T02:23:47.146        0:  1329:  1329 E/zygisk-elfutil64 ] Cannot load symtabs: .symtab section or its string table not found/valid.
[ 2026-02-14T02:23:47.146        0:  1329:  1329 E/zygisk-elfutil64 ] Failed to load symtabs for linear lookup of munmap
[ 2026-02-14T02:23:47.146        0:  1329:  1329 E/zygisk-ptrace64 ] failed to find symbol munmap in /system/lib64/liblog.so
[ 2026-02-14T02:23:47.146        0:  1329:  1329 E/zygisk-elfutil64 ] Cannot load symtabs: .symtab section or its string table not found/valid.
[ 2026-02-14T02:23:47.146        0:  1329:  1329 E/zygisk-elfutil64 ] Failed to load symtabs for linear lookup of munmap
[ 2026-02-14T02:23:47.146        0:  1329:  1329 E/zygisk-ptrace64 ] failed to find symbol munmap in /apex/com.android.runtime/lib64/bionic/libm.so
[ 2026-02-14T02:23:47.147        0:  1329:  1329 E/zygisk-elfutil64 ] Cannot load symtabs: .symtab section or its string table not found/valid.
[ 2026-02-14T02:23:47.147        0:  1329:  1329 E/zygisk-elfutil64 ] Failed to load symtabs for linear lookup of munmap
[ 2026-02-14T02:23:47.147        0:  1329:  1329 E/zygisk-ptrace64 ] failed to find symbol munmap in /apex/com.android.runtime/lib64/bionic/libdl.so
[ 2026-02-14T02:23:47.150        0:  1329:  1329 E/zygisk-elfutil64 ] Cannot load symtabs: .symtab section or its string table not found/valid.
[ 2026-02-14T02:23:47.150        0:  1329:  1329 E/zygisk-elfutil64 ] Failed to load symtabs for linear lookup of strcmp
[ 2026-02-14T02:23:47.150        0:  1329:  1329 E/zygisk-ptrace64 ] failed to find symbol strcmp in /system/lib64/liblog.so
[ 2026-02-14T02:23:47.150        0:  1329:  1329 E/zygisk-elfutil64 ] Cannot load symtabs: .symtab section or its string table not found/valid.
[ 2026-02-14T02:23:47.150        0:  1329:  1329 E/zygisk-elfutil64 ] Failed to load symtabs for linear lookup of strcmp
[ 2026-02-14T02:23:47.150        0:  1329:  1329 E/zygisk-ptrace64 ] failed to find symbol strcmp in /apex/com.android.runtime/lib64/bionic/libm.so
[ 2026-02-14T02:23:47.150        0:  1329:  1329 E/zygisk-elfutil64 ] Cannot load symtabs: .symtab section or its string table not found/valid.
[ 2026-02-14T02:23:47.150        0:  1329:  1329 E/zygisk-elfutil64 ] Failed to load symtabs for linear lookup of strcmp
[ 2026-02-14T02:23:47.150        0:  1329:  1329 E/zygisk-ptrace64 ] failed to find symbol strcmp in /apex/com.android.runtime/lib64/bionic/libdl.so
[ 2026-02-14T02:23:47.150        0:  1329:  1329 E/zygisk-elfutil64 ] Cannot load symtabs: .symtab section or its string table not found/valid.
[ 2026-02-14T02:23:47.150        0:  1329:  1329 E/zygisk-elfutil64 ] Failed to load symtabs for linear lookup of strstr
[ 2026-02-14T02:23:47.150        0:  1329:  1329 E/zygisk-ptrace64 ] failed to find symbol strstr in /system/lib64/liblog.so
[ 2026-02-14T02:23:47.150        0:  1329:  1329 E/zygisk-elfutil64 ] Cannot load symtabs: .symtab section or its string table not found/valid.
[ 2026-02-14T02:23:47.150        0:  1329:  1329 E/zygisk-elfutil64 ] Failed to load symtabs for linear lookup of strstr
[ 2026-02-14T02:23:47.151        0:  1329:  1329 E/zygisk-ptrace64 ] failed to find symbol strstr in /apex/com.android.runtime/lib64/bionic/libm.so
[ 2026-02-14T02:23:47.151        0:  1329:  1329 E/zygisk-elfutil64 ] Cannot load symtabs: .symtab section or its string table not found/valid.
[ 2026-02-14T02:23:47.151        0:  1329:  1329 E/zygisk-elfutil64 ] Failed to load symtabs for linear lookup of strstr
[ 2026-02-14T02:23:47.151        0:  1329:  1329 E/zygisk-ptrace64 ] failed to find symbol strstr in /apex/com.android.runtime/lib64/bionic/libdl.so
[ 2026-02-14T02:23:47.151        0:  1329:  1329 E/zygisk-elfutil64 ] Cannot load symtabs: .symtab section or its string table not found/valid.
[ 2026-02-14T02:23:47.151        0:  1329:  1329 E/zygisk-elfutil64 ] Failed to load symtabs for linear lookup of dlsym
[ 2026-02-14T02:23:47.151        0:  1329:  1329 E/zygisk-ptrace64 ] failed to find symbol dlsym in /system/lib64/liblog.so
[ 2026-02-14T02:23:47.152        0:  1329:  1329 E/zygisk-elfutil64 ] Cannot load symtabs: .symtab section or its string table not found/valid.
[ 2026-02-14T02:23:47.152        0:  1329:  1329 E/zygisk-elfutil64 ] Failed to load symtabs for linear lookup of dlsym
[ 2026-02-14T02:23:47.152        0:  1329:  1329 E/zygisk-ptrace64 ] failed to find symbol dlsym in /apex/com.android.runtime/lib64/bionic/libm.so
[ 2026-02-14T02:23:47.152        0:  1329:  1329 E/zygisk-elfutil64 ] Cannot load symtabs: .symtab section or its string table not found/valid.
[ 2026-02-14T02:23:47.152        0:  1329:  1329 E/zygisk-elfutil64 ] Failed to load symtabs for linear lookup of dlopen
[ 2026-02-14T02:23:47.152        0:  1329:  1329 E/zygisk-ptrace64 ] failed to find symbol dlopen in /system/lib64/liblog.so
[ 2026-02-14T02:23:47.152        0:  1329:  1329 E/zygisk-elfutil64 ] Cannot load symtabs: .symtab section or its string table not found/valid.
[ 2026-02-14T02:23:47.152        0:  1329:  1329 E/zygisk-elfutil64 ] Failed to load symtabs for linear lookup of dlopen
[ 2026-02-14T02:23:47.152        0:  1329:  1329 E/zygisk-ptrace64 ] failed to find symbol dlopen in /apex/com.android.runtime/lib64/bionic/libm.so
[ 2026-02-14T02:23:47.152        0:  1329:  1329 E/zygisk-elfutil64 ] Cannot load symtabs: .symtab section or its string table not found/valid.
[ 2026-02-14T02:23:47.152        0:  1329:  1329 E/zygisk-elfutil64 ] Failed to load symtabs for linear lookup of dlerror
[ 2026-02-14T02:23:47.153        0:  1329:  1329 E/zygisk-ptrace64 ] failed to find symbol dlerror in /system/lib64/liblog.so
[ 2026-02-14T02:23:47.153        0:  1329:  1329 E/zygisk-elfutil64 ] Cannot load symtabs: .symtab section or its string table not found/valid.
[ 2026-02-14T02:23:47.153        0:  1329:  1329 E/zygisk-elfutil64 ] Failed to load symtabs for linear lookup of dlerror
[ 2026-02-14T02:23:47.153        0:  1329:  1329 E/zygisk-ptrace64 ] failed to find symbol dlerror in /apex/com.android.runtime/lib64/bionic/libm.so
[ 2026-02-14T02:23:47.153        0:  1329:  1329 E/zygisk-elfutil64 ] Cannot load symtabs: .symtab section or its string table not found/valid.
[ 2026-02-14T02:23:47.153        0:  1329:  1329 E/zygisk-elfutil64 ] Failed to load symtabs for linear lookup of dlclose
[ 2026-02-14T02:23:47.153        0:  1329:  1329 E/zygisk-ptrace64 ] failed to find symbol dlclose in /system/lib64/liblog.so
[ 2026-02-14T02:23:47.153        0:  1329:  1329 E/zygisk-elfutil64 ] Cannot load symtabs: .symtab section or its string table not found/valid.
[ 2026-02-14T02:23:47.153        0:  1329:  1329 E/zygisk-elfutil64 ] Failed to load symtabs for linear lookup of dlclose
[ 2026-02-14T02:23:47.153        0:  1329:  1329 E/zygisk-ptrace64 ] failed to find symbol dlclose in /apex/com.android.runtime/lib64/bionic/libm.so
[ 2026-02-14T02:23:47.153        0:  1329:  1329 E/zygisk-elfutil64 ] Cannot load symtabs: .symtab section or its string table not found/valid.
[ 2026-02-14T02:23:47.153        0:  1329:  1329 E/zygisk-elfutil64 ] Failed to load symtabs for linear lookup of pthread_mutex_init
[ 2026-02-14T02:23:47.153        0:  1329:  1329 E/zygisk-ptrace64 ] failed to find symbol pthread_mutex_init in /system/lib64/liblog.so
[ 2026-02-14T02:23:47.154        0:  1329:  1329 E/zygisk-elfutil64 ] Cannot load symtabs: .symtab section or its string table not found/valid.
[ 2026-02-14T02:23:47.154        0:  1329:  1329 E/zygisk-elfutil64 ] Failed to load symtabs for linear lookup of pthread_mutex_init
[ 2026-02-14T02:23:47.154        0:  1329:  1329 E/zygisk-ptrace64 ] failed to find symbol pthread_mutex_init in /apex/com.android.runtime/lib64/bionic/libm.so
[ 2026-02-14T02:23:47.154        0:  1329:  1329 E/zygisk-elfutil64 ] Cannot load symtabs: .symtab section or its string table not found/valid.
[ 2026-02-14T02:23:47.154        0:  1329:  1329 E/zygisk-elfutil64 ] Failed to load symtabs for linear lookup of pthread_mutex_init
[ 2026-02-14T02:23:47.154        0:  1329:  1329 E/zygisk-ptrace64 ] failed to find symbol pthread_mutex_init in /apex/com.android.runtime/lib64/bionic/libdl.so
[ 2026-02-14T02:23:47.154        0:  1329:  1329 E/zygisk-elfutil64 ] Cannot load symtabs: .symtab section or its string table not found/valid.
[ 2026-02-14T02:23:47.154        0:  1329:  1329 E/zygisk-elfutil64 ] Failed to load symtabs for linear lookup of opendir
[ 2026-02-14T02:23:47.154        0:  1329:  1329 E/zygisk-ptrace64 ] failed to find symbol opendir in /system/lib64/liblog.so
[ 2026-02-14T02:23:47.154        0:  1329:  1329 E/zygisk-elfutil64 ] Cannot load symtabs: .symtab section or its string table not found/valid.
[ 2026-02-14T02:23:47.154        0:  1329:  1329 E/zygisk-elfutil64 ] Failed to load symtabs for linear lookup of opendir
[ 2026-02-14T02:23:47.154        0:  1329:  1329 E/zygisk-ptrace64 ] failed to find symbol opendir in /apex/com.android.runtime/lib64/bionic/libm.so
[ 2026-02-14T02:23:47.154        0:  1329:  1329 E/zygisk-elfutil64 ] Cannot load symtabs: .symtab section or its string table not found/valid.
[ 2026-02-14T02:23:47.154        0:  1329:  1329 E/zygisk-elfutil64 ] Failed to load symtabs for linear lookup of opendir
[ 2026-02-14T02:23:47.154        0:  1329:  1329 E/zygisk-ptrace64 ] failed to find symbol opendir in /apex/com.android.runtime/lib64/bionic/libdl.so
[ 2026-02-14T02:23:47.154        0:  1329:  1329 E/zygisk-elfutil64 ] Cannot load symtabs: .symtab section or its string table not found/valid.
[ 2026-02-14T02:23:47.154        0:  1329:  1329 E/zygisk-elfutil64 ] Failed to load symtabs for linear lookup of __errno
[ 2026-02-14T02:23:47.154        0:  1329:  1329 E/zygisk-ptrace64 ] failed to find symbol __errno in /system/lib64/liblog.so
[ 2026-02-14T02:23:47.155        0:  1329:  1329 E/zygisk-elfutil64 ] Cannot load symtabs: .symtab section or its string table not found/valid.
[ 2026-02-14T02:23:47.155        0:  1329:  1329 E/zygisk-elfutil64 ] Failed to load symtabs for linear lookup of __errno
[ 2026-02-14T02:23:47.155        0:  1329:  1329 E/zygisk-ptrace64 ] failed to find symbol __errno in /apex/com.android.runtime/lib64/bionic/libm.so
[ 2026-02-14T02:23:47.155        0:  1329:  1329 E/zygisk-elfutil64 ] Cannot load symtabs: .symtab section or its string table not found/valid.
[ 2026-02-14T02:23:47.155        0:  1329:  1329 E/zygisk-elfutil64 ] Failed to load symtabs for linear lookup of __errno
[ 2026-02-14T02:23:47.155        0:  1329:  1329 E/zygisk-ptrace64 ] failed to find symbol __errno in /apex/com.android.runtime/lib64/bionic/libdl.so
[ 2026-02-14T02:23:47.155        0:  1329:  1329 E/zygisk-elfutil64 ] Cannot load symtabs: .symtab section or its string table not found/valid.
[ 2026-02-14T02:23:47.155        0:  1329:  1329 E/zygisk-elfutil64 ] Failed to load symtabs for linear lookup of strerror
[ 2026-02-14T02:23:47.155        0:  1329:  1329 E/zygisk-ptrace64 ] failed to find symbol strerror in /system/lib64/liblog.so
[ 2026-02-14T02:23:47.155        0:  1329:  1329 E/zygisk-elfutil64 ] Cannot load symtabs: .symtab section or its string table not found/valid.
[ 2026-02-14T02:23:47.155        0:  1329:  1329 E/zygisk-elfutil64 ] Failed to load symtabs for linear lookup of strerror
[ 2026-02-14T02:23:47.155        0:  1329:  1329 E/zygisk-ptrace64 ] failed to find symbol strerror in /apex/com.android.runtime/lib64/bionic/libm.so
[ 2026-02-14T02:23:47.155        0:  1329:  1329 E/zygisk-elfutil64 ] Cannot load symtabs: .symtab section or its string table not found/valid.
[ 2026-02-14T02:23:47.155        0:  1329:  1329 E/zygisk-elfutil64 ] Failed to load symtabs for linear lookup of strerror
[ 2026-02-14T02:23:47.155        0:  1329:  1329 E/zygisk-ptrace64 ] failed to find symbol strerror in /apex/com.android.runtime/lib64/bionic/libdl.so
[ 2026-02-14T02:23:47.155        0:  1329:  1329 E/zygisk-elfutil64 ] Cannot load symtabs: .symtab section or its string table not found/valid.
[ 2026-02-14T02:23:47.155        0:  1329:  1329 E/zygisk-elfutil64 ] Failed to load symtabs for linear lookup of readdir
[ 2026-02-14T02:23:47.155        0:  1329:  1329 E/zygisk-ptrace64 ] failed to find symbol readdir in /system/lib64/liblog.so
[ 2026-02-14T02:23:47.155        0:  1329:  1329 E/zygisk-elfutil64 ] Cannot load symtabs: .symtab section or its string table not found/valid.
[ 2026-02-14T02:23:47.155        0:  1329:  1329 E/zygisk-elfutil64 ] Failed to load symtabs for linear lookup of readdir
[ 2026-02-14T02:23:47.155        0:  1329:  1329 E/zygisk-ptrace64 ] failed to find symbol readdir in /apex/com.android.runtime/lib64/bionic/libm.so
[ 2026-02-14T02:23:47.155        0:  1329:  1329 E/zygisk-elfutil64 ] Cannot load symtabs: .symtab section or its string table not found/valid.
[ 2026-02-14T02:23:47.155        0:  1329:  1329 E/zygisk-elfutil64 ] Failed to load symtabs for linear lookup of readdir
[ 2026-02-14T02:23:47.155        0:  1329:  1329 E/zygisk-ptrace64 ] failed to find symbol readdir in /apex/com.android.runtime/lib64/bionic/libdl.so
[ 2026-02-14T02:23:47.155        0:  1329:  1329 E/zygisk-elfutil64 ] Cannot load symtabs: .symtab section or its string table not found/valid.
[ 2026-02-14T02:23:47.155        0:  1329:  1329 E/zygisk-elfutil64 ] Failed to load symtabs for linear lookup of dirfd
[ 2026-02-14T02:23:47.155        0:  1329:  1329 E/zygisk-ptrace64 ] failed to find symbol dirfd in /system/lib64/liblog.so
[ 2026-02-14T02:23:47.155        0:  1329:  1329 E/zygisk-elfutil64 ] Cannot load symtabs: .symtab section or its string table not found/valid.
[ 2026-02-14T02:23:47.157        0:  1329:  1329 E/zygisk-elfutil64 ] Failed to load symtabs for linear lookup of dirfd
[ 2026-02-14T02:23:47.157        0:  1329:  1329 E/zygisk-ptrace64 ] failed to find symbol dirfd in /apex/com.android.runtime/lib64/bionic/libm.so
[ 2026-02-14T02:23:47.157        0:  1329:  1329 E/zygisk-elfutil64 ] Cannot load symtabs: .symtab section or its string table not found/valid.
[ 2026-02-14T02:23:47.157        0:  1329:  1329 E/zygisk-elfutil64 ] Failed to load symtabs for linear lookup of dirfd
[ 2026-02-14T02:23:47.157        0:  1329:  1329 E/zygisk-ptrace64 ] failed to find symbol dirfd in /apex/com.android.runtime/lib64/bionic/libdl.so
[ 2026-02-14T02:23:47.157        0:  1329:  1329 E/zygisk-elfutil64 ] Cannot load symtabs: .symtab section or its string table not found/valid.
[ 2026-02-14T02:23:47.157        0:  1329:  1329 E/zygisk-elfutil64 ] Failed to load symtabs for linear lookup of closedir
[ 2026-02-14T02:23:47.157        0:  1329:  1329 E/zygisk-ptrace64 ] failed to find symbol closedir in /system/lib64/liblog.so
[ 2026-02-14T02:23:47.157        0:  1329:  1329 E/zygisk-elfutil64 ] Cannot load symtabs: .symtab section or its string table not found/valid.
[ 2026-02-14T02:23:47.157        0:  1329:  1329 E/zygisk-elfutil64 ] Failed to load symtabs for linear lookup of closedir
[ 2026-02-14T02:23:47.157        0:  1329:  1329 E/zygisk-ptrace64 ] failed to find symbol closedir in /apex/com.android.runtime/lib64/bionic/libm.so
[ 2026-02-14T02:23:47.157        0:  1329:  1329 E/zygisk-elfutil64 ] Cannot load symtabs: .symtab section or its string table not found/valid.
[ 2026-02-14T02:23:47.157        0:  1329:  1329 E/zygisk-elfutil64 ] Failed to load symtabs for linear lookup of closedir
[ 2026-02-14T02:23:47.157        0:  1329:  1329 E/zygisk-ptrace64 ] failed to find symbol closedir in /apex/com.android.runtime/lib64/bionic/libdl.so
[ 2026-02-14T02:23:47.157        0:  1329:  1329 E/zygisk-elfutil64 ] Cannot load symtabs: .symtab section or its string table not found/valid.
[ 2026-02-14T02:23:47.157        0:  1329:  1329 E/zygisk-elfutil64 ] Failed to load symtabs for linear lookup of sigemptyset
[ 2026-02-14T02:23:47.157        0:  1329:  1329 E/zygisk-ptrace64 ] failed to find symbol sigemptyset in /system/lib64/liblog.so
[ 2026-02-14T02:23:47.157        0:  1329:  1329 E/zygisk-elfutil64 ] Cannot load symtabs: .symtab section or its string table not found/valid.
[ 2026-02-14T02:23:47.157        0:  1329:  1329 E/zygisk-elfutil64 ] Failed to load symtabs for linear lookup of sigemptyset
[ 2026-02-14T02:23:47.157        0:  1329:  1329 E/zygisk-ptrace64 ] failed to find symbol sigemptyset in /apex/com.android.runtime/lib64/bionic/libm.so
[ 2026-02-14T02:23:47.157        0:  1329:  1329 E/zygisk-elfutil64 ] Cannot load symtabs: .symtab section or its string table not found/valid.
[ 2026-02-14T02:23:47.157        0:  1329:  1329 E/zygisk-elfutil64 ] Failed to load symtabs for linear lookup of sigemptyset
[ 2026-02-14T02:23:47.157        0:  1329:  1329 E/zygisk-ptrace64 ] failed to find symbol sigemptyset in /apex/com.android.runtime/lib64/bionic/libdl.so
[ 2026-02-14T02:23:47.157        0:  1329:  1329 E/zygisk-elfutil64 ] Cannot load symtabs: .symtab section or its string table not found/valid.
[ 2026-02-14T02:23:47.157        0:  1329:  1329 E/zygisk-elfutil64 ] Failed to load symtabs for linear lookup of sigaddset
[ 2026-02-14T02:23:47.157        0:  1329:  1329 E/zygisk-ptrace64 ] failed to find symbol sigaddset in /system/lib64/liblog.so
[ 2026-02-14T02:23:47.157        0:  1329:  1329 E/zygisk-elfutil64 ] Cannot load symtabs: .symtab section or its string table not found/valid.
[ 2026-02-14T02:23:47.157        0:  1329:  1329 E/zygisk-elfutil64 ] Failed to load symtabs for linear lookup of sigaddset
[ 2026-02-14T02:23:47.157        0:  1329:  1329 E/zygisk-ptrace64 ] failed to find symbol sigaddset in /apex/com.android.runtime/lib64/bionic/libm.so
[ 2026-02-14T02:23:47.157        0:  1329:  1329 E/zygisk-elfutil64 ] Cannot load symtabs: .symtab section or its string table not found/valid.
[ 2026-02-14T02:23:47.157        0:  1329:  1329 E/zygisk-elfutil64 ] Failed to load symtabs for linear lookup of sigaddset
[ 2026-02-14T02:23:47.157        0:  1329:  1329 E/zygisk-ptrace64 ] failed to find symbol sigaddset in /apex/com.android.runtime/lib64/bionic/libdl.so
[ 2026-02-14T02:23:47.158        0:  1329:  1329 E/zygisk-elfutil64 ] Cannot load symtabs: .symtab section or its string table not found/valid.
[ 2026-02-14T02:23:47.158        0:  1329:  1329 E/zygisk-elfutil64 ] Failed to load symtabs for linear lookup of sigprocmask
[ 2026-02-14T02:23:47.158        0:  1329:  1329 E/zygisk-ptrace64 ] failed to find symbol sigprocmask in /system/lib64/liblog.so
[ 2026-02-14T02:23:47.158        0:  1329:  1329 E/zygisk-elfutil64 ] Cannot load symtabs: .symtab section or its string table not found/valid.
[ 2026-02-14T02:23:47.158        0:  1329:  1329 E/zygisk-elfutil64 ] Failed to load symtabs for linear lookup of sigprocmask
[ 2026-02-14T02:23:47.158        0:  1329:  1329 E/zygisk-ptrace64 ] failed to find symbol sigprocmask in /apex/com.android.runtime/lib64/bionic/libm.so
[ 2026-02-14T02:23:47.158        0:  1329:  1329 E/zygisk-elfutil64 ] Cannot load symtabs: .symtab section or its string table not found/valid.
[ 2026-02-14T02:23:47.158        0:  1329:  1329 E/zygisk-elfutil64 ] Failed to load symtabs for linear lookup of sigprocmask
[ 2026-02-14T02:23:47.158        0:  1329:  1329 E/zygisk-ptrace64 ] failed to find symbol sigprocmask in /apex/com.android.runtime/lib64/bionic/libdl.so
[ 2026-02-14T02:23:47.158        0:  1329:  1329 E/zygisk-elfutil64 ] Cannot load symtabs: .symtab section or its string table not found/valid.
[ 2026-02-14T02:23:47.158        0:  1329:  1329 E/zygisk-elfutil64 ] Failed to load symtabs for linear lookup of stat
[ 2026-02-14T02:23:47.158        0:  1329:  1329 E/zygisk-ptrace64 ] failed to find symbol stat in /system/lib64/liblog.so
[ 2026-02-14T02:23:47.158        0:  1329:  1329 E/zygisk-elfutil64 ] Cannot load symtabs: .symtab section or its string table not found/valid.
[ 2026-02-14T02:23:47.158        0:  1329:  1329 E/zygisk-elfutil64 ] Failed to load symtabs for linear lookup of stat
[ 2026-02-14T02:23:47.158        0:  1329:  1329 E/zygisk-ptrace64 ] failed to find symbol stat in /apex/com.android.runtime/lib64/bionic/libm.so
[ 2026-02-14T02:23:47.158        0:  1329:  1329 E/zygisk-elfutil64 ] Cannot load symtabs: .symtab section or its string table not found/valid.
[ 2026-02-14T02:23:47.158        0:  1329:  1329 E/zygisk-elfutil64 ] Failed to load symtabs for linear lookup of stat
[ 2026-02-14T02:23:47.158        0:  1329:  1329 E/zygisk-ptrace64 ] failed to find symbol stat in /apex/com.android.runtime/lib64/bionic/libdl.so
[ 2026-02-14T02:23:47.158        0:  1329:  1329 E/zygisk-elfutil64 ] Cannot load symtabs: .symtab section or its string table not found/valid.
[ 2026-02-14T02:23:47.158        0:  1329:  1329 E/zygisk-elfutil64 ] Failed to load symtabs for linear lookup of setenv
[ 2026-02-14T02:23:47.158        0:  1329:  1329 E/zygisk-ptrace64 ] failed to find symbol setenv in /system/lib64/liblog.so
[ 2026-02-14T02:23:47.158        0:  1329:  1329 E/zygisk-elfutil64 ] Cannot load symtabs: .symtab section or its string table not found/valid.
[ 2026-02-14T02:23:47.158        0:  1329:  1329 E/zygisk-elfutil64 ] Failed to load symtabs for linear lookup of setenv
[ 2026-02-14T02:23:47.158        0:  1329:  1329 E/zygisk-ptrace64 ] failed to find symbol setenv in /apex/com.android.runtime/lib64/bionic/libm.so
[ 2026-02-14T02:23:47.158        0:  1329:  1329 E/zygisk-elfutil64 ] Cannot load symtabs: .symtab section or its string table not found/valid.
[ 2026-02-14T02:23:47.158        0:  1329:  1329 E/zygisk-elfutil64 ] Failed to load symtabs for linear lookup of setenv
[ 2026-02-14T02:23:47.158        0:  1329:  1329 E/zygisk-ptrace64 ] failed to find symbol setenv in /apex/com.android.runtime/lib64/bionic/libdl.so
[ 2026-02-14T02:23:47.158        0:  1329:  1329 E/zygisk-elfutil64 ] Cannot load symtabs: .symtab section or its string table not found/valid.
[ 2026-02-14T02:23:47.158        0:  1329:  1329 E/zygisk-elfutil64 ] Failed to load symtabs for linear lookup of setns
[ 2026-02-14T02:23:47.158        0:  1329:  1329 E/zygisk-ptrace64 ] failed to find symbol setns in /system/lib64/liblog.so
[ 2026-02-14T02:23:47.158        0:  1329:  1329 E/zygisk-elfutil64 ] Cannot load symtabs: .symtab section or its string table not found/valid.
[ 2026-02-14T02:23:47.158        0:  1329:  1329 E/zygisk-elfutil64 ] Failed to load symtabs for linear lookup of setns
[ 2026-02-14T02:23:47.158        0:  1329:  1329 E/zygisk-ptrace64 ] failed to find symbol setns in /apex/com.android.runtime/lib64/bionic/libm.so
[ 2026-02-14T02:23:47.158        0:  1329:  1329 E/zygisk-elfutil64 ] Cannot load symtabs: .symtab section or its string table not found/valid.
[ 2026-02-14T02:23:47.158        0:  1329:  1329 E/zygisk-elfutil64 ] Failed to load symtabs for linear lookup of setns
[ 2026-02-14T02:23:47.158        0:  1329:  1329 E/zygisk-ptrace64 ] failed to find symbol setns in /apex/com.android.runtime/lib64/bionic/libdl.so
[ 2026-02-14T02:23:47.159        0:  1329:  1329 E/zygisk-elfutil64 ] Cannot load symtabs: .symtab section or its string table not found/valid.
[ 2026-02-14T02:23:47.159        0:  1329:  1329 E/zygisk-elfutil64 ] Failed to load symtabs for linear lookup of __open_2
[ 2026-02-14T02:23:47.159        0:  1329:  1329 E/zygisk-ptrace64 ] failed to find symbol __open_2 in /system/lib64/liblog.so
[ 2026-02-14T02:23:47.159        0:  1329:  1329 E/zygisk-elfutil64 ] Cannot load symtabs: .symtab section or its string table not found/valid.
[ 2026-02-14T02:23:47.159        0:  1329:  1329 E/zygisk-elfutil64 ] Failed to load symtabs for linear lookup of __open_2
[ 2026-02-14T02:23:47.159        0:  1329:  1329 E/zygisk-ptrace64 ] failed to find symbol __open_2 in /apex/com.android.runtime/lib64/bionic/libm.so
[ 2026-02-14T02:23:47.159        0:  1329:  1329 E/zygisk-elfutil64 ] Cannot load symtabs: .symtab section or its string table not found/valid.
[ 2026-02-14T02:23:47.159        0:  1329:  1329 E/zygisk-elfutil64 ] Failed to load symtabs for linear lookup of __open_2
[ 2026-02-14T02:23:47.159        0:  1329:  1329 E/zygisk-ptrace64 ] failed to find symbol __open_2 in /apex/com.android.runtime/lib64/bionic/libdl.so
[ 2026-02-14T02:23:47.159        0:  1329:  1329 E/zygisk-elfutil64 ] Cannot load symtabs: .symtab section or its string table not found/valid.
[ 2026-02-14T02:23:47.159        0:  1329:  1329 E/zygisk-elfutil64 ] Failed to load symtabs for linear lookup of pthread_mutex_destroy
[ 2026-02-14T02:23:47.159        0:  1329:  1329 E/zygisk-ptrace64 ] failed to find symbol pthread_mutex_destroy in /system/lib64/liblog.so
[ 2026-02-14T02:23:47.160        0:  1329:  1329 E/zygisk-elfutil64 ] Cannot load symtabs: .symtab section or its string table not found/valid.
[ 2026-02-14T02:23:47.160        0:  1329:  1329 E/zygisk-elfutil64 ] Failed to load symtabs for linear lookup of pthread_mutex_destroy
[ 2026-02-14T02:23:47.160        0:  1329:  1329 E/zygisk-ptrace64 ] failed to find symbol pthread_mutex_destroy in /apex/com.android.runtime/lib64/bionic/libm.so
[ 2026-02-14T02:23:47.160        0:  1329:  1329 E/zygisk-elfutil64 ] Cannot load symtabs: .symtab section or its string table not found/valid.
[ 2026-02-14T02:23:47.160        0:  1329:  1329 E/zygisk-elfutil64 ] Failed to load symtabs for linear lookup of pthread_mutex_destroy
[ 2026-02-14T02:23:47.160        0:  1329:  1329 E/zygisk-ptrace64 ] failed to find symbol pthread_mutex_destroy in /apex/com.android.runtime/lib64/bionic/libdl.so
[ 2026-02-14T02:23:47.160        0:  1329:  1329 E/zygisk-elfutil64 ] Cannot load symtabs: .symtab section or its string table not found/valid.
[ 2026-02-14T02:23:47.160        0:  1329:  1329 E/zygisk-elfutil64 ] Failed to load symtabs for linear lookup of realloc
[ 2026-02-14T02:23:47.160        0:  1329:  1329 E/zygisk-ptrace64 ] failed to find symbol realloc in /system/lib64/liblog.so
[ 2026-02-14T02:23:47.160        0:  1329:  1329 E/zygisk-elfutil64 ] Cannot load symtabs: .symtab section or its string table not found/valid.
[ 2026-02-14T02:23:47.160        0:  1329:  1329 E/zygisk-elfutil64 ] Failed to load symtabs for linear lookup of realloc
[ 2026-02-14T02:23:47.160        0:  1329:  1329 E/zygisk-ptrace64 ] failed to find symbol realloc in /apex/com.android.runtime/lib64/bionic/libm.so
[ 2026-02-14T02:23:47.160        0:  1329:  1329 E/zygisk-elfutil64 ] Cannot load symtabs: .symtab section or its string table not found/valid.
[ 2026-02-14T02:23:47.160        0:  1329:  1329 E/zygisk-elfutil64 ] Failed to load symtabs for linear lookup of realloc
[ 2026-02-14T02:23:47.160        0:  1329:  1329 E/zygisk-ptrace64 ] failed to find symbol realloc in /apex/com.android.runtime/lib64/bionic/libdl.so
[ 2026-02-14T02:23:47.161        0:  1329:  1329 E/zygisk-elfutil64 ] Cannot load symtabs: .symtab section or its string table not found/valid.
[ 2026-02-14T02:23:47.161        0:  1329:  1329 E/zygisk-elfutil64 ] Failed to load symtabs for linear lookup of strdup
[ 2026-02-14T02:23:47.161        0:  1329:  1329 E/zygisk-ptrace64 ] failed to find symbol strdup in /system/lib64/liblog.so
[ 2026-02-14T02:23:47.161        0:  1329:  1329 E/zygisk-elfutil64 ] Cannot load symtabs: .symtab section or its string table not found/valid.
[ 2026-02-14T02:23:47.161        0:  1329:  1329 E/zygisk-elfutil64 ] Failed to load symtabs for linear lookup of strdup
[ 2026-02-14T02:23:47.161        0:  1329:  1329 E/zygisk-ptrace64 ] failed to find symbol strdup in /apex/com.android.runtime/lib64/bionic/libm.so
[ 2026-02-14T02:23:47.161        0:  1329:  1329 E/zygisk-elfutil64 ] Cannot load symtabs: .symtab section or its string table not found/valid.
[ 2026-02-14T02:23:47.161        0:  1329:  1329 E/zygisk-elfutil64 ] Failed to load symtabs for linear lookup of strdup
[ 2026-02-14T02:23:47.161        0:  1329:  1329 E/zygisk-ptrace64 ] failed to find symbol strdup in /apex/com.android.runtime/lib64/bionic/libdl.so
[ 2026-02-14T02:23:47.161        0:  1329:  1329 E/zygisk-elfutil64 ] Cannot load symtabs: .symtab section or its string table not found/valid.
[ 2026-02-14T02:23:47.161        0:  1329:  1329 E/zygisk-elfutil64 ] Failed to load symtabs for linear lookup of malloc
[ 2026-02-14T02:23:47.161        0:  1329:  1329 E/zygisk-ptrace64 ] failed to find symbol malloc in /system/lib64/liblog.so
[ 2026-02-14T02:23:47.161        0:  1329:  1329 E/zygisk-elfutil64 ] Cannot load symtabs: .symtab section or its string table not found/valid.
[ 2026-02-14T02:23:47.161        0:  1329:  1329 E/zygisk-elfutil64 ] Failed to load symtabs for linear lookup of malloc
[ 2026-02-14T02:23:47.161        0:  1329:  1329 E/zygisk-ptrace64 ] failed to find symbol malloc in /apex/com.android.runtime/lib64/bionic/libm.so
[ 2026-02-14T02:23:47.161        0:  1329:  1329 E/zygisk-elfutil64 ] Cannot load symtabs: .symtab section or its string table not found/valid.
[ 2026-02-14T02:23:47.161        0:  1329:  1329 E/zygisk-elfutil64 ] Failed to load symtabs for linear lookup of malloc
[ 2026-02-14T02:23:47.161        0:  1329:  1329 E/zygisk-ptrace64 ] failed to find symbol malloc in /apex/com.android.runtime/lib64/bionic/libdl.so
[ 2026-02-14T02:23:47.162        0:  1329:  1329 E/zygisk-elfutil64 ] Cannot load symtabs: .symtab section or its string table not found/valid.
[ 2026-02-14T02:23:47.162        0:  1329:  1329 E/zygisk-elfutil64 ] Failed to load symtabs for linear lookup of regcomp
[ 2026-02-14T02:23:47.162        0:  1329:  1329 E/zygisk-ptrace64 ] failed to find symbol regcomp in /system/lib64/liblog.so
[ 2026-02-14T02:23:47.162        0:  1329:  1329 E/zygisk-elfutil64 ] Cannot load symtabs: .symtab section or its string table not found/valid.
[ 2026-02-14T02:23:47.162        0:  1329:  1329 E/zygisk-elfutil64 ] Failed to load symtabs for linear lookup of regcomp
[ 2026-02-14T02:23:47.162        0:  1329:  1329 E/zygisk-ptrace64 ] failed to find symbol regcomp in /apex/com.android.runtime/lib64/bionic/libm.so
[ 2026-02-14T02:23:47.162        0:  1329:  1329 E/zygisk-elfutil64 ] Cannot load symtabs: .symtab section or its string table not found/valid.
[ 2026-02-14T02:23:47.162        0:  1329:  1329 E/zygisk-elfutil64 ] Failed to load symtabs for linear lookup of regcomp
[ 2026-02-14T02:23:47.162        0:  1329:  1329 E/zygisk-ptrace64 ] failed to find symbol regcomp in /apex/com.android.runtime/lib64/bionic/libdl.so
[ 2026-02-14T02:23:47.162        0:  1329:  1329 E/zygisk-elfutil64 ] Cannot load symtabs: .symtab section or its string table not found/valid.
[ 2026-02-14T02:23:47.162        0:  1329:  1329 E/zygisk-elfutil64 ] Failed to load symtabs for linear lookup of pthread_mutex_lock
[ 2026-02-14T02:23:47.162        0:  1329:  1329 E/zygisk-ptrace64 ] failed to find symbol pthread_mutex_lock in /system/lib64/liblog.so
[ 2026-02-14T02:23:47.162        0:  1329:  1329 E/zygisk-elfutil64 ] Cannot load symtabs: .symtab section or its string table not found/valid.
[ 2026-02-14T02:23:47.162        0:  1329:  1329 E/zygisk-elfutil64 ] Failed to load symtabs for linear lookup of pthread_mutex_lock
[ 2026-02-14T02:23:47.162        0:  1329:  1329 E/zygisk-ptrace64 ] failed to find symbol pthread_mutex_lock in /apex/com.android.runtime/lib64/bionic/libm.so
[ 2026-02-14T02:23:47.162        0:  1329:  1329 E/zygisk-elfutil64 ] Cannot load symtabs: .symtab section or its string table not found/valid.
[ 2026-02-14T02:23:47.162        0:  1329:  1329 E/zygisk-elfutil64 ] Failed to load symtabs for linear lookup of pthread_mutex_lock
[ 2026-02-14T02:23:47.162        0:  1329:  1329 E/zygisk-ptrace64 ] failed to find symbol pthread_mutex_lock in /apex/com.android.runtime/lib64/bionic/libdl.so
[ 2026-02-14T02:23:47.164        0:  1329:  1329 E/zygisk-elfutil64 ] Cannot load symtabs: .symtab section or its string table not found/valid.
[ 2026-02-14T02:23:47.164        0:  1329:  1329 E/zygisk-elfutil64 ] Failed to load symtabs for linear lookup of pthread_mutex_unlock
[ 2026-02-14T02:23:47.164        0:  1329:  1329 E/zygisk-ptrace64 ] failed to find symbol pthread_mutex_unlock in /system/lib64/liblog.so
[ 2026-02-14T02:23:47.164        0:  1329:  1329 E/zygisk-elfutil64 ] Cannot load symtabs: .symtab section or its string table not found/valid.
[ 2026-02-14T02:23:47.164        0:  1329:  1329 E/zygisk-elfutil64 ] Failed to load symtabs for linear lookup of pthread_mutex_unlock
[ 2026-02-14T02:23:47.164        0:  1329:  1329 E/zygisk-ptrace64 ] failed to find symbol pthread_mutex_unlock in /apex/com.android.runtime/lib64/bionic/libm.so
[ 2026-02-14T02:23:47.164        0:  1329:  1329 E/zygisk-elfutil64 ] Cannot load symtabs: .symtab section or its string table not found/valid.
[ 2026-02-14T02:23:47.164        0:  1329:  1329 E/zygisk-elfutil64 ] Failed to load symtabs for linear lookup of pthread_mutex_unlock
[ 2026-02-14T02:23:47.164        0:  1329:  1329 E/zygisk-ptrace64 ] failed to find symbol pthread_mutex_unlock in /apex/com.android.runtime/lib64/bionic/libdl.so
[ 2026-02-14T02:23:47.164        0:  1329:  1329 E/zygisk-elfutil64 ] Cannot load symtabs: .symtab section or its string table not found/valid.
[ 2026-02-14T02:23:47.164        0:  1329:  1329 E/zygisk-elfutil64 ] Failed to load symtabs for linear lookup of regexec
[ 2026-02-14T02:23:47.164        0:  1329:  1329 E/zygisk-ptrace64 ] failed to find symbol regexec in /system/lib64/liblog.so
[ 2026-02-14T02:23:47.164        0:  1329:  1329 E/zygisk-elfutil64 ] Cannot load symtabs: .symtab section or its string table not found/valid.
[ 2026-02-14T02:23:47.164        0:  1329:  1329 E/zygisk-elfutil64 ] Failed to load symtabs for linear lookup of regexec
[ 2026-02-14T02:23:47.164        0:  1329:  1329 E/zygisk-ptrace64 ] failed to find symbol regexec in /apex/com.android.runtime/lib64/bionic/libm.so
[ 2026-02-14T02:23:47.165        0:  1329:  1329 E/zygisk-elfutil64 ] Cannot load symtabs: .symtab section or its string table not found/valid.
[ 2026-02-14T02:23:47.165        0:  1329:  1329 E/zygisk-elfutil64 ] Failed to load symtabs for linear lookup of regexec
[ 2026-02-14T02:23:47.165        0:  1329:  1329 E/zygisk-ptrace64 ] failed to find symbol regexec in /apex/com.android.runtime/lib64/bionic/libdl.so
[ 2026-02-14T02:23:47.165        0:  1329:  1329 E/zygisk-elfutil64 ] Cannot load symtabs: .symtab section or its string table not found/valid.
[ 2026-02-14T02:23:47.165        0:  1329:  1329 E/zygisk-elfutil64 ] Failed to load symtabs for linear lookup of regfree
[ 2026-02-14T02:23:47.165        0:  1329:  1329 E/zygisk-ptrace64 ] failed to find symbol regfree in /system/lib64/liblog.so
[ 2026-02-14T02:23:47.165        0:  1329:  1329 E/zygisk-elfutil64 ] Cannot load symtabs: .symtab section or its string table not found/valid.
[ 2026-02-14T02:23:47.165        0:  1329:  1329 E/zygisk-elfutil64 ] Failed to load symtabs for linear lookup of regfree
[ 2026-02-14T02:23:47.165        0:  1329:  1329 E/zygisk-ptrace64 ] failed to find symbol regfree in /apex/com.android.runtime/lib64/bionic/libm.so
[ 2026-02-14T02:23:47.165        0:  1329:  1329 E/zygisk-elfutil64 ] Cannot load symtabs: .symtab section or its string table not found/valid.
[ 2026-02-14T02:23:47.165        0:  1329:  1329 E/zygisk-elfutil64 ] Failed to load symtabs for linear lookup of regfree
[ 2026-02-14T02:23:47.165        0:  1329:  1329 E/zygisk-ptrace64 ] failed to find symbol regfree in /apex/com.android.runtime/lib64/bionic/libdl.so
[ 2026-02-14T02:23:47.165        0:  1329:  1329 E/zygisk-elfutil64 ] Cannot load symtabs: .symtab section or its string table not found/valid.
[ 2026-02-14T02:23:47.165        0:  1329:  1329 E/zygisk-elfutil64 ] Failed to load symtabs for linear lookup of prctl
[ 2026-02-14T02:23:47.165        0:  1329:  1329 E/zygisk-ptrace64 ] failed to find symbol prctl in /system/lib64/liblog.so
[ 2026-02-14T02:23:47.165        0:  1329:  1329 E/zygisk-elfutil64 ] Cannot load symtabs: .symtab section or its string table not found/valid.
[ 2026-02-14T02:23:47.165        0:  1329:  1329 E/zygisk-elfutil64 ] Failed to load symtabs for linear lookup of prctl
[ 2026-02-14T02:23:47.165        0:  1329:  1329 E/zygisk-ptrace64 ] failed to find symbol prctl in /apex/com.android.runtime/lib64/bionic/libm.so
[ 2026-02-14T02:23:47.165        0:  1329:  1329 E/zygisk-elfutil64 ] Cannot load symtabs: .symtab section or its string table not found/valid.
[ 2026-02-14T02:23:47.165        0:  1329:  1329 E/zygisk-elfutil64 ] Failed to load symtabs for linear lookup of prctl
[ 2026-02-14T02:23:47.165        0:  1329:  1329 E/zygisk-ptrace64 ] failed to find symbol prctl in /apex/com.android.runtime/lib64/bionic/libdl.so
[ 2026-02-14T02:23:47.165        0:  1329:  1329 E/zygisk-elfutil64 ] Cannot load symtabs: .symtab section or its string table not found/valid.
[ 2026-02-14T02:23:47.165        0:  1329:  1329 E/zygisk-elfutil64 ] Failed to load symtabs for linear lookup of syscall
[ 2026-02-14T02:23:47.165        0:  1329:  1329 E/zygisk-ptrace64 ] failed to find symbol syscall in /system/lib64/liblog.so
[ 2026-02-14T02:23:47.165        0:  1329:  1329 E/zygisk-elfutil64 ] Cannot load symtabs: .symtab section or its string table not found/valid.
[ 2026-02-14T02:23:47.165        0:  1329:  1329 E/zygisk-elfutil64 ] Failed to load symtabs for linear lookup of syscall
[ 2026-02-14T02:23:47.165        0:  1329:  1329 E/zygisk-ptrace64 ] failed to find symbol syscall in /apex/com.android.runtime/lib64/bionic/libm.so
[ 2026-02-14T02:23:47.165        0:  1329:  1329 E/zygisk-elfutil64 ] Cannot load symtabs: .symtab section or its string table not found/valid.
[ 2026-02-14T02:23:47.165        0:  1329:  1329 E/zygisk-elfutil64 ] Failed to load symtabs for linear lookup of syscall
[ 2026-02-14T02:23:47.165        0:  1329:  1329 E/zygisk-ptrace64 ] failed to find symbol syscall in /apex/com.android.runtime/lib64/bionic/libdl.so
[ 2026-02-14T02:23:47.166        0:  1329:  1329 E/zygisk-elfutil64 ] Cannot load symtabs: .symtab section or its string table not found/valid.
[ 2026-02-14T02:23:47.166        0:  1329:  1329 E/zygisk-elfutil64 ] Failed to load symtabs for linear lookup of fopen
[ 2026-02-14T02:23:47.166        0:  1329:  1329 E/zygisk-ptrace64 ] failed to find symbol fopen in /system/lib64/liblog.so
[ 2026-02-14T02:23:47.166        0:  1329:  1329 E/zygisk-elfutil64 ] Cannot load symtabs: .symtab section or its string table not found/valid.
[ 2026-02-14T02:23:47.166        0:  1329:  1329 E/zygisk-elfutil64 ] Failed to load symtabs for linear lookup of fopen
[ 2026-02-14T02:23:47.166        0:  1329:  1329 E/zygisk-ptrace64 ] failed to find symbol fopen in /apex/com.android.runtime/lib64/bionic/libm.so
[ 2026-02-14T02:23:47.166        0:  1329:  1329 E/zygisk-elfutil64 ] Cannot load symtabs: .symtab section or its string table not found/valid.
[ 2026-02-14T02:23:47.166        0:  1329:  1329 E/zygisk-elfutil64 ] Failed to load symtabs for linear lookup of fopen
[ 2026-02-14T02:23:47.166        0:  1329:  1329 E/zygisk-ptrace64 ] failed to find symbol fopen in /apex/com.android.runtime/lib64/bionic/libdl.so
[ 2026-02-14T02:23:47.167        0:  1329:  1329 E/zygisk-elfutil64 ] Cannot load symtabs: .symtab section or its string table not found/valid.
[ 2026-02-14T02:23:47.167        0:  1329:  1329 E/zygisk-elfutil64 ] Failed to load symtabs for linear lookup of fclose
[ 2026-02-14T02:23:47.167        0:  1329:  1329 E/zygisk-ptrace64 ] failed to find symbol fclose in /system/lib64/liblog.so
[ 2026-02-14T02:23:47.167        0:  1329:  1329 E/zygisk-elfutil64 ] Cannot load symtabs: .symtab section or its string table not found/valid.
[ 2026-02-14T02:23:47.167        0:  1329:  1329 E/zygisk-elfutil64 ] Failed to load symtabs for linear lookup of fclose
[ 2026-02-14T02:23:47.167        0:  1329:  1329 E/zygisk-ptrace64 ] failed to find symbol fclose in /apex/com.android.runtime/lib64/bionic/libm.so
[ 2026-02-14T02:23:47.167        0:  1329:  1329 E/zygisk-elfutil64 ] Cannot load symtabs: .symtab section or its string table not found/valid.
[ 2026-02-14T02:23:47.167        0:  1329:  1329 E/zygisk-elfutil64 ] Failed to load symtabs for linear lookup of fclose
[ 2026-02-14T02:23:47.167        0:  1329:  1329 E/zygisk-ptrace64 ] failed to find symbol fclose in /apex/com.android.runtime/lib64/bionic/libdl.so
[ 2026-02-14T02:23:47.168        0:  1329:  1329 E/zygisk-elfutil64 ] Cannot load symtabs: .symtab section or its string table not found/valid.
[ 2026-02-14T02:23:47.169        0:  1329:  1329 E/zygisk-elfutil64 ] Failed to load symtabs for linear lookup of fgets
[ 2026-02-14T02:23:47.169        0:  1329:  1329 E/zygisk-ptrace64 ] failed to find symbol fgets in /system/lib64/liblog.so
[ 2026-02-14T02:23:47.169        0:  1329:  1329 E/zygisk-elfutil64 ] Cannot load symtabs: .symtab section or its string table not found/valid.
[ 2026-02-14T02:23:47.169        0:  1329:  1329 E/zygisk-elfutil64 ] Failed to load symtabs for linear lookup of fgets
[ 2026-02-14T02:23:47.169        0:  1329:  1329 E/zygisk-ptrace64 ] failed to find symbol fgets in /apex/com.android.runtime/lib64/bionic/libm.so
[ 2026-02-14T02:23:47.170        0:  1329:  1329 E/zygisk-elfutil64 ] Cannot load symtabs: .symtab section or its string table not found/valid.
[ 2026-02-14T02:23:47.170        0:  1329:  1329 E/zygisk-elfutil64 ] Failed to load symtabs for linear lookup of fgets
[ 2026-02-14T02:23:47.170        0:  1329:  1329 E/zygisk-ptrace64 ] failed to find symbol fgets in /apex/com.android.runtime/lib64/bionic/libdl.so
[ 2026-02-14T02:23:47.170        0:  1329:  1329 E/zygisk-elfutil64 ] Cannot load symtabs: .symtab section or its string table not found/valid.
[ 2026-02-14T02:23:47.170        0:  1329:  1329 E/zygisk-elfutil64 ] Failed to load symtabs for linear lookup of read
[ 2026-02-14T02:23:47.170        0:  1329:  1329 E/zygisk-ptrace64 ] failed to find symbol read in /system/lib64/liblog.so
[ 2026-02-14T02:23:47.170        0:  1329:  1329 E/zygisk-elfutil64 ] Cannot load symtabs: .symtab section or its string table not found/valid.
[ 2026-02-14T02:23:47.170        0:  1329:  1329 E/zygisk-elfutil64 ] Failed to load symtabs for linear lookup of read
[ 2026-02-14T02:23:47.170        0:  1329:  1329 E/zygisk-ptrace64 ] failed to find symbol read in /apex/com.android.runtime/lib64/bionic/libm.so
[ 2026-02-14T02:23:47.170        0:  1329:  1329 E/zygisk-elfutil64 ] Cannot load symtabs: .symtab section or its string table not found/valid.
[ 2026-02-14T02:23:47.170        0:  1329:  1329 E/zygisk-elfutil64 ] Failed to load symtabs for linear lookup of read
[ 2026-02-14T02:23:47.170        0:  1329:  1329 E/zygisk-ptrace64 ] failed to find symbol read in /apex/com.android.runtime/lib64/bionic/libdl.so
[ 2026-02-14T02:23:47.171        0:  1329:  1329 E/zygisk-elfutil64 ] Cannot load symtabs: .symtab section or its string table not found/valid.
[ 2026-02-14T02:23:47.171        0:  1329:  1329 E/zygisk-elfutil64 ] Failed to load symtabs for linear lookup of socket
[ 2026-02-14T02:23:47.171        0:  1329:  1329 E/zygisk-ptrace64 ] failed to find symbol socket in /system/lib64/liblog.so
[ 2026-02-14T02:23:47.171        0:  1329:  1329 E/zygisk-elfutil64 ] Cannot load symtabs: .symtab section or its string table not found/valid.
[ 2026-02-14T02:23:47.171        0:  1329:  1329 E/zygisk-elfutil64 ] Failed to load symtabs for linear lookup of socket
[ 2026-02-14T02:23:47.171        0:  1329:  1329 E/zygisk-ptrace64 ] failed to find symbol socket in /apex/com.android.runtime/lib64/bionic/libm.so
[ 2026-02-14T02:23:47.171        0:  1329:  1329 E/zygisk-elfutil64 ] Cannot load symtabs: .symtab section or its string table not found/valid.
[ 2026-02-14T02:23:47.171        0:  1329:  1329 E/zygisk-elfutil64 ] Failed to load symtabs for linear lookup of socket
[ 2026-02-14T02:23:47.171        0:  1329:  1329 E/zygisk-ptrace64 ] failed to find symbol socket in /apex/com.android.runtime/lib64/bionic/libdl.so
[ 2026-02-14T02:23:47.171        0:  1329:  1329 E/zygisk-elfutil64 ] Cannot load symtabs: .symtab section or its string table not found/valid.
[ 2026-02-14T02:23:47.171        0:  1329:  1329 E/zygisk-elfutil64 ] Failed to load symtabs for linear lookup of connect
[ 2026-02-14T02:23:47.171        0:  1329:  1329 E/zygisk-ptrace64 ] failed to find symbol connect in /system/lib64/liblog.so
[ 2026-02-14T02:23:47.171        0:  1329:  1329 E/zygisk-elfutil64 ] Cannot load symtabs: .symtab section or its string table not found/valid.
[ 2026-02-14T02:23:47.171        0:  1329:  1329 E/zygisk-elfutil64 ] Failed to load symtabs for linear lookup of connect
[ 2026-02-14T02:23:47.171        0:  1329:  1329 E/zygisk-ptrace64 ] failed to find symbol connect in /apex/com.android.runtime/lib64/bionic/libm.so
[ 2026-02-14T02:23:47.171        0:  1329:  1329 E/zygisk-elfutil64 ] Cannot load symtabs: .symtab section or its string table not found/valid.
[ 2026-02-14T02:23:47.171        0:  1329:  1329 E/zygisk-elfutil64 ] Failed to load symtabs for linear lookup of connect
[ 2026-02-14T02:23:47.171        0:  1329:  1329 E/zygisk-ptrace64 ] failed to find symbol connect in /apex/com.android.runtime/lib64/bionic/libdl.so
[ 2026-02-14T02:23:47.172        0:  1329:  1329 E/zygisk-elfutil64 ] Cannot load symtabs: .symtab section or its string table not found/valid.
[ 2026-02-14T02:23:47.172        0:  1329:  1329 E/zygisk-elfutil64 ] Failed to load symtabs for linear lookup of sleep
[ 2026-02-14T02:23:47.172        0:  1329:  1329 E/zygisk-ptrace64 ] failed to find symbol sleep in /system/lib64/liblog.so
[ 2026-02-14T02:23:47.172        0:  1329:  1329 E/zygisk-elfutil64 ] Cannot load symtabs: .symtab section or its string table not found/valid.
[ 2026-02-14T02:23:47.172        0:  1329:  1329 E/zygisk-elfutil64 ] Failed to load symtabs for linear lookup of sleep
[ 2026-02-14T02:23:47.172        0:  1329:  1329 E/zygisk-ptrace64 ] failed to find symbol sleep in /apex/com.android.runtime/lib64/bionic/libm.so
[ 2026-02-14T02:23:47.172        0:  1329:  1329 E/zygisk-elfutil64 ] Cannot load symtabs: .symtab section or its string table not found/valid.
[ 2026-02-14T02:23:47.172        0:  1329:  1329 E/zygisk-elfutil64 ] Failed to load symtabs for linear lookup of sleep
[ 2026-02-14T02:23:47.172        0:  1329:  1329 E/zygisk-ptrace64 ] failed to find symbol sleep in /apex/com.android.runtime/lib64/bionic/libdl.so
[ 2026-02-14T02:23:47.172        0:  1329:  1329 E/zygisk-elfutil64 ] Cannot load symtabs: .symtab section or its string table not found/valid.
[ 2026-02-14T02:23:47.172        0:  1329:  1329 E/zygisk-elfutil64 ] Failed to load symtabs for linear lookup of __vsnprintf_chk
[ 2026-02-14T02:23:47.172        0:  1329:  1329 E/zygisk-ptrace64 ] failed to find symbol __vsnprintf_chk in /system/lib64/liblog.so
[ 2026-02-14T02:23:47.173        0:  1329:  1329 E/zygisk-elfutil64 ] Cannot load symtabs: .symtab section or its string table not found/valid.
[ 2026-02-14T02:23:47.173        0:  1329:  1329 E/zygisk-elfutil64 ] Failed to load symtabs for linear lookup of __vsnprintf_chk
[ 2026-02-14T02:23:47.173        0:  1329:  1329 E/zygisk-ptrace64 ] failed to find symbol __vsnprintf_chk in /apex/com.android.runtime/lib64/bionic/libm.so
[ 2026-02-14T02:23:47.174        0:  1329:  1329 E/zygisk-elfutil64 ] Cannot load symtabs: .symtab section or its string table not found/valid.
[ 2026-02-14T02:23:47.174        0:  1329:  1329 E/zygisk-elfutil64 ] Failed to load symtabs for linear lookup of __vsnprintf_chk
[ 2026-02-14T02:23:47.174        0:  1329:  1329 E/zygisk-ptrace64 ] failed to find symbol __vsnprintf_chk in /apex/com.android.runtime/lib64/bionic/libdl.so
[ 2026-02-14T02:23:47.174        0:  1329:  1329 E/zygisk-elfutil64 ] Cannot load symtabs: .symtab section or its string table not found/valid.
[ 2026-02-14T02:23:47.174        0:  1329:  1329 E/zygisk-elfutil64 ] Failed to load symtabs for linear lookup of __strlen_chk
[ 2026-02-14T02:23:47.174        0:  1329:  1329 E/zygisk-ptrace64 ] failed to find symbol __strlen_chk in /system/lib64/liblog.so
[ 2026-02-14T02:23:47.174        0:  1329:  1329 E/zygisk-elfutil64 ] Cannot load symtabs: .symtab section or its string table not found/valid.
[ 2026-02-14T02:23:47.174        0:  1329:  1329 E/zygisk-elfutil64 ] Failed to load symtabs for linear lookup of __strlen_chk
[ 2026-02-14T02:23:47.174        0:  1329:  1329 E/zygisk-ptrace64 ] failed to find symbol __strlen_chk in /apex/com.android.runtime/lib64/bionic/libm.so
[ 2026-02-14T02:23:47.174        0:  1329:  1329 E/zygisk-elfutil64 ] Cannot load symtabs: .symtab section or its string table not found/valid.
[ 2026-02-14T02:23:47.174        0:  1329:  1329 E/zygisk-elfutil64 ] Failed to load symtabs for linear lookup of __strlen_chk
[ 2026-02-14T02:23:47.174        0:  1329:  1329 E/zygisk-ptrace64 ] failed to find symbol __strlen_chk in /apex/com.android.runtime/lib64/bionic/libdl.so
[ 2026-02-14T02:23:47.174        0:  1329:  1329 E/zygisk-elfutil64 ] Cannot load symtabs: .symtab section or its string table not found/valid.
[ 2026-02-14T02:23:47.174        0:  1329:  1329 E/zygisk-elfutil64 ] Failed to load symtabs for linear lookup of uname
[ 2026-02-14T02:23:47.174        0:  1329:  1329 E/zygisk-ptrace64 ] failed to find symbol uname in /system/lib64/liblog.so
[ 2026-02-14T02:23:47.174        0:  1329:  1329 E/zygisk-elfutil64 ] Cannot load symtabs: .symtab section or its string table not found/valid.
[ 2026-02-14T02:23:47.174        0:  1329:  1329 E/zygisk-elfutil64 ] Failed to load symtabs for linear lookup of uname
[ 2026-02-14T02:23:47.174        0:  1329:  1329 E/zygisk-ptrace64 ] failed to find symbol uname in /apex/com.android.runtime/lib64/bionic/libm.so
[ 2026-02-14T02:23:47.174        0:  1329:  1329 E/zygisk-elfutil64 ] Cannot load symtabs: .symtab section or its string table not found/valid.
[ 2026-02-14T02:23:47.174        0:  1329:  1329 E/zygisk-elfutil64 ] Failed to load symtabs for linear lookup of uname
[ 2026-02-14T02:23:47.174        0:  1329:  1329 E/zygisk-ptrace64 ] failed to find symbol uname in /apex/com.android.runtime/lib64/bionic/libdl.so
[ 2026-02-14T02:23:47.175        0:  1329:  1329 E/zygisk-elfutil64 ] Cannot load symtabs: .symtab section or its string table not found/valid.
[ 2026-02-14T02:23:47.175        0:  1329:  1329 E/zygisk-elfutil64 ] Failed to load symtabs for linear lookup of sscanf
[ 2026-02-14T02:23:47.175        0:  1329:  1329 E/zygisk-ptrace64 ] failed to find symbol sscanf in /system/lib64/liblog.so
[ 2026-02-14T02:23:47.175        0:  1329:  1329 E/zygisk-elfutil64 ] Cannot load symtabs: .symtab section or its string table not found/valid.
[ 2026-02-14T02:23:47.175        0:  1329:  1329 E/zygisk-elfutil64 ] Failed to load symtabs for linear lookup of sscanf
[ 2026-02-14T02:23:47.175        0:  1329:  1329 E/zygisk-ptrace64 ] failed to find symbol sscanf in /apex/com.android.runtime/lib64/bionic/libm.so
[ 2026-02-14T02:23:47.175        0:  1329:  1329 E/zygisk-elfutil64 ] Cannot load symtabs: .symtab section or its string table not found/valid.
[ 2026-02-14T02:23:47.175        0:  1329:  1329 E/zygisk-elfutil64 ] Failed to load symtabs for linear lookup of sscanf
[ 2026-02-14T02:23:47.175        0:  1329:  1329 E/zygisk-ptrace64 ] failed to find symbol sscanf in /apex/com.android.runtime/lib64/bionic/libdl.so
[ 2026-02-14T02:23:47.175        0:  1329:  1329 E/zygisk-elfutil64 ] Cannot load symtabs: .symtab section or its string table not found/valid.
[ 2026-02-14T02:23:47.175        0:  1329:  1329 E/zygisk-elfutil64 ] Failed to load symtabs for linear lookup of recvmsg
[ 2026-02-14T02:23:47.175        0:  1329:  1329 E/zygisk-ptrace64 ] failed to find symbol recvmsg in /system/lib64/liblog.so
[ 2026-02-14T02:23:47.175        0:  1329:  1329 E/zygisk-elfutil64 ] Cannot load symtabs: .symtab section or its string table not found/valid.
[ 2026-02-14T02:23:47.175        0:  1329:  1329 E/zygisk-elfutil64 ] Failed to load symtabs for linear lookup of recvmsg
[ 2026-02-14T02:23:47.175        0:  1329:  1329 E/zygisk-ptrace64 ] failed to find symbol recvmsg in /apex/com.android.runtime/lib64/bionic/libm.so
[ 2026-02-14T02:23:47.175        0:  1329:  1329 E/zygisk-elfutil64 ] Cannot load symtabs: .symtab section or its string table not found/valid.
[ 2026-02-14T02:23:47.175        0:  1329:  1329 E/zygisk-elfutil64 ] Failed to load symtabs for linear lookup of recvmsg
[ 2026-02-14T02:23:47.175        0:  1329:  1329 E/zygisk-ptrace64 ] failed to find symbol recvmsg in /apex/com.android.runtime/lib64/bionic/libdl.so
[ 2026-02-14T02:23:47.175        0:  1329:  1329 E/zygisk-elfutil64 ] Cannot load symtabs: .symtab section or its string table not found/valid.
[ 2026-02-14T02:23:47.175        0:  1329:  1329 E/zygisk-elfutil64 ] Failed to load symtabs for linear lookup of __write_chk
[ 2026-02-14T02:23:47.175        0:  1329:  1329 E/zygisk-ptrace64 ] failed to find symbol __write_chk in /system/lib64/liblog.so
[ 2026-02-14T02:23:47.175        0:  1329:  1329 E/zygisk-elfutil64 ] Cannot load symtabs: .symtab section or its string table not found/valid.
[ 2026-02-14T02:23:47.175        0:  1329:  1329 E/zygisk-elfutil64 ] Failed to load symtabs for linear lookup of __write_chk
[ 2026-02-14T02:23:47.175        0:  1329:  1329 E/zygisk-ptrace64 ] failed to find symbol __write_chk in /apex/com.android.runtime/lib64/bionic/libm.so
[ 2026-02-14T02:23:47.175        0:  1329:  1329 E/zygisk-elfutil64 ] Cannot load symtabs: .symtab section or its string table not found/valid.
[ 2026-02-14T02:23:47.175        0:  1329:  1329 E/zygisk-elfutil64 ] Failed to load symtabs for linear lookup of __write_chk
[ 2026-02-14T02:23:47.175        0:  1329:  1329 E/zygisk-ptrace64 ] failed to find symbol __write_chk in /apex/com.android.runtime/lib64/bionic/libdl.so
[ 2026-02-14T02:23:47.175        0:  1329:  1329 E/zygisk-elfutil64 ] Cannot load symtabs: .symtab section or its string table not found/valid.
[ 2026-02-14T02:23:47.175        0:  1329:  1329 E/zygisk-elfutil64 ] Failed to load symtabs for linear lookup of write
[ 2026-02-14T02:23:47.175        0:  1329:  1329 E/zygisk-ptrace64 ] failed to find symbol write in /system/lib64/liblog.so
[ 2026-02-14T02:23:47.175        0:  1329:  1329 E/zygisk-elfutil64 ] Cannot load symtabs: .symtab section or its string table not found/valid.
[ 2026-02-14T02:23:47.175        0:  1329:  1329 E/zygisk-elfutil64 ] Failed to load symtabs for linear lookup of write
[ 2026-02-14T02:23:47.175        0:  1329:  1329 E/zygisk-ptrace64 ] failed to find symbol write in /apex/com.android.runtime/lib64/bionic/libm.so
[ 2026-02-14T02:23:47.175        0:  1329:  1329 E/zygisk-elfutil64 ] Cannot load symtabs: .symtab section or its string table not found/valid.
[ 2026-02-14T02:23:47.175        0:  1329:  1329 E/zygisk-elfutil64 ] Failed to load symtabs for linear lookup of write
[ 2026-02-14T02:23:47.175        0:  1329:  1329 E/zygisk-ptrace64 ] failed to find symbol write in /apex/com.android.runtime/lib64/bionic/libdl.so
[ 2026-02-14T02:23:47.176        0:  1329:  1329 E/zygisk-elfutil64 ] Cannot load symtabs: .symtab section or its string table not found/valid.
[ 2026-02-14T02:23:47.176        0:  1329:  1329 E/zygisk-elfutil64 ] Failed to load symtabs for linear lookup of __pread_chk
[ 2026-02-14T02:23:47.176        0:  1329:  1329 E/zygisk-ptrace64 ] failed to find symbol __pread_chk in /system/lib64/liblog.so
[ 2026-02-14T02:23:47.177        0:  1329:  1329 E/zygisk-elfutil64 ] Cannot load symtabs: .symtab section or its string table not found/valid.
[ 2026-02-14T02:23:47.177        0:  1329:  1329 E/zygisk-elfutil64 ] Failed to load symtabs for linear lookup of __pread_chk
[ 2026-02-14T02:23:47.177        0:  1329:  1329 E/zygisk-ptrace64 ] failed to find symbol __pread_chk in /apex/com.android.runtime/lib64/bionic/libm.so
[ 2026-02-14T02:23:47.177        0:  1329:  1329 E/zygisk-elfutil64 ] Cannot load symtabs: .symtab section or its string table not found/valid.
[ 2026-02-14T02:23:47.177        0:  1329:  1329 E/zygisk-elfutil64 ] Failed to load symtabs for linear lookup of __pread_chk
[ 2026-02-14T02:23:47.177        0:  1329:  1329 E/zygisk-ptrace64 ] failed to find symbol __pread_chk in /apex/com.android.runtime/lib64/bionic/libdl.so
[ 2026-02-14T02:23:47.177        0:  1329:  1329 E/zygisk-elfutil64 ] Cannot load symtabs: .symtab section or its string table not found/valid.
[ 2026-02-14T02:23:47.177        0:  1329:  1329 E/zygisk-elfutil64 ] Failed to load symtabs for linear lookup of pread
[ 2026-02-14T02:23:47.177        0:  1329:  1329 E/zygisk-ptrace64 ] failed to find symbol pread in /system/lib64/liblog.so
[ 2026-02-14T02:23:47.177        0:  1329:  1329 E/zygisk-elfutil64 ] Cannot load symtabs: .symtab section or its string table not found/valid.
[ 2026-02-14T02:23:47.177        0:  1329:  1329 E/zygisk-elfutil64 ] Failed to load symtabs for linear lookup of pread
[ 2026-02-14T02:23:47.177        0:  1329:  1329 E/zygisk-ptrace64 ] failed to find symbol pread in /apex/com.android.runtime/lib64/bionic/libm.so
[ 2026-02-14T02:23:47.177        0:  1329:  1329 E/zygisk-elfutil64 ] Cannot load symtabs: .symtab section or its string table not found/valid.
[ 2026-02-14T02:23:47.177        0:  1329:  1329 E/zygisk-elfutil64 ] Failed to load symtabs for linear lookup of pread
[ 2026-02-14T02:23:47.177        0:  1329:  1329 E/zygisk-ptrace64 ] failed to find symbol pread in /apex/com.android.runtime/lib64/bionic/libdl.so
[ 2026-02-14T02:23:47.178        0:  1329:  1329 E/zygisk-elfutil64 ] Cannot load symtabs: .symtab section or its string table not found/valid.
[ 2026-02-14T02:23:47.178        0:  1329:  1329 E/zygisk-elfutil64 ] Failed to load symtabs for linear lookup of __read_chk
[ 2026-02-14T02:23:47.178        0:  1329:  1329 E/zygisk-ptrace64 ] failed to find symbol __read_chk in /system/lib64/liblog.so
[ 2026-02-14T02:23:47.178        0:  1329:  1329 E/zygisk-elfutil64 ] Cannot load symtabs: .symtab section or its string table not found/valid.
[ 2026-02-14T02:23:47.178        0:  1329:  1329 E/zygisk-elfutil64 ] Failed to load symtabs for linear lookup of __read_chk
[ 2026-02-14T02:23:47.178        0:  1329:  1329 E/zygisk-ptrace64 ] failed to find symbol __read_chk in /apex/com.android.runtime/lib64/bionic/libm.so
[ 2026-02-14T02:23:47.178        0:  1329:  1329 E/zygisk-elfutil64 ] Cannot load symtabs: .symtab section or its string table not found/valid.
[ 2026-02-14T02:23:47.178        0:  1329:  1329 E/zygisk-elfutil64 ] Failed to load symtabs for linear lookup of __read_chk
[ 2026-02-14T02:23:47.178        0:  1329:  1329 E/zygisk-ptrace64 ] failed to find symbol __read_chk in /apex/com.android.runtime/lib64/bionic/libdl.so
[ 2026-02-14T02:23:47.178        0:  1329:  1329 E/zygisk-elfutil64 ] Cannot load symtabs: .symtab section or its string table not found/valid.
[ 2026-02-14T02:23:47.178        0:  1329:  1329 E/zygisk-elfutil64 ] Failed to load symtabs for linear lookup of socketpair
[ 2026-02-14T02:23:47.178        0:  1329:  1329 E/zygisk-ptrace64 ] failed to find symbol socketpair in /system/lib64/liblog.so
[ 2026-02-14T02:23:47.178        0:  1329:  1329 E/zygisk-elfutil64 ] Cannot load symtabs: .symtab section or its string table not found/valid.
[ 2026-02-14T02:23:47.178        0:  1329:  1329 E/zygisk-elfutil64 ] Failed to load symtabs for linear lookup of socketpair
[ 2026-02-14T02:23:47.178        0:  1329:  1329 E/zygisk-ptrace64 ] failed to find symbol socketpair in /apex/com.android.runtime/lib64/bionic/libm.so
[ 2026-02-14T02:23:47.178        0:  1329:  1329 E/zygisk-elfutil64 ] Cannot load symtabs: .symtab section or its string table not found/valid.
[ 2026-02-14T02:23:47.178        0:  1329:  1329 E/zygisk-elfutil64 ] Failed to load symtabs for linear lookup of socketpair
[ 2026-02-14T02:23:47.178        0:  1329:  1329 E/zygisk-ptrace64 ] failed to find symbol socketpair in /apex/com.android.runtime/lib64/bionic/libdl.so
[ 2026-02-14T02:23:47.178        0:  1329:  1329 E/zygisk-elfutil64 ] Cannot load symtabs: .symtab section or its string table not found/valid.
[ 2026-02-14T02:23:47.178        0:  1329:  1329 E/zygisk-elfutil64 ] Failed to load symtabs for linear lookup of _exit
[ 2026-02-14T02:23:47.178        0:  1329:  1329 E/zygisk-ptrace64 ] failed to find symbol _exit in /system/lib64/liblog.so
[ 2026-02-14T02:23:47.178        0:  1329:  1329 E/zygisk-elfutil64 ] Cannot load symtabs: .symtab section or its string table not found/valid.
[ 2026-02-14T02:23:47.178        0:  1329:  1329 E/zygisk-elfutil64 ] Failed to load symtabs for linear lookup of _exit
[ 2026-02-14T02:23:47.178        0:  1329:  1329 E/zygisk-ptrace64 ] failed to find symbol _exit in /apex/com.android.runtime/lib64/bionic/libm.so
[ 2026-02-14T02:23:47.178        0:  1329:  1329 E/zygisk-elfutil64 ] Cannot load symtabs: .symtab section or its string table not found/valid.
[ 2026-02-14T02:23:47.178        0:  1329:  1329 E/zygisk-elfutil64 ] Failed to load symtabs for linear lookup of _exit
[ 2026-02-14T02:23:47.178        0:  1329:  1329 E/zygisk-ptrace64 ] failed to find symbol _exit in /apex/com.android.runtime/lib64/bionic/libdl.so
[ 2026-02-14T02:23:47.179        0:  1329:  1329 E/zygisk-elfutil64 ] Cannot load symtabs: .symtab section or its string table not found/valid.
[ 2026-02-14T02:23:47.179        0:  1329:  1329 E/zygisk-elfutil64 ] Failed to load symtabs for linear lookup of fdopen
[ 2026-02-14T02:23:47.179        0:  1329:  1329 E/zygisk-ptrace64 ] failed to find symbol fdopen in /system/lib64/liblog.so
[ 2026-02-14T02:23:47.179        0:  1329:  1329 E/zygisk-elfutil64 ] Cannot load symtabs: .symtab section or its string table not found/valid.
[ 2026-02-14T02:23:47.179        0:  1329:  1329 E/zygisk-elfutil64 ] Failed to load symtabs for linear lookup of fdopen
[ 2026-02-14T02:23:47.179        0:  1329:  1329 E/zygisk-ptrace64 ] failed to find symbol fdopen in /apex/com.android.runtime/lib64/bionic/libm.so
[ 2026-02-14T02:23:47.179        0:  1329:  1329 E/zygisk-elfutil64 ] Cannot load symtabs: .symtab section or its string table not found/valid.
[ 2026-02-14T02:23:47.179        0:  1329:  1329 E/zygisk-elfutil64 ] Failed to load symtabs for linear lookup of fdopen
[ 2026-02-14T02:23:47.179        0:  1329:  1329 E/zygisk-ptrace64 ] failed to find symbol fdopen in /apex/com.android.runtime/lib64/bionic/libdl.so
[ 2026-02-14T02:23:47.179        0:  1329:  1329 E/zygisk-elfutil64 ] Cannot load symtabs: .symtab section or its string table not found/valid.
[ 2026-02-14T02:23:47.179        0:  1329:  1329 E/zygisk-elfutil64 ] Failed to load symtabs for linear lookup of calloc
[ 2026-02-14T02:23:47.179        0:  1329:  1329 E/zygisk-ptrace64 ] failed to find symbol calloc in /system/lib64/liblog.so
[ 2026-02-14T02:23:47.179        0:  1329:  1329 E/zygisk-elfutil64 ] Cannot load symtabs: .symtab section or its string table not found/valid.
[ 2026-02-14T02:23:47.179        0:  1329:  1329 E/zygisk-elfutil64 ] Failed to load symtabs for linear lookup of calloc
[ 2026-02-14T02:23:47.179        0:  1329:  1329 E/zygisk-ptrace64 ] failed to find symbol calloc in /apex/com.android.runtime/lib64/bionic/libm.so
[ 2026-02-14T02:23:47.179        0:  1329:  1329 E/zygisk-elfutil64 ] Cannot load symtabs: .symtab section or its string table not found/valid.
[ 2026-02-14T02:23:47.179        0:  1329:  1329 E/zygisk-elfutil64 ] Failed to load symtabs for linear lookup of calloc
[ 2026-02-14T02:23:47.179        0:  1329:  1329 E/zygisk-ptrace64 ] failed to find symbol calloc in /apex/com.android.runtime/lib64/bionic/libdl.so
[ 2026-02-14T02:23:47.179        0:  1329:  1329 E/zygisk-elfutil64 ] Cannot load symtabs: .symtab section or its string table not found/valid.
[ 2026-02-14T02:23:47.179        0:  1329:  1329 E/zygisk-elfutil64 ] Failed to load symtabs for linear lookup of waitpid
[ 2026-02-14T02:23:47.179        0:  1329:  1329 E/zygisk-ptrace64 ] failed to find symbol waitpid in /system/lib64/liblog.so
[ 2026-02-14T02:23:47.179        0:  1329:  1329 E/zygisk-elfutil64 ] Cannot load symtabs: .symtab section or its string table not found/valid.
[ 2026-02-14T02:23:47.179        0:  1329:  1329 E/zygisk-elfutil64 ] Failed to load symtabs for linear lookup of waitpid
[ 2026-02-14T02:23:47.179        0:  1329:  1329 E/zygisk-ptrace64 ] failed to find symbol waitpid in /apex/com.android.runtime/lib64/bionic/libm.so
[ 2026-02-14T02:23:47.179        0:  1329:  1329 E/zygisk-elfutil64 ] Cannot load symtabs: .symtab section or its string table not found/valid.
[ 2026-02-14T02:23:47.179        0:  1329:  1329 E/zygisk-elfutil64 ] Failed to load symtabs for linear lookup of waitpid
[ 2026-02-14T02:23:47.179        0:  1329:  1329 E/zygisk-ptrace64 ] failed to find symbol waitpid in /apex/com.android.runtime/lib64/bionic/libdl.so
[ 2026-02-14T02:23:47.179        0:  1329:  1329 E/zygisk-elfutil64 ] Cannot load symtabs: .symtab section or its string table not found/valid.
[ 2026-02-14T02:23:47.179        0:  1329:  1329 E/zygisk-elfutil64 ] Failed to load symtabs for linear lookup of mprotect
[ 2026-02-14T02:23:47.179        0:  1329:  1329 E/zygisk-ptrace64 ] failed to find symbol mprotect in /system/lib64/liblog.so
[ 2026-02-14T02:23:47.179        0:  1329:  1329 E/zygisk-elfutil64 ] Cannot load symtabs: .symtab section or its string table not found/valid.
[ 2026-02-14T02:23:47.179        0:  1329:  1329 E/zygisk-elfutil64 ] Failed to load symtabs for linear lookup of mprotect
[ 2026-02-14T02:23:47.179        0:  1329:  1329 E/zygisk-ptrace64 ] failed to find symbol mprotect in /apex/com.android.runtime/lib64/bionic/libm.so
[ 2026-02-14T02:23:47.179        0:  1329:  1329 E/zygisk-elfutil64 ] Cannot load symtabs: .symtab section or its string table not found/valid.
[ 2026-02-14T02:23:47.179        0:  1329:  1329 E/zygisk-elfutil64 ] Failed to load symtabs for linear lookup of mprotect
[ 2026-02-14T02:23:47.179        0:  1329:  1329 E/zygisk-ptrace64 ] failed to find symbol mprotect in /apex/com.android.runtime/lib64/bionic/libdl.so
[ 2026-02-14T02:23:47.180        0:  1329:  1329 E/zygisk-elfutil64 ] Cannot load symtabs: .symtab section or its string table not found/valid.
[ 2026-02-14T02:23:47.180        0:  1329:  1329 E/zygisk-elfutil64 ] Failed to load symtabs for linear lookup of sendmsg
[ 2026-02-14T02:23:47.180        0:  1329:  1329 E/zygisk-ptrace64 ] failed to find symbol sendmsg in /system/lib64/liblog.so
[ 2026-02-14T02:23:47.180        0:  1329:  1329 E/zygisk-elfutil64 ] Cannot load symtabs: .symtab section or its string table not found/valid.
[ 2026-02-14T02:23:47.180        0:  1329:  1329 E/zygisk-elfutil64 ] Failed to load symtabs for linear lookup of sendmsg
[ 2026-02-14T02:23:47.180        0:  1329:  1329 E/zygisk-ptrace64 ] failed to find symbol sendmsg in /apex/com.android.runtime/lib64/bionic/libm.so
[ 2026-02-14T02:23:47.180        0:  1329:  1329 E/zygisk-elfutil64 ] Cannot load symtabs: .symtab section or its string table not found/valid.
[ 2026-02-14T02:23:47.180        0:  1329:  1329 E/zygisk-elfutil64 ] Failed to load symtabs for linear lookup of sendmsg
[ 2026-02-14T02:23:47.180        0:  1329:  1329 E/zygisk-ptrace64 ] failed to find symbol sendmsg in /apex/com.android.runtime/lib64/bionic/libdl.so
[ 2026-02-14T02:23:47.180        0:  1329:  1329 E/zygisk-elfutil64 ] Cannot load symtabs: .symtab section or its string table not found/valid.
[ 2026-02-14T02:23:47.180        0:  1329:  1329 E/zygisk-elfutil64 ] Failed to load symtabs for linear lookup of qsort
[ 2026-02-14T02:23:47.180        0:  1329:  1329 E/zygisk-ptrace64 ] failed to find symbol qsort in /system/lib64/liblog.so
[ 2026-02-14T02:23:47.180        0:  1329:  1329 E/zygisk-elfutil64 ] Cannot load symtabs: .symtab section or its string table not found/valid.
[ 2026-02-14T02:23:47.180        0:  1329:  1329 E/zygisk-elfutil64 ] Failed to load symtabs for linear lookup of qsort
[ 2026-02-14T02:23:47.180        0:  1329:  1329 E/zygisk-ptrace64 ] failed to find symbol qsort in /apex/com.android.runtime/lib64/bionic/libm.so
[ 2026-02-14T02:23:47.180        0:  1329:  1329 E/zygisk-elfutil64 ] Cannot load symtabs: .symtab section or its string table not found/valid.
[ 2026-02-14T02:23:47.180        0:  1329:  1329 E/zygisk-elfutil64 ] Failed to load symtabs for linear lookup of qsort
[ 2026-02-14T02:23:47.180        0:  1329:  1329 E/zygisk-ptrace64 ] failed to find symbol qsort in /apex/com.android.runtime/lib64/bionic/libdl.so
[ 2026-02-14T02:23:47.180        0:  1329:  1329 E/zygisk-elfutil64 ] Cannot load symtabs: .symtab section or its string table not found/valid.
[ 2026-02-14T02:23:47.180        0:  1329:  1329 E/zygisk-elfutil64 ] Failed to load symtabs for linear lookup of getpagesize
[ 2026-02-14T02:23:47.180        0:  1329:  1329 E/zygisk-ptrace64 ] failed to find symbol getpagesize in /system/lib64/liblog.so
[ 2026-02-14T02:23:47.180        0:  1329:  1329 E/zygisk-elfutil64 ] Cannot load symtabs: .symtab section or its string table not found/valid.
[ 2026-02-14T02:23:47.180        0:  1329:  1329 E/zygisk-elfutil64 ] Failed to load symtabs for linear lookup of getpagesize
[ 2026-02-14T02:23:47.180        0:  1329:  1329 E/zygisk-ptrace64 ] failed to find symbol getpagesize in /apex/com.android.runtime/lib64/bionic/libm.so
[ 2026-02-14T02:23:47.180        0:  1329:  1329 E/zygisk-elfutil64 ] Cannot load symtabs: .symtab section or its string table not found/valid.
[ 2026-02-14T02:23:47.180        0:  1329:  1329 E/zygisk-elfutil64 ] Failed to load symtabs for linear lookup of getpagesize
[ 2026-02-14T02:23:47.180        0:  1329:  1329 E/zygisk-ptrace64 ] failed to find symbol getpagesize in /apex/com.android.runtime/lib64/bionic/libdl.so
[ 2026-02-14T02:23:47.180        0:  1329:  1329 E/zygisk-elfutil64 ] Cannot load symtabs: .symtab section or its string table not found/valid.
[ 2026-02-14T02:23:47.180        0:  1329:  1329 E/zygisk-elfutil64 ] Failed to load symtabs for linear lookup of vsnprintf
[ 2026-02-14T02:23:47.180        0:  1329:  1329 E/zygisk-ptrace64 ] failed to find symbol vsnprintf in /system/lib64/liblog.so
[ 2026-02-14T02:23:47.180        0:  1329:  1329 E/zygisk-elfutil64 ] Cannot load symtabs: .symtab section or its string table not found/valid.
[ 2026-02-14T02:23:47.180        0:  1329:  1329 E/zygisk-elfutil64 ] Failed to load symtabs for linear lookup of vsnprintf
[ 2026-02-14T02:23:47.180        0:  1329:  1329 E/zygisk-ptrace64 ] failed to find symbol vsnprintf in /apex/com.android.runtime/lib64/bionic/libm.so
[ 2026-02-14T02:23:47.180        0:  1329:  1329 E/zygisk-elfutil64 ] Cannot load symtabs: .symtab section or its string table not found/valid.
[ 2026-02-14T02:23:47.180        0:  1329:  1329 E/zygisk-elfutil64 ] Failed to load symtabs for linear lookup of vsnprintf
[ 2026-02-14T02:23:47.180        0:  1329:  1329 E/zygisk-ptrace64 ] failed to find symbol vsnprintf in /apex/com.android.runtime/lib64/bionic/libdl.so
[ 2026-02-14T02:23:47.182        0:  1329:  1329 E/zygisk-elfutil64 ] Cannot load symtabs: .symtab section or its string table not found/valid.
[ 2026-02-14T02:23:47.182        0:  1329:  1329 E/zygisk-elfutil64 ] Failed to load symtabs for linear lookup of fstat
[ 2026-02-14T02:23:47.182        0:  1329:  1329 E/zygisk-ptrace64 ] failed to find symbol fstat in /system/lib64/liblog.so
[ 2026-02-14T02:23:47.182        0:  1329:  1329 E/zygisk-elfutil64 ] Cannot load symtabs: .symtab section or its string table not found/valid.
[ 2026-02-14T02:23:47.182        0:  1329:  1329 E/zygisk-elfutil64 ] Failed to load symtabs for linear lookup of fstat
[ 2026-02-14T02:23:47.182        0:  1329:  1329 E/zygisk-ptrace64 ] failed to find symbol fstat in /apex/com.android.runtime/lib64/bionic/libm.so
[ 2026-02-14T02:23:47.182        0:  1329:  1329 E/zygisk-elfutil64 ] Cannot load symtabs: .symtab section or its string table not found/valid.
[ 2026-02-14T02:23:47.182        0:  1329:  1329 E/zygisk-elfutil64 ] Failed to load symtabs for linear lookup of fstat
[ 2026-02-14T02:23:47.182        0:  1329:  1329 E/zygisk-ptrace64 ] failed to find symbol fstat in /apex/com.android.runtime/lib64/bionic/libdl.so
[ 2026-02-14T02:23:47.182        0:  1329:  1329 E/zygisk-elfutil64 ] Cannot load symtabs: .symtab section or its string table not found/valid.
[ 2026-02-14T02:23:47.182        0:  1329:  1329 E/zygisk-elfutil64 ] Failed to load symtabs for linear lookup of dl_iterate_phdr
[ 2026-02-14T02:23:47.182        0:  1329:  1329 E/zygisk-ptrace64 ] failed to find symbol dl_iterate_phdr in /system/lib64/liblog.so
[ 2026-02-14T02:23:47.182        0:  1329:  1329 E/zygisk-elfutil64 ] Cannot load symtabs: .symtab section or its string table not found/valid.
[ 2026-02-14T02:23:47.182        0:  1329:  1329 E/zygisk-elfutil64 ] Failed to load symtabs for linear lookup of dl_iterate_phdr
[ 2026-02-14T02:23:47.182        0:  1329:  1329 E/zygisk-ptrace64 ] failed to find symbol dl_iterate_phdr in /apex/com.android.runtime/lib64/bionic/libm.so
[ 2026-02-14T02:23:47.183        0:  1329:  1329 E/zygisk-elfutil64 ] Cannot load symtabs: .symtab section or its string table not found/valid.
[ 2026-02-14T02:23:47.183        0:  1329:  1329 E/zygisk-elfutil64 ] Failed to load symtabs for linear lookup of getauxval
[ 2026-02-14T02:23:47.183        0:  1329:  1329 E/zygisk-ptrace64 ] failed to find symbol getauxval in /system/lib64/liblog.so
[ 2026-02-14T02:23:47.183        0:  1329:  1329 E/zygisk-elfutil64 ] Cannot load symtabs: .symtab section or its string table not found/valid.
[ 2026-02-14T02:23:47.183        0:  1329:  1329 E/zygisk-elfutil64 ] Failed to load symtabs for linear lookup of getauxval
[ 2026-02-14T02:23:47.183        0:  1329:  1329 E/zygisk-ptrace64 ] failed to find symbol getauxval in /apex/com.android.runtime/lib64/bionic/libm.so
[ 2026-02-14T02:23:47.183        0:  1329:  1329 E/zygisk-elfutil64 ] Cannot load symtabs: .symtab section or its string table not found/valid.
[ 2026-02-14T02:23:47.183        0:  1329:  1329 E/zygisk-elfutil64 ] Failed to load symtabs for linear lookup of getauxval
[ 2026-02-14T02:23:47.183        0:  1329:  1329 E/zygisk-ptrace64 ] failed to find symbol getauxval in /apex/com.android.runtime/lib64/bionic/libdl.so
[ 2026-02-14T02:23:47.183        0:  1329:  1329 W/zygisk-ptrace64 ] Bypassing resolution of EH frame function: __deregister_frame
[ 2026-02-14T02:23:47.183        0:  1329:  1329 W/zygisk-ptrace64 ] Bypassing resolution of EH frame function: __register_frame
[ 2026-02-14T02:23:47.183        0:  1329:  1329 E/zygisk-elfutil64 ] Cannot load symtabs: .symtab section or its string table not found/valid.
[ 2026-02-14T02:23:47.183        0:  1329:  1329 E/zygisk-elfutil64 ] Failed to load symtabs for linear lookup of mmap
[ 2026-02-14T02:23:47.183        0:  1329:  1329 E/zygisk-ptrace64 ] failed to find symbol mmap in /system/lib64/liblog.so
[ 2026-02-14T02:23:47.183        0:  1329:  1329 E/zygisk-elfutil64 ] Cannot load symtabs: .symtab section or its string table not found/valid.
[ 2026-02-14T02:23:47.183        0:  1329:  1329 E/zygisk-elfutil64 ] Failed to load symtabs for linear lookup of mmap
[ 2026-02-14T02:23:47.183        0:  1329:  1329 E/zygisk-ptrace64 ] failed to find symbol mmap in /apex/com.android.runtime/lib64/bionic/libm.so
[ 2026-02-14T02:23:47.183        0:  1329:  1329 E/zygisk-elfutil64 ] Cannot load symtabs: .symtab section or its string table not found/valid.
[ 2026-02-14T02:23:47.183        0:  1329:  1329 E/zygisk-elfutil64 ] Failed to load symtabs for linear lookup of mmap
[ 2026-02-14T02:23:47.183        0:  1329:  1329 E/zygisk-ptrace64 ] failed to find symbol mmap in /apex/com.android.runtime/lib64/bionic/libdl.so
[ 2026-02-14T02:23:47.183        0:  1329:  1329 E/zygisk-elfutil64 ] Cannot load symtabs: .symtab section or its string table not found/valid.
[ 2026-02-14T02:23:47.183        0:  1329:  1329 E/zygisk-elfutil64 ] Failed to load symtabs for linear lookup of sysconf
[ 2026-02-14T02:23:47.183        0:  1329:  1329 E/zygisk-ptrace64 ] failed to find symbol sysconf in /system/lib64/liblog.so
[ 2026-02-14T02:23:47.183        0:  1329:  1329 E/zygisk-elfutil64 ] Cannot load symtabs: .symtab section or its string table not found/valid.
[ 2026-02-14T02:23:47.183        0:  1329:  1329 E/zygisk-elfutil64 ] Failed to load symtabs for linear lookup of sysconf
[ 2026-02-14T02:23:47.183        0:  1329:  1329 E/zygisk-ptrace64 ] failed to find symbol sysconf in /apex/com.android.runtime/lib64/bionic/libm.so
[ 2026-02-14T02:23:47.183        0:  1329:  1329 E/zygisk-elfutil64 ] Cannot load symtabs: .symtab section or its string table not found/valid.
[ 2026-02-14T02:23:47.183        0:  1329:  1329 E/zygisk-elfutil64 ] Failed to load symtabs for linear lookup of sysconf
[ 2026-02-14T02:23:47.183        0:  1329:  1329 E/zygisk-ptrace64 ] failed to find symbol sysconf in /apex/com.android.runtime/lib64/bionic/libdl.so
[ 2026-02-14T02:23:47.183        0:  1329:  1329 E/zygisk-elfutil64 ] Cannot load symtabs: .symtab section or its string table not found/valid.
[ 2026-02-14T02:23:47.183        0:  1329:  1329 E/zygisk-elfutil64 ] Failed to load symtabs for linear lookup of abort
[ 2026-02-14T02:23:47.183        0:  1329:  1329 E/zygisk-ptrace64 ] failed to find symbol abort in /system/lib64/liblog.so
[ 2026-02-14T02:23:47.184        0:  1329:  1329 E/zygisk-elfutil64 ] Cannot load symtabs: .symtab section or its string table not found/valid.
[ 2026-02-14T02:23:47.184        0:  1329:  1329 E/zygisk-elfutil64 ] Failed to load symtabs for linear lookup of abort
[ 2026-02-14T02:23:47.184        0:  1329:  1329 E/zygisk-ptrace64 ] failed to find symbol abort in /apex/com.android.runtime/lib64/bionic/libm.so
[ 2026-02-14T02:23:47.184        0:  1329:  1329 E/zygisk-elfutil64 ] Cannot load symtabs: .symtab section or its string table not found/valid.
[ 2026-02-14T02:23:47.184        0:  1329:  1329 E/zygisk-elfutil64 ] Failed to load symtabs for linear lookup of abort
[ 2026-02-14T02:23:47.184        0:  1329:  1329 E/zygisk-ptrace64 ] failed to find symbol abort in /apex/com.android.runtime/lib64/bionic/libdl.so
[ 2026-02-14T02:23:47.184        0:  1329:  1329 E/zygisk-elfutil64 ] Cannot load symtabs: .symtab section or its string table not found/valid.
[ 2026-02-14T02:23:47.184        0:  1329:  1329 E/zygisk-elfutil64 ] Failed to load symtabs for linear lookup of pthread_once
[ 2026-02-14T02:23:47.184        0:  1329:  1329 E/zygisk-ptrace64 ] failed to find symbol pthread_once in /system/lib64/liblog.so
[ 2026-02-14T02:23:47.184        0:  1329:  1329 E/zygisk-elfutil64 ] Cannot load symtabs: .symtab section or its string table not found/valid.
[ 2026-02-14T02:23:47.184        0:  1329:  1329 E/zygisk-elfutil64 ] Failed to load symtabs for linear lookup of pthread_once
[ 2026-02-14T02:23:47.184        0:  1329:  1329 E/zygisk-ptrace64 ] failed to find symbol pthread_once in /apex/com.android.runtime/lib64/bionic/libm.so
[ 2026-02-14T02:23:47.184        0:  1329:  1329 E/zygisk-elfutil64 ] Cannot load symtabs: .symtab section or its string table not found/valid.
[ 2026-02-14T02:23:47.184        0:  1329:  1329 E/zygisk-elfutil64 ] Failed to load symtabs for linear lookup of pthread_once
[ 2026-02-14T02:23:47.184        0:  1329:  1329 E/zygisk-ptrace64 ] failed to find symbol pthread_once in /apex/com.android.runtime/lib64/bionic/libdl.so
[ 2026-02-14T02:23:47.184        0:  1329:  1329 E/zygisk-elfutil64 ] Cannot load symtabs: .symtab section or its string table not found/valid.
[ 2026-02-14T02:23:47.184        0:  1329:  1329 E/zygisk-elfutil64 ] Failed to load symtabs for linear lookup of pthread_getspecific
[ 2026-02-14T02:23:47.184        0:  1329:  1329 E/zygisk-ptrace64 ] failed to find symbol pthread_getspecific in /system/lib64/liblog.so
[ 2026-02-14T02:23:47.184        0:  1329:  1329 E/zygisk-elfutil64 ] Cannot load symtabs: .symtab section or its string table not found/valid.
[ 2026-02-14T02:23:47.184        0:  1329:  1329 E/zygisk-elfutil64 ] Failed to load symtabs for linear lookup of pthread_getspecific
[ 2026-02-14T02:23:47.184        0:  1329:  1329 E/zygisk-ptrace64 ] failed to find symbol pthread_getspecific in /apex/com.android.runtime/lib64/bionic/libm.so
[ 2026-02-14T02:23:47.184        0:  1329:  1329 E/zygisk-elfutil64 ] Cannot load symtabs: .symtab section or its string table not found/valid.
[ 2026-02-14T02:23:47.184        0:  1329:  1329 E/zygisk-elfutil64 ] Failed to load symtabs for linear lookup of pthread_getspecific
[ 2026-02-14T02:23:47.184        0:  1329:  1329 E/zygisk-ptrace64 ] failed to find symbol pthread_getspecific in /apex/com.android.runtime/lib64/bionic/libdl.so
[ 2026-02-14T02:23:47.184        0:  1329:  1329 E/zygisk-elfutil64 ] Cannot load symtabs: .symtab section or its string table not found/valid.
[ 2026-02-14T02:23:47.184        0:  1329:  1329 E/zygisk-elfutil64 ] Failed to load symtabs for linear lookup of pthread_key_create
[ 2026-02-14T02:23:47.184        0:  1329:  1329 E/zygisk-ptrace64 ] failed to find symbol pthread_key_create in /system/lib64/liblog.so
[ 2026-02-14T02:23:47.185        0:  1329:  1329 E/zygisk-elfutil64 ] Cannot load symtabs: .symtab section or its string table not found/valid.
[ 2026-02-14T02:23:47.185        0:  1329:  1329 E/zygisk-elfutil64 ] Failed to load symtabs for linear lookup of pthread_key_create
[ 2026-02-14T02:23:47.185        0:  1329:  1329 E/zygisk-ptrace64 ] failed to find symbol pthread_key_create in /apex/com.android.runtime/lib64/bionic/libm.so
[ 2026-02-14T02:23:47.185        0:  1329:  1329 E/zygisk-elfutil64 ] Cannot load symtabs: .symtab section or its string table not found/valid.
[ 2026-02-14T02:23:47.185        0:  1329:  1329 E/zygisk-elfutil64 ] Failed to load symtabs for linear lookup of pthread_key_create
[ 2026-02-14T02:23:47.185        0:  1329:  1329 E/zygisk-ptrace64 ] failed to find symbol pthread_key_create in /apex/com.android.runtime/lib64/bionic/libdl.so
[ 2026-02-14T02:23:47.185        0:  1329:  1329 E/zygisk-elfutil64 ] Cannot load symtabs: .symtab section or its string table not found/valid.
[ 2026-02-14T02:23:47.185        0:  1329:  1329 E/zygisk-elfutil64 ] Failed to load symtabs for linear lookup of posix_memalign
[ 2026-02-14T02:23:47.185        0:  1329:  1329 E/zygisk-ptrace64 ] failed to find symbol posix_memalign in /system/lib64/liblog.so
[ 2026-02-14T02:23:47.185        0:  1329:  1329 E/zygisk-elfutil64 ] Cannot load symtabs: .symtab section or its string table not found/valid.
[ 2026-02-14T02:23:47.185        0:  1329:  1329 E/zygisk-elfutil64 ] Failed to load symtabs for linear lookup of posix_memalign
[ 2026-02-14T02:23:47.185        0:  1329:  1329 E/zygisk-ptrace64 ] failed to find symbol posix_memalign in /apex/com.android.runtime/lib64/bionic/libm.so
[ 2026-02-14T02:23:47.185        0:  1329:  1329 E/zygisk-elfutil64 ] Cannot load symtabs: .symtab section or its string table not found/valid.
[ 2026-02-14T02:23:47.185        0:  1329:  1329 E/zygisk-elfutil64 ] Failed to load symtabs for linear lookup of posix_memalign
[ 2026-02-14T02:23:47.185        0:  1329:  1329 E/zygisk-ptrace64 ] failed to find symbol posix_memalign in /apex/com.android.runtime/lib64/bionic/libdl.so
[ 2026-02-14T02:23:47.185        0:  1329:  1329 E/zygisk-elfutil64 ] Cannot load symtabs: .symtab section or its string table not found/valid.
[ 2026-02-14T02:23:47.185        0:  1329:  1329 E/zygisk-elfutil64 ] Failed to load symtabs for linear lookup of pthread_setspecific
[ 2026-02-14T02:23:47.185        0:  1329:  1329 E/zygisk-ptrace64 ] failed to find symbol pthread_setspecific in /system/lib64/liblog.so
[ 2026-02-14T02:23:47.185        0:  1329:  1329 E/zygisk-elfutil64 ] Cannot load symtabs: .symtab section or its string table not found/valid.
[ 2026-02-14T02:23:47.185        0:  1329:  1329 E/zygisk-elfutil64 ] Failed to load symtabs for linear lookup of pthread_setspecific
[ 2026-02-14T02:23:47.185        0:  1329:  1329 E/zygisk-ptrace64 ] failed to find symbol pthread_setspecific in /apex/com.android.runtime/lib64/bionic/libm.so
[ 2026-02-14T02:23:47.185        0:  1329:  1329 E/zygisk-elfutil64 ] Cannot load symtabs: .symtab section or its string table not found/valid.
[ 2026-02-14T02:23:47.185        0:  1329:  1329 E/zygisk-elfutil64 ] Failed to load symtabs for linear lookup of pthread_setspecific
[ 2026-02-14T02:23:47.185        0:  1329:  1329 E/zygisk-ptrace64 ] failed to find symbol pthread_setspecific in /apex/com.android.runtime/lib64/bionic/libdl.so
[ 2026-02-14T02:23:47.185        0:  1329:  1329 E/zygisk-elfutil64 ] Cannot load symtabs: .symtab section or its string table not found/valid.
[ 2026-02-14T02:23:47.185        0:  1329:  1329 E/zygisk-elfutil64 ] Failed to load symtabs for linear lookup of strlen
[ 2026-02-14T02:23:47.185        0:  1329:  1329 E/zygisk-ptrace64 ] failed to find symbol strlen in /system/lib64/liblog.so
[ 2026-02-14T02:23:47.185        0:  1329:  1329 E/zygisk-elfutil64 ] Cannot load symtabs: .symtab section or its string table not found/valid.
[ 2026-02-14T02:23:47.185        0:  1329:  1329 E/zygisk-elfutil64 ] Failed to load symtabs for linear lookup of strlen
[ 2026-02-14T02:23:47.185        0:  1329:  1329 E/zygisk-ptrace64 ] failed to find symbol strlen in /apex/com.android.runtime/lib64/bionic/libm.so
[ 2026-02-14T02:23:47.185        0:  1329:  1329 E/zygisk-elfutil64 ] Cannot load symtabs: .symtab section or its string table not found/valid.
[ 2026-02-14T02:23:47.185        0:  1329:  1329 E/zygisk-elfutil64 ] Failed to load symtabs for linear lookup of strlen
[ 2026-02-14T02:23:47.185        0:  1329:  1329 E/zygisk-ptrace64 ] failed to find symbol strlen in /apex/com.android.runtime/lib64/bionic/libdl.so
[ 2026-02-14T02:23:47.186        0:  1329:  1329 E/zygisk-elfutil64 ] Cannot load symtabs: .symtab section or its string table not found/valid.
[ 2026-02-14T02:23:47.186        0:  1329:  1329 E/zygisk-elfutil64 ] Failed to load symtabs for linear lookup of memmove
[ 2026-02-14T02:23:47.186        0:  1329:  1329 E/zygisk-ptrace64 ] failed to find symbol memmove in /system/lib64/liblog.so
[ 2026-02-14T02:23:47.186        0:  1329:  1329 E/zygisk-elfutil64 ] Cannot load symtabs: .symtab section or its string table not found/valid.
[ 2026-02-14T02:23:47.186        0:  1329:  1329 E/zygisk-elfutil64 ] Failed to load symtabs for linear lookup of memmove
[ 2026-02-14T02:23:47.186        0:  1329:  1329 E/zygisk-ptrace64 ] failed to find symbol memmove in /apex/com.android.runtime/lib64/bionic/libm.so
[ 2026-02-14T02:23:47.186        0:  1329:  1329 E/zygisk-elfutil64 ] Cannot load symtabs: .symtab section or its string table not found/valid.
[ 2026-02-14T02:23:47.186        0:  1329:  1329 E/zygisk-elfutil64 ] Failed to load symtabs for linear lookup of memmove
[ 2026-02-14T02:23:47.186        0:  1329:  1329 E/zygisk-ptrace64 ] failed to find symbol memmove in /apex/com.android.runtime/lib64/bionic/libdl.so
[ 2026-02-14T02:23:47.186        0:  1329:  1329 E/zygisk-elfutil64 ] Cannot load symtabs: .symtab section or its string table not found/valid.
[ 2026-02-14T02:23:47.186        0:  1329:  1329 E/zygisk-elfutil64 ] Failed to load symtabs for linear lookup of memset
[ 2026-02-14T02:23:47.186        0:  1329:  1329 E/zygisk-ptrace64 ] failed to find symbol memset in /system/lib64/liblog.so
[ 2026-02-14T02:23:47.186        0:  1329:  1329 E/zygisk-elfutil64 ] Cannot load symtabs: .symtab section or its string table not found/valid.
[ 2026-02-14T02:23:47.186        0:  1329:  1329 E/zygisk-elfutil64 ] Failed to load symtabs for linear lookup of memset
[ 2026-02-14T02:23:47.186        0:  1329:  1329 E/zygisk-ptrace64 ] failed to find symbol memset in /apex/com.android.runtime/lib64/bionic/libm.so
[ 2026-02-14T02:23:47.186        0:  1329:  1329 E/zygisk-elfutil64 ] Cannot load symtabs: .symtab section or its string table not found/valid.
[ 2026-02-14T02:23:47.186        0:  1329:  1329 E/zygisk-elfutil64 ] Failed to load symtabs for linear lookup of memset
[ 2026-02-14T02:23:47.186        0:  1329:  1329 E/zygisk-ptrace64 ] failed to find symbol memset in /apex/com.android.runtime/lib64/bionic/libdl.so
[ 2026-02-14T02:23:47.186        0:  1329:  1329 E/zygisk-elfutil64 ] Cannot load symtabs: .symtab section or its string table not found/valid.
[ 2026-02-14T02:23:47.186        0:  1329:  1329 E/zygisk-elfutil64 ] Failed to load symtabs for linear lookup of __stack_chk_fail
[ 2026-02-14T02:23:47.186        0:  1329:  1329 E/zygisk-ptrace64 ] failed to find symbol __stack_chk_fail in /system/lib64/liblog.so
[ 2026-02-14T02:23:47.186        0:  1329:  1329 E/zygisk-elfutil64 ] Cannot load symtabs: .symtab section or its string table not found/valid.
[ 2026-02-14T02:23:47.186        0:  1329:  1329 E/zygisk-elfutil64 ] Failed to load symtabs for linear lookup of __stack_chk_fail
[ 2026-02-14T02:23:47.186        0:  1329:  1329 E/zygisk-ptrace64 ] failed to find symbol __stack_chk_fail in /apex/com.android.runtime/lib64/bionic/libm.so
[ 2026-02-14T02:23:47.186        0:  1329:  1329 E/zygisk-elfutil64 ] Cannot load symtabs: .symtab section or its string table not found/valid.
[ 2026-02-14T02:23:47.186        0:  1329:  1329 E/zygisk-elfutil64 ] Failed to load symtabs for linear lookup of __stack_chk_fail
[ 2026-02-14T02:23:47.186        0:  1329:  1329 E/zygisk-ptrace64 ] failed to find symbol __stack_chk_fail in /apex/com.android.runtime/lib64/bionic/libdl.so
[ 2026-02-14T02:23:47.186        0:  1329:  1329 E/zygisk-elfutil64 ] Cannot load symtabs: .symtab section or its string table not found/valid.
[ 2026-02-14T02:23:47.186        0:  1329:  1329 E/zygisk-elfutil64 ] Failed to load symtabs for linear lookup of memcpy
[ 2026-02-14T02:23:47.186        0:  1329:  1329 E/zygisk-ptrace64 ] failed to find symbol memcpy in /system/lib64/liblog.so
[ 2026-02-14T02:23:47.186        0:  1329:  1329 E/zygisk-elfutil64 ] Cannot load symtabs: .symtab section or its string table not found/valid.
[ 2026-02-14T02:23:47.186        0:  1329:  1329 E/zygisk-elfutil64 ] Failed to load symtabs for linear lookup of memcpy
[ 2026-02-14T02:23:47.186        0:  1329:  1329 E/zygisk-ptrace64 ] failed to find symbol memcpy in /apex/com.android.runtime/lib64/bionic/libm.so
[ 2026-02-14T02:23:47.186        0:  1329:  1329 E/zygisk-elfutil64 ] Cannot load symtabs: .symtab section or its string table not found/valid.
[ 2026-02-14T02:23:47.186        0:  1329:  1329 E/zygisk-elfutil64 ] Failed to load symtabs for linear lookup of memcpy
[ 2026-02-14T02:23:47.186        0:  1329:  1329 E/zygisk-ptrace64 ] failed to find symbol memcpy in /apex/com.android.runtime/lib64/bionic/libdl.so
[ 2026-02-14T02:23:47.188        0:  1329:  1329 I/zygisk-ptrace64 ] remote mapped /data/adb/modules/rezygisk/lib64/libzygisk.so at 0x78adba7000 (size 118784), entry 0x78adbaab54
[ 2026-02-14T02:23:47.195        0:  1329:  1329 I/zygisk-ptrace64 ] process 1325 stopped by SIGCHLD, continue
[ 2026-02-14T02:23:47.197        0:  1070:  1070 I/zygisk-ptrace64 ] Received Zygote64 injected command
[ 2026-02-14T02:23:47.197        0:  1070:  1070 I/zygisk-ptrace64 ] status updated: Monitor: ✅, ReZygisk 64-bit: ✅, ReZygisk 32-bit: ✅
[ 2026-02-14T02:23:47.683        0:  1109:  1109 I/LSPosedService  ] service package is not started, wait 1s.
[ 2026-02-14T02:23:48.385        0:  2392:  2392 I/zygiskd64       ] Welcome to ReZygisk v1.0.0 Zygiskd64!
[ 2026-02-14T02:23:48.386        0:  2392:  2392 I/zygiskd-companion64 ] New companion entry.
 - Client fd: 12
[ 2026-02-14T02:23:48.386        0:  2392:  2392 I/zygiskd-companion64 ]  - Module name: "zygisk_lsposed"
[ 2026-02-14T02:23:48.386        0:  2392:  2392 I/zygiskd-companion64 ]  - Library fd: 6
[ 2026-02-14T02:23:48.389        0:  2392:  2392 I/zygiskd-companion64 ]  - Module entry found
[ 2026-02-14T02:23:48.389        0:  1327:  1327 I/zygiskd64       ]  - Spawned companion for "zygisk_lsposed": 11
[ 2026-02-14T02:23:48.389        0:  1327:  1327 I/zygiskd64       ]  - Sending companion fd socket of module "zygisk_lsposed"
[ 2026-02-14T02:23:48.389        0:  2392:  2392 I/zygiskd-companion64 ] New companion request.
 - Module name: zygisk_lsposed
 - Client fd: 6
[ 2026-02-14T02:23:48.390        0:  1109:  1234 I/LSPosedService  ] LSPSystemServerService: starting new bridge
[ 2026-02-14T02:23:48.689        0:  1109:  1109 I/LSPosedService  ] service package is not started, wait 1s.
[ 2026-02-14T02:23:49.689        0:  1109:  1109 I/LSPosedService  ] service package is not started, wait 1s.
[ 2026-02-14T02:23:50.689        0:  1109:  1109 I/LSPosedService  ] service package is not started, wait 1s.
[ 2026-02-14T02:23:51.163        0:  1109:  1227 W/libbinder.Binder ] Binder transaction to org.lsposed.lspd.service.ILSPApplicationService code 1 took 1908ms. Data bytes: 112 Reply bytes: 11432 Flags: 18
[ 2026-02-14T02:23:51.690        0:  1109:  1109 I/LSPosedService  ] service package is not started, wait 1s.
[ 2026-02-14T02:23:52.448        0:  1109:  1227 W/libbinder.Binder ] Binder transaction to org.lsposed.lspd.service.ILSPApplicationService code 2 took 1079ms. Data bytes: 112 Reply bytes: 2308 Flags: 18
[ 2026-02-14T02:23:52.469     1000:  2383:  2383 I/LSPosed-Bridge  ] DisableAltTab: AltTabHook success!
[ 2026-02-14T02:23:52.470     1000:  2383:  2383 E/LSPosed-Bridge  ] XSmsCode: Failed to hook PermissionManagerService
UPtsXN.cbQV.l.wr.xYJVQ.XposedHelpers$ClassNotFoundError: java.lang.ClassNotFoundException: com$android$server$pm$permission$PermissionManagerServiceImpl
	at UPtsXN.cbQV.l.wr.xYJVQ.XposedHelpers.findClass(r8-map-id-1b503ce2d1eb437266e175dc68a023819023d9852a09899d29d782d634f0016f:13)
	at w3.g.c(Unknown Source:4)
	at w3.g.d(Unknown Source:8)
	at w3.g.e(Unknown Source:0)
	at w3.b.d(Unknown Source:31)
	at com.tianma.xsmscode.xp.HookEntry.handleLoadPackage(Unknown Source:24)
	at UPtsXN.cbQV.l.wr.xYJVQ.IXposedHookLoadPackage$Wrapper.handleLoadPackage(r8-map-id-1b503ce2d1eb437266e175dc68a023819023d9852a09899d29d782d634f0016f:3)
	at UPtsXN.cbQV.l.wr.xYJVQ.callbacks.XC_LoadPackage.call(r8-map-id-1b503ce2d1eb437266e175dc68a023819023d9852a09899d29d782d634f0016f:7)
	at UPtsXN.cbQV.l.wr.xYJVQ.callbacks.XCallback.callAll(r8-map-id-1b503ce2d1eb437266e175dc68a023819023d9852a09899d29d782d634f0016f:27)
	at f2.before(r8-map-id-1b503ce2d1eb437266e175dc68a023819023d9852a09899d29d782d634f0016f:68)
	at java.lang.reflect.Method.invoke(Native Method)
	at j0.callback(r8-map-id-1b503ce2d1eb437266e175dc68a023819023d9852a09899d29d782d634f0016f:108)
	at LSPHooker_.startBootstrapServices(LSP)
	at com.android.server.SystemServer.run(SystemServer.java:1044)
	at com.android.server.SystemServer.main(SystemServer.java:724)
	at java.lang.reflect.Method.invoke(Native Method)
	at com.android.internal.os.RuntimeInit$MethodAndArgsCaller.run(RuntimeInit.java:569)
	at com.android.internal.os.ZygoteInit.main(ZygoteInit.java:907)
Caused by: java.lang.ClassNotFoundException: com$android$server$pm$permission$PermissionManagerServiceImpl
	at r.a(r8-map-id-1b503ce2d1eb437266e175dc68a023819023d9852a09899d29d782d634f0016f:66)
	at UPtsXN.cbQV.l.wr.xYJVQ.XposedHelpers.findClass(r8-map-id-1b503ce2d1eb437266e175dc68a023819023d9852a09899d29d782d634f0016f:5)
	... 17 more
[ 2026-02-14T02:23:52.493     1000:  2383:  2383 I/LSPosed-Bridge  ] [HMA-OSS] [ INFO] 02-14 02:23:52 (HMA-XposedEntry) Hook entry
[ 2026-02-14T02:23:52.520     1000:  2383:  2383 I/LSPosed-Bridge  ] [XAudioCapture]: Hook Computer Engine!
[ 2026-02-14T02:23:52.690        0:  1109:  1109 I/LSPosedService  ] service package is not started, wait 1s.
[ 2026-02-14T02:23:53.690        0:  1109:  1109 I/LSPosedService  ] service package is not started, wait 1s.
[ 2026-02-14T02:23:54.691        0:  1109:  1109 I/LSPosedService  ] service package is not started, wait 1s.
[ 2026-02-14T02:23:55.477     1000:  2383:  2383 I/LSPosed-Bridge  ] [HMA-OSS] [DEBUG] 02-14 02:23:55 (HMA-XposedEntry) Got pms: com.android.server.pm.PackageManagerService$IPackageManagerImpl@bf7c034, com.android.server.pm.PackageManagerNative@144de5d
[ 2026-02-14T02:23:55.477     1000:  2383:  3111 I/LSPosed-Bridge  ] [HMA-OSS] [ INFO] 02-14 02:23:55 (HMA-UserService) Initialize HMAService - Version oss-154
[ 2026-02-14T02:23:55.484     1000:  2383:  3111 I/LSPosed-Bridge  ] [HMA-OSS] [ INFO] 02-14 02:23:55 (HMA-Service) Data dir: /data/misc/hide_my_applist_ihipqqtjhsuxtuqg
[ 2026-02-14T02:23:55.493     1000:  2383:  3112 I/LSPosed-Bridge  ] [HMA-OSS] [ INFO] 02-14 02:23:55 (HMA-Service) Filter counts loaded
[ 2026-02-14T02:23:55.502     1000:  2383:  3112 I/LSPosed-Bridge  ] [HMA-OSS] [ INFO] 02-14 02:23:55 (HMA-Service) Config loaded
[ 2026-02-14T02:23:55.506     1000:  2383:  3112 I/LSPosed-Bridge  ] [HMA-OSS] [ INFO] 02-14 02:23:55 (HMA-Service) Preset cache loaded
[ 2026-02-14T02:23:55.530     1000:  2383:  3112 I/LSPosed-Bridge  ] [HMA-OSS] [ INFO] 02-14 02:23:55 (PmsHookTarget34) Load hook
[ 2026-02-14T02:23:55.628     1000:  2383:  3112 I/LSPosed-Bridge  ] [HMA-OSS] [ INFO] 02-14 02:23:55 (PlatformCompatHook) Load hook
[ 2026-02-14T02:23:55.628     1000:  2383:  3112 I/LSPosed-Bridge  ] [HMA-OSS] [ INFO] 02-14 02:23:55 (PlatformCompatHook) App data isolation enabled: true
[ 2026-02-14T02:23:55.629     1000:  2383:  3112 I/LSPosed-Bridge  ] [HMA-OSS] [ INFO] 02-14 02:23:55 (ActivityHook) Load hook
[ 2026-02-14T02:23:55.632     1000:  2383:  3112 I/LSPosed-Bridge  ] [HMA-OSS] [ INFO] 02-14 02:23:55 (AccessibilityHook) Load hook
[ 2026-02-14T02:23:55.637     1000:  2383:  3112 I/LSPosed-Bridge  ] [HMA-OSS] [ INFO] 02-14 02:23:55 (ImmHook) Load hook
[ 2026-02-14T02:23:55.643     1000:  2383:  3112 I/LSPosed-Bridge  ] [HMA-OSS] [ INFO] 02-14 02:23:55 (HMA-Service) Hooks installed
[ 2026-02-14T02:23:55.643     1000:  2383:  3112 I/LSPosed-Bridge  ] [HMA-OSS] [ INFO] 02-14 02:23:55 (HMA-Service) HMA service initialized
[ 2026-02-14T02:23:55.646     1000:  2383:  3112 I/LSPosed-Bridge  ] [HMA-OSS] [ INFO] 02-14 02:23:55 (HMA-UserService) Registered observer
[ 2026-02-14T02:23:55.646     1000:  2383:  3112 I/LSPosed-Bridge  ] [HMA-OSS] [ INFO] 02-14 02:23:55 (HMA-XposedEntry) User service started
[ 2026-02-14T02:23:55.647     1000:  2383:  3112 I/LSPosed-Bridge  ] [HMA-OSS] [ INFO] 02-14 02:23:55 (HMA-Service) All presets are loaded
[ 2026-02-14T02:23:55.810        0:  1109:  1109 I/LSPosed         ] mount dex2oat /apex/com.android.art/bin/dex2oat64
[ 2026-02-14T02:23:55.810        0:  1109:  1109 I/LSPosed         ] mount dex2oat /apex/com.android.art/bin/dex2oat32
[ 2026-02-14T02:23:55.817     1000:  2383:  3114 I/LSPosedBridge   ] binder received
[ 2026-02-14T02:23:55.817        0:  1109:  1109 I/LSPosedService  ] sent service to bridge
[ 2026-02-14T02:23:55.817        0:  1109:  1109 I/LSPosedLogcat   ] !!stop_verbose!!
