[    0.000000] Booting Linux on physical CPU 0x0000000000 [0x412fd050]
[    0.000000] Linux version 5.4.302-qgki-g44c493c173f4 (build-user@build-host) (Android (14054515, +pgo, +bolt, +lto, +mlgo, based on r563880c) clang version 21.0.0 (https://android.googlesource.com/toolchain/llvm-project 5e96669f06077099aa41290cdb4c5e6fa0f59349), LLD 21.0.0 (/mnt/disks/build-disk/src/googleplex-android/llvm-r563880-release/out/llvm-project/llvm 5e96669f06077099aa41290cdb4c5e6fa0f59349)) #27 SMP PREEMPT Wed Feb 18 05:20:40 +03 2026
[    0.000000] memblock_reserve: 0x16d9a7 setup_arch+0x64/0x1e8
[    0.000000] random: crng init done
[    0.000000] Machine model: Qualcomm Technologies, Inc. Lahaina MTP lemonadep
[    0.000000] Malformed early option 'androidboot.startupmode'
[    0.000000] Malformed early option 'androidboot.startupmode'
[    0.000000] efi: Getting EFI parameters from FDT:
[    0.000000] efi: UEFI not found.
[    0.000000] OF: fdt: Reserved memory: failed to reserve memory for node 'demura_region_0': base 0x0000000000000000, size 0 MiB
[    0.000000] OF: fdt: Reserved memory: failed to reserve memory for node 'demura_region_1': base 0x0000000000000000, size 0 MiB
[    0.000000] Reserved memory: created CMA memory pool at 0x00000000fec00000, size 16 MiB
[    0.000000] OF: reserved mem: initialized node user_contig_region, compatible id shared-dma-pool
[    0.000000] Reserved memory: created CMA memory pool at 0x00000000fd000000, size 28 MiB
[    0.000000] OF: reserved mem: initialized node audio_cma_region, compatible id shared-dma-pool
[    0.000000] Reserved memory: created CMA memory pool at 0x00000000fc000000, size 16 MiB
[    0.000000] OF: reserved mem: initialized node sp_region, compatible id shared-dma-pool
[    0.000000] Reserved memory: created CMA memory pool at 0x00000000fb400000, size 12 MiB
[    0.000000] OF: reserved mem: initialized node adsp_region, compatible id shared-dma-pool
[    0.000000] Reserved memory: created DMA memory pool at 0x00000000d8000000, size 8 MiB
[    0.000000] OF: reserved mem: initialized node memshare_region, compatible id shared-dma-pool
[    0.000000] Reserved memory: created CMA memory pool at 0x00000000f5000000, size 100 MiB
[    0.000000] OF: reserved mem: initialized node non_secure_display_region, compatible id shared-dma-pool
[    0.000000] Reserved memory: created CMA memory pool at 0x00000000f4c00000, size 4 MiB
[    0.000000] OF: reserved mem: initialized node cdsp_region, compatible id shared-dma-pool
[    0.000000] Reserved memory: created CMA memory pool at 0x00000000f3800000, size 20 MiB
[    0.000000] OF: reserved mem: initialized node qseecom_region, compatible id shared-dma-pool
[    0.000000] Reserved memory: created CMA memory pool at 0x00000000f3000000, size 8 MiB
[    0.000000] OF: reserved mem: initialized node sdsp_region, compatible id shared-dma-pool
[    0.000000] Reserved memory: created CMA memory pool at 0x00000000d5c00000, size 32 MiB
[    0.000000] OF: reserved mem: initialized node linux,cma, compatible id shared-dma-pool
[    0.000000] Reserved memory: created CMA memory pool at 0x00000000cb800000, size 164 MiB
[    0.000000] OF: reserved mem: initialized node secure_display_region, compatible id shared-dma-pool
[    0.000000] Reserved memory: created CMA memory pool at 0x00000000f2000000, size 16 MiB
[    0.000000] OF: reserved mem: initialized node qseecom_ta_region, compatible id shared-dma-pool
[    0.000000] Reserved memory: created CMA memory pool at 0x00000000ef000000, size 48 MiB
[    0.000000] OF: reserved mem: initialized node mem_dump_region, compatible id shared-dma-pool
[    0.000000] On node 0 totalpages: 2959175
[    0.000000] Normal zone: 46238 pages used for memmap
[    0.000000] Normal zone: 0 pages reserved
[    0.000000] Normal zone: 2959175 pages, LIFO batch:63
[    0.000000] psci: probing for conduit method from DT.
[    0.000000] psci: PSCIv1.1 detected in firmware.
[    0.000000] psci: Using standard PSCI v0.2 function IDs
[    0.000000] psci: MIGRATE_INFO_TYPE not supported.
[    0.000000] psci: SMC Calling Convention v1.0
[    0.000000] psci: OSI mode supported.
[    0.000000] psci: Switched to OSI mode.
[    0.000000] percpu: Embedded 32 pages/cpu s93336 r8192 d29544 u131072
[    0.000000] pcpu-alloc: s93336 r8192 d29544 u131072 alloc=32*4096
[    0.000000] pcpu-alloc: [0] 0 [0] 1 [0] 2 [0] 3 [0] 4 [0] 5 [0] 6 [0] 7 
[    0.000000] Detected VIPT I-cache on CPU0
[    0.000000] CPU features: detected: GIC system register CPU interface
[    0.000000] CPU features: kernel page table isolation forced ON by KASLR
[    0.000000] CPU features: detected: Kernel page table isolation (KPTI)
[    0.000000] CPU features: detected: Speculative Store Bypassing Safe (SSBS)
[    0.000000] Built 1 zonelists, mobility grouping on.  Total pages: 2912937
[    0.000000] Kernel command line: cgroup_disable=pressure log_buf_len=1M earlycon=msm_geni_serial,0x98c000 rcupdate.rcu_expedited=1 rcu_nocbs=0-7 androidboot.hardware=qcom androidboot.memcg=1 androidboot.usbcontroller=a600000.dwc3 cgroup.memory=nokmem,nosocket loop.max_part=7 lpm_levels.sleep_disabled=1 msm_rtb.filter=0x237 pcie_ports=compat service_locator.enable=1 swiotlb=0 ip6table_raw.raw_before_defrag=1 iptable_raw.raw_before_defrag=1  lk_version=V1.0 androidboot.startupmode=hard_reset androidboot.mode=normal printk.disable_uart=1 short_c_feature_sw_status=0 phx_rus_conf.main_on=1 phx_rus_conf.recovery_method=2 phx_rus_conf.kernel_time=240 phx_rus_conf.android_time=250 smooth_soc_switch=0 simcardnum.doublesim=1 androidboot.opt_sim_count=2 androidboot.prjname=19815 esim.status=0 androidboot.verifiedbootstate=orange androidboot.keymaster=1  androidboot.bootdevice=1d84000.ufshc androidboot.fstab_suffix=default androidboot.boot_devices=soc/1d84000.ufshc androidboot.seria
[    0.000000] cgroup: Disabling pressure control group feature
[    0.000000] [OPLUS_CHG][oplus_short_c_feature_sw_status_init]short_c_feature_sw_status[0]
[    0.000000] Dentry cache hash table entries: 2097152 (order: 12, 16777216 bytes, linear)
[    0.000000] Inode-cache hash table entries: 1048576 (order: 11, 8388608 bytes, linear)
[    0.000000] mem auto-init: stack:all(zero), heap alloc:on, heap free:off
[    0.000000] Memory: 10989960K/11836700K available (21180K kernel code, 3022K rwdata, 14356K rodata, 1600K init, 3289K bss, 371604K reserved, 475136K cma-reserved)
[    0.000000] SLUB: HWalign=64, Order=0-3, MinObjects=0, CPUs=8, Nodes=1
[    0.000000] rcu: Preemptible hierarchical RCU implementation.
[    0.000000] rcu: 	RCU dyntick-idle grace-period acceleration is enabled.
[    0.000000] rcu: 	RCU restricting CPUs from NR_CPUS=32 to nr_cpu_ids=8.
[    0.000000] 	All grace periods are expedited (rcu_expedited).
[    0.000000] 	Trampoline variant of Tasks RCU enabled.
[    0.000000] 	Tracing variant of Tasks RCU enabled.
[    0.000000] rcu: RCU calculated value of scheduler-enlistment delay is 25 jiffies.
[    0.000000] rcu: Adjusting geometry for rcu_fanout_leaf=16, nr_cpu_ids=8
[    0.000000] NR_IRQS: 64, nr_irqs: 64, preallocated irqs: 0
[    0.000000] GICv3: 988 SPIs implemented
[    0.000000] GICv3: 0 Extended SPIs implemented
[    0.000000] GICv3: Distributor has no Range Selector support
[    0.000000] GICv3: 16 PPIs implemented
[    0.000000] GICv3: no VLPI support, no direct LPI support
[    0.000000] rcu: 	Offload RCU callbacks from CPUs: 0-7.
[    0.000000] arch_timer: cp15 and mmio timer(s) running at 19.20MHz (virt/virt).
[    0.000000] clocksource: arch_sys_counter: mask: 0xffffffffffffff max_cycles: 0x46d987e47, max_idle_ns: 440795202767 ns
[    0.000003] sched_clock: 56 bits at 19MHz, resolution 52ns, wraps every 4398046511078ns
[    0.000020] clocksource: Switched to clocksource arch_sys_counter
[    0.006706] serial port 0 not yet initialized
[    0.006748] Calibrating delay loop (skipped), value calculated using timer frequency.. 38.40 BogoMIPS (lpj=76800)
[    0.006757] pid_max: default: 32768 minimum: 301
[    0.006903] LSM: Security Framework initializing
[    0.006958] SELinux:  Initializing.
[    0.007128] Mount-cache hash table entries: 32768 (order: 6, 262144 bytes, linear)
[    0.007162] Mountpoint-cache hash table entries: 32768 (order: 6, 262144 bytes, linear)
[    0.008846] ASID allocator initialised with 32768 entries
[    0.008957] rcu: Hierarchical SRCU implementation.
[    0.009268] dynamic_debug:dynamic_debug_init: Ignore empty _ddebug table in a CONFIG_DYNAMIC_DEBUG_CORE build
[    0.012927] scm_mem_protection_init_do: SCM call failed
[    0.012943] EFI services will not be available.
[    0.013329] smp: Bringing up secondary CPUs ...
[    0.014333] Detected VIPT I-cache on CPU1
[    0.014458] CPU1: Booted secondary processor 0x0000000100 [0x412fd050]
[    0.015699] Detected VIPT I-cache on CPU2
[    0.015806] CPU2: Booted secondary processor 0x0000000200 [0x412fd050]
[    0.016931] Detected VIPT I-cache on CPU3
[    0.017024] CPU3: Booted secondary processor 0x0000000300 [0x412fd050]
[    0.020341] CPU features: detected: Spectre-BHB
[    0.020348] CPU features: detected: SSBS not fully self-synchronizing
[    0.020377] Detected PIPT I-cache on CPU4
[    0.020397] CPU features: SANITY CHECK: Unexpected variation in SYS_ID_ISAR4_EL1. Boot CPU: 0x00000000011142, CPU4: 0x00000000010142
[    0.020405] CPU features: SANITY CHECK: Unexpected variation in SYS_ID_PFR0_EL1. Boot CPU: 0x00000010000131, CPU4: 0x00000010010131
[    0.020410] CPU features: SANITY CHECK: Unexpected variation in SYS_ID_PFR1_EL1. Boot CPU: 0x00000010011011, CPU4: 0x00000010010000
[    0.020415] CPU features: Unsupported CPU feature variation detected.
[    0.020556] CPU4: Booted secondary processor 0x0000000400 [0x411fd410]
[    0.021982] Detected PIPT I-cache on CPU5
[    0.022007] CPU features: SANITY CHECK: Unexpected variation in SYS_ID_ISAR4_EL1. Boot CPU: 0x00000000011142, CPU5: 0x00000000010142
[    0.022016] CPU features: SANITY CHECK: Unexpected variation in SYS_ID_PFR0_EL1. Boot CPU: 0x00000010000131, CPU5: 0x00000010010131
[    0.022021] CPU features: SANITY CHECK: Unexpected variation in SYS_ID_PFR1_EL1. Boot CPU: 0x00000010011011, CPU5: 0x00000010010000
[    0.022172] CPU5: Booted secondary processor 0x0000000500 [0x411fd410]
[    0.023596] Detected PIPT I-cache on CPU6
[    0.023618] CPU features: SANITY CHECK: Unexpected variation in SYS_ID_ISAR4_EL1. Boot CPU: 0x00000000011142, CPU6: 0x00000000010142
[    0.023626] CPU features: SANITY CHECK: Unexpected variation in SYS_ID_PFR0_EL1. Boot CPU: 0x00000010000131, CPU6: 0x00000010010131
[    0.023631] CPU features: SANITY CHECK: Unexpected variation in SYS_ID_PFR1_EL1. Boot CPU: 0x00000010011011, CPU6: 0x00000010010000
[    0.023798] CPU6: Booted secondary processor 0x0000000600 [0x411fd410]
[    0.027181] Detected PIPT I-cache on CPU7
[    0.027191] CPU features: SANITY CHECK: Unexpected variation in SYS_ID_ISAR4_EL1. Boot CPU: 0x00000000011142, CPU7: 0x00000000010142
[    0.027195] CPU features: SANITY CHECK: Unexpected variation in SYS_ID_PFR0_EL1. Boot CPU: 0x00000010000131, CPU7: 0x00000010010131
[    0.027196] CPU features: SANITY CHECK: Unexpected variation in SYS_ID_PFR1_EL1. Boot CPU: 0x00000010011011, CPU7: 0x00000010010000
[    0.027280] CPU7: Booted secondary processor 0x0000000700 [0x411fd440]
[    0.027434] smp: Brought up 1 node, 8 CPUs
[    0.027520] SMP: Total of 8 processors activated.
[    0.027526] CPU features: detected: Privileged Access Never
[    0.027530] CPU features: detected: LSE atomic instructions
[    0.027535] CPU features: detected: User Access Override
[    0.027539] CPU features: detected: 32-bit EL0 Support
[    0.027543] CPU features: detected: Common not Private translations
[    0.027548] CPU features: detected: RAS Extension Support
[    0.027553] CPU features: detected: Data cache clean to the PoU not required for I/D coherence
[    0.027557] CPU features: detected: CRC32 instructions
[    0.066665] CPU: All CPU(s) started at EL1
[    0.066726] alternatives: patching kernel code
[    0.293314] Registered cp15_barrier emulation handler
[    0.293340] Registered setend emulation handler
[    0.293692] clocksource: jiffies: mask: 0xffffffff max_cycles: 0xffffffff, max_idle_ns: 7645041785100000 ns
[    0.293718] futex hash table entries: 2048 (order: 5, 131072 bytes, linear)
[    0.298698] pinctrl core: initialized pinctrl subsystem
[    0.298737] <sensor_feedback>sensor_feedback_init call
[    0.299065] NET: Registered protocol family 16
[    0.300285] DMA: preallocated 256 KiB pool for atomic allocations
[    0.300308] audit: initializing netlink subsys (disabled)
[    0.300427] audit: type=2000 audit(0.299:1): state=initialized audit_enabled=0 res=1
[    0.300654] cpuidle: using governor menu
[    0.300752] NET: Registered protocol family 42
[    0.301053] hw-breakpoint: found 6 breakpoint and 4 watchpoint registers.
[    0.301490] update_japan_softlink
[    0.301500] boot_mode_init: parse boot_mode
[    0.301519] androidboot.mode= normal
[    0.301551] board_ftm_mode_init ftm_mode=0
[    0.301560] parse poweron reason hard_reset i = 10
[    0.301600] oplus_devinfo_init call
[    0.301639] Serial: AMBA PL011 UART driver
[    0.301952] DMA: preallocated 256 KiB pool for atomic allocations
[    0.302838] printk: console [pstore0] enabled
[    0.302874] pstore: Registered ramoops as persistent store backend
[    0.302879] ramoops: using 0x5b8000@0xe9700000, ecc: 0
[    0.302886] Minidump: Invalid entry details
[    0.302890] ramoops: failed to add dmesg in minidump
[    0.302894] Minidump: Invalid entry details
[    0.302898] ramoops: failed to add dmesg in minidump
[    0.302901] Minidump: Invalid entry details
[    0.302905] ramoops: failed to add dmesg in minidump
[    0.302909] Minidump: Invalid entry details
[    0.302912] ramoops: failed to add dmesg in minidump
[    0.302916] Minidump: Invalid entry details
[    0.302919] ramoops: failed to add dmesg in minidump
[    0.528266] pm8350_s5_level: supplied by pm8350_s9_level
[    0.528420] pm8350_s5_lvl_ao: supplied by pm8350_s9_level_ao
[    0.925342] pm8350c_s6_level: supplied by pm8350_s5_level
[    0.925522] pm8350c_s6_level_ao: supplied by pm8350_s5_lvl_ao
[    0.946930] pm8350_s9_mmcx_sup_level: supplied by pm8350c_s6_mmcx_sup_level
[    0.946943] pm8350_s5_mmcx_sup_level: supplied by pm8350_s9_mmcx_sup_level
[    0.946957] pm8350c_s8_level: supplied by pm8350_s5_mmcx_sup_level
[    0.947094] pm8350c_s8_level_ao: supplied by pm8350_s5_lvl_ao
[    1.041479] msm-dcc 117f000.dcc_v2: DCC list passed 3
[    1.041769] msm-dcc 117f000.dcc_v2: All values written to enable.
[    1.041893] msm-dcc 117f000.dcc_v2: DCC list passed 4
[    1.042243] msm-dcc 117f000.dcc_v2: All values written to enable.
[    1.042491] msm-dcc 117f000.dcc_v2: DCC list passed 6
[    1.042938] msm-dcc 117f000.dcc_v2: All values written to enable.
[    1.051499] spmi spmi-0: PMIC arbiter version v5 (0x50020000)
[    1.052191] sps:sps is ready
[    1.057777] oplus_devinfo_probe call
[    1.057796] start 
[    1.057807] gsensor_feature[0] : 0
[    1.057817] gsensor_feature[0] : 0
[    1.057826] soft magnetic parameter[0] : 10000
[    1.057830] soft magnetic parameter[1] : 0
[    1.057834] soft magnetic parameter[2] : 0
[    1.057839] soft magnetic parameter[3] : 0
[    1.057843] soft magnetic parameter[4] : 0
[    1.057847] soft magnetic parameter[5] : 0
[    1.057851] soft magnetic parameter[6] : 0
[    1.057855] soft magnetic parameter[7] : 0
[    1.057859] soft magnetic parameter[8] : 10000
[    1.057863] soft magnetic parameter[9] : 0
[    1.057867] soft magnetic parameter[10] : 0
[    1.057871] soft magnetic parameter[11] : 0
[    1.057874] soft magnetic parameter[12] : 0
[    1.057878] soft magnetic parameter[13] : 0
[    1.057882] soft magnetic parameter[14] : 0
[    1.057887] soft magnetic parameter[15] : 0
[    1.057892] soft magnetic parameter[16] : 10000
[    1.057897] soft magnetic parameter[17] : 0
[    1.057904] soft magnetic parameter[0] : 9903
[    1.057908] soft magnetic parameter[1] : 0
[    1.057913] soft magnetic parameter[2] : 1192
[    1.057918] soft magnetic parameter[3] : 0
[    1.057923] soft magnetic parameter[4] : 710
[    1.057927] soft magnetic parameter[5] : 1
[    1.057931] soft magnetic parameter[6] : 515
[    1.057935] soft magnetic parameter[7] : 0
[    1.057939] soft magnetic parameter[8] : 10360
[    1.057943] soft magnetic parameter[9] : 0
[    1.057946] soft magnetic parameter[10] : 4
[    1.057950] soft magnetic parameter[11] : 1
[    1.057954] soft magnetic parameter[12] : 269
[    1.057958] soft magnetic parameter[13] : 0
[    1.057962] soft magnetic parameter[14] : 1488
[    1.057967] soft magnetic parameter[15] : 1
[    1.057971] soft magnetic parameter[16] : 11430
[    1.057975] soft magnetic parameter[17] : 0
[    1.057984] light feature[als-type] : 1
[    1.057990] light feature[is-unit-device] : 0
[    1.057996] light feature[is-als-dri] : 0
[    1.058002] light feature[als-factor] : 1000
[    1.058009] light feature[is_als_initialed] : 0
[    1.058015] light feature[als_buffer_length] : 10
[    1.058021] light feature[normalization_value] : 1057
[    1.058027] parse use_lb_algo failed!
[    1.058029] light feature[use_lb_algo] : 0
[    1.058036] parse para-matrix failed!
[    1.058038] light feature[para-matrix] : 0
[    1.058046] light feature[als_ratio_type] : 0
[    1.058051] parse coef_a failed!
[    1.058052] light_para[coef_a] : 0
[    1.058059] parse coef_b failed!
[    1.058060] light_para[coef_b] : 0
[    1.058066] parse coef_c failed!
[    1.058068] light_para[coef_c] : 0
[    1.058074] parse coef_d failed!
[    1.058075] light_para[coef_d] : 0
[    1.058082] parse coef_e failed!
[    1.058084] light_para[coef_e] : 0
[    1.058091] parse coef_ratio failed!
[    1.058092] light_para[coef_ratio] : 0
[    1.058099] light_para[gold-reset-scale] : 1001
[    1.058104] parse lcd_type failed!
[    1.058105] light_para[lcd_type] : 0
[    1.058112] parse linear_comp_scope failed!
[    1.058114] light_para[linear_comp_scope] : 0
[    1.058120] parse linear_comp_intercept failed!
[    1.058122] light_para[linear_comp_intercept] : 0
[    1.058128] parse temp_lux failed!
[    1.058129] light_para[temp_lux] : 0
[    1.058136] parse coef failed!
[    1.058137] light_para[coef] : 0
[    1.058143] parse bal_coef failed!
[    1.058144] light_para[bal_coef] : 0
[    1.058150] parse ir_coef_stage_0 failed!
[    1.058152] light_para[ir_coef_stage_0] : 0
[    1.058158] parse ir_coef_stage_1 failed!
[    1.058159] light_para[ir_coef_stage_1] : 0
[    1.058165] parse ir_coef_stage_2 failed!
[    1.058166] light_para[ir_coef_stage_2] : 0
[    1.058173] parse ir_coef_stage_3 failed!
[    1.058175] light_para[ir_coef_stage_3] : 0
[    1.058182] parse ir_coef_val_0 failed!
[    1.058183] light_para[ir_coef_val_0] : 0
[    1.058190] parse ir_coef_val_1 failed!
[    1.058191] light_para[ir_coef_val_1] : 0
[    1.058199] parse ir_coef_val_2 failed!
[    1.058201] light_para[ir_coef_val_2] : 0
[    1.058209] parse ir_coef_val_3 failed!
[    1.058211] light_para[ir_coef_val_3] : 0
[    1.058218] parse ir_coef_val_4 failed!
[    1.058219] light_para[ir_coef_val_4] : 0
[    1.058225] parse lb-dbv-coefs-id failed!
[    1.058226] light_para[lb-dbv-coefs-id] : 0
[    1.058232] parse light-cut failed!
[    1.058233] light_para[light-cut] : 0
[    1.058245] parameter[0] : 0
[    1.058250] parameter[1] : 0
[    1.058255] parameter[2] : 0
[    1.058259] parameter[3] : 0
[    1.058263] parameter[4] : 0
[    1.058268] parameter[5] : 0
[    1.058272] parameter[6] : 0
[    1.058278] parameter[7] : 0
[    1.058282] parameter[8] : 0
[    1.058287] parameter[9] : 0
[    1.058292] parameter[10] : 0
[    1.058297] parameter[11] : 0
[    1.058302] parameter[12] : 0
[    1.058306] parameter[13] : 0
[    1.058311] parameter[14] : 0
[    1.058315] parameter[15] : 0
[    1.058320] parameter[16] : 0
[    1.058324] parameter[17] : 0
[    1.058328] parameter[18] : 0
[    1.058333] parameter[19] : 0
[    1.058337] parameter[20] : 0
[    1.058341] parameter[21] : 0
[    1.058346] parameter[22] : 0
[    1.058352] sensor reg 0x1 = 0x31
[    1.058356] sensor reg 0x3 = 0x60
[    1.058361] ps-type:1 ps_saturation:2600 is_need_close_pd:0
[    1.058372] sensor reg 0x24 = 0x47
[    1.058376] sensor reg 0x27 = 0x14
[    1.058381] sensor reg 0x28 = 0x3d
[    1.058386] sensor reg 0x29 = 0x37
[    1.058390] sensor reg 0x2a = 0x1f
[    1.058395] sensor reg 0x40 = 0xb
[    1.058400] sensor reg 0x41 = 0xb
[    1.058406] sensor reg 0x45 = 0x23
[    1.058410] sensor reg 0x11 = 0x27
[    1.058415] parse sar sensor channel-num failed, rc -22, value 18
[    1.058416] parse sar sensor dc_offset failed, rc -22, value 18
[    1.058425] sensor reg 0x24 = 0x47
[    1.058432] sensor reg 0x27 = 0x14
[    1.058436] sensor reg 0x28 = 0x1f
[    1.058441] sensor reg 0x29 = 0x37
[    1.058445] sensor reg 0x2a = 0x3d
[    1.058449] sensor reg 0x40 = 0xb
[    1.058453] sensor reg 0x41 = 0xb
[    1.058457] sensor reg 0x45 = 0x23
[    1.058461] sensor reg 0x11 = 0x27
[    1.058467] cct_feature[0] : 1
[    1.058472] cct_feature[1] : 7
[    1.058476] cct_feature[2] : 0
[    1.058481] cct_feature[3] : 25
[    1.058486] cct_feature[4] : 2
[    1.058491] cct_parameter[0] : 1
[    1.058496] cct_parameter[1] : 0
[    1.058502] cct_parameter[2] : 0
[    1.058508] cct_parameter[3] : 0
[    1.058513] cct_parameter[4] : 0
[    1.058518] cct_parameter[5] : 0
[    1.058524] cct_parameter[6] : 0
[    1.058530] cct_parameter[7] : 0
[    1.058535] cct_parameter[8] : 0
[    1.058541] cct_parameter[9] : 0
[    1.058547] is-need-prox: 1, prox-type: 0
[    1.058555] thrd-low: 12, thrd-high: 50, als-type: 0
[    1.058561] prox-type :0
[    1.058565] oplus_devinfo_probe success
[    1.058574] oplus_press_cali_data_init call
[    1.058579] oplus_als_cali_data_init call
[    1.061031] hh-watchdog hypervisor:qcom,hh-watchdog: QCOM Apps Watchdog Initialized
[    1.068960] cryptd: max_cpu_qlen set to 1000
[    1.073008] gcc_pcie_0_gdsc: supplied by pm8350c_s6_level
[    1.075427] gcc_pcie_1_gdsc: supplied by pm8350c_s6_level
[    1.077833] gcc_ufs_card_gdsc: supplied by pm8350c_s6_level
[    1.080224] gcc_ufs_phy_gdsc: supplied by pm8350c_s6_level
[    1.092190] gpu_cc_cx_gdsc: supplied by pm8350c_s6_level
[    1.094592] gpu_cc_gx_gdsc: supplied by pm8350_s6_level
[    1.099914] qmp-aop-clk soc:qcom,aopclk: Registered clocks with AOP
[    1.123137] lahaina-gcc 100000.qcom,gcc: Registered GCC clocks
[    1.126083] oledb: Bringing 0uV into 5000000-5000000uV
[    1.126189] ab: Bringing 0uV into 4600000-4600000uV
[    1.126279] ibb: Bringing 0uV into 1400000-1400000uV
[    1.132588] gpu_cc-lahaina 3d90000.qcom,gpucc: Registered GPU CC clocks
[    1.190610] Rate 19200000 for cam_cc_sleep_clk_src is greater than highest Fmax
[    1.190616] Rate 19200000 for cam_cc_sleep_clk_src is greater than highest Fmax
[    1.193555] lahaina-cam_cc ad00000.qcom,camcc: Registered CAM CC clocks
[    1.208026] video_cc-lahaina abf0000.qcom,videocc: Registered VIDEO CC clocks
[    1.211699] KPI: Bootloader start count = 122940
[    1.211705] KPI: Bootloader end count = 173561
[    1.211710] KPI: Bootloader display count = 636224832
[    1.211714] KPI: Bootloader load kernel count = 50452491
[    1.211720] KPI: Kernel MPM timestamp = 231943
[    1.211725] KPI: Kernel MPM Clock frequency = 32768
[    1.211944] Minidump: Enabled with max number of regions 200
[    1.212519] iommu: Default domain type: Translated 
[    1.216163] arm-smmu 3da0000.kgsl-smmu: 	coherent table walk
[    1.216170] arm-smmu 3da0000.kgsl-smmu: 	stream matching with 6 register groups
[    1.217928] SCSI subsystem initialized
[    1.217984] usbcore: registered new interface driver usbfs
[    1.218003] usbcore: registered new interface driver hub
[    1.218019] usbcore: registered new device driver usb
[    1.218150] usb_phy_generic soc:usb_nop_phy: soc:usb_nop_phy supply vcc not found, using dummy regulator
[    1.218559] qcom,qpnp-power-on c440000.qcom,spmi:qcom,pmk8350@0:pon_pbs@800: IRQ pmic-wd-bark not found
[    1.218696] qcom,qpnp-power-on c440000.qcom,spmi:qcom,pmk8350@0:pon_hlos@1300: IRQ pmic-wd-bark not found
[    1.218754] input: qpnp_pon as /devices/platform/soc/c440000.qcom,spmi/spmi-0/spmi0-00/c440000.qcom,spmi:qcom,pmk8350@0:pon_hlos@1300/input/input0
[    1.219147] oplus_fp_common soc:oplus_fp_common: fp_id_amount: 1
[    1.219153] oplus_fp_common soc:oplus_fp_common: oplus,one_gpio_for_three_ic is not define
[    1.219158] oplus_fp_common soc:oplus_fp_common: fp_gpio_current_node: oplus,fp_gpio_0
[    1.219171] oplus_fp_common soc:oplus_fp_common: gpio_index: 427,fp_id: 0
[    1.219180] oplus_fp_common soc:oplus_fp_common: fpsensor_type: 11, chip_name: G_OPTICAL_G3S, eng_menu: -1,-1
[    1.219388] mc: Linux media interface: v0.10
[    1.219402] videodev: Linux video capture interface: v2.00
[    1.219440] thermal_sys: Registered thermal governor 'step_wise'
[    1.219442] thermal_sys: Registered thermal governor 'user_space'
[    1.219448] thermal_sys: Registered thermal governor 'power_allocator'
[    1.223126] Error creating thermal debugfs directory. err:-19
[    1.230849] EDAC MC: Ver: 3.0.0
[    1.231947] core_ctl: Creating CPU group 0
[    1.231951] core_ctl: Init CPU0 state
[    1.231953] core_ctl: Init CPU1 state
[    1.231955] core_ctl: Init CPU2 state
[    1.231957] core_ctl: Init CPU3 state
[    1.232039] core_ctl: Creating CPU group 4
[    1.232041] core_ctl: Init CPU4 state
[    1.232043] core_ctl: Init CPU5 state
[    1.232045] core_ctl: Init CPU6 state
[    1.232120] core_ctl: Creating CPU group 7
[    1.232122] core_ctl: Init CPU7 state
[    1.235446] shmbridge is enabled
[    1.236413] IPA framework init
[    1.236993] dev-cpufreq: No tables parsed from DT.
[    1.237107] SDAM base=0x7100 size=128 registered successfully
[    1.237136] SDAM base=0x7400 size=128 registered successfully
[    1.237161] SDAM base=0x7c00 size=128 registered successfully
[    1.237190] SDAM base=0x7d00 size=128 registered successfully
[    1.237212] SDAM base=0x8400 size=128 registered successfully
[    1.237237] SDAM base=0x8500 size=128 registered successfully
[    1.237260] SDAM base=0x8600 size=128 registered successfully
[    1.237283] SDAM base=0x9d00 size=128 registered successfully
[    1.237304] Advanced Linux Sound Architecture Driver Initialized.
[    1.237512] IPA clients manager init
[    1.237514] ipa_usb driver init
[    1.237585] ipa_usb registered successfully
[    1.237587] exit: IPA_USB init success!
[    1.237590] ipa_wdi3 registered successfully
[    1.237592] ipa_gsb registered successfully
[    1.237595] ipa_uc_offload registered successfully
[    1.237598] ipa_mhi registered successfully
[    1.237600] ipa_wigig registered successfully
[    1.237711] Bluetooth: Core ver 2.22
[    1.237715] NET: Registered protocol family 31
[    1.237718] Bluetooth: HCI device and connection manager initialized
[    1.237721] Bluetooth: HCI socket layer initialized
[    1.237724] Bluetooth: L2CAP socket layer initialized
[    1.237727] Bluetooth: SCO socket layer initialized
[    1.237761] pcie:pcie_init.
[    1.239386] platform soc:qcom,ion:qcom,ion-heap@22: assigned reserved memory node sdsp_region
[    1.240682] platform soc:qcom,ion:qcom,ion-heap@13: assigned reserved memory node sp_region
[    1.241105] platform soc:qcom,ion:qcom,ion-heap@26: assigned reserved memory node user_contig_region
[    1.241525] platform soc:qcom,ion:qcom,ion-heap@27: assigned reserved memory node qseecom_region
[    1.241945] platform soc:qcom,ion:qcom,ion-heap@19: assigned reserved memory node qseecom_ta_region
[    1.242365] platform soc:qcom,ion:qcom,ion-heap@10: assigned reserved memory node secure_display_region
[    1.242784] platform soc:qcom,ion:qcom,ion-heap@5: assigned reserved memory node audio_cma_region
[    1.243203] platform soc:qcom,ion:qcom,ion-heap@3: assigned reserved memory node non_secure_display_region
[    1.243349] ION heap system created
[    1.243419] ION heap adsp created
[    1.243429] ION heap secure_heap created
[    1.287660] platform soc:qcom,ion:qcom,ion-heap@14: ion_secure_carveout: creating heap@0x80c00000, size 0x4600000
[    1.287669] ION heap secure_carveout created
[    1.287672] ION heap spss created
[    1.287675] ION heap user_contig created
[    1.287677] ION heap qsecom created
[    1.287680] ION heap qsecom_ta created
[    1.287682] ION heap secure_display created
[    1.287685] ION heap audio_ml created
[    1.287687] ION heap display created
[    1.287921] clocksource: Switched to clocksource arch_sys_counter
[    1.299487] VFS: Disk quotas dquot_6.6.0
[    1.299507] VFS: Dquot-cache hash table entries: 512 (order 0, 4096 bytes)
[    1.299903] debugcc-lahaina soc:qcom,cc-debug: Registered debug measure clocks
[    1.300404] NET: Registered protocol family 2
[    1.300547] IP idents hash table entries: 262144 (order: 9, 2097152 bytes, linear)
[    1.301778] tcp_listen_portaddr_hash hash table entries: 8192 (order: 5, 131072 bytes, linear)
[    1.301865] TCP established hash table entries: 131072 (order: 8, 1048576 bytes, linear)
[    1.301975] TCP bind hash table entries: 65536 (order: 8, 1048576 bytes, linear)
[    1.302027] TCP: Hash tables configured (established 131072 bind 65536)
[    1.302077] UDP hash table entries: 8192 (order: 6, 262144 bytes, linear)
[    1.302112] UDP-Lite hash table entries: 8192 (order: 6, 262144 bytes, linear)
[    1.302156] NET: Registered protocol family 1
[    1.302359] NET: Registered protocol family 44
[    1.302363] PCI: CLS 0 bytes, default 64
[    1.302436] Trying to unpack rootfs image as initramfs...
[    1.350367] Freeing initrd memory: 25748K
[    1.351075] hw perfevents: enabled with armv8_pmuv3 PMU driver, 7 counters available
[    1.354580] Initialise system trusted keyrings
[    1.354654] workingset: timestamp_bits=46 max_order=22 bucket_order=0
[    1.355840] fuse: init (API version 7.31)
[    1.364914] Key type asymmetric registered
[    1.364917] Asymmetric key parser 'x509' registered
[    1.364927] Block layer SCSI generic (bsg) driver version 0.4 loaded (major 241)
[    1.364930] io scheduler mq-deadline registered
[    1.364932] io scheduler kyber registered
[    1.364960] io scheduler bfq registered
[    1.371860] memshare soc:qcom,memshare:qcom,client_1: memshare: Continuing with allocation from CMA
[    1.371869] memshare soc:qcom,memshare:qcom,client_1: for memshare_GPS segments only will be dumped.
[    1.372366] memshare soc:qcom,memshare:qcom,client_2: memshare: Continuing with allocation from CMA
[    1.372372] memshare soc:qcom,memshare:qcom,client_2: for memshare_FTM segments only will be dumped.
[    1.372860] memshare soc:qcom,memshare:qcom,client_3: assigned reserved memory node memshare_region
[    1.372863] memshare soc:qcom,memshare:qcom,client_3: memshare: Memory allocation from shared DMA pool
[    1.372865] memshare soc:qcom,memshare:qcom,client_3: for memshare_DIAG segments only will be dumped.
[    1.374035] v0.15, id=415, ver=2.1, raw_id=309, raw_ver=3, hw_plat=8, hw_plat_ver=65536
 accessory_chip=0, hw_plat_subtype=0, pmic_model=65583, pmic_die_revision=131072 foundry_id=3 serial_number=2471452006 num_pmics=6 chip_family=0x69 raw_device_family=0x6 raw_device_number=0xf nproduct_id=0x41d num_clusters=0x1 ncluster_array_offset=0xb0 num_defective_parts=0xf ndefective_parts_array_offset=0xb4 nmodem_supported=0xffffffff
[    1.374414] lahaina-llcc 9200000.cache-controller: IRQ index 0 not found
[    1.374778] msm_mem_dump soc:mem_dump: assigned reserved memory node mem_dump_region
[    1.381182] MSM Memory Dump base table set up
[    1.381186] MSM Memory Dump apps data table set up
[    1.381676] sensors-ssc soc:qcom,msm-ssc-sensors: sensors_ssc_probe: vdd_2v8 is not NULL
[    1.396022] sensors-ssc soc:qcom,msm-ssc-sensors: sensors_ssc_probe: vddio_1v8 is not NULL
[    1.397113] PMIC PON log: Reset Trigger: PS_HOLD
[    1.397129] PMIC PON log: Reset Type: HARD_RESET
[    1.397170] PMIC PON log: PON Trigger: HARD_RESET
[    1.397235] PMIC PON log: Reset Trigger: PS_HOLD
[    1.397250] PMIC PON log: Reset Type: HARD_RESET
[    1.397289] PMIC PON log: PON Trigger: HARD_RESET
[    1.397353] PMIC PON log: Reset Trigger: PS_HOLD
[    1.397367] PMIC PON log: Reset Type: HARD_RESET
[    1.397407] PMIC PON log: PON Trigger: HARD_RESET
[    1.398041] cdsprm: Init successful
[    1.398242] 88e0000.qcom,msm-eud: ttyEUD0 at MMIO 0x0 (irq = 39, base_baud = 0) is a EUD UART
[    1.398535] qbt:qbt_handler_init: entry
[    1.398935] <kernel_fb>kernel_fb_init
[    1.399004] <kernel_fb>kernel_fb_init probe ok
[    1.399008] mm_kevent: genl_register_family complete, id = 23!
[    1.399011] mm_kevent: init ok
[    1.399082] mm_fb_kevent_init: init success
[    1.399085] devinfo:init_oplus_aboard_type()
[    1.399154] [line:713][module:oplus-gpio][oplus_gpio_init] enter
[    1.399979] msm_geni_serial_init: Driver initialized
[    1.400205] Error: swapper/0: fastrpc_device_init: failed to create debugfs root dir
[    1.400423] Info: adsprpc (3089): swapper/0: fastrpc_get_dsp_status: adsprpc: fastrpc_get_dsp_status: cdsp node found with ret:1
[    1.400460] fastrpc soc:qcom,msm-adsprpc-mem: assigned reserved memory node adsp_region
[    1.400463] fastrpc soc:qcom,msm-adsprpc-mem: for adsp_rh segments only will be dumped.
[    1.400483] Info: adsprpc (6789): swapper/0: init_secure_vmid_list: secure VMID = 22
[    1.400485] Info: adsprpc (6789): swapper/0: init_secure_vmid_list: secure VMID = 37
[    1.400488] adsprpc: fastrpc_init_privileged_gids: privileged GID: 2908
[    1.400495] adsprpc: fastrpc_setup_service_locator: service location enabled for avs/audio (audio_pdr_adsprpc)
[    1.400497] adsprpc: fastrpc_setup_service_locator: service location enabled for tms/servreg (sensors_pdr_adsprpc)
[    1.409296] adsprpc: fastrpc_device_init: SSR notifier registered for adsp
[    1.409299] adsprpc: fastrpc_device_init: SSR notifier registered for modem
[    1.409302] adsprpc: fastrpc_device_init: SSR notifier registered for slpi
[    1.409305] adsprpc: fastrpc_device_init: SSR notifier registered for cdsp
[    1.419049] adreno-a6xx-gmu 3d6a000.qcom,gmu: Adding to iommu group 0
[    1.420775] brd: module loaded
[    1.421502] loop: module loaded
[    1.421550] zram: Added device: zram0
[    1.421600] platform soc:qcom,ion:qcom,ion-heap@19: assigned reserved memory node qseecom_ta_region
[    1.421996] platform soc:qcom,ion:qcom,ion-heap@27: assigned reserved memory node qseecom_region
[    1.422080] platform soc:qcom,ion:qcom,ion-heap@26: assigned reserved memory node user_contig_region
[    1.422187] qseecom soc:qseecom@c1700000: assigned reserved memory node qseecom_region
[    1.422226] QSEECOM: qseecom_init_control: qseecom.qsee_version = 0x1402000
[    1.422266] QSEECOM: qseecom_retrieve_ce_data: Device does not support PFE/FDE
[    1.422545] [sim_detect]:sim_detect_probe enter
[    1.423025] OF: /soc/oplus_sim_detect: could not find phandle
[    1.423028] [sim_detect]:sim detect gpio not specified
[    1.423060] [line:892][module:oem_qmi][oem_qmi_init] enter
[    1.423166] [line:851][module:oem_qmi][oem_qmi_probe] enter
[    1.423199] [line:860][module:oem_qmi][oem_qmi_probe] leave
[    1.423204] [line:937][module:oem_qmi][oem_qmi_init] leave
[    1.423439] oplus_ufs_common_init
[    1.423574] spmi_pmic_arb_debug 6b12000.qcom,spmi-debug: SPMI PMIC arbiter debug bus disabled by fuse
[    1.423812] wireguard: WireGuard 1.0.0 loaded. See www.wireguard.com for information.
[    1.423815] wireguard: Copyright (C) 2015-2019 Jason A. Donenfeld <Jason@zx2c4.com>. All Rights Reserved.
[    1.423858] tun: Universal TUN/TAP device driver, 1.6
[    1.423870] PPP generic driver version 2.4.2
[    1.423880] PPP BSD Compression module registered
[    1.423883] PPP Deflate Compression module registered
[    1.423897] PPP MPPE Compression module registered
[    1.423900] NET: Registered protocol family 24
[    1.423902] PPTP driver version 0.8.5
[    1.424197] cnss_utils: Unable to create debugfs -19
[    1.424201] CLD80211: Initializing
[    1.424382] usbcore: registered new interface driver rtl8150
[    1.424390] usbcore: registered new interface driver r8152
[    1.424395] usbcore: registered new interface driver lan78xx
[    1.424401] usbcore: registered new interface driver asix
[    1.424406] usbcore: registered new interface driver ax88179_178a
[    1.424414] usbcore: registered new interface driver cdc_ether
[    1.424419] usbcore: registered new interface driver cdc_eem
[    1.424425] usbcore: registered new interface driver cdc_ncm
[    1.424430] usbcore: registered new interface driver aqc111
[    1.427047] msm_sharedmem: msm_sharedmem_probe: Device created for client 'rmtfs'
[    1.428091] ehci_hcd: USB 2.0 'Enhanced' Host Controller (EHCI) Driver
[    1.428094] ehci-pci: EHCI PCI platform driver
[    1.428103] ehci-platform: EHCI generic platform driver
[    1.428472] usbcore: registered new interface driver uas
[    1.428481] usbcore: registered new interface driver usb-storage
[    1.428486] usbcore: registered new interface driver usb_ehset_test
[    1.428491] usbcore: registered new interface driver lvs
[    1.428615] dummy_hcd dummy_hcd.0: USB Host+Gadget Emulator, driver 02 May 2005
[    1.428619] dummy_hcd dummy_hcd.0: Dummy host controller
[    1.428623] dummy_hcd dummy_hcd.0: new USB bus registered, assigned bus number 1
[    1.428729] hub 1-0:1.0: USB hub found
[    1.428736] hub 1-0:1.0: 1 port detected
[    1.429120] usbcore: registered new interface driver xpad
[    1.429130] usbcore: registered new interface driver usbtouchscreen
[    1.429132] [TP]synaptics-s3908: tp_driver_init_syna_tcm is called
[    1.429134] [TP] tp_ic_name = synaptics-s3908 
[    1.429136] [TP] tp_dsi_display_primary = qcom,mdss_dsi_samsung_amb670yf01_dsc_cmd:synaptics-s3908 
[    1.429138] [TP] tp_dsi_display_secondary =  
[    1.429141] [TP] display_primary:tp_judge_ic_match match ok
[    1.429145] [TP]sec-s6sy792: tp_driver_init_y792 is called
[    1.429147] [TP] tp_ic_name = sec-s6sy792 
[    1.429149] [TP] tp_dsi_display_primary = qcom,mdss_dsi_samsung_amb670yf01_dsc_cmd:synaptics-s3908 
[    1.429151] [TP] tp_dsi_display_secondary =  
[    1.429153] [TP] tp_judge_ic_match not match ok
[    1.429778] input: qcom-hv-haptics as /devices/platform/soc/c440000.qcom,spmi/spmi-0/spmi0-03/c440000.qcom,spmi:qcom,pm8350b@3:qcom,hv-haptics@f000/input/input1
[    1.430118] rtc-pm8xxx c440000.qcom,spmi:qcom,pmk8350@0:rtc@6100: registered as rtc0
[    1.430158] rtc-pm8xxx c440000.qcom,spmi:qcom,pmk8350@0:rtc@6100: setting system clock to 1970-01-09T07:09:44 UTC (716984)
[    1.430246] i2c /dev entries driver
[    1.430326] synx: synx device initialization start
[    1.430340] synx: synx device initialization success
[    1.430343] msm_cvp:  err: Failed to create debugfs for msm_cvp
[    1.430501] uvcvideo: Unable to create debugfs directory
[    1.430509] usbcore: registered new interface driver uvcvideo
[    1.430511] USB Video Class driver (1.1.1)
[    1.430513] gspca_main: v2.14.0 registered
[    1.431969] [OPLUS_CHG][oplus_warp_gpio_dt_init]chip->warp_gpio.switch1_gpio =355
[    1.431978] [OPLUS_CHG][oplus_warp_gpio_dt_init]chip->warp_gpio.switch1_ctr1_gpio =347
[    1.431981] [OPLUS_CHG][oplus_warp_gpio_dt_init]chip->warp_gpio.switch2_gpio not specified
[    1.431988] [OPLUS_CHG][oplus_warp_gpio_dt_init]chip->warp_gpio.reset_gpio =314
[    1.431993] [OPLUS_CHG][oplus_warp_gpio_dt_init]chip->warp_gpio.clock_gpio =386
[    1.432000] [OPLUS_CHG][oplus_warp_gpio_dt_init]chip->warp_gpio.data_gpio =387
[    1.432034] gpio gpiochip0: (f000000.pinctrl): allocate IRQ 304, hwirq 79
[    1.432037] gpio gpiochip0: (f000000.pinctrl): found parent hwirq 104
[    1.432042] gpio gpiochip0: (f000000.pinctrl): alloc_irqs_parent for 304 parent hwirq 104
[    1.432104] [OPLUS_CHG][opchg_bq27541_gpio_pinctrl_init]: 145 Failed to get the charging_switch1_ctr1_active handle
[    1.432106] [OPLUS_CHG][opchg_bq27541_gpio_pinctrl_init]: 152 Failed to get the charging_switch1_ctr1_sleep handle
[    1.432110] [OPLUS_CHG][oplus_warp_gpio_dt_init] switch1_gpio = 355,switch2_gpio = -2, reset_gpio = 314,			clock_gpio = 386, data_gpio = 387, data_irq = 304
[    1.432119] [OPLUS_CHG][oplus_warp_fw_type_dt]warp_current_lvl_cnt[24]
[    1.432122] [OPLUS_CHG][oplus_warp_fw_type_dt]warp_current_lvl[1000]
[    1.432124] [OPLUS_CHG][oplus_warp_fw_type_dt]warp_current_lvl[1500]
[    1.432126] [OPLUS_CHG][oplus_warp_fw_type_dt]warp_current_lvl[2000]
[    1.432128] [OPLUS_CHG][oplus_warp_fw_type_dt]warp_current_lvl[2500]
[    1.432129] [OPLUS_CHG][oplus_warp_fw_type_dt]warp_current_lvl[3000]
[    1.432131] [OPLUS_CHG][oplus_warp_fw_type_dt]warp_current_lvl[3500]
[    1.432133] [OPLUS_CHG][oplus_warp_fw_type_dt]warp_current_lvl[4000]
[    1.432135] [OPLUS_CHG][oplus_warp_fw_type_dt]warp_current_lvl[4500]
[    1.432137] [OPLUS_CHG][oplus_warp_fw_type_dt]warp_current_lvl[5000]
[    1.432139] [OPLUS_CHG][oplus_warp_fw_type_dt]warp_current_lvl[5500]
[    1.432141] [OPLUS_CHG][oplus_warp_fw_type_dt]warp_current_lvl[6000]
[    1.432142] [OPLUS_CHG][oplus_warp_fw_type_dt]warp_current_lvl[6500]
[    1.432144] [OPLUS_CHG][oplus_warp_fw_type_dt]warp_current_lvl[7000]
[    1.432146] [OPLUS_CHG][oplus_warp_fw_type_dt]warp_current_lvl[7500]
[    1.432148] [OPLUS_CHG][oplus_warp_fw_type_dt]warp_current_lvl[8000]
[    1.432149] [OPLUS_CHG][oplus_warp_fw_type_dt]warp_current_lvl[8500]
[    1.432151] [OPLUS_CHG][oplus_warp_fw_type_dt]warp_current_lvl[9000]
[    1.432153] [OPLUS_CHG][oplus_warp_fw_type_dt]warp_current_lvl[9500]
[    1.432155] [OPLUS_CHG][oplus_warp_fw_type_dt]warp_current_lvl[10000]
[    1.432157] [OPLUS_CHG][oplus_warp_fw_type_dt]warp_current_lvl[10500]
[    1.432158] [OPLUS_CHG][oplus_warp_fw_type_dt]warp_current_lvl[11000]
[    1.432160] [OPLUS_CHG][oplus_warp_fw_type_dt]warp_current_lvl[11500]
[    1.432162] [OPLUS_CHG][oplus_warp_fw_type_dt]warp_current_lvl[12000]
[    1.432164] [OPLUS_CHG][oplus_warp_fw_type_dt]warp_current_lvl[12500]
[    1.432167] [OPLUS_CHG][oplus_warp_fw_type_dt]oplus_warp_fw_type_dt batt_type_4400 is 1,warp_fw_type = 0x5
[    1.432170] [OPLUS_CHG][oplus_warp_fw_type_dt] warp_fw_upate:0
[    1.432173] [OPLUS_CHG][oplus_warp_fw_type_dt]qcom,warp-low-temp is 0
[    1.432178] [OPLUS_CHG][oplus_warp_fw_type_dt]qcom,warp-high-temp is 430
[    1.432181] [OPLUS_CHG][oplus_warp_fw_type_dt]qcom,warp-low-soc is 1
[    1.432183] [OPLUS_CHG][oplus_warp_fw_type_dt]qcom,warp-high-soc is 90
[    1.432186] [OPLUS_CHG][oplus_warp_fw_type_dt]qcom,warp_multistep_adjust_current_supportis 1
[    1.432188] [OPLUS_CHG][oplus_warp_fw_type_dt]qcom,warp_reply_mcu_bits is 7
[    1.432191] [OPLUS_CHG][oplus_warp_fw_type_dt]qcom,warp_multistep_initial_batt_temp is 1000
[    1.432193] [OPLUS_CHG][oplus_warp_fw_type_dt]qcom,warp_strategy_normal_current is 12
[    1.432195] [OPLUS_CHG][oplus_warp_fw_type_dt]qcom,warp_strategy1_batt_low_temp1 is 410
[    1.432198] [OPLUS_CHG][oplus_warp_fw_type_dt]qcom,warp_strategy1_batt_low_temp2 is 420
[    1.432201] [OPLUS_CHG][oplus_warp_fw_type_dt]qcom,warp_strategy1_batt_low_temp0 is 390
[    1.432203] [OPLUS_CHG][oplus_warp_fw_type_dt]qcom,warp_strategy1_batt_high_temp0 is 400
[    1.432206] [OPLUS_CHG][oplus_warp_fw_type_dt]qcom,warp_strategy1_batt_high_temp1 is 420
[    1.432208] [OPLUS_CHG][oplus_warp_fw_type_dt]qcom,warp_strategy1_batt_high_temp2 is 430
[    1.432211] [OPLUS_CHG][oplus_warp_fw_type_dt]qcom,warp_strategy1_high_current0 is 9
[    1.432213] [OPLUS_CHG][oplus_warp_fw_type_dt]qcom,warp_strategy1_high_current1 is 7
[    1.432215] [OPLUS_CHG][oplus_warp_fw_type_dt]qcom,warp_strategy1_high_current2 is 5
[    1.432217] [OPLUS_CHG][oplus_warp_fw_type_dt]qcom,warp_strategy1_low_current2 is 7
[    1.432220] [OPLUS_CHG][oplus_warp_fw_type_dt]qcom,warp_strategy1_low_current1 is 9
[    1.432222] [OPLUS_CHG][oplus_warp_fw_type_dt]qcom,warp_strategy1_low_current0 is 12
[    1.432230] [OPLUS_CHG][oplus_warp_fw_type_dt]qcom,warp_batt_over_high_temp is 470
[    1.432594] OPLUS_CHG[WLS]: oplus_chg_wls_parse_dt[6016]: OPLUS_WLS_CHG_BATT_CL_LOW: 0 0 1000 1000 1000 1000 1000 0
[    1.432597] OPLUS_CHG[WLS]: oplus_chg_wls_parse_dt[6016]: OPLUS_WLS_CHG_BATT_CL_LOW: 0 0 900 900 900 900 450 0
[    1.432599] OPLUS_CHG[WLS]: oplus_chg_wls_parse_dt[6016]: OPLUS_WLS_CHG_BATT_CL_LOW: 0 0 1250 1250 1250 1250 410 0
[    1.432601] OPLUS_CHG[WLS]: oplus_chg_wls_parse_dt[6016]: OPLUS_WLS_CHG_BATT_CL_LOW: 0 0 1250 1250 1250 1250 450 0
[    1.432605] OPLUS_CHG[WLS]: oplus_chg_wls_parse_dt[6064]: OPLUS_WLS_CHG_BATT_CL_HIGH: 0 0 1000 1000 1000 1000 1000 0
[    1.432607] OPLUS_CHG[WLS]: oplus_chg_wls_parse_dt[6064]: OPLUS_WLS_CHG_BATT_CL_HIGH: 0 0 900 900 900 900 450 0
[    1.432609] OPLUS_CHG[WLS]: oplus_chg_wls_parse_dt[6064]: OPLUS_WLS_CHG_BATT_CL_HIGH: 0 0 830 1250 1250 1250 410 0
[    1.432611] OPLUS_CHG[WLS]: oplus_chg_wls_parse_dt[6064]: OPLUS_WLS_CHG_BATT_CL_HIGH: 0 0 850 1250 1250 1250 450 0
[    1.432615] OPLUS_CHG[WLS]: oplus_chg_wls_parse_dt[6097]: epp_plus-skin-step: 0 360 1250
[    1.432617] OPLUS_CHG[WLS]: oplus_chg_wls_parse_dt[6097]: epp_plus-skin-step: 350 380 830
[    1.432619] OPLUS_CHG[WLS]: oplus_chg_wls_parse_dt[6097]: epp_plus-skin-step: 360 390 500
[    1.432620] OPLUS_CHG[WLS]: oplus_chg_wls_parse_dt[6097]: epp_plus-skin-step: 370 410 410
[    1.432623] OPLUS_CHG[WLS]: oplus_chg_wls_parse_dt[6131]: epp-skin-step: 0 390 900
[    1.432625] OPLUS_CHG[WLS]: oplus_chg_wls_parse_dt[6131]: epp-skin-step: 360 400 400
[    1.432628] OPLUS_CHG[WLS]: oplus_chg_wls_parse_dt[6164]: bpp-skin-step: 0 390 1000
[    1.432630] OPLUS_CHG[WLS]: oplus_chg_wls_parse_dt[6164]: bpp-skin-step: 370 400 500
[    1.432633] OPLUS_CHG[WLS]: oplus_chg_wls_parse_dt[6197]: epp_plus-led-on-skin-step: 0 390 660
[    1.432635] OPLUS_CHG[WLS]: oplus_chg_wls_parse_dt[6197]: epp_plus-led-on-skin-step: 380 500 330
[    1.432638] OPLUS_CHG[WLS]: oplus_chg_wls_parse_dt[6230]: epp-led-on-skin-step: 0 390 720
[    1.432640] OPLUS_CHG[WLS]: oplus_chg_wls_parse_dt[6230]: epp-led-on-skin-step: 380 500 360
[    1.432642] OPLUS_CHG[WLS]: oplus_chg_wls_parse_dt[6253]: icl_max_ma BPP EPP EPP_PLUS FAST: 1000 900 1250 1250
[    1.432645] OPLUS_CHG[WLS]: oplus_chg_wls_parse_dt[6267]: pd9v_chg_led_off_strategy[0]: 0 410 2500 1 0
[    1.432647] OPLUS_CHG[WLS]: oplus_chg_wls_parse_dt[6267]: pd9v_chg_led_off_strategy[1]: 390 450 1200 1 0
[    1.432650] OPLUS_CHG[WLS]: oplus_chg_wls_parse_dt[6280]: pd9v_chg_led_on_strategy[0]: 0 340 2500 1 0
[    1.432652] OPLUS_CHG[WLS]: oplus_chg_wls_parse_dt[6280]: pd9v_chg_led_on_strategy[1]: 330 360 1000 2 0
[    1.432654] OPLUS_CHG[WLS]: oplus_chg_wls_parse_dt[6280]: pd9v_chg_led_on_strategy[2]: 350 380 800 3 1
[    1.432656] OPLUS_CHG[WLS]: oplus_chg_wls_parse_dt[6280]: pd9v_chg_led_on_strategy[3]: 370 400 600 3 2
[    1.432691] OPLUS_CHG[WLS_RX]: oplus_chg_wls_rx_init[775]: The target firmware is IDT_P9415_45W, has select the wls_firmware is IDT_P9415_45W
[    1.432699] OPLUS_CHG[WLS_RX]: oplus_chg_wls_rx_register_msg_callback[567]: rx_ic is NULL
[    1.433126] gpio gpiochip0: (f000000.pinctrl): allocate IRQ 305, hwirq 198
[    1.433129] gpio gpiochip0: (f000000.pinctrl): found parent hwirq 91
[    1.433131] gpio gpiochip0: (f000000.pinctrl): alloc_irqs_parent for 305 parent hwirq 91
[    1.433219] OPLUS_CHG[WLS_RX]: oplus_chg_wls_rx_connect_check[701]: rx_ic is NULL
[    1.433222] OPLUS_CHG[WLS]: oplus_chg_wls_driver_probe[7248]: probe done
[    1.433295] OPLUS_CHG[COMM]: oplus_chg_comm_parse_dt[1084]: wkcs: temp thr = 0, 0, 50, 120, 160, 450, 500
[    1.433309] OPLUS_CHG[COMM]: oplus_chg_comm_driver_probe[2270]: init adc channels error, rc=-517
[    1.433322] [OPLUS_CHG][adapter_ic_init] success
[    1.437560] OPLUS_CHG[GKI]: battery_psy_get_prop[545]: Couldn't get prop 46 rc = -19
[    1.437563] bcl_soc:bcl_read_soc battery percentage read error:-61
[    1.437575] OPLUS_CHG[GKI]: battery_psy_get_prop[545]: Couldn't get prop 46 rc = -19
[    1.437577] bcl_soc:bcl_read_soc battery percentage read error:-61
[    1.437581] OPLUS_CHG[GKI]: battery_psy_get_prop[545]: Couldn't get prop 46 rc = -19
[    1.437583] bcl_soc:bcl_read_soc battery percentage read error:-61
[    1.437800] cpu_voltage_cooling:build_unified_table CPU1:7 CPU2:4
[    1.437802] cpu_voltage_cooling:build_unified_table freq1:2841600 freq2:2419200
[    1.437804] cpu_voltage_cooling:build_unified_table freq1:2764800 freq2:2342400
[    1.437806] cpu_voltage_cooling:build_unified_table freq1:2688000 freq2:2227200
[    1.437808] cpu_voltage_cooling:build_unified_table freq1:2592000 freq2:2227200
[    1.437810] cpu_voltage_cooling:build_unified_table freq1:2496000 freq2:2112000
[    1.437812] cpu_voltage_cooling:build_unified_table freq1:2380800 freq2:1996800
[    1.437814] cpu_voltage_cooling:build_unified_table freq1:2265600 freq2:1881600
[    1.437816] cpu_voltage_cooling:build_unified_table freq1:2150400 freq2:1766400
[    1.437818] cpu_voltage_cooling:build_unified_table freq1:2035200 freq2:1555200
[    1.437820] cpu_voltage_cooling:build_unified_table freq1:1900800 freq2:1440000
[    1.437821] cpu_voltage_cooling:build_unified_table freq1:1785600 freq2:1324800
[    1.437823] cpu_voltage_cooling:build_unified_table freq1:1670400 freq2:1209600
[    1.437825] cpu_voltage_cooling:build_unified_table freq1:1555200 freq2:1075200
[    1.437827] cpu_voltage_cooling:build_unified_table freq1:1420800 freq2:960000
[    1.437829] cpu_voltage_cooling:build_unified_table freq1:1305600 freq2:844800
[    1.437831] cpu_voltage_cooling:build_unified_table freq1:1190400 freq2:844800
[    1.437833] cpu_voltage_cooling:build_unified_table freq1:1075200 freq2:844800
[    1.437835] cpu_voltage_cooling:build_unified_table freq1:960000 freq2:844800
[    1.437836] cpu_voltage_cooling:build_unified_table freq1:844800 freq2:710400
[    1.438416] device-mapper: uevent: version 1.0.3
[    1.438453] device-mapper: ioctl: 4.41.0-ioctl (2019-09-16) initialised: dm-devel@redhat.com
[    1.438635] EDAC DEVICE0: Giving out device to module soc:erp controller cache: DEV soc:erp (INTERRUPT)
[    1.438979] cpuidle: using governor qcom
[    1.439195] lpm_levels: Cluster (L3) stats not registered
[    1.439556] sdhci: Secure Digital Host Controller Interface driver
[    1.439559] sdhci: Copyright(c) Pierre Ossman
[    1.439561] sdhci-pltfm: SDHCI platform and OF driver helper
[    1.441308] hidraw: raw HID events driver (C) Jiri Kosina
[    1.441466] usbcore: registered new interface driver usbhid
[    1.441468] usbhid: USB HID core driver
[    1.441513] ashmem: initialized
[    1.441662] hh_msgq: Registered client for label: 0
[    1.444067] OPLUS_CHG[GKI]: battery_psy_get_prop[545]: Couldn't get prop 34 rc = -19
[    1.444099] OPLUS_CHG[GKI]: usb_psy_get_prop[280]: Couldn't get prop 4 rc = -19
[    1.444103] OPLUS_CHG[GKI]: usb_psy_get_prop[280]: Couldn't get prop 4 rc = -19
[    1.444105] OPLUS_CHG[GKI]: usb_psy_get_prop[280]: Couldn't get prop 12 rc = -19
[    1.444108] OPLUS_CHG[GKI]: usb_psy_get_prop[280]: Couldn't get prop 8 rc = -19
[    1.444110] OPLUS_CHG[GKI]: usb_psy_get_prop[280]: Couldn't get prop 17 rc = -19
[    1.444112] OPLUS_CHG[GKI]: usb_psy_get_prop[280]: Couldn't get prop 16 rc = -19
[    1.444114] OPLUS_CHG[GKI]: usb_psy_get_prop[280]: Couldn't get prop 37 rc = -19
[    1.444116] OPLUS_CHG[GKI]: usb_psy_get_prop[280]: Couldn't get prop 64 rc = -19
[    1.444118] OPLUS_CHG[GKI]: usb_psy_get_prop[280]: Couldn't get prop 51 rc = -19
[    1.444122] OPLUS_CHG[GKI]: battery_psy_get_prop[545]: Couldn't get prop 0 rc = -19
[    1.444125] OPLUS_CHG[GKI]: battery_psy_get_prop[545]: Couldn't get prop 0 rc = -19
[    1.444128] OPLUS_CHG[GKI]: battery_psy_get_prop[545]: Couldn't get prop 2 rc = -19
[    1.444130] OPLUS_CHG[GKI]: battery_psy_get_prop[545]: Couldn't get prop 3 rc = -19
[    1.444132] OPLUS_CHG[GKI]: battery_psy_get_prop[545]: Couldn't get prop 1 rc = -19
[    1.444134] OPLUS_CHG[GKI]: battery_psy_get_prop[545]: Couldn't get prop 46 rc = -19
[    1.444136] OPLUS_CHG[GKI]: battery_psy_get_prop[545]: Couldn't get prop 14 rc = -19
[    1.444139] OPLUS_CHG[GKI]: battery_psy_get_prop[545]: Couldn't get prop 12 rc = -19
[    1.444141] OPLUS_CHG[GKI]: battery_psy_get_prop[545]: Couldn't get prop 8 rc = -19
[    1.444143] OPLUS_CHG[GKI]: battery_psy_get_prop[545]: Couldn't get prop 17 rc = -19
[    1.444145] OPLUS_CHG[GKI]: battery_psy_get_prop[545]: Couldn't get prop 33 rc = -19
[    1.444147] OPLUS_CHG[GKI]: battery_psy_get_prop[545]: Couldn't get prop 34 rc = -19
[    1.444149] OPLUS_CHG[GKI]: battery_psy_get_prop[545]: Couldn't get prop 51 rc = -19
[    1.444152] OPLUS_CHG[GKI]: battery_psy_get_prop[545]: Couldn't get prop 6 rc = -19
[    1.444154] OPLUS_CHG[GKI]: battery_psy_get_prop[545]: Couldn't get prop 28 rc = -19
[    1.444156] OPLUS_CHG[GKI]: battery_psy_get_prop[545]: Couldn't get prop 7 rc = -19
[    1.444158] OPLUS_CHG[GKI]: battery_psy_get_prop[545]: Couldn't get prop 22 rc = -19
[    1.444160] OPLUS_CHG[GKI]: battery_psy_get_prop[545]: Couldn't get prop 24 rc = -19
[    1.444162] OPLUS_CHG[GKI]: battery_psy_get_prop[545]: Couldn't get prop 72 rc = -19
[    1.444165] OPLUS_CHG[GKI]: battery_psy_get_prop[545]: Couldn't get prop 62 rc = -19
[    1.444167] OPLUS_CHG[GKI]: battery_psy_get_prop[545]: Couldn't get prop 61 rc = -19
[    1.444169] OPLUS_CHG[GKI]: battery_psy_get_prop[545]: Couldn't get prop 60 rc = -19
[    1.444172] OPLUS_CHG[GKI]: battery_psy_get_prop[545]: Couldn't get prop 20 rc = -19
[    1.444174] OPLUS_CHG[GKI]: battery_psy_get_prop[545]: Couldn't get prop 21 rc = -19
[    1.444176] OPLUS_CHG[GKI]: battery_psy_get_prop[545]: Couldn't get prop 26 rc = -19
[    1.444178] OPLUS_CHG[GKI]: battery_psy_get_prop[545]: Couldn't get prop 9 rc = -19
[    1.444181] OPLUS_CHG[GKI]: battery_psy_get_prop[545]: Couldn't get prop 46 rc = -19
[    1.444183] bcl_soc:bcl_read_soc battery percentage read error:-61
[    1.451464] spmi spmi-0: disallowed SPMI write to sid=3, addr=0x8940
[    1.451468] qcom-spmi-gpio c440000.qcom,spmi:qcom,pm8350b@3:pinctrl@8800: write 0x40 failed
[    1.451471] qcom-spmi-adc5 c440000.qcom,spmi:qcom,pmk8350@0:vadc@3100: Error applying setting, reverse things back
[    1.451835] qcom-llcc-pmu 9095000.llcc-pmu: Registered llcc_pmu, type: 9
[    1.453472] coresight-stm 6002000.stm: coresight-stm : stm_register_device failed, probing deferred
[    1.457405] coresight-dummy soc:dummy_sink: Dummy device initialized
[    1.457435] coresight-dummy soc:tpdm@6b46000: Dummy device initialized
[    1.457475] coresight-dummy soc:dummy_source: Dummy device initialized
[    1.457517] coresight-dummy soc:tpdm@69810000: Dummy device initialized
[    1.457644] coresight-remote-etm soc:modem2_etm0: Remote ETM initialized
[    1.457694] coresight-remote-etm soc:modem_etm0: Remote ETM initialized
[    1.457742] coresight-remote-etm soc:turing_etm0: Remote ETM initialized
[    1.457776] coresight-remote-etm soc:audio_etm0: Remote ETM initialized
[    1.457817] coresight-remote-etm soc:ssc_etm0: Remote ETM initialized
[    1.457898] coresight-csr 6001000.csr: CSR initialized: coresight-csr
[    1.457929] coresight-csr 6b0f000.csr: CSR initialized: coresight-swao-csr
[    1.458134] gnss: GNSS driver registered with major 495
[    1.458248] KernelSU: feature: feature management initialized
[    1.458250] KernelSU: KernelSU IOCTL Commands:
[    1.458253] KernelSU:   GRANT_ROOT         = 0x00004b01
[    1.458255] KernelSU:   GET_INFO           = 0x80004b02
[    1.458257] KernelSU:   REPORT_EVENT       = 0x40004b03
[    1.458259] KernelSU:   SET_SEPOLICY       = 0xc0004b04
[    1.458261] KernelSU:   CHECK_SAFEMODE     = 0x80004b05
[    1.458264] KernelSU:   GET_ALLOW_LIST     = 0xc0004b06
[    1.458266] KernelSU:   GET_DENY_LIST      = 0xc0004b07
[    1.458267] KernelSU:   UID_GRANTED_ROOT   = 0xc0004b08
[    1.458270] KernelSU:   UID_SHOULD_UMOUNT  = 0xc0004b09
[    1.458271] KernelSU:   GET_MANAGER_APPID  = 0x80004b0a
[    1.458274] KernelSU:   GET_APP_PROFILE    = 0xc0004b0b
[    1.458276] KernelSU:   SET_APP_PROFILE    = 0x40004b0c
[    1.458278] KernelSU:   GET_FEATURE        = 0xc0004b0d
[    1.458280] KernelSU:   SET_FEATURE        = 0x40004b0e
[    1.458282] KernelSU:   GET_WRAPPER_FD     = 0x40004b0f
[    1.458283] KernelSU:   MANAGE_MARK        = 0xc0004b10
[    1.458286] KernelSU:   NUKE_EXT4_SYSFS    = 0x40004b11
[    1.458287] KernelSU:   ADD_TRY_UMOUNT     = 0x40004b12
[    1.458289] KernelSU:   GET_HOOK_MODE      = 0x80004b62
[    1.458291] KernelSU:   GET_VERSION_TAG    = 0x80004b63
[    1.458294] KernelSU: sulog_init: allocated 2000 bytes on 0x000000003914a742 
[    1.458297] KernelSU: feature: registered handler for kernel_umount (id=1)
[    1.458300] KernelSU: feature: registered handler for su_compat (id=0)
[    1.458302] KernelSU: feature: registered handler for avc_spoof (id=10003)
[    1.458306] susfs:[0][1][susfs_init] susfs is initialized! version: v2.0.0 
[    1.458416] susfs:[0][245][susfs_sdcard_monitor_thread] start monitoring path '/data/media/0/Android' using fsnotify
[    1.458421] usbcore: registered new interface driver snd-usb-audio
[    1.458481] susfs:[0][245][sdcard_watch_one_dir] path not ready: /data/media/0 (-2)
[    1.458487] susfs:[0][245][susfs_sdcard_monitor_thread] sdcard monitor ret: -2
[    1.458595] msm_vidc:   err : ffffffff: .....: Failed to create debugfs for msm_vidc
[    1.458732] u32 classifier
[    1.458735] input device check on
[    1.458736] Actions configured
[    1.458993] xt_time: kernel timezone is -0000
[    1.459030] ipip: IPv4 and MPLS over IPv4 tunneling driver
[    1.459118] gre: GRE over IPv4 demultiplexor driver
[    1.459120] ip_gre: GRE over IPv4 tunneling driver
[    1.459236] IPv4 over IPsec tunneling driver
[    1.459327] iptable_raw: Enabling raw table before defrag
[    1.459362] Initializing XFRM netlink socket
[    1.459367] IPsec XFRM device driver
[    1.459441] NET: Registered protocol family 10
[    1.459729] Segment Routing with IPv6
[    1.459755] mip6: Mobile IPv6
[    1.459791] ip6table_raw: Enabling raw table before defrag
[    1.459867] sit: IPv6, IPv4 and MPLS over IPv4 tunneling driver
[    1.459962] ip6_gre: GRE over IPv6 tunneling driver
[    1.460047] NET: Registered protocol family 17
[    1.460054] NET: Registered protocol family 15
[    1.460161] Bluetooth: RFCOMM TTY layer initialized
[    1.460164] Bluetooth: RFCOMM socket layer initialized
[    1.460166] Bluetooth: RFCOMM ver 1.11
[    1.460169] Bluetooth: HIDP (Human Interface Emulation) ver 1.2
[    1.460171] Bluetooth: HIDP socket layer initialized
[    1.460175] l2tp_core: L2TP core driver, V2.0
[    1.460178] l2tp_ppp: PPPoL2TP kernel driver, V2.0
[    1.460181] tipc: Activated (version 2.0.0)
[    1.460201] NET: Registered protocol family 30
[    1.460220] tipc: Started in single node mode
[    1.460375] qcom_haven_qrtr soc:qrtr-haven: failed to raise doorbell -11
[    1.460489] No device name found in device tree.
[    1.460927] registered taskstats version 1
[    1.460932] Loading compiled-in X.509 certificates
[    1.460940] dynamic fsync: enabled
[    1.460954] Key type ._fscrypt registered
[    1.460956] Key type .fscrypt registered
[    1.460958] Key type fscrypt-provisioning registered
[    1.461066] pstore: Using crash dump compression: deflate
[    1.462624] spss_utils [spss_parse_dt]: iar_buf_addr [0x8b600000].
[    1.463091] Unable to map memory for DT property: dload_mode
[    1.466458] cnss: use-pm-domain is 1
[    1.466468] cnss: set_wlaon_pwr_ctrl is 0
[    1.466477] cnss: TCS CMD base address is 0x000000000b2e5510 with length 0x0000000000000690
[    1.466489] cnss: CommandDB name is not present for CPR
[    1.466659] cnss: Got regulator: vdd-wlan-io, min_uv: 1800000, max_uv: 1800000, load_ua: 0, delay_us: 0, need_unvote: 1
[    1.466872] cnss: Got regulator: wlan-ant-switch, min_uv: 2800000, max_uv: 2800000, load_ua: 0, delay_us: 0, need_unvote: 0
[    1.466962] cnss: Got regulator: vdd-wlan-aon, min_uv: 950000, max_uv: 952000, load_ua: 0, delay_us: 0, need_unvote: 1
[    1.467017] cnss: Got regulator: vdd-wlan-dig, min_uv: 950000, max_uv: 952000, load_ua: 0, delay_us: 0, need_unvote: 1
[    1.467084] cnss: Got regulator: vdd-wlan-rfa1, min_uv: 1880000, max_uv: 2000000, load_ua: 0, delay_us: 0, need_unvote: 1
[    1.467137] cnss: Got regulator: vdd-wlan-rfa2, min_uv: 1350000, max_uv: 1350000, load_ua: 0, delay_us: 0, need_unvote: 1
[    1.467178] cnss: Failed to get optional clock rf_clk, err = -2
[    1.467306] cnss: BT GPIO: 373
[    1.467320] cnss: Switch control GPIO: 461
[    1.467335] cnss: ICC Path_Count: 2 BW_CFG_Count: 7
[    1.467360] cnss: ICC Vote CFG for path: pcie_to_memnoc
[    1.467366] cnss: ICC Vote BW: 0 avg: 0 peak: 0
[    1.467370] cnss: ICC Vote BW: 1 avg: 2250 peak: 390000
[    1.467374] cnss: ICC Vote BW: 2 avg: 7500 peak: 390000
[    1.467379] cnss: ICC Vote BW: 3 avg: 30000 peak: 790000
[    1.467383] cnss: ICC Vote BW: 4 avg: 100000 peak: 790000
[    1.467387] cnss: ICC Vote BW: 5 avg: 175000 peak: 1600000
[    1.467391] cnss: ICC Vote BW: 6 avg: 7500 peak: 390000
[    1.467424] cnss: ICC Vote CFG for path: memnoc_to_ddr
[    1.467428] cnss: ICC Vote BW: 0 avg: 0 peak: 0
[    1.467432] cnss: ICC Vote BW: 1 avg: 2250 peak: 1804800
[    1.467437] cnss: ICC Vote BW: 2 avg: 7500 peak: 1804800
[    1.467441] cnss: ICC Vote BW: 3 avg: 30000 peak: 1804800
[    1.467445] cnss: ICC Vote BW: 4 avg: 100000 peak: 1804800
[    1.467449] cnss: ICC Vote BW: 5 avg: 175000 peak: 6220800
[    1.467454] cnss: ICC Vote BW: 6 avg: 7500 peak: 2188800
[    1.467650] cnss: Regulator vdd-wlan-io is being enabled
[    1.467747] cnss: Regulator wlan-ant-switch is being enabled
[    1.468106] cnss: Regulator vdd-wlan-aon is being enabled
[    1.468684] cnss: Regulator vdd-wlan-dig is being enabled
[    1.468777] cnss: Regulator vdd-wlan-rfa1 is being enabled
[    1.468873] cnss: Regulator vdd-wlan-rfa2 is being enabled
[    1.468968] cnss: De-assert WLAN_EN GPIO successfully
[    1.472593] disp_cc_pll0 PLL is already enabled
[    1.473013] disp_cc-lahaina af00000.qcom,dispcc: Registered DISP CC clocks
[    1.473249] cam_cc_bps_gdsc: supplied by pm8350c_s8_level
[    1.473437] cam_cc_ife_0_gdsc: supplied by pm8350c_s8_level
[    1.473619] cam_cc_ife_1_gdsc: supplied by pm8350c_s8_level
[    1.473803] cam_cc_ife_2_gdsc: supplied by pm8350c_s8_level
[    1.473990] cam_cc_ipe_0_gdsc: supplied by pm8350c_s8_level
[    1.474003] cnss: BT_EN_GPIO State: Off. Delay WLAN_GPIO enable
[    1.474173] cam_cc_sbi_gdsc: supplied by pm8350c_s8_level
[    1.474397] cam_cc_titan_top_gdsc: supplied by pm8350c_s8_level
[    1.474586] disp_cc_mdss_core_gdsc: supplied by pm8350c_s8_level
[    1.474808] video_cc_mvs0_gdsc: supplied by pm8350c_s8_level
[    1.474993] video_cc_mvs0c_gdsc: supplied by pm8350c_s8_level
[    1.475182] video_cc_mvs1_gdsc: supplied by pm8350c_s8_level
[    1.475370] video_cc_mvs1c_gdsc: supplied by pm8350c_s8_level
[    1.482880] gsi soc:qcom,msm_gsi: gsi_pending_irq_type:3076 no client registered
[    1.483203] rmnet_ipa3 started initialization
[    1.507818] arm-smmu 15000000.apps-smmu: 	coherent table walk
[    1.507823] arm-smmu 15000000.apps-smmu: 	stream matching with 89 register groups
[    1.508647] msm-dwc3 a600000.ssusb: Adding to iommu group 1
[    1.509382] dwc3 a600000.dwc3: changing max_speed on rev 00000000
[    1.510154] usb_bam_init: setting SPS_BAM_SMMU_EN flag with (a704000.qcom,usbbam)
[    1.510182] sps:BAM 0x000000000a704000 is registered
[    1.510234] msm-dwc3 a600000.ssusb: Nominal values not found.
[    1.510236] msm-dwc3 a600000.ssusb: Dynamic voting failed
[    1.510252] msm-dwc3 a600000.ssusb: IRQ hs_phy_irq not found
[    1.510655] msm-dwc3 a600000.ssusb: IRQ dp_hs_phy_irq1 not found
[    1.510658] msm-dwc3 a600000.ssusb: IRQ dm_hs_phy_irq1 not found
[    1.510660] msm-dwc3 a600000.ssusb: IRQ ss_phy_irq1 not found
[    1.510712] dwc3_msm_probe, init oplus_dev
[    1.510965] msm_vidc:   err : ffffffff: .....: no device Registered
[    1.511205] msm_vidc:   err : ffffffff: .....: Failed to create debugfs for msm_vidc
[    1.511921] msm_vidc_v4l2 aa00000.qcom,vidc:non_secure_cb: Adding to iommu group 2
[    1.512944] msm_vidc_v4l2 aa00000.qcom,vidc:secure_non_pixel_cb: Adding to iommu group 3
[    1.513855] msm_vidc_v4l2 aa00000.qcom,vidc:secure_bitstream_cb: Adding to iommu group 4
[    1.514750] msm_vidc_v4l2 aa00000.qcom,vidc:secure_pixel_cb: Adding to iommu group 5
[    1.515129] spmi_pmic_arb_debug 6b12000.qcom,spmi-debug: SPMI PMIC arbiter debug bus disabled by fuse
[    1.515495] coresight-tmc 6048000.tmc: Adding to iommu group 6
[    1.515732] sps:BAM 0x0000000006064000 is registered
[    1.515913] coresight-stm 6002000.stm: STM32 initialized
[    1.517099] kgsl-3d 3d00000.qcom,kgsl-3d0: bound 3d6a000.qcom,gmu (ops a6xx_gmu_component_ops)
[    1.519317] platform 3da0000.qcom,kgsl-iommu:gfx3d_user: Adding to iommu group 7
[    1.520163] platform 3da0000.qcom,kgsl-iommu:gfx3d_lpac: Adding to iommu group 8
[    1.520799] platform 3da0000.qcom,kgsl-iommu:gfx3d_secure: Adding to iommu group 9
[    1.522696] msm_cvp:  err: Failed to create debugfs for msm_cvp
[    1.524578] msm_cvp ab00000.qcom,cvp:cvp_non_secure_cb: Adding to iommu group 10
[    1.525500] msm_cvp ab00000.qcom,cvp:cvp_secure_nonpixel_cb: Adding to iommu group 11
[    1.526402] msm_cvp ab00000.qcom,cvp:cvp_secure_pixel_cb: Adding to iommu group 12
[    1.526983] msm_cvp ab00000.qcom,cvp:qcom,msm-cvp,mem_cdsp: assigned reserved memory node cdsp_region
[    1.527215] sdpm-clk-notify 636000.mx_sdpm: 636000.mx_sdpm supply gcc_gp1 not found, using dummy regulator
[    1.527306] sdpm-clk-notify 634000.cx_sdpm: 634000.cx_sdpm supply ufs_phy not found, using dummy regulator
[    1.528391] gpi_dma 900000.qcom,gpi-dma: Adding to iommu group 13
[    1.528868] gpi_dma a00000.qcom,gpi-dma: Adding to iommu group 14
[    1.529384] gpi_dma 800000.qcom,gpi-dma: Adding to iommu group 15
[    1.529781] minidump-id not found for ipa_fws
[    1.529805] subsys-pil-tz soc:qcom,ipa_fws: for ipa_fws segments only will be dumped.
[    1.529823] subsys-pil-tz soc:qcom,ipa_fws: for md_ipa_fws segments only will be dumped.
[    1.529897] minidump-id not found for evass
[    1.529909] subsys-pil-tz abb0000.qcom,evass: for evass segments only will be dumped.
[    1.529924] subsys-pil-tz abb0000.qcom,evass: for md_evass segments only will be dumped.
[    1.529986] minidump-id not found for trustedvm
[    1.530000] subsys-pil-tz soc:qcom,trustedvm@d0800000: for trustedvm segments only will be dumped.
[    1.530031] subsys-pil-tz soc:qcom,trustedvm@d0800000: for md_trustedvm segments only will be dumped.
[    1.530095] minidump-id not found for a660_zap
[    1.530107] subsys-pil-tz soc:qcom,kgsl-hyp: for a660_zap segments only will be dumped.
[    1.530118] subsys-pil-tz soc:qcom,kgsl-hyp: for md_a660_zap segments only will be dumped.
[    1.530354] hh_msgq: Registered client for label: 1
[    1.530565] fastrpc soc:qcom,msm_fastrpc:qcom,msm_fastrpc_compute_cb1: Adding to iommu group 16
[    1.530775] fastrpc soc:qcom,msm_fastrpc:qcom,msm_fastrpc_compute_cb2: Adding to iommu group 17
[    1.530982] fastrpc soc:qcom,msm_fastrpc:qcom,msm_fastrpc_compute_cb3: Adding to iommu group 18
[    1.531183] fastrpc soc:qcom,msm_fastrpc:qcom,msm_fastrpc_compute_cb4: Adding to iommu group 19
[    1.531387] fastrpc soc:qcom,msm_fastrpc:qcom,msm_fastrpc_compute_cb5: Adding to iommu group 20
[    1.531591] fastrpc soc:qcom,msm_fastrpc:qcom,msm_fastrpc_compute_cb6: Adding to iommu group 21
[    1.531796] fastrpc soc:qcom,msm_fastrpc:qcom,msm_fastrpc_compute_cb7: Adding to iommu group 22
[    1.531998] fastrpc soc:qcom,msm_fastrpc:qcom,msm_fastrpc_compute_cb8: Adding to iommu group 23
[    1.532482] fastrpc soc:qcom,msm_fastrpc:qcom,msm_fastrpc_compute_cb9: Adding to iommu group 24
[    1.532698] fastrpc soc:qcom,msm_fastrpc:qcom,msm_fastrpc_compute_cb10: Adding to iommu group 25
[    1.532899] fastrpc soc:qcom,msm_fastrpc:qcom,msm_fastrpc_compute_cb11: Adding to iommu group 26
[    1.533093] fastrpc soc:qcom,msm_fastrpc:qcom,msm_fastrpc_compute_cb12: Adding to iommu group 27
[    1.533288] fastrpc soc:qcom,msm_fastrpc:qcom,msm_fastrpc_compute_cb13: Adding to iommu group 28
[    1.533479] fastrpc soc:qcom,msm_fastrpc:qcom,msm_fastrpc_compute_cb14: Adding to iommu group 29
[    1.533675] fastrpc soc:qcom,msm_fastrpc:qcom,msm_fastrpc_compute_cb15: Adding to iommu group 30
[    1.533881] fastrpc soc:qcom,msm_fastrpc:qcom,msm_fastrpc_compute_cb16: Adding to iommu group 31
[    1.534082] fastrpc soc:qcom,msm_fastrpc:qcom,msm_fastrpc_compute_cb17: Adding to iommu group 32
[    1.534281] fastrpc soc:qcom,msm_fastrpc:qcom,msm_fastrpc_compute_cb18: Adding to iommu group 33
[    1.534485] fastrpc soc:qcom,msm_fastrpc:qcom,msm_fastrpc_compute_cb19: Adding to iommu group 34
[    1.534566] OPLUS_CHG[COMM]: oplus_chg_comm_parse_dt[1084]: wkcs: temp thr = 0, 0, 50, 120, 160, 450, 500
[    1.534617] OPLUS_CHG[COMM]: oplus_chg_comm_driver_probe[2297]: probe done
[    1.562479] qce 1de0000.qcedev: Adding to iommu group 35
[    1.562610] QCE50: __qce_get_device_tree_data: CE operating frequency is not defined, setting to default 100MHZ
[    1.562701] qce 1de0000.qcedev: QTI Crypto 5.6.0 device found @0x1de0000
[    1.562741] sps:BAM 0x0000000001dc4000 is registered
[    1.562772] sps:BAM 0x0000000001dc4000 (va:0x000000000b3e48f6) enabled: ver:0x27, number of pipes:16
[    1.562822] QCE50: qce_sps_init:  QTI MSM CE-BAM at 0x0000000001dc4000 irq 40
[    1.563683] qce 1de0000.qcedev:qcom_cedev_ns_cb: Adding to iommu group 36
[    1.564718] qce 1de0000.qcedev:qcom_cedev_s_cb: Adding to iommu group 37
[    1.564928] qcrypto 1de0000.qcrypto: Adding to iommu group 38
[    1.565036] QCE50: __qce_get_device_tree_data: CE operating frequency is not defined, setting to default 100MHZ
[    1.565119] qcrypto 1de0000.qcrypto: QTI Crypto 5.6.0 device found @0x1de0000
[    1.565175] QCE50: qce_sps_init:  QTI MSM CE-BAM at 0x0000000001dc4000 irq 40
[    1.565345] qcrypto 1de0000.qcrypto: qcrypto-ecb-aes
[    1.565462] qcrypto 1de0000.qcrypto: qcrypto-cbc-aes
[    1.565547] qcrypto 1de0000.qcrypto: qcrypto-ctr-aes
[    1.565629] qcrypto 1de0000.qcrypto: qcrypto-ecb-des
[    1.565733] qcrypto 1de0000.qcrypto: qcrypto-cbc-des
[    1.565826] qcrypto 1de0000.qcrypto: qcrypto-ecb-3des
[    1.565909] qcrypto 1de0000.qcrypto: qcrypto-cbc-3des
[    1.565997] qcrypto 1de0000.qcrypto: qcrypto-xts-aes
[    1.566085] qcrypto 1de0000.qcrypto: qcrypto-sha1
[    1.566169] qcrypto 1de0000.qcrypto: qcrypto-sha256
[    1.566253] qcrypto 1de0000.qcrypto: qcrypto-aead-hmac-sha1-cbc-aes
[    1.566338] qcrypto 1de0000.qcrypto: qcrypto-aead-hmac-sha1-cbc-des
[    1.566427] qcrypto 1de0000.qcrypto: qcrypto-aead-hmac-sha1-cbc-3des
[    1.566519] qcrypto 1de0000.qcrypto: qcrypto-aead-hmac-sha256-cbc-aes
[    1.566604] qcrypto 1de0000.qcrypto: qcrypto-aead-hmac-sha256-cbc-des
[    1.566692] qcrypto 1de0000.qcrypto: qcrypto-aead-hmac-sha256-cbc-3des
[    1.566795] qcrypto 1de0000.qcrypto: qcrypto-hmac-sha1
[    1.566883] qcrypto 1de0000.qcrypto: qcrypto-hmac-sha256
[    1.566972] qcrypto 1de0000.qcrypto: qcrypto-aes-ccm
[    1.567057] qcrypto 1de0000.qcrypto: qcrypto-rfc4309-aes-ccm
[    1.567457] uaudio-qmi soc:usb_audio_qmi_dev: Adding to iommu group 39
[    1.567793] spss_utils [spss_parse_dt]: iar_buf_addr [0x8b600000].
[    1.568408] qupv3_geni_se 9c0000.qcom,qupv3_0_geni_se: Adding to iommu group 40
[    1.568682] qupv3_geni_se ac0000.qcom,qupv3_1_geni_se: Adding to iommu group 41
[    1.568948] qupv3_geni_se 8c0000.qcom,qupv3_2_geni_se: Adding to iommu group 42
[    1.569324] minidump-id not found for spss
[    1.570677] ufshcd-qcom 1d84000.ufshc: Adding to iommu group 43
[    1.570859] ufshcd-qcom 1d84000.ufshc: ufshcd_populate_vreg: unable to find vdd-hba-max-microamp
[    1.570867] ufshcd-qcom 1d84000.ufshc: ufshcd_populate_vreg: Unable to find vccq2-supply regulator, assuming enabled
[    1.571213] ufshcd-qcom 1d84000.ufshc: -- Registered bus voting! (0) --
[    1.571800] scsi host0: ufshcd
[    1.578551] ufshcd-qcom 1d84000.ufshc: *** This is ../../../../../../kernel/oneplus/sm8350/drivers/scsi/ufs/ufshcd.c ***
[    1.578977] minidump-id not found for slpi
[    1.579203] pci-msm 1c00000.qcom,pcie: PCIe: msm_pcie_probe
[    1.579345] pci-msm 1c00000.qcom,pcie: 1c00000.qcom,pcie supply vreg-3p3 not found, using dummy regulator
[    1.579406] pci-msm 1c00000.qcom,pcie: 1c00000.qcom,pcie supply vreg-mx not found, using dummy regulator
[    1.579455] gpio gpiochip0: (f000000.pinctrl): allocate IRQ 321, hwirq 96
[    1.579458] gpio gpiochip0: (f000000.pinctrl): found parent hwirq 148
[    1.579462] gpio gpiochip0: (f000000.pinctrl): alloc_irqs_parent for 321 parent hwirq 148
[    1.579486] msm_pcie_get_reg: PCIe: RC0: no mhi resource found.
[    1.579489] msm_pcie_get_reg: PCIe: RC0: no tcsr resource found.
[    1.579491] msm_pcie_get_reg: PCIe: RC0: no rumi resource found.
[    1.580518] i2c_geni 980000.i2c: Bus frequency is set to 400000Hz.
[    1.581894] gpio gpiochip0: (f000000.pinctrl): allocate IRQ 327, hwirq 7
[    1.581897] gpio gpiochip0: (f000000.pinctrl): found parent hwirq 82
[    1.581900] gpio gpiochip0: (f000000.pinctrl): alloc_irqs_parent for 327 parent hwirq 82
[    1.581962] gpio gpiochip0: (f000000.pinctrl): allocate IRQ 328, hwirq 116
[    1.581964] gpio gpiochip0: (f000000.pinctrl): found parent hwirq 106
[    1.581966] gpio gpiochip0: (f000000.pinctrl): alloc_irqs_parent for 328 parent hwirq 106
[    1.582821] gpio gpiochip0: (f000000.pinctrl): allocate IRQ 329, hwirq 26
[    1.582824] gpio gpiochip0: (f000000.pinctrl): found parent hwirq 86
[    1.582826] gpio gpiochip0: (f000000.pinctrl): alloc_irqs_parent for 329 parent hwirq 86
[    1.587106] cnss: Assert WLAN_EN GPIO successfully
[    1.587119] cnss: no default_gen_speed, use gen2
[    1.587124] cnss: Set pci link speed: 2
[    1.587134] cnss: Trying to enumerate with PCIe RC0
[    1.587151] msm_pcie_enable: PCIe: Assert the reset of endpoint of RC0.
[    1.590016] ufshcd-qcom 1d84000.ufshc: ufshcd_print_pwr_info:[RX, TX]: gear=[1, 1], lane[1, 1], pwr[SLOWAUTO_MODE, SLOWAUTO_MODE], rate = 0
[    1.590459] msm_pcie_enable: PCIe: RC0: PCIE20_PARF_INT_ALL_MASK: 0x7f80c202
[    1.592604] pcie_phy_init: PCIe RC0 PHY is ready!
[    1.596259] OPLUS_CHG[HL7227]: hl7227_hardware_init[230]: hl7227 version is 0xa8
[    1.597700] i2c_geni 980000.i2c: I2C probed
[    1.597817] i2c_geni 988000.i2c: Bus frequency is set to 100000Hz.
[    1.598656] i2c_geni 988000.i2c: i2c error :-107
[    1.598660] bq27541_i2c_txsubcmd write err, rc = -107
[    1.600806] bq_present, ret=0, flag=25099
[    1.602636] msm_pcie_enable: PCIe: Release the reset of endpoint of RC0.
[    1.610798] bq27541-battery 8-0055: DEVICE_TYPE is 0xFFA5, FIRMWARE_VERSION is 0xFFA5
[    1.610800] bq27541-battery 8-0055: 2020 0924 param
[    1.610804] [OPLUS_CHG][bq27541_driver_probe]bq27541_driver_probe success
[    1.611329] [OPLUS_CHG][rk826_driver_probe]oplus_warp_fw_type_dt batt_type_4400 is 1,warp_fw_type = 0x5
[    1.611332] [OPLUS_CHG][rk826_driver_probe]qcom,warp_reply_mcu_bits is 7
[    1.611334] [OPLUS_CHG][rk826_driver_probe]qcom,warp_cool_bat_volt is 3450
[    1.611336] [OPLUS_CHG][rk826_driver_probe]qcom,warp_little_cool_bat_volt is 3400
[    1.611339] [OPLUS_CHG][rk826_driver_probe]qcom,warp_normal_bat_volt is 3350
[    1.611341] [OPLUS_CHG][rk826_driver_probe]qcom,warp_warm_bat_volt is 3300
[    1.611343] [OPLUS_CHG][rk826_driver_probe]qcom,warp_cool_bat_suspend_volt is 3450
[    1.611346] [OPLUS_CHG][rk826_driver_probe]qcom,warp_little_cool_bat_suspend_volt is 3400
[    1.611348] [OPLUS_CHG][rk826_driver_probe]qcom,warp_normal_bat_suspend_volt is 3350
[    1.611350] [OPLUS_CHG][rk826_driver_probe]qcom,warp_warm_bat_suspend_volt is 3300
[    1.611364] [OPLUS_CHG][rk826_driver_probe]rk826 success
[    1.611877] [OPLUS_CHG][op10_driver_probe]oplus_warp_fw_type_dt batt_type_4400 is 1,warp_fw_type = 0x5
[    1.611880] [OPLUS_CHG][op10_driver_probe]qcom,warp_reply_mcu_bits is 7
[    1.611881] [OPLUS_CHG][op10_driver_probe]qcom,warp_cool_bat_volt is 3450
[    1.611883] [OPLUS_CHG][op10_driver_probe]qcom,warp_little_cool_bat_volt is 3400
[    1.611885] [OPLUS_CHG][op10_driver_probe]qcom,warp_normal_bat_volt is 3350
[    1.611887] [OPLUS_CHG][op10_driver_probe]qcom,warp_warm_bat_volt is 3300
[    1.611889] [OPLUS_CHG][op10_driver_probe]qcom,warp_cool_bat_suspend_volt is 3450
[    1.611891] [OPLUS_CHG][op10_driver_probe]qcom,warp_little_cool_bat_suspend_volt is 3400
[    1.611893] [OPLUS_CHG][op10_driver_probe]qcom,warp_normal_bat_suspend_volt is 3350
[    1.611895] [OPLUS_CHG][op10_driver_probe]qcom,warp_warm_bat_suspend_volt is 3300
[    1.611906] [OPLUS_CHG][op10_driver_probe]op10 success
[    1.611915] i2c_geni 988000.i2c: I2C probed
[    1.612010] i2c_geni 990000.i2c: Bus frequency is set to 400000Hz.
[    1.613776] gpio gpiochip0: (f000000.pinctrl): allocate IRQ 330, hwirq 23
[    1.613779] gpio gpiochip0: (f000000.pinctrl): found parent hwirq 84
[    1.613782] gpio gpiochip0: (f000000.pinctrl): alloc_irqs_parent for 330 parent hwirq 84
[    1.613788] [TP]synaptics-s3908: syna_tcm_probe: enter
[    1.613864] [TP]synaptics-s3908: syna_tcm_probe read_length:9
[    1.613931] [TP]touchpanel: register_common_touch_device  is called
[    1.613933] [TP]touchpanel: ts->tp_index not specified
[    1.613935] [TP]touchpanel: ts->tp_index is 0
[    1.613957] [TP0]touchpanel: init_parse_dts : irq_gpio = 331, irq_flags = 0x2008, reset_gpio = 330
[    1.613960] [TP0]touchpanel: ts->cs-gpio not specified
[    1.613980] [TP0]touchpanel: Failed to get the cs-gpio high state pinctrl
[    1.613981] [TP0]touchpanel:  Failed to get the cs-gpio low state pinctrl 
[    1.613983] [TP0]touchpanel: Failed to get the input state pinctrl handle
[    1.613985] [TP]touchpanel: Failed to get pinctrl state:oplus_spi_active, r:-19
[    1.613986] [TP]touchpanel: Failed to get pinctrl state:oplus_int_active, r:-19
[    1.613988] [TP]touchpanel: Failed to get pinctrl state:oplus_reset_active, r:-19
[    1.613989] [TP]touchpanel: success get avtive pinctrl state
[    1.613991] [TP]touchpanel: Failed to get pinctrl state:oplus_spi_suspend, r:-19
[    1.613993] [TP]touchpanel: Failed to get pinctrl state:oplus_int_suspend, r:-19
[    1.613995] [TP]touchpanel: Failed to get pinctrl state:oplus_reset_suspend, r:-19
[    1.613996] [TP]touchpanel: success get suspend pinctrl state
[    1.614007] [TP0]touchpanel: panel_type not specified, need to default 1
[    1.614009] [TP0]touchpanel: find 1 num chip in dts
[    1.614011] [TP0]touchpanel: panel_data.chip_name = S3908
[    1.614014] [TP0]touchpanel: now has 3 num panel in dts
[    1.614026] KE Project:19815, Audio:19815, nRF:12, PCB:T6
[    1.614028] OCP: 0 0x0 
[    1.614033] remove proc operatorName
[    1.614036] remove proc modemType
[    1.614039] get_project:19815, is_new_cdt:1, get_PCB_Version:22, get_Oplus_Boot_Mode:0, get_Modem_Version:12
[    1.614042] get_Operator_Version:0, get_dtsiNo:19815, get_audio_project:19815
[    1.614044] oplus project info loading finished
[    1.614046] [TP] Driver match support project [19815]
[    1.614048] [TP] match panel type OK , panel type is [8]
[    1.614051] [TP0]touchpanel: tp_type not specified
[    1.614053] [TP0]touchpanel: read firmware-data-0 firmware in dts
[    1.614053] [TP0]touchpanel: No firmware in dts !
[    1.614057] [TP0]touchpanel: ts->irq_need_dev_resume_time not specified
[    1.614059] [TP0]touchpanel: ts->irq_need_dev_resume_time = 50 ms
[    1.614061] [TP0]touchpanel: tx_num = 17, rx_num = 38 
[    1.614065] [TP0]touchpanel: LCD_WIDTH = 1440, LCD_HEIGHT = 3216, max_x = 1440, max_y = 3216, limit_witdh = 0, limit_height = 54
[    1.614067] [TP0]touchpanel: error:button-type should be setting in dts!
[    1.614068] [TP0]touchpanel: key_tx is 0, key_rx is 0
[    1.614072] [TP0]touchpanel: smooth_level_array not specified -22
[    1.614074] [TP0]touchpanel: sensitive_level_array not specified -22
[    1.614076] [TP0]touchpanel: error:game_perf_para_default should be setting in dts!
[    1.614078] [TP0]touchpanel: panel is oncell!
[    1.614081] [TP0]touchpanel: ts->high_frame_rate_time not specified or support
[    1.614087] [TP0]touchpanel: ts_check_panel_dt: panel[0] IS_ERR =1 
[    1.614091] [TP0]touchpanel: ts_check_panel_dt: panel[1] IS_ERR =1 
[    1.614094] [TP0]touchpanel: ts_check_panel_dt: panel[2] IS_ERR =1 
[    1.614096] [TP0]touchpanel: register_common_touch_device: ts_check_panel_dt failed.
[    1.614098] [TP]synaptics-s3908: Failed to init device information
[    1.614735] i2c_geni 990000.i2c: I2C probed
[    1.614864] i2c_geni a80000.i2c: Bus frequency is set to 400000Hz.
[    1.614977] i2c_geni a80000.i2c: Invalid proto 4
[    1.615059] i2c_geni a80000.i2c: I2C prepare failed: -6
[    1.615956] i2c_geni a80000.i2c: I2C probed
[    1.616079] i2c_geni a94000.i2c: Multi-EE usecase
[    1.616082] i2c_geni a94000.i2c: Bus frequency is set to 400000Hz.
[    1.619253] msm_pcie_link_train: PCIe RC0 link initialized
[    1.619299] pci-msm 1c00000.qcom,pcie: host bridge /soc/qcom,pcie@1c00000 ranges:
[    1.619332] pci-msm 1c00000.qcom,pcie:   No bus range found for /soc/qcom,pcie@1c00000, using [bus 00-ff]
[    1.619350] pci-msm 1c00000.qcom,pcie:    IO 0x60200000..0x602fffff -> 0x60200000
[    1.619365] pci-msm 1c00000.qcom,pcie:   MEM 0x60300000..0x63ffffff -> 0x60300000
[    1.619445] MSI interrupts mask disabled:1
[    1.619457] pci-msm 1c00000.qcom,pcie: MSI: qgic controller is present
[    1.620094] I2C PMIC: i2c_pmic_probe: I2C PMIC probe successful
[    1.621165] pci-msm 1c00000.qcom,pcie: PCI host bridge to bus 0000:00
[    1.621174] pci_bus 0000:00: root bus resource [bus 00-ff]
[    1.621182] pci_bus 0000:00: root bus resource [io  0x0000-0xfffff] (bus address [0x60200000-0x602fffff])
[    1.621188] pci_bus 0000:00: root bus resource [mem 0x60300000-0x63ffffff]
[    1.621236] pci 0000:00:00.0: [17cb:010c] type 01 class 0x060400
[    1.621315] pci 0000:00:00.0: reg 0x10: [mem 0x00000000-0x00000fff 64bit]
[    1.621587] pci 0000:00:00.0: PME# supported from D0 D3hot D3cold
[    1.628332] [OPLUS_CHG][oplus_warp_asic_hwid_check]chip->warp_gpio.warp_asic_id_gpio not specified
[    1.628339] [OPLUS_CHG][oplus_warp_mcu_hwid_check]chip->warp_gpio.warp_mcu_id_gpio not specified, enable stm8s
[    1.628342] [OPLUS_CHG][oplus_is_rf_ftm_mode] boot_mode:0, return false
[    1.629816] pm8008i_l1: supplied by pm8350_s12
[    1.636028] OPLUS_CHG[WLS]: oplus_chg_wls_mod_notifier_call[2482]: wls offline
[    1.640157] pm8008i_l2: Bringing 1200000uV into 1152000-1152000uV
[    1.646815] pci 0000:00:00.0: bridge configuration invalid ([bus 00-00]), reconfiguring
[    1.647115] pci 0000:01:00.0: [17cb:1103] type 00 class 0x028000
[    1.647275] pci 0000:01:00.0: reg 0x10: [mem 0x00000000-0x001fffff 64bit]
[    1.647452] pm8008i_l2: supplied by pm8350_s12
[    1.647782] pci 0000:01:00.0: PME# supported from D0 D3hot D3cold
[    1.647923] pci 0000:01:00.0: 4.000 Gb/s available PCIe bandwidth, limited by 5 GT/s x1 link at 0000:00:00.0 (capable of 7.876 Gb/s with 8 GT/s x1 link)
[    1.648663] pm8008i_l3: supplied by pm8350c_bob
[    1.650873] [OPLUS_CHG][opchg_set_reset_active_force]opchg_set_reset_active_force
[    1.652583] pm8008i_l4: supplied by pm8350c_bob
[    1.654358] pm8008i_l5: supplied by pm8350c_s1
[    1.657076] pm8008i_l6: supplied by pm8350c_bob
[    1.663642] pci_bus 0000:01: busn_res: [bus 01-ff] end is updated to 01
[    1.663655] pci 0000:00:00.0: bridge window [io  0x1000-0x0fff] to [bus 01] add_size 1000
[    1.663658] pci 0000:00:00.0: bridge window [mem 0x00100000-0x000fffff 64bit pref] to [bus 01] add_size 200000 add_align 100000
[    1.663665] pci 0000:00:00.0: BAR 8: assigned [mem 0x60400000-0x605fffff]
[    1.663667] pci 0000:00:00.0: BAR 9: assigned [mem 0x60600000-0x607fffff 64bit pref]
[    1.663670] pci 0000:00:00.0: BAR 0: assigned [mem 0x60300000-0x60300fff 64bit]
[    1.663682] pci 0000:00:00.0: BAR 7: assigned [io  0x1000-0x1fff]
[    1.663687] pci 0000:01:00.0: BAR 0: assigned [mem 0x60400000-0x605fffff 64bit]
[    1.663715] pci 0000:00:00.0: PCI bridge to [bus 01]
[    1.663718] pci 0000:00:00.0:   bridge window [io  0x1000-0x1fff]
[    1.663725] pci 0000:00:00.0:   bridge window [mem 0x60400000-0x605fffff]
[    1.663730] pci 0000:00:00.0:   bridge window [mem 0x60600000-0x607fffff 64bit pref]
[    1.664046] pci-msm-rc 0000:00:00.0: Adding to iommu group 44
[    1.664223] msm_pcie_enumerate: PCIe: RC0: has already been enumerated.
[    1.664792] pm8008i_l7: supplied by pm8350c_bob
[    1.665331] I2C PMIC: i2c_pmic_probe: I2C PMIC probe successful
[    1.665452] cnss_pci 0000:01:00.0: Adding to iommu group 45
[    1.665478] cnss: PCI is probing, vendor ID: 0x17cb, device ID: 0x1103
[    1.665484] cnss: Failed to init reserved mem device, err = -22
[    1.665575] cnss: Powerup is ignored
[    1.665585] cnss: Ramdump size 0x420000
[    1.665589] cnss2 b0000000.qcom,cnss-qca6490: for wlan segments only will be dumped.
[    1.665631] cnss: Initializing SMMU
[    1.665633] cnss: Enabling SMMU S1 stage
[    1.665635] cnss: smmu_iova_start: 0x00000000a0000000, smmu_iova_len: 0x10000000
[    1.665637] cnss: smmu_iova_ipa_start: 0x00000000b0000000, smmu_iova_ipa_len: 0x10000
[    1.665638] cnss: iommu_geometry: 0
[    1.665640] cnss: PCIe DRV is supported
[    1.665653] cnss_pci 0000:01:00.0: BAR 0: assigned [mem 0x60400000-0x605fffff 64bit]
[    1.665691] pci-msm-rc 0000:00:00.0: enabling device (0006 -> 0007)
[    1.665756] cnss_pci 0000:01:00.0: enabling device (0000 -> 0002)
[    1.665800] cnss: Set PCI DMA MASK (0xfffffffff)
[    1.666149] cnss: MSI base data is 800
[    1.666151] cnss: BAR starts at 0x0000000060400000, len-200000
[    1.666153] cnss: Assign MSI to user: MHI, num_vectors: 3, user_base_data: 800, base_vector: 0
[    1.666155] cnss: Number of assigned MSI for MHI is 3, base vector is 0
[    1.666156] cnss: Get IRQ number 331 for vector index 0
[    1.666157] cnss: Get IRQ number 332 for vector index 1
[    1.666158] cnss: Get IRQ number 333 for vector index 2
[    1.666221] i2c_geni a94000.i2c: i2c error :-107
[    1.666230] PM8008: pm8008_read: failed to read 0x0950
[    1.666236] PM8008: _pm8008_chip_is_enabled: qcom,pm8008-chip-en: failed to get chip state rc=-107
[    1.666241] PM8008: pm8008_chip_probe: Failed to register chip enable regulator rc=-107
[    1.666252] qcom,pm8008-chip: probe of a94000.i2c:pm8008j@c:pm8008-chip@900 failed with error -107
[    1.666344] cnss: Get device version info, family number: 0x4, device number: 0xc, major version: 0x1, minor version: 0x10
[    1.666347] cnss: FW name added with prefix: qca6490/amss.bin
[    1.666348] cnss: FW name is qca6490/amss.bin, FW fallback name is amss.bin
[    1.666354] cnss: Get PCI link status register: 4114
[    1.666355] cnss: Default PCI link speed is 0x2, link width is 0x1
[    1.666630] I2C PMIC: i2c_pmic_probe: I2C PMIC probe successful
[    1.667318] I2C PMIC: i2c_pmic_probe: I2C PMIC probe successful
[    1.667432] i2c_geni a94000.i2c: I2C probed
[    1.668359] msm_geni_serial 890000.qcom,qup_uart: Wakeup byte 0xfd
[    1.668427] gpio gpiochip0: (f000000.pinctrl): allocate IRQ 363, hwirq 71
[    1.668436] gpio gpiochip0: (f000000.pinctrl): found parent hwirq 134
[    1.668446] gpio gpiochip0: (f000000.pinctrl): alloc_irqs_parent for 363 parent hwirq 134
[    1.668536] msm_geni_serial 890000.qcom,qup_uart: Serial port0 added.FifoSize 64 is_console0
[    1.668549] msm_geni_serial 890000.qcom,qup_uart: Failed to create dbg dir
[    1.669065] 890000.qcom,qup_uart: ttyHS0 at MMIO 0x890000 (irq = 197, base_baud = 0) is a MSM
[    1.669533] i2c_geni 884000.i2c: Bus frequency is set to 400000Hz.
[    1.670256] gpio gpiochip0: (f000000.pinctrl): allocate IRQ 364, hwirq 87
[    1.670265] gpio gpiochip0: (f000000.pinctrl): found parent hwirq 138
[    1.670273] gpio gpiochip0: (f000000.pinctrl): alloc_irqs_parent for 364 parent hwirq 138
[    1.670300] nfc_parse_dt: irq 395
[    1.670321] nfc_parse_dt: ven 370, dwl req 394, clkreq 371
[    1.670328] qcom,sn-nci 12-0028: error reading NFC VDDIO min and max value
[    1.670334] qcom,sn-nci 12-0028: error reading NFC current value
[    1.670446] nfc_i2c_dev_probe : requesting IRQ 364
[    1.670510] nfc_ldo_config: regulator entry not present
[    1.670662] i2c_geni 884000.i2c: I2C probed
[    1.671109] i2c_geni 88c000.i2c: Bus frequency is set to 400000Hz.
[    1.671363] i2c_geni 88c000.i2c: I2C probed
[    1.671729] i2c_geni 894000.i2c: Bus frequency is set to 400000Hz.
[    1.672226] i2c_geni 894000.i2c: I2C probed
[    1.674675] ipa 1e00000.qcom,ipa:ipa_smmu_ap: Adding to iommu group 46
[    1.675031] ipa 1e00000.qcom,ipa:ipa_smmu_wlan: Adding to iommu group 47
[    1.675430] ipa 1e00000.qcom,ipa:ipa_smmu_uc: Adding to iommu group 48
[    1.675814] ipa 1e00000.qcom,ipa:ipa_smmu_11ad: Adding to iommu group 49
[    1.676528] subsys-pil-tz soc:qcom,ipa_fws: Direct firmware load for ipa_fws.mdt failed with error -2
[    1.676537] subsys-pil-tz soc:qcom,ipa_fws: Falling back to sysfs fallback for: ipa_fws.mdt
[    1.677512] minidump-id not found for venus
[    1.678225] spss_utils [spss_parse_dt]: iar_buf_addr [0x8b600000].
[    1.678302] spss_utils [spss_probe]: Probe completed successfully, [spss1p].
[    1.678442] [TP]synaptics-s3908: syna_tcm_probe: enter
[    1.678555] [TP]synaptics-s3908: syna_tcm_probe read_length:9
[    1.678663] [TP]touchpanel: register_common_touch_device  is called
[    1.678672] [TP]touchpanel: ts->tp_index not specified
[    1.678677] [TP]touchpanel: ts->tp_index is 0
[    1.678741] [TP0]touchpanel: init_parse_dts : irq_gpio = 331, irq_flags = 0x2008, reset_gpio = 330
[    1.678752] [TP0]touchpanel: ts->cs-gpio not specified
[    1.678823] [TP0]touchpanel: Failed to get the cs-gpio high state pinctrl
[    1.678829] [TP0]touchpanel:  Failed to get the cs-gpio low state pinctrl 
[    1.678834] [TP0]touchpanel: Failed to get the input state pinctrl handle
[    1.678840] [TP]touchpanel: Failed to get pinctrl state:oplus_spi_active, r:-19
[    1.678842] [TP]touchpanel: Failed to get pinctrl state:oplus_int_active, r:-19
[    1.678847] [TP]touchpanel: Failed to get pinctrl state:oplus_reset_active, r:-19
[    1.678853] [TP]touchpanel: success get avtive pinctrl state
[    1.678858] [TP]touchpanel: Failed to get pinctrl state:oplus_spi_suspend, r:-19
[    1.678863] [TP]touchpanel: Failed to get pinctrl state:oplus_int_suspend, r:-19
[    1.678868] [TP]touchpanel: Failed to get pinctrl state:oplus_reset_suspend, r:-19
[    1.678872] [TP]touchpanel: success get suspend pinctrl state
[    1.678906] [TP0]touchpanel: panel_type not specified, need to default 1
[    1.678911] [TP0]touchpanel: find 1 num chip in dts
[    1.678918] [TP0]touchpanel: panel_data.chip_name = S3908
[    1.678927] [TP0]touchpanel: now has 3 num panel in dts
[    1.678940] [TP] Driver match support project [19815]
[    1.678946] [TP] match panel type OK , panel type is [8]
[    1.678953] [TP0]touchpanel: tp_type not specified
[    1.678958] [TP0]touchpanel: read firmware-data-0 firmware in dts
[    1.678961] [TP0]touchpanel: No firmware in dts !
[    1.678971] [TP0]touchpanel: ts->irq_need_dev_resume_time not specified
[    1.678976] [TP0]touchpanel: ts->irq_need_dev_resume_time = 50 ms
[    1.678983] [TP0]touchpanel: tx_num = 17, rx_num = 38 
[    1.678992] [TP0]touchpanel: LCD_WIDTH = 1440, LCD_HEIGHT = 3216, max_x = 1440, max_y = 3216, limit_witdh = 0, limit_height = 54
[    1.678999] [TP0]touchpanel: error:button-type should be setting in dts!
[    1.679003] [TP0]touchpanel: key_tx is 0, key_rx is 0
[    1.679013] [TP0]touchpanel: smooth_level_array not specified -22
[    1.679020] [TP0]touchpanel: sensitive_level_array not specified -22
[    1.679027] [TP0]touchpanel: error:game_perf_para_default should be setting in dts!
[    1.679033] [TP0]touchpanel: panel is oncell!
[    1.679044] [TP0]touchpanel: ts->high_frame_rate_time not specified or support
[    1.679058] [TP0]touchpanel: ts_check_panel_dt: panel[0] IS_ERR =1 
[    1.679069] [TP0]touchpanel: ts_check_panel_dt: panel[1] IS_ERR =1 
[    1.679079] [TP0]touchpanel: ts_check_panel_dt: panel[2] IS_ERR =1 
[    1.679085] [TP0]touchpanel: register_common_touch_device: ts_check_panel_dt failed.
[    1.679090] [TP]synaptics-s3908: Failed to init device information
[    1.680064] cnss: Suspending PCI link
[    1.681728] [TP]synaptics-s3908: syna_tcm_probe: enter
[    1.681835] [TP]synaptics-s3908: syna_tcm_probe read_length:9
[    1.681921] [TP]touchpanel: register_common_touch_device  is called
[    1.681928] [TP]touchpanel: ts->tp_index not specified
[    1.681933] [TP]touchpanel: ts->tp_index is 0
[    1.681980] [TP0]touchpanel: init_parse_dts : irq_gpio = 331, irq_flags = 0x2008, reset_gpio = 330
[    1.681989] [TP0]touchpanel: ts->cs-gpio not specified
[    1.682048] [TP0]touchpanel: Failed to get the cs-gpio high state pinctrl
[    1.682053] [TP0]touchpanel:  Failed to get the cs-gpio low state pinctrl 
[    1.682058] [TP0]touchpanel: Failed to get the input state pinctrl handle
[    1.682062] [TP]touchpanel: Failed to get pinctrl state:oplus_spi_active, r:-19
[    1.682063] [TP]touchpanel: Failed to get pinctrl state:oplus_int_active, r:-19
[    1.682068] [TP]touchpanel: Failed to get pinctrl state:oplus_reset_active, r:-19
[    1.682072] [TP]touchpanel: success get avtive pinctrl state
[    1.682076] [TP]touchpanel: Failed to get pinctrl state:oplus_spi_suspend, r:-19
[    1.682080] [TP]touchpanel: Failed to get pinctrl state:oplus_int_suspend, r:-19
[    1.682085] [TP]touchpanel: Failed to get pinctrl state:oplus_reset_suspend, r:-19
[    1.682089] [TP]touchpanel: success get suspend pinctrl state
[    1.682115] [TP0]touchpanel: panel_type not specified, need to default 1
[    1.682120] [TP0]touchpanel: find 1 num chip in dts
[    1.682124] [TP0]touchpanel: panel_data.chip_name = S3908
[    1.682132] [TP0]touchpanel: now has 3 num panel in dts
[    1.682140] [TP] Driver match support project [19815]
[    1.682145] [TP] match panel type OK , panel type is [8]
[    1.682150] [TP0]touchpanel: tp_type not specified
[    1.682154] [TP0]touchpanel: read firmware-data-0 firmware in dts
[    1.682156] [TP0]touchpanel: No firmware in dts !
[    1.682164] [TP0]touchpanel: ts->irq_need_dev_resume_time not specified
[    1.682170] [TP0]touchpanel: ts->irq_need_dev_resume_time = 50 ms
[    1.682176] [TP0]touchpanel: tx_num = 17, rx_num = 38 
[    1.682182] [TP0]touchpanel: LCD_WIDTH = 1440, LCD_HEIGHT = 3216, max_x = 1440, max_y = 3216, limit_witdh = 0, limit_height = 54
[    1.682188] [TP0]touchpanel: error:button-type should be setting in dts!
[    1.682191] [TP0]touchpanel: key_tx is 0, key_rx is 0
[    1.682200] [TP0]touchpanel: smooth_level_array not specified -22
[    1.682207] [TP0]touchpanel: sensitive_level_array not specified -22
[    1.682214] [TP0]touchpanel: error:game_perf_para_default should be setting in dts!
[    1.682219] [TP0]touchpanel: panel is oncell!
[    1.682227] [TP0]touchpanel: ts->high_frame_rate_time not specified or support
[    1.682236] [TP0]touchpanel: ts_check_panel_dt: panel[0] IS_ERR =1 
[    1.682243] [TP0]touchpanel: ts_check_panel_dt: panel[1] IS_ERR =1 
[    1.682251] [TP0]touchpanel: ts_check_panel_dt: panel[2] IS_ERR =1 
[    1.682256] [TP0]touchpanel: register_common_touch_device: ts_check_panel_dt failed.
[    1.682261] [TP]synaptics-s3908: Failed to init device information
[    1.682681] [tri_state_key]  ist8801_up_init : call
[    1.682724] [tri_state_key]  ist8801_i2c_probe : call
[    1.682727] [tri_state_key]  ist8801_parse_dts : use default value:0x0
[    1.704220] [tri_state_key]  ist8801_get_id : id = 0x81
[    1.728670] [tri_state_key]  ist8801_reset_device : ist8801_data->origin_gain = 32
[    1.728860] [tri_state_key]  ist8801_reset_device : ist8801_data->origin_osr = 5
[    1.729051] [tri_state_key]  ist8801_reset_device : ist8801_data->origin_info = 16
[    1.729299] [tri_state_key]  ist8801_set_operation_mode : opf = 0x0
[    1.735148] [tri_state_key]  ist8801_set_operation_mode : opf = 0x70
[    1.735275] [tri_state_key]  ist8801_set_operation_mode : =OPERATION_MODE_MEASUREMENT
[    1.735277] [tri_state_key]  ist8801_set_operation_mode : opf = 0x70
[    1.737408] NFC chip_type = a4
[    1.737416] NFC fw version = 1.10.57
[    1.737479] nfc_i2c_dev_probe success
[    1.737613] [TP]synaptics-s3908: syna_tcm_probe: enter
[    1.737709] [TP]synaptics-s3908: syna_tcm_probe read_length:9
[    1.737795] [TP]touchpanel: register_common_touch_device  is called
[    1.737802] [TP]touchpanel: ts->tp_index not specified
[    1.737806] [TP]touchpanel: ts->tp_index is 0
[    1.737855] [TP0]touchpanel: init_parse_dts : irq_gpio = 331, irq_flags = 0x2008, reset_gpio = 330
[    1.737864] [TP0]touchpanel: ts->cs-gpio not specified
[    1.737923] [TP0]touchpanel: Failed to get the cs-gpio high state pinctrl
[    1.737928] [TP0]touchpanel:  Failed to get the cs-gpio low state pinctrl 
[    1.737933] [TP0]touchpanel: Failed to get the input state pinctrl handle
[    1.737937] [TP]touchpanel: Failed to get pinctrl state:oplus_spi_active, r:-19
[    1.737939] [TP]touchpanel: Failed to get pinctrl state:oplus_int_active, r:-19
[    1.737943] [TP]touchpanel: Failed to get pinctrl state:oplus_reset_active, r:-19
[    1.737947] [TP]touchpanel: success get avtive pinctrl state
[    1.737951] [TP]touchpanel: Failed to get pinctrl state:oplus_spi_suspend, r:-19
[    1.737955] [TP]touchpanel: Failed to get pinctrl state:oplus_int_suspend, r:-19
[    1.737960] [TP]touchpanel: Failed to get pinctrl state:oplus_reset_suspend, r:-19
[    1.737964] [TP]touchpanel: success get suspend pinctrl state
[    1.737989] [TP0]touchpanel: panel_type not specified, need to default 1
[    1.737994] [TP0]touchpanel: find 1 num chip in dts
[    1.737999] [TP0]touchpanel: panel_data.chip_name = S3908
[    1.738006] [TP0]touchpanel: now has 3 num panel in dts
[    1.738015] [TP] Driver match support project [19815]
[    1.738020] [TP] match panel type OK , panel type is [8]
[    1.738025] [TP0]touchpanel: tp_type not specified
[    1.738029] [TP0]touchpanel: read firmware-data-0 firmware in dts
[    1.738031] [TP0]touchpanel: No firmware in dts !
[    1.738039] [TP0]touchpanel: ts->irq_need_dev_resume_time not specified
[    1.738043] [TP0]touchpanel: ts->irq_need_dev_resume_time = 50 ms
[    1.738048] [TP0]touchpanel: tx_num = 17, rx_num = 38 
[    1.738055] [TP0]touchpanel: LCD_WIDTH = 1440, LCD_HEIGHT = 3216, max_x = 1440, max_y = 3216, limit_witdh = 0, limit_height = 54
[    1.738061] [TP0]touchpanel: error:button-type should be setting in dts!
[    1.738064] [TP0]touchpanel: key_tx is 0, key_rx is 0
[    1.738072] [TP0]touchpanel: smooth_level_array not specified -22
[    1.738078] [TP0]touchpanel: sensitive_level_array not specified -22
[    1.738083] [TP0]touchpanel: error:game_perf_para_default should be setting in dts!
[    1.738088] [TP0]touchpanel: panel is oncell!
[    1.738095] [TP0]touchpanel: ts->high_frame_rate_time not specified or support
[    1.738103] [TP0]touchpanel: ts_check_panel_dt: panel[0] IS_ERR =1 
[    1.738110] [TP0]touchpanel: ts_check_panel_dt: panel[1] IS_ERR =1 
[    1.738116] [TP0]touchpanel: ts_check_panel_dt: panel[2] IS_ERR =1 
[    1.738120] [TP0]touchpanel: register_common_touch_device: ts_check_panel_dt failed.
[    1.738124] [TP]synaptics-s3908: Failed to init device information
[    1.763762] ufshcd-qcom 1d84000.ufshc: ufshcd_print_pwr_info:[RX, TX]: gear=[4, 4], lane[2, 2], pwr[FAST MODE, FAST MODE], rate = 2
[    1.764089] scsi 0:0:0:49488: Well-known LUN    SAMSUNG  KLUEG8UHDB-C2D1  1903 PQ: 0 ANSI: 6
[    1.764426] scsi 0:0:0:49488: Attached scsi generic sg0 type 30
[    1.764659] scsi 0:0:0:49476: Well-known LUN    SAMSUNG  KLUEG8UHDB-C2D1  1903 PQ: 0 ANSI: 6
[    1.764955] scsi 0:0:0:49476: Attached scsi generic sg1 type 30
[    1.765128] scsi 0:0:0:49456: Well-known LUN    SAMSUNG  KLUEG8UHDB-C2D1  1903 PQ: 0 ANSI: 6
[    1.765412] scsi 0:0:0:49456: Attached scsi generic sg2 type 30
[    1.765914] scsi 0:0:0:0: Direct-Access     SAMSUNG  KLUEG8UHDB-C2D1  1903 PQ: 0 ANSI: 6
[    1.766242] sd 0:0:0:0: Attached scsi generic sg3 type 0
[    1.766300] sd 0:0:0:0: Power-on or device reset occurred
[    1.766673] scsi 0:0:0:1: Direct-Access     SAMSUNG  KLUEG8UHDB-C2D1  1903 PQ: 0 ANSI: 6
[    1.766856] sd 0:0:0:0: [sda] 60884992 4096-byte logical blocks: (249 GB/232 GiB)
[    1.766937] sd 0:0:0:0: [sda] Write Protect is off
[    1.766946] sd 0:0:0:0: [sda] Mode Sense: 00 32 00 10
[    1.767099] sd 0:0:0:0: [sda] Write cache: enabled, read cache: enabled, supports DPO and FUA
[    1.767179] sd 0:0:0:1: Power-on or device reset occurred
[    1.767184] sd 0:0:0:0: [sda] Optimal transfer size 524288 bytes
[    1.767249] sd 0:0:0:1: Attached scsi generic sg4 type 0
[    1.767639] scsi 0:0:0:2: Direct-Access     SAMSUNG  KLUEG8UHDB-C2D1  1903 PQ: 0 ANSI: 6
[    1.767745] sd 0:0:0:1: [sdb] 2048 4096-byte logical blocks: (8.39 MB/8.00 MiB)
[    1.767820] sd 0:0:0:1: [sdb] Write Protect is off
[    1.767828] sd 0:0:0:1: [sdb] Mode Sense: 00 32 00 10
[    1.767987] sd 0:0:0:1: [sdb] Write cache: enabled, read cache: enabled, supports DPO and FUA
[    1.768079] sd 0:0:0:1: [sdb] Optimal transfer size 524288 bytes
[    1.768242] sd 0:0:0:2: Power-on or device reset occurred
[    1.768351] sd 0:0:0:2: Attached scsi generic sg5 type 0
[    1.768696] scsi 0:0:0:3: Direct-Access     SAMSUNG  KLUEG8UHDB-C2D1  1903 PQ: 0 ANSI: 6
[    1.770050] sd 0:0:0:2: [sdc] 2048 4096-byte logical blocks: (8.39 MB/8.00 MiB)
[    1.770194] sda: sda1 sda2 sda3 sda4 sda5 sda6 sda7 sda8 sda9 sda10 sda11 sda12 sda13 sda14 sda15 sda16 sda17 sda18 sda19 sda20
[    1.770213] sd 0:0:0:2: [sdc] Write Protect is off
[    1.770221] sd 0:0:0:2: [sdc] Mode Sense: 00 32 00 10
[    1.770288] sd 0:0:0:3: Power-on or device reset occurred
[    1.770358] sd 0:0:0:2: [sdc] Write cache: enabled, read cache: enabled, supports DPO and FUA
[    1.770428] sd 0:0:0:2: [sdc] Optimal transfer size 524288 bytes
[    1.770478] sd 0:0:0:3: Attached scsi generic sg6 type 0
[    1.770745] scsi 0:0:0:4: Direct-Access     SAMSUNG  KLUEG8UHDB-C2D1  1903 PQ: 0 ANSI: 6
[    1.771214] sd 0:0:0:3: [sdd] 8192 4096-byte logical blocks: (33.6 MB/32.0 MiB)
[    1.771390] sd 0:0:0:3: [sdd] Write Protect is off
[    1.771398] sd 0:0:0:3: [sdd] Mode Sense: 00 32 00 10
[    1.771479] sdb: sdb1 sdb2
[    1.771576] sd 0:0:0:3: [sdd] Write cache: enabled, read cache: enabled, supports DPO and FUA
[    1.771643] sd 0:0:0:3: [sdd] Optimal transfer size 524288 bytes
[    1.772040] sd 0:0:0:4: Power-on or device reset occurred
[    1.772201] sd 0:0:0:4: Attached scsi generic sg7 type 0
[    1.772275] sd 0:0:0:0: [sda] Attached SCSI disk
[    1.772396] [TP]synaptics-s3908: syna_tcm_probe: enter
[    1.772519] [TP]synaptics-s3908: syna_tcm_probe read_length:9
[    1.772607] [TP]touchpanel: register_common_touch_device  is called
[    1.772614] [TP]touchpanel: ts->tp_index not specified
[    1.772618] [TP]touchpanel: ts->tp_index is 0
[    1.772666] [TP0]touchpanel: init_parse_dts : irq_gpio = 331, irq_flags = 0x2008, reset_gpio = 330
[    1.772675] [TP0]touchpanel: ts->cs-gpio not specified
[    1.772735] [TP0]touchpanel: Failed to get the cs-gpio high state pinctrl
[    1.772740] [TP0]touchpanel:  Failed to get the cs-gpio low state pinctrl 
[    1.772744] [TP0]touchpanel: Failed to get the input state pinctrl handle
[    1.772748] [TP]touchpanel: Failed to get pinctrl state:oplus_spi_active, r:-19
[    1.772749] [TP]touchpanel: Failed to get pinctrl state:oplus_int_active, r:-19
[    1.772754] [TP]touchpanel: Failed to get pinctrl state:oplus_reset_active, r:-19
[    1.772758] [TP]touchpanel: success get avtive pinctrl state
[    1.772762] scsi 0:0:0:5: Direct-Access     SAMSUNG  KLUEG8UHDB-C2D1  1903 PQ: 0 ANSI: 6
[    1.772769] [TP]touchpanel: Failed to get pinctrl state:oplus_spi_suspend, r:-19
[    1.772770] [TP]touchpanel: Failed to get pinctrl state:oplus_int_suspend, r:-19
[    1.772774] [TP]touchpanel: Failed to get pinctrl state:oplus_reset_suspend, r:-19
[    1.772778] [TP]touchpanel: success get suspend pinctrl state
[    1.772803] [TP0]touchpanel: panel_type not specified, need to default 1
[    1.772808] [TP0]touchpanel: find 1 num chip in dts
[    1.772813] [TP0]touchpanel: panel_data.chip_name = S3908
[    1.772820] [TP0]touchpanel: now has 3 num panel in dts
[    1.772829] [TP] Driver match support project [19815]
[    1.772834] [TP] match panel type OK , panel type is [8]
[    1.772839] [TP0]touchpanel: tp_type not specified
[    1.772843] [TP0]touchpanel: read firmware-data-0 firmware in dts
[    1.772845] [TP0]touchpanel: No firmware in dts !
[    1.772853] [TP0]touchpanel: ts->irq_need_dev_resume_time not specified
[    1.772857] [TP0]touchpanel: ts->irq_need_dev_resume_time = 50 ms
[    1.772862] [TP0]touchpanel: tx_num = 17, rx_num = 38 
[    1.772869] [TP0]touchpanel: LCD_WIDTH = 1440, LCD_HEIGHT = 3216, max_x = 1440, max_y = 3216, limit_witdh = 0, limit_height = 54
[    1.772875] [TP0]touchpanel: error:button-type should be setting in dts!
[    1.772877] [TP0]touchpanel: key_tx is 0, key_rx is 0
[    1.772885] [TP0]touchpanel: smooth_level_array not specified -22
[    1.772891] [TP0]touchpanel: sensitive_level_array not specified -22
[    1.772896] [TP0]touchpanel: error:game_perf_para_default should be setting in dts!
[    1.772901] [TP0]touchpanel: panel is oncell!
[    1.772908] [TP0]touchpanel: ts->high_frame_rate_time not specified or support
[    1.772916] [TP0]touchpanel: ts_check_panel_dt: panel[0] IS_ERR =1 
[    1.772923] [TP0]touchpanel: ts_check_panel_dt: panel[1] IS_ERR =1 
[    1.772930] [TP0]touchpanel: ts_check_panel_dt: panel[2] IS_ERR =1 
[    1.772934] [TP0]touchpanel: register_common_touch_device: ts_check_panel_dt failed.
[    1.772938] [TP]synaptics-s3908: Failed to init device information
[    1.773005] sdc: sdc1 sdc2
[    1.773269] sd 0:0:0:1: [sdb] Attached SCSI disk
[    1.773526] [TP]synaptics-s3908: syna_tcm_probe: enter
[    1.773676] [TP]synaptics-s3908: syna_tcm_probe read_length:9
[    1.773780] sd 0:0:0:4: [sde] 1572864 4096-byte logical blocks: (6.44 GB/6.00 GiB)
[    1.773806] [TP]touchpanel: register_common_touch_device  is called
[    1.773814] [TP]touchpanel: ts->tp_index not specified
[    1.773818] [TP]touchpanel: ts->tp_index is 0
[    1.773820] sd 0:0:0:5: Attached scsi generic sg8 type 0
[    1.773867] sd 0:0:0:5: Power-on or device reset occurred
[    1.773872] [TP0]touchpanel: init_parse_dts : irq_gpio = 331, irq_flags = 0x2008, reset_gpio = 330
[    1.773878] [TP0]touchpanel: ts->cs-gpio not specified
[    1.773944] [TP0]touchpanel: Failed to get the cs-gpio high state pinctrl
[    1.773951] [TP0]touchpanel:  Failed to get the cs-gpio low state pinctrl 
[    1.773956] [TP0]touchpanel: Failed to get the input state pinctrl handle
[    1.773961] [TP]touchpanel: Failed to get pinctrl state:oplus_spi_active, r:-19
[    1.773962] [TP]touchpanel: Failed to get pinctrl state:oplus_int_active, r:-19
[    1.773967] [TP]touchpanel: Failed to get pinctrl state:oplus_reset_active, r:-19
[    1.773971] [TP]touchpanel: success get avtive pinctrl state
[    1.773976] [TP]touchpanel: Failed to get pinctrl state:oplus_spi_suspend, r:-19
[    1.773980] [TP]touchpanel: Failed to get pinctrl state:oplus_int_suspend, r:-19
[    1.773985] [TP]touchpanel: Failed to get pinctrl state:oplus_reset_suspend, r:-19
[    1.773990] [TP]touchpanel: success get suspend pinctrl state
[    1.774015] [TP0]touchpanel: panel_type not specified, need to default 1
[    1.774021] [TP0]touchpanel: find 1 num chip in dts
[    1.774025] [TP0]touchpanel: panel_data.chip_name = S3908
[    1.774034] [TP0]touchpanel: now has 3 num panel in dts
[    1.774044] [TP] Driver match support project [19815]
[    1.774048] [TP] match panel type OK , panel type is [8]
[    1.774055] [TP0]touchpanel: tp_type not specified
[    1.774060] [TP0]touchpanel: read firmware-data-0 firmware in dts
[    1.774062] [TP0]touchpanel: No firmware in dts !
[    1.774070] [TP0]touchpanel: ts->irq_need_dev_resume_time not specified
[    1.774075] [TP0]touchpanel: ts->irq_need_dev_resume_time = 50 ms
[    1.774081] [TP0]touchpanel: tx_num = 17, rx_num = 38 
[    1.774088] [TP0]touchpanel: LCD_WIDTH = 1440, LCD_HEIGHT = 3216, max_x = 1440, max_y = 3216, limit_witdh = 0, limit_height = 54
[    1.774094] [TP0]touchpanel: error:button-type should be setting in dts!
[    1.774097] [TP0]touchpanel: key_tx is 0, key_rx is 0
[    1.774105] [TP0]touchpanel: smooth_level_array not specified -22
[    1.774111] [TP0]touchpanel: sensitive_level_array not specified -22
[    1.774117] [TP0]touchpanel: error:game_perf_para_default should be setting in dts!
[    1.774123] [TP0]touchpanel: panel is oncell!
[    1.774131] [TP0]touchpanel: ts->high_frame_rate_time not specified or support
[    1.774139] [TP0]touchpanel: ts_check_panel_dt: panel[0] IS_ERR =1 
[    1.774147] [TP0]touchpanel: ts_check_panel_dt: panel[1] IS_ERR =1 
[    1.774154] [TP0]touchpanel: ts_check_panel_dt: panel[2] IS_ERR =1 
[    1.774159] [TP0]touchpanel: register_common_touch_device: ts_check_panel_dt failed.
[    1.774163] [TP]synaptics-s3908: Failed to init device information
[    1.774212] sd 0:0:0:4: [sde] Write Protect is off
[    1.774221] sd 0:0:0:4: [sde] Mode Sense: 00 32 00 10
[    1.774829] sd 0:0:0:4: [sde] Write cache: enabled, read cache: enabled, supports DPO and FUA
[    1.775208] sdd: sdd1 sdd2 sdd3 sdd4 sdd5 sdd6 sdd7
[    1.775209] sd 0:0:0:4: [sde] Optimal transfer size 524288 bytes
[    1.775365] sd 0:0:0:2: [sdc] Attached SCSI disk
[    1.775680] [TP]synaptics-s3908: syna_tcm_probe: enter
[    1.775739] sd 0:0:0:5: [sdf] 8192 4096-byte logical blocks: (33.6 MB/32.0 MiB)
[    1.775790] [TP]synaptics-s3908: syna_tcm_probe read_length:9
[    1.775856] sd 0:0:0:5: [sdf] Write Protect is off
[    1.775865] sd 0:0:0:5: [sdf] Mode Sense: 00 32 00 10
[    1.775951] [TP]touchpanel: register_common_touch_device  is called
[    1.775959] [TP]touchpanel: ts->tp_index not specified
[    1.775964] [TP]touchpanel: ts->tp_index is 0
[    1.776015] [TP0]touchpanel: init_parse_dts : irq_gpio = 331, irq_flags = 0x2008, reset_gpio = 330
[    1.776064] [TP0]touchpanel: ts->cs-gpio not specified
[    1.776130] [TP0]touchpanel: Failed to get the cs-gpio high state pinctrl
[    1.776136] [TP0]touchpanel:  Failed to get the cs-gpio low state pinctrl 
[    1.776141] [TP0]touchpanel: Failed to get the input state pinctrl handle
[    1.776146] [TP]touchpanel: Failed to get pinctrl state:oplus_spi_active, r:-19
[    1.776148] [TP]touchpanel: Failed to get pinctrl state:oplus_int_active, r:-19
[    1.776152] [TP]touchpanel: Failed to get pinctrl state:oplus_reset_active, r:-19
[    1.776156] [TP]touchpanel: success get avtive pinctrl state
[    1.776161] [TP]touchpanel: Failed to get pinctrl state:oplus_spi_suspend, r:-19
[    1.776165] [TP]touchpanel: Failed to get pinctrl state:oplus_int_suspend, r:-19
[    1.776170] [TP]touchpanel: Failed to get pinctrl state:oplus_reset_suspend, r:-19
[    1.776175] [TP]touchpanel: success get suspend pinctrl state
[    1.776200] [TP0]touchpanel: panel_type not specified, need to default 1
[    1.776206] [TP0]touchpanel: find 1 num chip in dts
[    1.776211] [TP0]touchpanel: panel_data.chip_name = S3908
[    1.776219] [TP0]touchpanel: now has 3 num panel in dts
[    1.776228] [TP] Driver match support project [19815]
[    1.776233] [TP] match panel type OK , panel type is [8]
[    1.776239] [TP0]touchpanel: tp_type not specified
[    1.776244] [TP0]touchpanel: read firmware-data-0 firmware in dts
[    1.776246] [TP0]touchpanel: No firmware in dts !
[    1.776254] [TP0]touchpanel: ts->irq_need_dev_resume_time not specified
[    1.776260] [TP0]touchpanel: ts->irq_need_dev_resume_time = 50 ms
[    1.776265] [TP0]touchpanel: tx_num = 17, rx_num = 38 
[    1.776273] [TP0]touchpanel: LCD_WIDTH = 1440, LCD_HEIGHT = 3216, max_x = 1440, max_y = 3216, limit_witdh = 0, limit_height = 54
[    1.776279] [TP0]touchpanel: error:button-type should be setting in dts!
[    1.776282] [TP0]touchpanel: key_tx is 0, key_rx is 0
[    1.776290] [TP0]touchpanel: smooth_level_array not specified -22
[    1.776296] [TP0]touchpanel: sensitive_level_array not specified -22
[    1.776302] [TP0]touchpanel: error:game_perf_para_default should be setting in dts!
[    1.776308] [TP0]touchpanel: panel is oncell!
[    1.776315] [TP0]touchpanel: ts->high_frame_rate_time not specified or support
[    1.776323] [TP0]touchpanel: ts_check_panel_dt: panel[0] IS_ERR =1 
[    1.776330] [TP0]touchpanel: ts_check_panel_dt: panel[1] IS_ERR =1 
[    1.776337] [TP0]touchpanel: ts_check_panel_dt: panel[2] IS_ERR =1 
[    1.776342] [TP0]touchpanel: register_common_touch_device: ts_check_panel_dt failed.
[    1.776346] [TP]synaptics-s3908: Failed to init device information
[    1.776532] sd 0:0:0:5: [sdf] Write cache: enabled, read cache: enabled, supports DPO and FUA
[    1.776664] sd 0:0:0:5: [sdf] Optimal transfer size 524288 bytes
[    1.776673] sd 0:0:0:3: [sdd] Attached SCSI disk
[    1.777022] [TP]synaptics-s3908: syna_tcm_probe: enter
[    1.777139] [TP]synaptics-s3908: syna_tcm_probe read_length:9
[    1.777271] [TP]touchpanel: register_common_touch_device  is called
[    1.777279] [TP]touchpanel: ts->tp_index not specified
[    1.777284] [TP]touchpanel: ts->tp_index is 0
[    1.777333] [TP0]touchpanel: init_parse_dts : irq_gpio = 331, irq_flags = 0x2008, reset_gpio = 330
[    1.777342] [TP0]touchpanel: ts->cs-gpio not specified
[    1.777407] [TP0]touchpanel: Failed to get the cs-gpio high state pinctrl
[    1.777413] [TP0]touchpanel:  Failed to get the cs-gpio low state pinctrl 
[    1.777418] [TP0]touchpanel: Failed to get the input state pinctrl handle
[    1.777424] [TP]touchpanel: Failed to get pinctrl state:oplus_spi_active, r:-19
[    1.777425] [TP]touchpanel: Failed to get pinctrl state:oplus_int_active, r:-19
[    1.777430] [TP]touchpanel: Failed to get pinctrl state:oplus_reset_active, r:-19
[    1.777435] [TP]touchpanel: success get avtive pinctrl state
[    1.777440] [TP]touchpanel: Failed to get pinctrl state:oplus_spi_suspend, r:-19
[    1.777444] [TP]touchpanel: Failed to get pinctrl state:oplus_int_suspend, r:-19
[    1.777450] [TP]touchpanel: Failed to get pinctrl state:oplus_reset_suspend, r:-19
[    1.777454] [TP]touchpanel: success get suspend pinctrl state
[    1.777479] [TP0]touchpanel: panel_type not specified, need to default 1
[    1.777485] [TP0]touchpanel: find 1 num chip in dts
[    1.777491] [TP0]touchpanel: panel_data.chip_name = S3908
[    1.777499] [TP0]touchpanel: now has 3 num panel in dts
[    1.777509] [TP] Driver match support project [19815]
[    1.777513] [TP] match panel type OK , panel type is [8]
[    1.777519] [TP0]touchpanel: tp_type not specified
[    1.777523] [TP0]touchpanel: read firmware-data-0 firmware in dts
[    1.777525] [TP0]touchpanel: No firmware in dts !
[    1.777534] [TP0]touchpanel: ts->irq_need_dev_resume_time not specified
[    1.777538] [TP0]touchpanel: ts->irq_need_dev_resume_time = 50 ms
[    1.777544] [TP0]touchpanel: tx_num = 17, rx_num = 38 
[    1.777552] [TP0]touchpanel: LCD_WIDTH = 1440, LCD_HEIGHT = 3216, max_x = 1440, max_y = 3216, limit_witdh = 0, limit_height = 54
[    1.777557] [TP0]touchpanel: error:button-type should be setting in dts!
[    1.777560] [TP0]touchpanel: key_tx is 0, key_rx is 0
[    1.777569] [TP0]touchpanel: smooth_level_array not specified -22
[    1.777575] [TP0]touchpanel: sensitive_level_array not specified -22
[    1.777581] [TP0]touchpanel: error:game_perf_para_default should be setting in dts!
[    1.777586] [TP0]touchpanel: panel is oncell!
[    1.777593] [TP0]touchpanel: ts->high_frame_rate_time not specified or support
[    1.777601] [TP0]touchpanel: ts_check_panel_dt: panel[0] IS_ERR =1 
[    1.777609] [TP0]touchpanel: ts_check_panel_dt: panel[1] IS_ERR =1 
[    1.777616] [TP0]touchpanel: ts_check_panel_dt: panel[2] IS_ERR =1 
[    1.777622] [TP0]touchpanel: register_common_touch_device: ts_check_panel_dt failed.
[    1.777626] [TP]synaptics-s3908: Failed to init device information
[    1.778037] sde: sde1 sde2 sde3 sde4 sde5 sde6 sde7 sde8 sde9 sde10 sde11 sde12 sde13 sde14 sde15 sde16 sde17 sde18 sde19 sde20 sde21 sde22 sde23 sde24 sde25 sde26 sde27 sde28 sde29 sde30 sde31 sde32 sde33 sde34 sde35 sde36 sde37 sde38 sde39 sde40 sde41 sde42 sde43 sde44 sde45 sde46 sde47 sde48 sde49 sde50 sde51 sde52 sde53 sde54 sde55 sde56 sde57 sde58 sde59 sde60 sde61 sde62 sde63 sde64 sde65 sde66 sde67 sde68 sde69 sde70 sde71 sde72 sde73 sde74 sde75 sde76 sde77 sde78 sde79 sde80 sde81
[    1.779500] sdf: sdf1 sdf2 sdf3 sdf4 sdf5 sdf6
[    1.780642] sd 0:0:0:5: [sdf] Attached SCSI disk
[    1.781042] [TP]synaptics-s3908: syna_tcm_probe: enter
[    1.781144] [TP]synaptics-s3908: syna_tcm_probe read_length:9
[    1.781238] [TP]touchpanel: register_common_touch_device  is called
[    1.781246] [TP]touchpanel: ts->tp_index not specified
[    1.781251] [TP]touchpanel: ts->tp_index is 0
[    1.781299] [TP0]touchpanel: init_parse_dts : irq_gpio = 331, irq_flags = 0x2008, reset_gpio = 330
[    1.781308] [TP0]touchpanel: ts->cs-gpio not specified
[    1.781373] [TP0]touchpanel: Failed to get the cs-gpio high state pinctrl
[    1.781378] [TP0]touchpanel:  Failed to get the cs-gpio low state pinctrl 
[    1.781382] [TP0]touchpanel: Failed to get the input state pinctrl handle
[    1.781387] [TP]touchpanel: Failed to get pinctrl state:oplus_spi_active, r:-19
[    1.781388] [TP]touchpanel: Failed to get pinctrl state:oplus_int_active, r:-19
[    1.781392] [TP]touchpanel: Failed to get pinctrl state:oplus_reset_active, r:-19
[    1.781396] [TP]touchpanel: success get avtive pinctrl state
[    1.781400] [TP]touchpanel: Failed to get pinctrl state:oplus_spi_suspend, r:-19
[    1.781405] [TP]touchpanel: Failed to get pinctrl state:oplus_int_suspend, r:-19
[    1.781409] [TP]touchpanel: Failed to get pinctrl state:oplus_reset_suspend, r:-19
[    1.781413] [TP]touchpanel: success get suspend pinctrl state
[    1.781465] [TP0]touchpanel: panel_type not specified, need to default 1
[    1.781471] [TP0]touchpanel: find 1 num chip in dts
[    1.781476] [TP0]touchpanel: panel_data.chip_name = S3908
[    1.781483] [TP0]touchpanel: now has 3 num panel in dts
[    1.781492] [TP] Driver match support project [19815]
[    1.781497] [TP] match panel type OK , panel type is [8]
[    1.781526] [TP0]touchpanel: tp_type not specified
[    1.781531] [TP0]touchpanel: read firmware-data-0 firmware in dts
[    1.781533] [TP0]touchpanel: No firmware in dts !
[    1.781541] [TP0]touchpanel: ts->irq_need_dev_resume_time not specified
[    1.781546] [TP0]touchpanel: ts->irq_need_dev_resume_time = 50 ms
[    1.781551] [TP0]touchpanel: tx_num = 17, rx_num = 38 
[    1.781558] [TP0]touchpanel: LCD_WIDTH = 1440, LCD_HEIGHT = 3216, max_x = 1440, max_y = 3216, limit_witdh = 0, limit_height = 54
[    1.781586] [TP0]touchpanel: error:button-type should be setting in dts!
[    1.781589] [TP0]touchpanel: key_tx is 0, key_rx is 0
[    1.781598] [TP0]touchpanel: smooth_level_array not specified -22
[    1.781604] [TP0]touchpanel: sensitive_level_array not specified -22
[    1.781609] [TP0]touchpanel: error:game_perf_para_default should be setting in dts!
[    1.781614] [TP0]touchpanel: panel is oncell!
[    1.781643] [TP0]touchpanel: ts->high_frame_rate_time not specified or support
[    1.781652] [TP0]touchpanel: ts_check_panel_dt: panel[0] IS_ERR =1 
[    1.781659] [TP0]touchpanel: ts_check_panel_dt: panel[1] IS_ERR =1 
[    1.781666] [TP0]touchpanel: ts_check_panel_dt: panel[2] IS_ERR =1 
[    1.781670] [TP0]touchpanel: register_common_touch_device: ts_check_panel_dt failed.
[    1.781697] [TP]synaptics-s3908: Failed to init device information
[    1.782094] msm_pcie_disable: PCIe: Assert the reset of endpoint of RC0.
[    1.782160] sd 0:0:0:4: [sde] Attached SCSI disk
[    1.782495] cnss: De-assert WLAN_EN GPIO successfully
[    1.782501] cnss: Regulator vdd-wlan-rfa2 is being disabled
[    1.782533] cnss: Regulator vdd-wlan-rfa1 is being disabled
[    1.782564] cnss: Regulator vdd-wlan-dig is being disabled
[    1.782594] cnss: Regulator vdd-wlan-aon is being disabled
[    1.782624] cnss: Regulator wlan-ant-switch is being disabled
[    1.782645] cnss: Regulator vdd-wlan-io is being disabled
[    1.782656] [TP]synaptics-s3908: syna_tcm_probe: enter
[    1.782765] [TP]synaptics-s3908: syna_tcm_probe read_length:9
[    1.782857] [TP]touchpanel: register_common_touch_device  is called
[    1.782862] cnss: Platform driver probed successfully.
[    1.782895] [TP]touchpanel: ts->tp_index not specified
[    1.782902] [TP]touchpanel: ts->tp_index is 0
[    1.782951] [TP0]touchpanel: init_parse_dts : irq_gpio = 331, irq_flags = 0x2008, reset_gpio = 330
[    1.782961] [TP0]touchpanel: ts->cs-gpio not specified
[    1.783026] [TP0]touchpanel: Failed to get the cs-gpio high state pinctrl
[    1.783032] [TP0]touchpanel:  Failed to get the cs-gpio low state pinctrl 
[    1.783037] [TP0]touchpanel: Failed to get the input state pinctrl handle
[    1.783042] [TP]touchpanel: Failed to get pinctrl state:oplus_spi_active, r:-19
[    1.783044] [TP]touchpanel: Failed to get pinctrl state:oplus_int_active, r:-19
[    1.783049] [TP]touchpanel: Failed to get pinctrl state:oplus_reset_active, r:-19
[    1.783054] [TP]touchpanel: success get avtive pinctrl state
[    1.783059] [TP]touchpanel: Failed to get pinctrl state:oplus_spi_suspend, r:-19
[    1.783063] [TP]touchpanel: Failed to get pinctrl state:oplus_int_suspend, r:-19
[    1.783068] [TP]touchpanel: Failed to get pinctrl state:oplus_reset_suspend, r:-19
[    1.783073] [TP]touchpanel: success get suspend pinctrl state
[    1.783099] [TP0]touchpanel: panel_type not specified, need to default 1
[    1.783104] [TP0]touchpanel: find 1 num chip in dts
[    1.783110] [TP0]touchpanel: panel_data.chip_name = S3908
[    1.783118] [TP0]touchpanel: now has 3 num panel in dts
[    1.783128] [TP] Driver match support project [19815]
[    1.783134] [TP] match panel type OK , panel type is [8]
[    1.783140] [TP0]touchpanel: tp_type not specified
[    1.783145] [TP0]touchpanel: read firmware-data-0 firmware in dts
[    1.783147] [TP0]touchpanel: No firmware in dts !
[    1.783155] [TP0]touchpanel: ts->irq_need_dev_resume_time not specified
[    1.783160] [TP0]touchpanel: ts->irq_need_dev_resume_time = 50 ms
[    1.783166] [TP0]touchpanel: tx_num = 17, rx_num = 38 
[    1.783174] [TP0]touchpanel: LCD_WIDTH = 1440, LCD_HEIGHT = 3216, max_x = 1440, max_y = 3216, limit_witdh = 0, limit_height = 54
[    1.783180] [TP0]touchpanel: error:button-type should be setting in dts!
[    1.783183] [TP0]touchpanel: key_tx is 0, key_rx is 0
[    1.783192] [TP0]touchpanel: smooth_level_array not specified -22
[    1.783198] [TP0]touchpanel: sensitive_level_array not specified -22
[    1.783205] [TP0]touchpanel: error:game_perf_para_default should be setting in dts!
[    1.783210] [TP0]touchpanel: panel is oncell!
[    1.783219] [TP0]touchpanel: ts->high_frame_rate_time not specified or support
[    1.783228] [TP0]touchpanel: ts_check_panel_dt: panel[0] IS_ERR =1 
[    1.783237] [TP0]touchpanel: ts_check_panel_dt: panel[1] IS_ERR =1 
[    1.783244] [TP0]touchpanel: ts_check_panel_dt: panel[2] IS_ERR =1 
[    1.783250] [TP0]touchpanel: register_common_touch_device: ts_check_panel_dt failed.
[    1.783255] [TP]synaptics-s3908: Failed to init device information
[    1.783751] [TP]synaptics-s3908: syna_tcm_probe: enter
[    1.783860] [TP]synaptics-s3908: syna_tcm_probe read_length:9
[    1.783969] [TP]touchpanel: register_common_touch_device  is called
[    1.783977] [TP]touchpanel: ts->tp_index not specified
[    1.783981] [TP]touchpanel: ts->tp_index is 0
[    1.784047] [TP0]touchpanel: init_parse_dts : irq_gpio = 331, irq_flags = 0x2008, reset_gpio = 330
[    1.784057] [TP0]touchpanel: ts->cs-gpio not specified
[    1.784138] [TP0]touchpanel: Failed to get the cs-gpio high state pinctrl
[    1.784145] [TP0]touchpanel:  Failed to get the cs-gpio low state pinctrl 
[    1.784150] [TP0]touchpanel: Failed to get the input state pinctrl handle
[    1.784156] [TP]touchpanel: Failed to get pinctrl state:oplus_spi_active, r:-19
[    1.784157] [TP]touchpanel: Failed to get pinctrl state:oplus_int_active, r:-19
[    1.784162] [TP]touchpanel: Failed to get pinctrl state:oplus_reset_active, r:-19
[    1.784167] [TP]touchpanel: success get avtive pinctrl state
[    1.784172] [TP]touchpanel: Failed to get pinctrl state:oplus_spi_suspend, r:-19
[    1.784177] [TP]touchpanel: Failed to get pinctrl state:oplus_int_suspend, r:-19
[    1.784182] [TP]touchpanel: Failed to get pinctrl state:oplus_reset_suspend, r:-19
[    1.784187] [TP]touchpanel: success get suspend pinctrl state
[    1.784215] [TP0]touchpanel: panel_type not specified, need to default 1
[    1.784220] [TP0]touchpanel: find 1 num chip in dts
[    1.784226] [TP0]touchpanel: panel_data.chip_name = S3908
[    1.784234] [TP0]touchpanel: now has 3 num panel in dts
[    1.784245] [TP] Driver match support project [19815]
[    1.784250] [TP] match panel type OK , panel type is [8]
[    1.784257] [TP0]touchpanel: tp_type not specified
[    1.784262] [TP0]touchpanel: read firmware-data-0 firmware in dts
[    1.784264] [TP0]touchpanel: No firmware in dts !
[    1.784273] [TP0]touchpanel: ts->irq_need_dev_resume_time not specified
[    1.784278] [TP0]touchpanel: ts->irq_need_dev_resume_time = 50 ms
[    1.784284] [TP0]touchpanel: tx_num = 17, rx_num = 38 
[    1.784291] [TP0]touchpanel: LCD_WIDTH = 1440, LCD_HEIGHT = 3216, max_x = 1440, max_y = 3216, limit_witdh = 0, limit_height = 54
[    1.784297] [TP0]touchpanel: error:button-type should be setting in dts!
[    1.784300] [TP0]touchpanel: key_tx is 0, key_rx is 0
[    1.784309] [TP0]touchpanel: smooth_level_array not specified -22
[    1.784316] [TP0]touchpanel: sensitive_level_array not specified -22
[    1.784323] [TP0]touchpanel: error:game_perf_para_default should be setting in dts!
[    1.784329] [TP0]touchpanel: panel is oncell!
[    1.784336] [TP0]touchpanel: ts->high_frame_rate_time not specified or support
[    1.784346] [TP0]touchpanel: ts_check_panel_dt: panel[0] IS_ERR =1 
[    1.784354] [TP0]touchpanel: ts_check_panel_dt: panel[1] IS_ERR =1 
[    1.784362] [TP0]touchpanel: ts_check_panel_dt: panel[2] IS_ERR =1 
[    1.784367] [TP0]touchpanel: register_common_touch_device: ts_check_panel_dt failed.
[    1.784372] [TP]synaptics-s3908: Failed to init device information
[    1.788040] gpio gpiochip0: (f000000.pinctrl): allocate IRQ 365, hwirq 50
[    1.788043] gpio gpiochip0: (f000000.pinctrl): found parent hwirq 108
[    1.788046] gpio gpiochip0: (f000000.pinctrl): alloc_irqs_parent for 365 parent hwirq 108
[    1.788051] [tri_state_key]  ist8801_setup_eint : GPIO 358 irq:365
[    1.788799] [tri_state_key]  ist8801_set_sensitivity : set sensitivity IST8801_REG_CNTL2 = 0x2c
[    1.788985] [tri_state_key]  ist8801_set_sensitivity : get sensitivity IST8801_REG_CNTL2 = 0x2c
[    1.788987] [tri_state_key]  ist8801_set_sensitivity : set sensitivity IST8801_REG_GAINCNTL = 32
[    1.789296] [tri_state_key]  ist8801_set_sensitivity : get sensitivity IST8801_REG_GAINCNTL = 32
[    1.789421] [tri_state_key]  oplus_register_hall : name : hall_up
[    1.789423] [tri_state_key]  oplus_register_hall : name == hall_up
[    1.789424] [tri_state_key]  ist8801_i2c_probe : success.
[    1.789456] [tri_state_key]  ist8801_down_init : call
[    1.789519] [tri_state_key]  ist8801_i2c_probe : call
[    1.789521] [tri_state_key]  ist8801_parse_dts : use default value:0x0
[    1.789829] [TP]synaptics-s3908: syna_tcm_probe: enter
[    1.789926] [TP]synaptics-s3908: syna_tcm_probe read_length:9
[    1.790010] [TP]touchpanel: register_common_touch_device  is called
[    1.790017] [TP]touchpanel: ts->tp_index not specified
[    1.790021] [TP]touchpanel: ts->tp_index is 0
[    1.790069] [TP0]touchpanel: init_parse_dts : irq_gpio = 331, irq_flags = 0x2008, reset_gpio = 330
[    1.790078] [TP0]touchpanel: ts->cs-gpio not specified
[    1.790137] [TP0]touchpanel: Failed to get the cs-gpio high state pinctrl
[    1.790142] [TP0]touchpanel:  Failed to get the cs-gpio low state pinctrl 
[    1.790146] [TP0]touchpanel: Failed to get the input state pinctrl handle
[    1.790151] [TP]touchpanel: Failed to get pinctrl state:oplus_spi_active, r:-19
[    1.790152] [TP]touchpanel: Failed to get pinctrl state:oplus_int_active, r:-19
[    1.790156] [TP]touchpanel: Failed to get pinctrl state:oplus_reset_active, r:-19
[    1.790160] [TP]touchpanel: success get avtive pinctrl state
[    1.790165] [TP]touchpanel: Failed to get pinctrl state:oplus_spi_suspend, r:-19
[    1.790169] [TP]touchpanel: Failed to get pinctrl state:oplus_int_suspend, r:-19
[    1.790173] [TP]touchpanel: Failed to get pinctrl state:oplus_reset_suspend, r:-19
[    1.790177] [TP]touchpanel: success get suspend pinctrl state
[    1.790202] [TP0]touchpanel: panel_type not specified, need to default 1
[    1.790206] [TP0]touchpanel: find 1 num chip in dts
[    1.790211] [TP0]touchpanel: panel_data.chip_name = S3908
[    1.790218] [TP0]touchpanel: now has 3 num panel in dts
[    1.790227] [TP] Driver match support project [19815]
[    1.790232] [TP] match panel type OK , panel type is [8]
[    1.790237] [TP0]touchpanel: tp_type not specified
[    1.790241] [TP0]touchpanel: read firmware-data-0 firmware in dts
[    1.790243] [TP0]touchpanel: No firmware in dts !
[    1.790251] [TP0]touchpanel: ts->irq_need_dev_resume_time not specified
[    1.790255] [TP0]touchpanel: ts->irq_need_dev_resume_time = 50 ms
[    1.790261] [TP0]touchpanel: tx_num = 17, rx_num = 38 
[    1.790268] [TP0]touchpanel: LCD_WIDTH = 1440, LCD_HEIGHT = 3216, max_x = 1440, max_y = 3216, limit_witdh = 0, limit_height = 54
[    1.790273] [TP0]touchpanel: error:button-type should be setting in dts!
[    1.790276] [TP0]touchpanel: key_tx is 0, key_rx is 0
[    1.790284] [TP0]touchpanel: smooth_level_array not specified -22
[    1.790290] [TP0]touchpanel: sensitive_level_array not specified -22
[    1.790295] [TP0]touchpanel: error:game_perf_para_default should be setting in dts!
[    1.790300] [TP0]touchpanel: panel is oncell!
[    1.790307] [TP0]touchpanel: ts->high_frame_rate_time not specified or support
[    1.790315] [TP0]touchpanel: ts_check_panel_dt: panel[0] IS_ERR =1 
[    1.790322] [TP0]touchpanel: ts_check_panel_dt: panel[1] IS_ERR =1 
[    1.790328] [TP0]touchpanel: ts_check_panel_dt: panel[2] IS_ERR =1 
[    1.790332] [TP0]touchpanel: register_common_touch_device: ts_check_panel_dt failed.
[    1.790336] [TP]synaptics-s3908: Failed to init device information
[    1.812275] [tri_state_key]  ist8801_get_id : id = 0x81
[    1.836789] [tri_state_key]  ist8801_reset_device : ist8801_data->origin_gain = 32
[    1.837019] [tri_state_key]  ist8801_reset_device : ist8801_data->origin_osr = 5
[    1.837248] [tri_state_key]  ist8801_reset_device : ist8801_data->origin_info = 16
[    1.837529] [tri_state_key]  ist8801_set_operation_mode : opf = 0x0
[    1.843329] [tri_state_key]  ist8801_set_operation_mode : opf = 0x70
[    1.843472] [tri_state_key]  ist8801_set_operation_mode : =OPERATION_MODE_MEASUREMENT
[    1.843478] [tri_state_key]  ist8801_set_operation_mode : opf = 0x70
[    1.896071] gpio gpiochip0: (f000000.pinctrl): allocate IRQ 366, hwirq 51
[    1.896078] gpio gpiochip0: (f000000.pinctrl): found parent hwirq 127
[    1.896086] gpio gpiochip0: (f000000.pinctrl): alloc_irqs_parent for 366 parent hwirq 127
[    1.896096] [tri_state_key]  ist8801_setup_eint : GPIO 359 irq:366
[    1.896910] [tri_state_key]  ist8801_set_sensitivity : set sensitivity IST8801_REG_CNTL2 = 0x2c
[    1.897118] [tri_state_key]  ist8801_set_sensitivity : get sensitivity IST8801_REG_CNTL2 = 0x2c
[    1.897124] [tri_state_key]  ist8801_set_sensitivity : set sensitivity IST8801_REG_GAINCNTL = 32
[    1.897464] [tri_state_key]  ist8801_set_sensitivity : get sensitivity IST8801_REG_GAINCNTL = 32
[    1.897603] [tri_state_key]  oplus_register_hall : name : hall_down
[    1.897608] [tri_state_key]  oplus_register_hall : name == hall_down
[    1.897615] [tri_state_key]  ist8801_i2c_probe : success.
[    1.897677] [tri_state_key]  tri_key_m1120_driver_init_up : log tri_key_m1120_driver_init_up
[    1.897788] [tri_state_key]  tri_key_m1120_i2c_drv_probe : allocation memory for p_m1120_data up tri_key_m1120_i2c_drv_probe
[    1.897794] [tri_state_key]  tri_key_m1120_i2c_drv_probe : init mutex variable
[    1.897900] [tri_state_key]  register_tri_key_dev_work : call register_tri_key_dev_work
[    1.897983] input: oplus,hall_tri_state_key as /devices/virtual/input/input2
[    1.898030] [tri_state_key]  init_trikey_proc : init_trikey_proc entry
[    1.898208] [TP]synaptics-s3908: syna_tcm_probe: enter
[    1.898311] [TP]synaptics-s3908: syna_tcm_probe read_length:9
[    1.898400] [TP]touchpanel: register_common_touch_device  is called
[    1.898407] [TP]touchpanel: ts->tp_index not specified
[    1.898411] [TP]touchpanel: ts->tp_index is 0
[    1.898458] [TP0]touchpanel: init_parse_dts : irq_gpio = 331, irq_flags = 0x2008, reset_gpio = 330
[    1.898467] [TP0]touchpanel: ts->cs-gpio not specified
[    1.898526] [TP0]touchpanel: Failed to get the cs-gpio high state pinctrl
[    1.898531] [TP0]touchpanel:  Failed to get the cs-gpio low state pinctrl 
[    1.898535] [TP0]touchpanel: Failed to get the input state pinctrl handle
[    1.898540] [TP]touchpanel: Failed to get pinctrl state:oplus_spi_active, r:-19
[    1.898541] [TP]touchpanel: Failed to get pinctrl state:oplus_int_active, r:-19
[    1.898545] [TP]touchpanel: Failed to get pinctrl state:oplus_reset_active, r:-19
[    1.898549] [TP]touchpanel: success get avtive pinctrl state
[    1.898554] [TP]touchpanel: Failed to get pinctrl state:oplus_spi_suspend, r:-19
[    1.898559] [tri_state_key]  register_tri_key_dev_work : tri_key:data1 is 111, data0 is 40
[    1.898562] [tri_state_key]  ist8801_up_update_threshold : low:89, high:133
[    1.898570] [TP]touchpanel: Failed to get pinctrl state:oplus_int_suspend, r:-19
[    1.898571] [TP]touchpanel: Failed to get pinctrl state:oplus_reset_suspend, r:-19
[    1.898575] [TP]touchpanel: success get suspend pinctrl state
[    1.898599] [TP0]touchpanel: panel_type not specified, need to default 1
[    1.898604] [TP0]touchpanel: find 1 num chip in dts
[    1.898609] [TP0]touchpanel: panel_data.chip_name = S3908
[    1.898616] [TP0]touchpanel: now has 3 num panel in dts
[    1.898625] [TP] Driver match support project [19815]
[    1.898630] [TP] match panel type OK , panel type is [8]
[    1.898635] [TP0]touchpanel: tp_type not specified
[    1.898639] [TP0]touchpanel: read firmware-data-0 firmware in dts
[    1.898641] [TP0]touchpanel: No firmware in dts !
[    1.898649] [TP0]touchpanel: ts->irq_need_dev_resume_time not specified
[    1.898653] [TP0]touchpanel: ts->irq_need_dev_resume_time = 50 ms
[    1.898659] [TP0]touchpanel: tx_num = 17, rx_num = 38 
[    1.898665] [TP0]touchpanel: LCD_WIDTH = 1440, LCD_HEIGHT = 3216, max_x = 1440, max_y = 3216, limit_witdh = 0, limit_height = 54
[    1.898671] [TP0]touchpanel: error:button-type should be setting in dts!
[    1.898674] [TP0]touchpanel: key_tx is 0, key_rx is 0
[    1.898682] [TP0]touchpanel: smooth_level_array not specified -22
[    1.898687] [TP0]touchpanel: sensitive_level_array not specified -22
[    1.898693] [TP0]touchpanel: error:game_perf_para_default should be setting in dts!
[    1.898697] [TP0]touchpanel: panel is oncell!
[    1.898704] [TP0]touchpanel: ts->high_frame_rate_time not specified or support
[    1.898712] [TP0]touchpanel: ts_check_panel_dt: panel[0] IS_ERR =1 
[    1.898719] [TP0]touchpanel: ts_check_panel_dt: panel[1] IS_ERR =1 
[    1.898726] [TP0]touchpanel: ts_check_panel_dt: panel[2] IS_ERR =1 
[    1.898730] [TP0]touchpanel: register_common_touch_device: ts_check_panel_dt failed.
[    1.898734] [TP]synaptics-s3908: Failed to init device information
[    1.899406] [tri_state_key]  ist8801_down_update_threshold : low:-500, high:500
[    1.900271] [tri_state_key]  reupdata_threshold : tri_key:updata_threshold up:low:89,high: 133
[    1.900853] [tri_state_key]  reupdata_threshold : tri_key:last_d0 is 40 ,last_d1 is 111
[    1.901430] [tri_state_key]  report_key_value : tri_key: report up key successful!
[    1.901442] [tri_state_key]  report_key_value : no report
[    1.901450] [tri_state_key]  ist8801_set_detection_mode : ist8801 detection mode : INTERRUPT
[    1.902084] [tri_state_key]  register_tri_key_dev_work : tri_key:set 0 detection mode
[    1.902090] [tri_state_key]  ist8801_set_detection_mode : ist8801 detection mode : INTERRUPT
[    1.902701] [tri_state_key]  register_tri_key_dev_work : tri_key:set 1 detection mode
[    1.902708] [tri_state_key]  register_tri_key_dev_work : register_tri_key_dev_work probe success.
[    1.944085] hall_m1120_up 12-000d: Power on=1. enabled=1
[    1.944227] i2c_geni 884000.i2c: i2c error :-107
[    1.944237] [tri_state_key]  m1120_i2c_write_block : send command error!! -107
[    1.944242] [tri_state_key]  m1120_reset_device : sw-reset was failed(-107)
[    1.944244] [tri_state_key]  m1120_init_device : m1120_reset_device was failed (-107)
[    1.944250] [tri_state_key]  tri_key_m1120_i2c_drv_probe : m1120_init_device was failed(-107)
[    1.944255] [tri_state_key]  tri_key_m1120_i2c_drv_probe : fail.
[    1.944269] hall_m1120_up: probe of 12-000d failed with error -107
[    1.944299] [tri_state_key]  tri_key_m1120_driver_init_up : log tri_key_m1120_driver_init_up, res : 0
[    1.944306] [tri_state_key]  tri_key_m1120_driver_init_down : log tri_key_m1120_driver_init_down
[    1.944394] [tri_state_key]  tri_key_m1120_i2c_drv_probe : allocation memory for p_m1120_data down tri_key_m1120_i2c_drv_probe
[    1.944402] [tri_state_key]  tri_key_m1120_i2c_drv_probe : init mutex variable
[    1.992080] hall_m1120_down 12-000c: Power on=1. enabled=1
[    1.992253] i2c_geni 884000.i2c: i2c error :-107
[    1.992262] [tri_state_key]  m1120_i2c_write_block : send command error!! -107
[    1.992268] [tri_state_key]  m1120_reset_device : sw-reset was failed(-107)
[    1.992270] [tri_state_key]  m1120_init_device : m1120_reset_device was failed (-107)
[    1.992275] [tri_state_key]  tri_key_m1120_i2c_drv_probe : m1120_init_device was failed(-107)
[    1.992280] [tri_state_key]  tri_key_m1120_i2c_drv_probe : fail
[    1.992295] hall_m1120_down: probe of 12-000c failed with error -107
[    1.992323] [tri_state_key]  tri_key_m1120_driver_init_down : log tri_key_m1120_driver_init_down, res : 0
[    1.993514] gpio gpiochip2: (c440000.qcom,spmi:qcom,pm8350@1:pinctrl@8800): allocate IRQ 367, hwirq 5
[    1.993523] gpio gpiochip2: (c440000.qcom,spmi:qcom,pm8350@1:pinctrl@8800): found parent hwirq 141
[    1.993531] gpio gpiochip2: (c440000.qcom,spmi:qcom,pm8350@1:pinctrl@8800): alloc_irqs_parent for 367 parent hwirq 141
[    1.993680] input: gpio-keys as /devices/platform/soc/soc:gpio_keys/input/input3
[    1.993702] KernelSU: KEY_VOLUMEDOWN val: 0
[    1.994340] [TP]synaptics-s3908: syna_tcm_probe: enter
[    1.994445] [TP]synaptics-s3908: syna_tcm_probe read_length:9
[    1.994535] [TP]touchpanel: register_common_touch_device  is called
[    1.994544] [TP]touchpanel: ts->tp_index not specified
[    1.994549] [TP]touchpanel: ts->tp_index is 0
[    1.994598] [TP0]touchpanel: init_parse_dts : irq_gpio = 331, irq_flags = 0x2008, reset_gpio = 330
[    1.994607] [TP0]touchpanel: ts->cs-gpio not specified
[    1.994650] [NVT-ts] nvt_driver_init 3335: start
[    1.994670] [TP0]touchpanel: Failed to get the cs-gpio high state pinctrl
[    1.994676] [TP0]touchpanel:  Failed to get the cs-gpio low state pinctrl 
[    1.994681] [TP0]touchpanel: Failed to get the input state pinctrl handle
[    1.994686] [TP]touchpanel: Failed to get pinctrl state:oplus_spi_active, r:-19
[    1.994687] [TP]touchpanel: Failed to get pinctrl state:oplus_int_active, r:-19
[    1.994692] [TP]touchpanel: Failed to get pinctrl state:oplus_reset_active, r:-19
[    1.994695] [NVT-ts] nvt_driver_init 3343: finished
[    1.994704] [TP]touchpanel: success get avtive pinctrl state
[    1.994706] [TP]touchpanel: Failed to get pinctrl state:oplus_spi_suspend, r:-19
[    1.994710] [TP]touchpanel: Failed to get pinctrl state:oplus_int_suspend, r:-19
[    1.994714] [TP]touchpanel: Failed to get pinctrl state:oplus_reset_suspend, r:-19
[    1.994718] [TP]touchpanel: success get suspend pinctrl state
[    1.994748] [TP0]touchpanel: panel_type not specified, need to default 1
[    1.994753] [TP0]touchpanel: find 1 num chip in dts
[    1.994758] [TP0]touchpanel: panel_data.chip_name = S3908
[    1.994766] [TP0]touchpanel: now has 3 num panel in dts
[    1.994777] [TP] Driver match support project [19815]
[    1.994782] [TP] match panel type OK , panel type is [8]
[    1.994788] [TP0]touchpanel: tp_type not specified
[    1.994793] [TP0]touchpanel: read firmware-data-0 firmware in dts
[    1.994795] [TP0]touchpanel: No firmware in dts !
[    1.994803] [TP0]touchpanel: ts->irq_need_dev_resume_time not specified
[    1.994808] [TP0]touchpanel: ts->irq_need_dev_resume_time = 50 ms
[    1.994814] [TP0]touchpanel: tx_num = 17, rx_num = 38 
[    1.994822] [TP0]touchpanel: LCD_WIDTH = 1440, LCD_HEIGHT = 3216, max_x = 1440, max_y = 3216, limit_witdh = 0, limit_height = 54
[    1.994828] [TP0]touchpanel: error:button-type should be setting in dts!
[    1.994830] [TP0]touchpanel: key_tx is 0, key_rx is 0
[    1.994839] [TP0]touchpanel: smooth_level_array not specified -22
[    1.994845] [TP0]touchpanel: sensitive_level_array not specified -22
[    1.994851] [TP0]touchpanel: error:game_perf_para_default should be setting in dts!
[    1.994857] [TP0]touchpanel: panel is oncell!
[    1.994865] [TP0]touchpanel: ts->high_frame_rate_time not specified or support
[    1.994874] [TP0]touchpanel: ts_check_panel_dt: panel[0] IS_ERR =1 
[    1.994882] [TP0]touchpanel: ts_check_panel_dt: panel[1] IS_ERR =1 
[    1.994890] [TP0]touchpanel: ts_check_panel_dt: panel[2] IS_ERR =1 
[    1.994895] [TP0]touchpanel: register_common_touch_device: ts_check_panel_dt failed.
[    1.994899] [TP]synaptics-s3908: Failed to init device information
[    1.995186] input: qwerty as /devices/virtual/input/input4
[    1.995235] gf_qcom: register goodix_fp_ok
[    1.995242] gf_qcom: version V1.2.09
[    1.995247] gf_qcom: gf_cleanup_ftm_poweroff_flag cleanup
[    1.995249] gf_qcom: gf_dev->ftm_poweroff_flag = 1
[    1.995505] gf_qcom: status = 0x0
[    1.995512] ancfp_init, found not jiiov sensor
[    1.995703] [TP]synaptics-s3908: syna_tcm_probe: enter
[    1.995811] [TP]synaptics-s3908: syna_tcm_probe read_length:9
[    1.995910] [TP]touchpanel: register_common_touch_device  is called
[    1.995918] [TP]touchpanel: ts->tp_index not specified
[    1.995923] [TP]touchpanel: ts->tp_index is 0
[    1.995971] [TP0]touchpanel: init_parse_dts : irq_gpio = 331, irq_flags = 0x2008, reset_gpio = 330
[    1.995979] [TP0]touchpanel: ts->cs-gpio not specified
[    1.996060] [TP0]touchpanel: Failed to get the cs-gpio high state pinctrl
[    1.996066] [TP0]touchpanel:  Failed to get the cs-gpio low state pinctrl 
[    1.996071] [TP0]touchpanel: Failed to get the input state pinctrl handle
[    1.996075] [TP]touchpanel: Failed to get pinctrl state:oplus_spi_active, r:-19
[    1.996076] [TP]touchpanel: Failed to get pinctrl state:oplus_int_active, r:-19
[    1.996081] [TP]touchpanel: Failed to get pinctrl state:oplus_reset_active, r:-19
[    1.996085] [TP]touchpanel: success get avtive pinctrl state
[    1.996089] [TP]touchpanel: Failed to get pinctrl state:oplus_spi_suspend, r:-19
[    1.996093] [TP]touchpanel: Failed to get pinctrl state:oplus_int_suspend, r:-19
[    1.996098] [TP]touchpanel: Failed to get pinctrl state:oplus_reset_suspend, r:-19
[    1.996102] [TP]touchpanel: success get suspend pinctrl state
[    1.996127] [TP0]touchpanel: panel_type not specified, need to default 1
[    1.996131] [TP0]touchpanel: find 1 num chip in dts
[    1.996136] [TP0]touchpanel: panel_data.chip_name = S3908
[    1.996143] [TP0]touchpanel: now has 3 num panel in dts
[    1.996152] [TP] Driver match support project [19815]
[    1.996157] [TP] match panel type OK , panel type is [8]
[    1.996162] [TP0]touchpanel: tp_type not specified
[    1.996166] [TP0]touchpanel: read firmware-data-0 firmware in dts
[    1.996168] [TP0]touchpanel: No firmware in dts !
[    1.996176] [TP0]touchpanel: ts->irq_need_dev_resume_time not specified
[    1.996180] [TP0]touchpanel: ts->irq_need_dev_resume_time = 50 ms
[    1.996185] [TP0]touchpanel: tx_num = 17, rx_num = 38 
[    1.996192] [TP0]touchpanel: LCD_WIDTH = 1440, LCD_HEIGHT = 3216, max_x = 1440, max_y = 3216, limit_witdh = 0, limit_height = 54
[    1.996197] [TP0]touchpanel: error:button-type should be setting in dts!
[    1.996200] [TP0]touchpanel: key_tx is 0, key_rx is 0
[    1.996208] [TP0]touchpanel: smooth_level_array not specified -22
[    1.996214] [TP0]touchpanel: sensitive_level_array not specified -22
[    1.996219] [TP0]touchpanel: error:game_perf_para_default should be setting in dts!
[    1.996224] [TP0]touchpanel: panel is oncell!
[    1.996231] [TP0]touchpanel: ts->high_frame_rate_time not specified or support
[    1.996239] [TP0]touchpanel: ts_check_panel_dt: panel[0] IS_ERR =1 
[    1.996245] [TP0]touchpanel: ts_check_panel_dt: panel[1] IS_ERR =1 
[    1.996252] [TP0]touchpanel: ts_check_panel_dt: panel[2] IS_ERR =1 
[    1.996256] [TP0]touchpanel: register_common_touch_device: ts_check_panel_dt failed.
[    1.996260] [TP]synaptics-s3908: Failed to init device information
[    1.998423] bimc-bwmon: Zone thres larger than hw limit: hi:0 med:4000 lo:0
[    1.998852] bimc-bwmon: Zone thres larger than hw limit: hi:0 med:4000 lo:0
[    1.998953] [TP]synaptics-s3908: syna_tcm_probe: enter
[    1.999064] [TP]synaptics-s3908: syna_tcm_probe read_length:9
[    1.999146] [TP]touchpanel: register_common_touch_device  is called
[    1.999153] [TP]touchpanel: ts->tp_index not specified
[    1.999158] [TP]touchpanel: ts->tp_index is 0
[    1.999209] [TP0]touchpanel: init_parse_dts : irq_gpio = 331, irq_flags = 0x2008, reset_gpio = 330
[    1.999218] [TP0]touchpanel: ts->cs-gpio not specified
[    1.999296] [TP0]touchpanel: Failed to get the cs-gpio high state pinctrl
[    1.999302] [TP0]touchpanel:  Failed to get the cs-gpio low state pinctrl 
[    1.999307] [TP0]touchpanel: Failed to get the input state pinctrl handle
[    1.999313] [TP]touchpanel: Failed to get pinctrl state:oplus_spi_active, r:-19
[    1.999314] [TP]touchpanel: Failed to get pinctrl state:oplus_int_active, r:-19
[    1.999319] [TP]touchpanel: Failed to get pinctrl state:oplus_reset_active, r:-19
[    1.999323] [TP]touchpanel: success get avtive pinctrl state
[    1.999328] [TP]touchpanel: Failed to get pinctrl state:oplus_spi_suspend, r:-19
[    1.999333] [TP]touchpanel: Failed to get pinctrl state:oplus_int_suspend, r:-19
[    1.999338] [TP]touchpanel: Failed to get pinctrl state:oplus_reset_suspend, r:-19
[    1.999342] [TP]touchpanel: success get suspend pinctrl state
[    1.999368] [TP0]touchpanel: panel_type not specified, need to default 1
[    1.999373] [TP0]touchpanel: find 1 num chip in dts
[    1.999379] [TP0]touchpanel: panel_data.chip_name = S3908
[    1.999387] [TP0]touchpanel: now has 3 num panel in dts
[    1.999397] [TP] Driver match support project [19815]
[    1.999402] [TP] match panel type OK , panel type is [8]
[    1.999408] [TP0]touchpanel: tp_type not specified
[    1.999413] [TP0]touchpanel: read firmware-data-0 firmware in dts
[    1.999415] [TP0]touchpanel: No firmware in dts !
[    1.999423] [TP0]touchpanel: ts->irq_need_dev_resume_time not specified
[    1.999428] [TP0]touchpanel: ts->irq_need_dev_resume_time = 50 ms
[    1.999433] [TP0]touchpanel: tx_num = 17, rx_num = 38 
[    1.999440] [TP0]touchpanel: LCD_WIDTH = 1440, LCD_HEIGHT = 3216, max_x = 1440, max_y = 3216, limit_witdh = 0, limit_height = 54
[    1.999446] [TP0]touchpanel: error:button-type should be setting in dts!
[    1.999449] [TP0]touchpanel: key_tx is 0, key_rx is 0
[    1.999458] [TP0]touchpanel: smooth_level_array not specified -22
[    1.999464] [TP0]touchpanel: sensitive_level_array not specified -22
[    1.999470] [TP0]touchpanel: error:game_perf_para_default should be setting in dts!
[    1.999476] [TP0]touchpanel: panel is oncell!
[    1.999484] [TP0]touchpanel: ts->high_frame_rate_time not specified or support
[    1.999493] [TP0]touchpanel: ts_check_panel_dt: panel[0] IS_ERR =1 
[    1.999501] [TP0]touchpanel: ts_check_panel_dt: panel[1] IS_ERR =1 
[    1.999509] [TP0]touchpanel: ts_check_panel_dt: panel[2] IS_ERR =1 
[    1.999515] [TP0]touchpanel: register_common_touch_device: ts_check_panel_dt failed.
[    1.999519] [TP]synaptics-s3908: Failed to init device information
[    2.000012] [TP]synaptics-s3908: syna_tcm_probe: enter
[    2.000159] [TP]synaptics-s3908: syna_tcm_probe read_length:9
[    2.000268] [TP]touchpanel: register_common_touch_device  is called
[    2.000275] [TP]touchpanel: ts->tp_index not specified
[    2.000280] [TP]touchpanel: ts->tp_index is 0
[    2.000335] [TP0]touchpanel: init_parse_dts : irq_gpio = 331, irq_flags = 0x2008, reset_gpio = 330
[    2.000345] [TP0]touchpanel: ts->cs-gpio not specified
[    2.000407] [TP0]touchpanel: Failed to get the cs-gpio high state pinctrl
[    2.000412] [TP0]touchpanel:  Failed to get the cs-gpio low state pinctrl 
[    2.000417] [TP0]touchpanel: Failed to get the input state pinctrl handle
[    2.000422] [TP]touchpanel: Failed to get pinctrl state:oplus_spi_active, r:-19
[    2.000423] [TP]touchpanel: Failed to get pinctrl state:oplus_int_active, r:-19
[    2.000428] [TP]touchpanel: Failed to get pinctrl state:oplus_reset_active, r:-19
[    2.000432] [TP]touchpanel: success get avtive pinctrl state
[    2.000437] [TP]touchpanel: Failed to get pinctrl state:oplus_spi_suspend, r:-19
[    2.000442] [TP]touchpanel: Failed to get pinctrl state:oplus_int_suspend, r:-19
[    2.000446] [TP]touchpanel: Failed to get pinctrl state:oplus_reset_suspend, r:-19
[    2.000450] [TP]touchpanel: success get suspend pinctrl state
[    2.000477] [TP0]touchpanel: panel_type not specified, need to default 1
[    2.000482] [TP0]touchpanel: find 1 num chip in dts
[    2.000487] [TP0]touchpanel: panel_data.chip_name = S3908
[    2.000495] [TP0]touchpanel: now has 3 num panel in dts
[    2.000504] [TP] Driver match support project [19815]
[    2.000509] [TP] match panel type OK , panel type is [8]
[    2.000515] [TP0]touchpanel: tp_type not specified
[    2.000517] bimc-bwmon: Zone thres larger than hw limit: hi:0 med:4000 lo:0
[    2.000524] [TP0]touchpanel: read firmware-data-0 firmware in dts
[    2.000526] [TP0]touchpanel: No firmware in dts !
[    2.000534] [TP0]touchpanel: ts->irq_need_dev_resume_time not specified
[    2.000539] [TP0]touchpanel: ts->irq_need_dev_resume_time = 50 ms
[    2.000544] [TP0]touchpanel: tx_num = 17, rx_num = 38 
[    2.000552] [TP0]touchpanel: LCD_WIDTH = 1440, LCD_HEIGHT = 3216, max_x = 1440, max_y = 3216, limit_witdh = 0, limit_height = 54
[    2.000557] [TP0]touchpanel: error:button-type should be setting in dts!
[    2.000560] [TP0]touchpanel: key_tx is 0, key_rx is 0
[    2.000569] [TP0]touchpanel: smooth_level_array not specified -22
[    2.000576] [TP0]touchpanel: sensitive_level_array not specified -22
[    2.000582] [TP0]touchpanel: error:game_perf_para_default should be setting in dts!
[    2.000588] [TP0]touchpanel: panel is oncell!
[    2.000595] [TP0]touchpanel: ts->high_frame_rate_time not specified or support
[    2.000604] [TP0]touchpanel: ts_check_panel_dt: panel[0] IS_ERR =1 
[    2.000612] [TP0]touchpanel: ts_check_panel_dt: panel[1] IS_ERR =1 
[    2.000619] [TP0]touchpanel: ts_check_panel_dt: panel[2] IS_ERR =1 
[    2.000624] [TP0]touchpanel: register_common_touch_device: ts_check_panel_dt failed.
[    2.000629] [TP]synaptics-s3908: Failed to init device information
[    2.001137] [TP]synaptics-s3908: syna_tcm_probe: enter
[    2.001246] [TP]synaptics-s3908: syna_tcm_probe read_length:9
[    2.001356] [TP]touchpanel: register_common_touch_device  is called
[    2.001364] [TP]touchpanel: ts->tp_index not specified
[    2.001370] [TP]touchpanel: ts->tp_index is 0
[    2.001419] [TP0]touchpanel: init_parse_dts : irq_gpio = 331, irq_flags = 0x2008, reset_gpio = 330
[    2.001428] [TP0]touchpanel: ts->cs-gpio not specified
[    2.001491] [TP0]touchpanel: Failed to get the cs-gpio high state pinctrl
[    2.001497] [TP0]touchpanel:  Failed to get the cs-gpio low state pinctrl 
[    2.001503] [TP0]touchpanel: Failed to get the input state pinctrl handle
[    2.001507] [TP]touchpanel: Failed to get pinctrl state:oplus_spi_active, r:-19
[    2.001509] [TP]touchpanel: Failed to get pinctrl state:oplus_int_active, r:-19
[    2.001513] [TP]touchpanel: Failed to get pinctrl state:oplus_reset_active, r:-19
[    2.001517] [TP]touchpanel: success get avtive pinctrl state
[    2.001522] [TP]touchpanel: Failed to get pinctrl state:oplus_spi_suspend, r:-19
[    2.001527] [TP]touchpanel: Failed to get pinctrl state:oplus_int_suspend, r:-19
[    2.001532] [TP]touchpanel: Failed to get pinctrl state:oplus_reset_suspend, r:-19
[    2.001536] [TP]touchpanel: success get suspend pinctrl state
[    2.001567] [TP0]touchpanel: panel_type not specified, need to default 1
[    2.001572] [TP0]touchpanel: find 1 num chip in dts
[    2.001578] [TP0]touchpanel: panel_data.chip_name = S3908
[    2.001586] [TP0]touchpanel: now has 3 num panel in dts
[    2.001595] [TP] Driver match support project [19815]
[    2.001601] [TP] match panel type OK , panel type is [8]
[    2.001607] [TP0]touchpanel: tp_type not specified
[    2.001611] [TP0]touchpanel: read firmware-data-0 firmware in dts
[    2.001613] [TP0]touchpanel: No firmware in dts !
[    2.001622] [TP0]touchpanel: ts->irq_need_dev_resume_time not specified
[    2.001627] [TP0]touchpanel: ts->irq_need_dev_resume_time = 50 ms
[    2.001633] [TP0]touchpanel: tx_num = 17, rx_num = 38 
[    2.001640] [TP0]touchpanel: LCD_WIDTH = 1440, LCD_HEIGHT = 3216, max_x = 1440, max_y = 3216, limit_witdh = 0, limit_height = 54
[    2.001645] [TP0]touchpanel: error:button-type should be setting in dts!
[    2.001648] [TP0]touchpanel: key_tx is 0, key_rx is 0
[    2.001656] [TP0]touchpanel: smooth_level_array not specified -22
[    2.001662] [TP0]touchpanel: sensitive_level_array not specified -22
[    2.001668] [TP0]touchpanel: error:game_perf_para_default should be setting in dts!
[    2.001674] [TP0]touchpanel: panel is oncell!
[    2.001681] [TP0]touchpanel: ts->high_frame_rate_time not specified or support
[    2.001690] [TP0]touchpanel: ts_check_panel_dt: panel[0] IS_ERR =1 
[    2.001698] [TP0]touchpanel: ts_check_panel_dt: panel[1] IS_ERR =1 
[    2.001705] [TP0]touchpanel: ts_check_panel_dt: panel[2] IS_ERR =1 
[    2.001710] [TP0]touchpanel: register_common_touch_device: ts_check_panel_dt failed.
[    2.001715] [TP]synaptics-s3908: Failed to init device information
[    2.002345] [TP]synaptics-s3908: syna_tcm_probe: enter
[    2.002449] [TP]synaptics-s3908: syna_tcm_probe read_length:9
[    2.002534] [TP]touchpanel: register_common_touch_device  is called
[    2.002542] [TP]touchpanel: ts->tp_index not specified
[    2.002547] [TP]touchpanel: ts->tp_index is 0
[    2.002621] [TP0]touchpanel: init_parse_dts : irq_gpio = 331, irq_flags = 0x2008, reset_gpio = 330
[    2.002631] [TP0]touchpanel: ts->cs-gpio not specified
[    2.002723] [TP0]touchpanel: Failed to get the cs-gpio high state pinctrl
[    2.002729] [TP0]touchpanel:  Failed to get the cs-gpio low state pinctrl 
[    2.002733] [TP0]touchpanel: Failed to get the input state pinctrl handle
[    2.002738] [TP]touchpanel: Failed to get pinctrl state:oplus_spi_active, r:-19
[    2.002739] [TP]touchpanel: Failed to get pinctrl state:oplus_int_active, r:-19
[    2.002744] [TP]touchpanel: Failed to get pinctrl state:oplus_reset_active, r:-19
[    2.002748] [TP]touchpanel: success get avtive pinctrl state
[    2.002753] [TP]touchpanel: Failed to get pinctrl state:oplus_spi_suspend, r:-19
[    2.002758] [TP]touchpanel: Failed to get pinctrl state:oplus_int_suspend, r:-19
[    2.002762] [TP]touchpanel: Failed to get pinctrl state:oplus_reset_suspend, r:-19
[    2.002766] [TP]touchpanel: success get suspend pinctrl state
[    2.002791] [TP0]touchpanel: panel_type not specified, need to default 1
[    2.002796] [TP0]touchpanel: find 1 num chip in dts
[    2.002801] [TP0]touchpanel: panel_data.chip_name = S3908
[    2.002809] [TP0]touchpanel: now has 3 num panel in dts
[    2.002820] [TP] Driver match support project [19815]
[    2.002825] [TP] match panel type OK , panel type is [8]
[    2.002831] [TP0]touchpanel: tp_type not specified
[    2.002836] [TP0]touchpanel: read firmware-data-0 firmware in dts
[    2.002838] [TP0]touchpanel: No firmware in dts !
[    2.002846] [TP0]touchpanel: ts->irq_need_dev_resume_time not specified
[    2.002852] [TP0]touchpanel: ts->irq_need_dev_resume_time = 50 ms
[    2.002859] [TP0]touchpanel: tx_num = 17, rx_num = 38 
[    2.002867] [TP0]touchpanel: LCD_WIDTH = 1440, LCD_HEIGHT = 3216, max_x = 1440, max_y = 3216, limit_witdh = 0, limit_height = 54
[    2.002874] [TP0]touchpanel: error:button-type should be setting in dts!
[    2.002876] [TP0]touchpanel: key_tx is 0, key_rx is 0
[    2.002885] [TP0]touchpanel: smooth_level_array not specified -22
[    2.002891] [TP0]touchpanel: sensitive_level_array not specified -22
[    2.002897] [TP0]touchpanel: error:game_perf_para_default should be setting in dts!
[    2.002902] [TP0]touchpanel: panel is oncell!
[    2.002909] [TP0]touchpanel: ts->high_frame_rate_time not specified or support
[    2.002919] [TP0]touchpanel: ts_check_panel_dt: panel[0] IS_ERR =1 
[    2.002926] [TP0]touchpanel: ts_check_panel_dt: panel[1] IS_ERR =1 
[    2.002934] [TP0]touchpanel: ts_check_panel_dt: panel[2] IS_ERR =1 
[    2.002939] [TP0]touchpanel: register_common_touch_device: ts_check_panel_dt failed.
[    2.002943] [TP]synaptics-s3908: Failed to init device information
[    2.003533] [TP]synaptics-s3908: syna_tcm_probe: enter
[    2.003629] [TP]synaptics-s3908: syna_tcm_probe read_length:9
[    2.003710] [TP]touchpanel: register_common_touch_device  is called
[    2.003717] [TP]touchpanel: ts->tp_index not specified
[    2.003721] [TP]touchpanel: ts->tp_index is 0
[    2.003747] RNDIS_IPA module is loaded.
[    2.003768] [TP0]touchpanel: init_parse_dts : irq_gpio = 331, irq_flags = 0x2008, reset_gpio = 330
[    2.003776] [TP0]touchpanel: ts->cs-gpio not specified
[    2.003797] cfg80211: Loading compiled-in X.509 certificates for regulatory database
[    2.003835] [TP0]touchpanel: Failed to get the cs-gpio high state pinctrl
[    2.003840] [TP0]touchpanel:  Failed to get the cs-gpio low state pinctrl 
[    2.003844] [TP0]touchpanel: Failed to get the input state pinctrl handle
[    2.003848] [TP]touchpanel: Failed to get pinctrl state:oplus_spi_active, r:-19
[    2.003849] [TP]touchpanel: Failed to get pinctrl state:oplus_int_active, r:-19
[    2.003854] [TP]touchpanel: Failed to get pinctrl state:oplus_reset_active, r:-19
[    2.003857] [TP]touchpanel: success get avtive pinctrl state
[    2.003862] [TP]touchpanel: Failed to get pinctrl state:oplus_spi_suspend, r:-19
[    2.003866] [TP]touchpanel: Failed to get pinctrl state:oplus_int_suspend, r:-19
[    2.003870] [TP]touchpanel: Failed to get pinctrl state:oplus_reset_suspend, r:-19
[    2.003874] [TP]touchpanel: success get suspend pinctrl state
[    2.003897] [TP0]touchpanel: panel_type not specified, need to default 1
[    2.003901] [TP0]touchpanel: find 1 num chip in dts
[    2.003906] [TP0]touchpanel: panel_data.chip_name = S3908
[    2.003913] [TP0]touchpanel: now has 3 num panel in dts
[    2.003921] [TP] Driver match support project [19815]
[    2.003926] [TP] match panel type OK , panel type is [8]
[    2.003931] [TP0]touchpanel: tp_type not specified
[    2.003935] [TP0]touchpanel: read firmware-data-0 firmware in dts
[    2.003937] [TP0]touchpanel: No firmware in dts !
[    2.003945] [TP0]touchpanel: ts->irq_need_dev_resume_time not specified
[    2.003949] [TP0]touchpanel: ts->irq_need_dev_resume_time = 50 ms
[    2.003954] [TP0]touchpanel: tx_num = 17, rx_num = 38 
[    2.003960] [TP0]touchpanel: LCD_WIDTH = 1440, LCD_HEIGHT = 3216, max_x = 1440, max_y = 3216, limit_witdh = 0, limit_height = 54
[    2.003966] [TP0]touchpanel: error:button-type should be setting in dts!
[    2.003968] [TP0]touchpanel: key_tx is 0, key_rx is 0
[    2.003976] [TP0]touchpanel: smooth_level_array not specified -22
[    2.003981] [TP0]touchpanel: sensitive_level_array not specified -22
[    2.003986] [TP0]touchpanel: error:game_perf_para_default should be setting in dts!
[    2.003991] [TP0]touchpanel: panel is oncell!
[    2.003998] [TP0]touchpanel: ts->high_frame_rate_time not specified or support
[    2.004005] [TP0]touchpanel: ts_check_panel_dt: panel[0] IS_ERR =1 
[    2.004012] [TP0]touchpanel: ts_check_panel_dt: panel[1] IS_ERR =1 
[    2.004036] [TP0]touchpanel: ts_check_panel_dt: panel[2] IS_ERR =1 
[    2.004041] [TP0]touchpanel: register_common_touch_device: ts_check_panel_dt failed.
[    2.004044] [TP]synaptics-s3908: Failed to init device information
[    2.004504] cfg80211: Loaded X.509 cert 'sforshee: 00b28ddf47aef9cea7'
[    2.004536] [TP]synaptics-s3908: syna_tcm_probe: enter
[    2.004634] [TP]synaptics-s3908: syna_tcm_probe read_length:9
[    2.004715] [TP]touchpanel: register_common_touch_device  is called
[    2.004721] [TP]touchpanel: ts->tp_index not specified
[    2.004726] [TP]touchpanel: ts->tp_index is 0
[    2.004773] [TP0]touchpanel: init_parse_dts : irq_gpio = 331, irq_flags = 0x2008, reset_gpio = 330
[    2.004781] [TP0]touchpanel: ts->cs-gpio not specified
[    2.004840] [TP0]touchpanel: Failed to get the cs-gpio high state pinctrl
[    2.004845] [TP0]touchpanel:  Failed to get the cs-gpio low state pinctrl 
[    2.004849] [TP0]touchpanel: Failed to get the input state pinctrl handle
[    2.004850] cfg80211: Loaded X.509 cert 'wens: 61c038651aabdcf94bd0ac7ff06c7248db18c600'
[    2.004857] [TP]touchpanel: Failed to get pinctrl state:oplus_spi_active, r:-19
[    2.004859] [TP]touchpanel: Failed to get pinctrl state:oplus_int_active, r:-19
[    2.004861] clk: Disabling unused clocks
[    2.004868] [TP]touchpanel: Failed to get pinctrl state:oplus_reset_active, r:-19
[    2.004869] [TP]touchpanel: success get avtive pinctrl state
[    2.004873] [TP]touchpanel: Failed to get pinctrl state:oplus_spi_suspend, r:-19
[    2.004877] [TP]touchpanel: Failed to get pinctrl state:oplus_int_suspend, r:-19
[    2.004881] [TP]touchpanel: Failed to get pinctrl state:oplus_reset_suspend, r:-19
[    2.004885] [TP]touchpanel: success get suspend pinctrl state
[    2.004909] [TP0]touchpanel: panel_type not specified, need to default 1
[    2.004913] [TP0]touchpanel: find 1 num chip in dts
[    2.004918] [TP0]touchpanel: panel_data.chip_name = S3908
[    2.004925] [TP0]touchpanel: now has 3 num panel in dts
[    2.004933] [TP] Driver match support project [19815]
[    2.004937] [TP] match panel type OK , panel type is [8]
[    2.004943] [TP0]touchpanel: tp_type not specified
[    2.004947] [TP0]touchpanel: read firmware-data-0 firmware in dts
[    2.004949] [TP0]touchpanel: No firmware in dts !
[    2.004956] [TP0]touchpanel: ts->irq_need_dev_resume_time not specified
[    2.004960] [TP0]touchpanel: ts->irq_need_dev_resume_time = 50 ms
[    2.004965] [TP0]touchpanel: tx_num = 17, rx_num = 38 
[    2.004972] [TP0]touchpanel: LCD_WIDTH = 1440, LCD_HEIGHT = 3216, max_x = 1440, max_y = 3216, limit_witdh = 0, limit_height = 54
[    2.004977] [TP0]touchpanel: error:button-type should be setting in dts!
[    2.004980] [TP0]touchpanel: key_tx is 0, key_rx is 0
[    2.004988] [TP0]touchpanel: smooth_level_array not specified -22
[    2.004993] [TP0]touchpanel: sensitive_level_array not specified -22
[    2.004998] [TP0]touchpanel: error:game_perf_para_default should be setting in dts!
[    2.005003] [TP0]touchpanel: panel is oncell!
[    2.005010] [TP0]touchpanel: ts->high_frame_rate_time not specified or support
[    2.005017] [TP0]touchpanel: ts_check_panel_dt: panel[0] IS_ERR =1 
[    2.005024] [TP0]touchpanel: ts_check_panel_dt: panel[1] IS_ERR =1 
[    2.005030] [TP0]touchpanel: ts_check_panel_dt: panel[2] IS_ERR =1 
[    2.005035] [TP0]touchpanel: register_common_touch_device: ts_check_panel_dt failed.
[    2.005038] [TP]synaptics-s3908: Failed to init device information
[    2.005301] gpu_cc-lahaina 3d90000.qcom,gpucc: sync-state
[    2.005366] video_cc-lahaina abf0000.qcom,videocc: sync-state
[    2.005518] ALSA device list:
[    2.005531] No soundcards found.
[    2.005588] Warning: unable to open an initial console.
[    2.005938] Freeing unused kernel memory: 1600K
[    2.006093] platform regulatory.0: Direct firmware load for regulatory.db failed with error -2
[    2.006101] platform regulatory.0: Falling back to sysfs fallback for: regulatory.db
[    2.020191] Run /init as init process
[    2.022061] init: init first stage started!
[    2.022972] init: Switching root to '/first_stage_ramdisk'
[    2.023197] init: [libfstab] Using Android DT directory /proc/device-tree/firmware/android/
[    2.023388] init: [libfstab] dt_fstab: Skip disabled entry for partition vendor
[    2.023409] init: [libfstab] ReadFstabFromDt(): failed to read fstab from dt
[    2.023541] init: [libfstab] dt_fstab: Skip disabled entry for partition vendor
[    2.062216] init: AVB is not enabled, skip verity setup for '/metadata'
[    2.063400] init: [libfs_mgr] superblock s_max_mnt_count:65535,/dev/block/by-name/metadata
[    2.065762] EXT4-fs (sda17): mounted filesystem with ordered data mode. Opts: errors=remount-ro
[    2.065782] init: [libfs_mgr] check_fs(): mount(/dev/block/by-name/metadata,/metadata,ext4)=0: Success
[    2.066437] init: [libfs_mgr] umount_retry(): unmount(/metadata) succeeded
[    2.067976] e2fsck: linker: Warning: failed to find generated linker configuration from "/linkerconfig/ld.config.txt"
[    2.067983] e2fsck: WARNING: linker: Warning: failed to find generated linker configuration from "/linkerconfig/ld.config.txt"
[    2.075259] e2fsck: /dev/block/by-name/metadata: clean, 267/4096 files, 1808/4096 blocks
[    2.078215] EXT4-fs (sda17): mounted filesystem with ordered data mode. Opts: discard
[    2.084571] EXT4-fs (dm-2): mounted filesystem without journal. Opts: barrier=1,discard
[    2.087170] EXT4-fs (dm-3): mounted filesystem without journal. Opts: barrier=1,discard
[    2.088431] EXT4-fs (dm-1): mounted filesystem without journal. Opts: barrier=1,discard
[    2.088856] erofs: (device dm-4): mounted with root inode @ nid 51.
[    2.089177] erofs: (device dm-5): mounted with root inode @ nid 39.
[    2.089430] erofs: (device dm-0): mounted with root inode @ nid 40.
[    2.101692] printk: init: 39 output lines suppressed due to ratelimiting
[    2.165924] init: [libfstab] Using Android DT directory /proc/device-tree/firmware/android/
[    2.166117] init: [libfstab] dt_fstab: Skip disabled entry for partition vendor
[    2.168802] init: Opening SELinux policy
[    2.177075] init: Loading SELinux policy
[    2.200998] SELinux:  policy capability network_peer_controls=1
[    2.201003] SELinux:  policy capability open_perms=1
[    2.201005] SELinux:  policy capability extended_socket_class=1
[    2.201007] SELinux:  policy capability always_check_network=0
[    2.201009] SELinux:  policy capability cgroup_seclabel=0
[    2.201010] SELinux:  policy capability nnp_nosuid_transition=1
[    2.201012] SELinux:  unknown policy capability 12
[    2.248729] audit: type=1403 audit(716985.315:2): auid=4294967295 ses=4294967295 lsm=selinux res=1
[    2.248958] audit: type=1404 audit(716985.315:3): enforcing=1 old_enforcing=0 auid=4294967295 ses=4294967295 enabled=1 old-enabled=1 lsm=selinux res=1
[    2.252458] selinux: SELinux: Loaded file context from:
[    2.252462] selinux: 		/system/etc/selinux/plat_file_contexts
[    2.252464] selinux: 		/system_ext/etc/selinux/system_ext_file_contexts
[    2.252467] selinux: 		/product/etc/selinux/product_file_contexts
[    2.252469] selinux: 		/vendor/etc/selinux/vendor_file_contexts
[    2.252471] selinux: 		/odm/etc/selinux/odm_file_contexts
[    2.252790] KernelSU: /system/bin/init second_stage executed
[    2.266330] KernelSU: sid '75' is set for secctx_name 'u:r:priv_app:s0:c512,c768'
[    2.266334] KernelSU: sid '76' is set for secctx_name 'u:r:init:s0'
[    2.266337] KernelSU: sid '77' is set for secctx_name 'u:r:su:s0'
[    2.266340] KernelSU: sid '78' is set for secctx_name 'u:r:zygote:s0'
[    2.266342] KernelSU: Cached su SID: 77
[    2.266345] KernelSU: Cached zygote SID: 78
[    2.266347] KernelSU: Cached init SID: 76
[    2.266350] KernelSU: Cached ksu_file SID: 79
[    2.266352] KernelSU: sid '77' is set for secctx_name 'u:r:su:s0'
[    2.266354] KernelSU: sid '78' is set for secctx_name 'u:r:zygote:s0'
[    2.266355] KernelSU: sid '76' is set for secctx_name 'u:r:init:s0'
[    2.266358] KernelSU: sid '1' is set for secctx_name 'u:r:kernel:s0'
[    2.266361] KernelSU: sid '75' is set for secctx_name 'u:r:priv_app:s0:c512,c768'
[    2.266363] KernelSU: avc_spoof/get_sid: su_sid: 77
[    2.266364] KernelSU: avc_spoof/get_sid: priv_app_sid: 75
[    2.266366] KernelSU: avc_spoof/init: register slow_avc_audit kprobe!
[    2.269237] KernelSU: sucompat: register_slow_avc_audit kprobe: 0
[    2.269240] KernelSU: avc_spoof/init: slow_avc_audit spoofing enabled!
[    2.272812] init: init second stage started!
[    2.279877] selinux: SELinux: Loaded file context from:
[    2.279882] selinux: 		/system/etc/selinux/plat_file_contexts
[    2.279884] selinux: 		/system_ext/etc/selinux/system_ext_file_contexts
[    2.279887] selinux: 		/product/etc/selinux/product_file_contexts
[    2.279889] selinux: 		/vendor/etc/selinux/vendor_file_contexts
[    2.279890] selinux: 		/odm/etc/selinux/odm_file_contexts
[    2.291479] init: [libfstab] Using Android DT directory /proc/device-tree/firmware/android/
[    2.291752] init: Init cannot set 'ro.boot.mode' to 'normal': Read-only property was already set
[    2.291774] init: Init cannot set 'ro.boot.startupmode' to 'hard_reset': Read-only property was already set
[    2.307465] KernelSU: susfs: mark no sucompat checks for pid: '443', exec: '/system/bin/init'
[    2.307503] KernelSU: stat init.rc
[    2.307504] KernelSU: adding ksu_rc_len: 59886 -> 60237
[    2.307507] KernelSU: stat init.rc
[    2.307509] KernelSU: adding ksu_rc_len: 59886 -> 60237
[    2.307543] KernelSU: read init.rc, comm: init, rc_count: 351
[    2.307702] KernelSU: stop init_rc_hook
[    2.307899] KernelSU: read_iter_proxy: orig read finished, start append rc
[    2.307901] KernelSU: read_iter_proxy: append 351
[    2.307902] KernelSU: read_iter_proxy: append done
[    2.333904] cgroup1: Unknown subsys name 'schedtune'
[    2.341967] KernelSU: susfs: mark no sucompat checks for pid: '444', exec: '/system/bin/ueventd'
[    2.347553] ueventd: ueventd started!
[    2.347742] KernelSU: susfs: mark no sucompat checks for pid: '445', exec: '/system/bin/apexd'
[    2.352381] selinux: SELinux: Loaded file context from:
[    2.352387] selinux: 		/system/etc/selinux/plat_file_contexts
[    2.352390] selinux: 		/system_ext/etc/selinux/system_ext_file_contexts
[    2.352393] selinux: 		/product/etc/selinux/product_file_contexts
[    2.352396] selinux: 		/vendor/etc/selinux/vendor_file_contexts
[    2.352398] selinux: 		/odm/etc/selinux/odm_file_contexts
[    2.352496] ueventd: Parsing file /system/etc/ueventd.rc...
[    2.352727] ueventd: Added '/vendor/etc/ueventd.rc' to import list
[    2.352733] ueventd: Added '/odm/etc/ueventd.rc' to import list
[    2.398641] apexd: Started. subcommand = --bootstrap
[    2.398960] apexd-bootstrap: Scanning /system/apex for pre-installed ApexFiles
[    2.399556] apexd-bootstrap: Found pre-installed APEX /system/apex/com.android.adservices.capex
[    2.399571] apexd-bootstrap: Found pre-installed APEX /system/apex/com.android.rkpd.apex
[    2.399584] apexd-bootstrap: Found pre-installed APEX /system/apex/com.android.art.capex
[    2.399596] apexd-bootstrap: Found pre-installed APEX /system/apex/com.android.neuralnetworks.capex
[    2.399608] apexd-bootstrap: Found pre-installed APEX /system/apex/com.android.profiling.capex
[    2.399620] apexd-bootstrap: Found pre-installed APEX /system/apex/com.android.uprobestats.capex
[    2.399631] apexd-bootstrap: Found pre-installed APEX /system/apex/com.android.os.statsd.apex
[    2.399643] apexd-bootstrap: Found pre-installed APEX /system/apex/com.android.runtime.apex
[    2.404679] OPLUS_CHG[GKI]: battery_psy_get_prop[545]: Couldn't get prop 0 rc = -19
[    2.404683] OPLUS_CHG[GKI]: battery_psy_get_prop[545]: Couldn't get prop 2 rc = -19
[    2.404685] OPLUS_CHG[GKI]: battery_psy_get_prop[545]: Couldn't get prop 3 rc = -19
[    2.404687] OPLUS_CHG[GKI]: battery_psy_get_prop[545]: Couldn't get prop 1 rc = -19
[    2.404688] OPLUS_CHG[GKI]: battery_psy_get_prop[545]: Couldn't get prop 46 rc = -19
[    2.404690] OPLUS_CHG[GKI]: battery_psy_get_prop[545]: Couldn't get prop 14 rc = -19
[    2.404691] OPLUS_CHG[GKI]: battery_psy_get_prop[545]: Couldn't get prop 12 rc = -19
[    2.404693] OPLUS_CHG[GKI]: battery_psy_get_prop[545]: Couldn't get prop 8 rc = -19
[    2.404694] OPLUS_CHG[GKI]: battery_psy_get_prop[545]: Couldn't get prop 17 rc = -19
[    2.404696] OPLUS_CHG[GKI]: battery_psy_get_prop[545]: Couldn't get prop 33 rc = -19
[    2.404697] OPLUS_CHG[GKI]: battery_psy_get_prop[545]: Couldn't get prop 34 rc = -19
[    2.404699] OPLUS_CHG[GKI]: battery_psy_get_prop[545]: Couldn't get prop 51 rc = -19
[    2.404700] OPLUS_CHG[GKI]: battery_psy_get_prop[545]: Couldn't get prop 6 rc = -19
[    2.404702] OPLUS_CHG[GKI]: battery_psy_get_prop[545]: Couldn't get prop 28 rc = -19
[    2.404703] OPLUS_CHG[GKI]: battery_psy_get_prop[545]: Couldn't get prop 7 rc = -19
[    2.404705] OPLUS_CHG[GKI]: battery_psy_get_prop[545]: Couldn't get prop 22 rc = -19
[    2.404706] OPLUS_CHG[GKI]: battery_psy_get_prop[545]: Couldn't get prop 24 rc = -19
[    2.404708] OPLUS_CHG[GKI]: battery_psy_get_prop[545]: Couldn't get prop 72 rc = -19
[    2.404710] OPLUS_CHG[GKI]: battery_psy_get_prop[545]: Couldn't get prop 62 rc = -19
[    2.404711] OPLUS_CHG[GKI]: battery_psy_get_prop[545]: Couldn't get prop 61 rc = -19
[    2.404712] OPLUS_CHG[GKI]: battery_psy_get_prop[545]: Couldn't get prop 60 rc = -19
[    2.404714] OPLUS_CHG[GKI]: battery_psy_get_prop[545]: Couldn't get prop 20 rc = -19
[    2.404716] OPLUS_CHG[GKI]: battery_psy_get_prop[545]: Couldn't get prop 21 rc = -19
[    2.404717] OPLUS_CHG[GKI]: battery_psy_get_prop[545]: Couldn't get prop 26 rc = -19
[    2.404719] OPLUS_CHG[GKI]: battery_psy_get_prop[545]: Couldn't get prop 9 rc = -19
[    2.404984] OPLUS_CHG[GKI]: usb_psy_get_prop[280]: Couldn't get prop 4 rc = -19
[    2.404986] OPLUS_CHG[GKI]: usb_psy_get_prop[280]: Couldn't get prop 12 rc = -19
[    2.404987] OPLUS_CHG[GKI]: usb_psy_get_prop[280]: Couldn't get prop 8 rc = -19
[    2.404989] OPLUS_CHG[GKI]: usb_psy_get_prop[280]: Couldn't get prop 17 rc = -19
[    2.404991] OPLUS_CHG[GKI]: usb_psy_get_prop[280]: Couldn't get prop 16 rc = -19
[    2.404992] OPLUS_CHG[GKI]: usb_psy_get_prop[280]: Couldn't get prop 37 rc = -19
[    2.404994] OPLUS_CHG[GKI]: usb_psy_get_prop[280]: Couldn't get prop 64 rc = -19
[    2.404995] OPLUS_CHG[GKI]: usb_psy_get_prop[280]: Couldn't get prop 51 rc = -19
[    2.569726] subsys-pil-tz soc:qcom,ipa_fws: ipa_fws: loading from 0x000000008b510000 to 0x000000008b517000
[    2.570604] alloc_contig_range: [d5c82, d5c84) PFNs busy
[    2.611476] subsys-pil-tz soc:qcom,ipa_fws: Direct firmware load for ipa_fws.b02 failed with error -2
[    2.611490] subsys-pil-tz soc:qcom,ipa_fws: Falling back to sysfs fallback for: ipa_fws.b02
[    2.611549] subsys-pil-tz soc:qcom,ipa_fws: Direct firmware load for ipa_fws.b03 failed with error -2
[    2.611557] subsys-pil-tz soc:qcom,ipa_fws: Falling back to sysfs fallback for: ipa_fws.b03
[    2.611648] subsys-pil-tz soc:qcom,ipa_fws: Direct firmware load for ipa_fws.b04 failed with error -2
[    2.611657] subsys-pil-tz soc:qcom,ipa_fws: Falling back to sysfs fallback for: ipa_fws.b04
[    2.629593] EXT4-fs (loop2): mounted filesystem without journal. Opts: (null)
[    2.629666] EXT4-fs (loop3): mounted filesystem without journal. Opts: (null)
[    2.629815] EXT4-fs (loop0): mounted filesystem without journal. Opts: (null)
[    2.630026] EXT4-fs (loop1): mounted filesystem without journal. Opts: (null)
[    2.636079] printk: apexd: 45 output lines suppressed due to ratelimiting
[    2.643031] KernelSU: susfs: mark no sucompat checks for pid: '542', exec: '/apex/com.android.runtime/bin/linkerconfig'
[    2.685831] KernelSU: susfs: mark no sucompat checks for pid: '543', exec: '/vendor/bin/vendor_modprobe.sh'
[    2.765516] rtc6226: rtc6226_parse_dt unable to request gpio 358 (-16)
[    2.765526] rtc6226: rtc6226_i2c_probe: Parsing DT failed(-16)
[    2.765553] rtc6226: probe of 11-0064 failed with error -16
[    2.767253] [haptic_hv]aw_haptic driver version v0.0.0.9
[    2.768276] [haptic_hv]awinic_i2c_probe: enter
[    2.768291] [TP]synaptics-s3908: syna_tcm_probe: enter
[    2.768292] [haptic_hv]parse_dt: reset gpio provide ok 383
[    2.768295] [haptic_hv]parse_dt: irq gpio provide ok irq = 322.
[    2.768301] [haptic_hv]parse_dt: device_id=9595
[    2.768303] [haptic_hv]parse_dt: aw86927 boost_voltage=79
[    2.768312] [haptic_hv]hw_reset: enter
[    2.768696] [TP]synaptics-s3908: syna_tcm_probe read_length:9
[    2.768775] [TP]touchpanel: register_common_touch_device  is called
[    2.768784] [TP]touchpanel: ts->tp_index not specified
[    2.768789] [TP]touchpanel: ts->tp_index is 0
[    2.768865] [TP0]touchpanel: init_parse_dts : irq_gpio = 331, irq_flags = 0x2008, reset_gpio = 330
[    2.768878] [TP0]touchpanel: ts->cs-gpio not specified
[    2.769015] [TP0]touchpanel: Failed to get the cs-gpio high state pinctrl
[    2.769028] [TP0]touchpanel:  Failed to get the cs-gpio low state pinctrl 
[    2.769034] [TP0]touchpanel: Failed to get the input state pinctrl handle
[    2.769039] [TP]touchpanel: Failed to get pinctrl state:oplus_spi_active, r:-19
[    2.769041] [TP]touchpanel: Failed to get pinctrl state:oplus_int_active, r:-19
[    2.769049] [TP]touchpanel: Failed to get pinctrl state:oplus_reset_active, r:-19
[    2.769054] [TP]touchpanel: success get avtive pinctrl state
[    2.769062] [TP]touchpanel: Failed to get pinctrl state:oplus_spi_suspend, r:-19
[    2.769128] [TP]touchpanel: Failed to get pinctrl state:oplus_int_suspend, r:-19
[    2.769199] [TP]touchpanel: Failed to get pinctrl state:oplus_reset_suspend, r:-19
[    2.769210] [TP]touchpanel: success get suspend pinctrl state
[    2.769283] [TP0]touchpanel: panel_type not specified, need to default 1
[    2.769288] [TP0]touchpanel: find 1 num chip in dts
[    2.769294] [TP0]touchpanel: panel_data.chip_name = S3908
[    2.769302] [TP0]touchpanel: now has 3 num panel in dts
[    2.769313] [TP] Driver match support project [19815]
[    2.769318] [TP] match panel type OK , panel type is [8]
[    2.769323] [TP0]touchpanel: tp_type not specified
[    2.769328] [TP0]touchpanel: read firmware-data-0 firmware in dts
[    2.769331] [TP0]touchpanel: No firmware in dts !
[    2.769339] [TP0]touchpanel: ts->irq_need_dev_resume_time not specified
[    2.769344] [TP0]touchpanel: ts->irq_need_dev_resume_time = 50 ms
[    2.769349] [TP0]touchpanel: tx_num = 17, rx_num = 38 
[    2.769357] [TP0]touchpanel: LCD_WIDTH = 1440, LCD_HEIGHT = 3216, max_x = 1440, max_y = 3216, limit_witdh = 0, limit_height = 54
[    2.769362] [TP0]touchpanel: error:button-type should be setting in dts!
[    2.769365] [TP0]touchpanel: key_tx is 0, key_rx is 0
[    2.769375] [TP0]touchpanel: smooth_level_array not specified -22
[    2.769382] [TP0]touchpanel: sensitive_level_array not specified -22
[    2.769387] [TP0]touchpanel: error:game_perf_para_default should be setting in dts!
[    2.769393] [TP0]touchpanel: panel is oncell!
[    2.769400] [TP0]touchpanel: ts->high_frame_rate_time not specified or support
[    2.769414] [TP0]touchpanel: ts_check_panel_dt: panel[0] IS_ERR =1 
[    2.769422] [TP0]touchpanel: ts_check_panel_dt: panel[1] IS_ERR =1 
[    2.769430] [TP0]touchpanel: ts_check_panel_dt: panel[2] IS_ERR =1 
[    2.769435] [TP0]touchpanel: register_common_touch_device: ts_check_panel_dt failed.
[    2.769439] [TP]synaptics-s3908: Failed to init device information
[    2.776430] DATARMNETb1c42acd9c(): rmnet_offload initializing
[    2.777316] [TP]synaptics-s3908: syna_tcm_probe: enter
[    2.779107] [haptic_hv]parse_chipid: reg_val = 0x97
[    2.779113] [haptic_hv]parse_chipid: unsupport device revision (0x97)
[    2.781632] [haptic_hv]hw_reset: enter
[    2.783053] [TP]synaptics-s3908: syna_tcm_probe read_length:9
[    2.783264] [TP]touchpanel: register_common_touch_device  is called
[    2.783277] [TP]touchpanel: ts->tp_index not specified
[    2.783282] [TP]touchpanel: ts->tp_index is 0
[    2.783364] [TP0]touchpanel: init_parse_dts : irq_gpio = 331, irq_flags = 0x2008, reset_gpio = 330
[    2.783375] [TP0]touchpanel: ts->cs-gpio not specified
[    2.783536] [TP0]touchpanel: Failed to get the cs-gpio high state pinctrl
[    2.783541] [TP0]touchpanel:  Failed to get the cs-gpio low state pinctrl 
[    2.783546] [TP0]touchpanel: Failed to get the input state pinctrl handle
[    2.783551] [TP]touchpanel: Failed to get pinctrl state:oplus_spi_active, r:-19
[    2.783553] [TP]touchpanel: Failed to get pinctrl state:oplus_int_active, r:-19
[    2.783558] [TP]touchpanel: Failed to get pinctrl state:oplus_reset_active, r:-19
[    2.783562] [TP]touchpanel: success get avtive pinctrl state
[    2.783567] [TP]touchpanel: Failed to get pinctrl state:oplus_spi_suspend, r:-19
[    2.783571] [TP]touchpanel: Failed to get pinctrl state:oplus_int_suspend, r:-19
[    2.783576] [TP]touchpanel: Failed to get pinctrl state:oplus_reset_suspend, r:-19
[    2.783580] [TP]touchpanel: success get suspend pinctrl state
[    2.783613] [TP0]touchpanel: panel_type not specified, need to default 1
[    2.783618] [TP0]touchpanel: find 1 num chip in dts
[    2.783623] [TP0]touchpanel: panel_data.chip_name = S3908
[    2.783632] [TP0]touchpanel: now has 3 num panel in dts
[    2.783643] [TP] Driver match support project [19815]
[    2.783649] [TP] match panel type OK , panel type is [8]
[    2.783655] [TP0]touchpanel: tp_type not specified
[    2.783659] [TP0]touchpanel: read firmware-data-0 firmware in dts
[    2.783666] [TP0]touchpanel: No firmware in dts !
[    2.783678] [TP0]touchpanel: ts->irq_need_dev_resume_time not specified
[    2.783683] [TP0]touchpanel: ts->irq_need_dev_resume_time = 50 ms
[    2.783689] [TP0]touchpanel: tx_num = 17, rx_num = 38 
[    2.783697] [TP0]touchpanel: LCD_WIDTH = 1440, LCD_HEIGHT = 3216, max_x = 1440, max_y = 3216, limit_witdh = 0, limit_height = 54
[    2.783703] [TP0]touchpanel: error:button-type should be setting in dts!
[    2.783707] [TP0]touchpanel: key_tx is 0, key_rx is 0
[    2.783716] [TP0]touchpanel: smooth_level_array not specified -22
[    2.783722] [TP0]touchpanel: sensitive_level_array not specified -22
[    2.783727] [TP0]touchpanel: error:game_perf_para_default should be setting in dts!
[    2.783733] [TP0]touchpanel: panel is oncell!
[    2.783740] [TP0]touchpanel: ts->high_frame_rate_time not specified or support
[    2.783758] [TP0]touchpanel: ts_check_panel_dt: panel[0] IS_ERR =1 
[    2.783767] [TP0]touchpanel: ts_check_panel_dt: panel[1] IS_ERR =1 
[    2.783777] [TP0]touchpanel: ts_check_panel_dt: panel[2] IS_ERR =1 
[    2.783781] [TP0]touchpanel: register_common_touch_device: ts_check_panel_dt failed.
[    2.783786] [TP]synaptics-s3908: Failed to init device information
[    2.784975] bt_dt_parse_vreg_info: qcom,bt-vdd-io is not provided in device tree
[    2.785122] bt_dt_parse_vreg_info: qcom,bt-vdd-rfacmn is not provided in device tree
[    2.785142] bt_dt_parse_vreg_info: qcom,bt-vdd-rfa-0p8 is not provided in device tree
[    2.785347] [TP]synaptics-s3908: syna_tcm_probe: enter
[    2.785520] bt_dt_parse_vreg_info: qcom,bt-vdd-ipa-2p2 is not provided in device tree
[    2.785555] bt-debug-gpio not provided in devicetree
[    2.785563] xo-reset-gpio not provided in devicetree
[    2.785568] bt_dt_parse_clk_info: clocks is not provided in device tree
[    2.785573] bt_power_populate_dt_pinfo: clock not provided in device tree
[    2.785671] TCS CMD base address is 0x000000000b2e5510 with length 0x0000000000000690
[    2.791249] [TP]synaptics-s3908: syna_tcm_probe read_length:9
[    2.791556] [TP]touchpanel: register_common_touch_device  is called
[    2.791566] [TP]touchpanel: ts->tp_index not specified
[    2.791571] [TP]touchpanel: ts->tp_index is 0
[    2.791641] [TP0]touchpanel: init_parse_dts : irq_gpio = 331, irq_flags = 0x2008, reset_gpio = 330
[    2.791649] [TP0]touchpanel: ts->cs-gpio not specified
[    2.791796] [TP0]touchpanel: Failed to get the cs-gpio high state pinctrl
[    2.791802] [TP0]touchpanel:  Failed to get the cs-gpio low state pinctrl 
[    2.791807] [TP0]touchpanel: Failed to get the input state pinctrl handle
[    2.791811] [TP]touchpanel: Failed to get pinctrl state:oplus_spi_active, r:-19
[    2.791813] [TP]touchpanel: Failed to get pinctrl state:oplus_int_active, r:-19
[    2.791817] [TP]touchpanel: Failed to get pinctrl state:oplus_reset_active, r:-19
[    2.791821] [TP]touchpanel: success get avtive pinctrl state
[    2.791826] [TP]touchpanel: Failed to get pinctrl state:oplus_spi_suspend, r:-19
[    2.791830] [TP]touchpanel: Failed to get pinctrl state:oplus_int_suspend, r:-19
[    2.791834] [TP]touchpanel: Failed to get pinctrl state:oplus_reset_suspend, r:-19
[    2.791838] [TP]touchpanel: success get suspend pinctrl state
[    2.791867] [TP0]touchpanel: panel_type not specified, need to default 1
[    2.791872] [TP0]touchpanel: find 1 num chip in dts
[    2.791877] [TP0]touchpanel: panel_data.chip_name = S3908
[    2.791885] [TP0]touchpanel: now has 3 num panel in dts
[    2.791895] [TP] Driver match support project [19815]
[    2.791901] [TP] match panel type OK , panel type is [8]
[    2.791906] [TP0]touchpanel: tp_type not specified
[    2.791910] [TP0]touchpanel: read firmware-data-0 firmware in dts
[    2.791912] [TP0]touchpanel: No firmware in dts !
[    2.791920] [TP0]touchpanel: ts->irq_need_dev_resume_time not specified
[    2.791924] [TP0]touchpanel: ts->irq_need_dev_resume_time = 50 ms
[    2.791930] [TP0]touchpanel: tx_num = 17, rx_num = 38 
[    2.791941] [TP0]touchpanel: LCD_WIDTH = 1440, LCD_HEIGHT = 3216, max_x = 1440, max_y = 3216, limit_witdh = 0, limit_height = 54
[    2.791948] [TP0]touchpanel: error:button-type should be setting in dts!
[    2.791959] [TP0]touchpanel: key_tx is 0, key_rx is 0
[    2.792286] [TP0]touchpanel: smooth_level_array not specified -22
[    2.792295] [TP0]touchpanel: sensitive_level_array not specified -22
[    2.792304] [TP0]touchpanel: error:game_perf_para_default should be setting in dts!
[    2.792311] [TP0]touchpanel: panel is oncell!
[    2.792328] [TP0]touchpanel: ts->high_frame_rate_time not specified or support
[    2.792392] [haptic_hv]parse_chipid: reg_val = 0x97
[    2.792397] [TP0]touchpanel: ts_check_panel_dt: panel[0] IS_ERR =1 
[    2.792403] [haptic_hv]parse_chipid: unsupport device revision (0x97)
[    2.792405] [TP0]touchpanel: ts_check_panel_dt: panel[1] IS_ERR =1 
[    2.792417] [TP0]touchpanel: ts_check_panel_dt: panel[2] IS_ERR =1 
[    2.792423] [TP0]touchpanel: register_common_touch_device: ts_check_panel_dt failed.
[    2.792479] [TP]synaptics-s3908: Failed to init device information
[    2.793165] DATARMNET163e93649e(): Starting rmnet SHS module 9731 
[    2.793756] qcom_llcc_edac qcom_llcc_edac: No ECC IRQ; defaulting to polling mode
[    2.793771] EDAC DEVICE1: Giving out device to module qcom_llcc_edac controller llcc: DEV qcom_llcc_edac (POLLED)
[    2.794591] [TP]synaptics-s3908: syna_tcm_probe: enter
[    2.794760] [TP]synaptics-s3908: syna_tcm_probe read_length:9
[    2.794877] [TP]touchpanel: register_common_touch_device  is called
[    2.794888] [TP]touchpanel: ts->tp_index not specified
[    2.794896] [TP]touchpanel: ts->tp_index is 0
[    2.794948] [haptic_hv]hw_reset: enter
[    2.794991] [TP0]touchpanel: init_parse_dts : irq_gpio = 331, irq_flags = 0x2008, reset_gpio = 330
[    2.795006] [TP0]touchpanel: ts->cs-gpio not specified
[    2.795113] [TP0]touchpanel: Failed to get the cs-gpio high state pinctrl
[    2.795118] [TP0]touchpanel:  Failed to get the cs-gpio low state pinctrl 
[    2.795123] [TP0]touchpanel: Failed to get the input state pinctrl handle
[    2.795127] [TP]touchpanel: Failed to get pinctrl state:oplus_spi_active, r:-19
[    2.795129] [TP]touchpanel: Failed to get pinctrl state:oplus_int_active, r:-19
[    2.795134] [TP]touchpanel: Failed to get pinctrl state:oplus_reset_active, r:-19
[    2.795138] [TP]touchpanel: success get avtive pinctrl state
[    2.795142] [TP]touchpanel: Failed to get pinctrl state:oplus_spi_suspend, r:-19
[    2.795146] [TP]touchpanel: Failed to get pinctrl state:oplus_int_suspend, r:-19
[    2.795150] [TP]touchpanel: Failed to get pinctrl state:oplus_reset_suspend, r:-19
[    2.795154] [TP]touchpanel: success get suspend pinctrl state
[    2.795182] [TP0]touchpanel: panel_type not specified, need to default 1
[    2.795187] [TP0]touchpanel: find 1 num chip in dts
[    2.795192] [TP0]touchpanel: panel_data.chip_name = S3908
[    2.795199] [TP0]touchpanel: now has 3 num panel in dts
[    2.795209] [TP] Driver match support project [19815]
[    2.795214] [TP] match panel type OK , panel type is [8]
[    2.795219] [TP0]touchpanel: tp_type not specified
[    2.795224] [TP0]touchpanel: read firmware-data-0 firmware in dts
[    2.795226] [TP0]touchpanel: No firmware in dts !
[    2.795234] [TP0]touchpanel: ts->irq_need_dev_resume_time not specified
[    2.795238] [TP0]touchpanel: ts->irq_need_dev_resume_time = 50 ms
[    2.795243] [TP0]touchpanel: tx_num = 17, rx_num = 38 
[    2.795251] [TP0]touchpanel: LCD_WIDTH = 1440, LCD_HEIGHT = 3216, max_x = 1440, max_y = 3216, limit_witdh = 0, limit_height = 54
[    2.795256] [TP0]touchpanel: error:button-type should be setting in dts!
[    2.795259] [TP0]touchpanel: key_tx is 0, key_rx is 0
[    2.795268] [TP0]touchpanel: smooth_level_array not specified -22
[    2.795273] [TP0]touchpanel: sensitive_level_array not specified -22
[    2.795278] [TP0]touchpanel: error:game_perf_para_default should be setting in dts!
[    2.795283] [TP0]touchpanel: panel is oncell!
[    2.795290] [TP0]touchpanel: ts->high_frame_rate_time not specified or support
[    2.795302] [TP0]touchpanel: ts_check_panel_dt: panel[0] IS_ERR =1 
[    2.795310] [TP0]touchpanel: ts_check_panel_dt: panel[1] IS_ERR =1 
[    2.795317] [TP0]touchpanel: ts_check_panel_dt: panel[2] IS_ERR =1 
[    2.795321] [TP0]touchpanel: register_common_touch_device: ts_check_panel_dt failed.
[    2.795326] [TP]synaptics-s3908: Failed to init device information
[    2.798788] [TP]synaptics-s3908: syna_tcm_probe: enter
[    2.799097] ngd_msm_ctrl 3ac0000.slim: Adding to iommu group 50
[    2.803181] [TP]synaptics-s3908: syna_tcm_probe read_length:9
[    2.803827] [ info][sia81xx_driver] sia81xx_pa_init: sia81xx driver version : 1.2.0C 
[    2.803832] [ info][sia81xx_timer_task] sia81xx_timer_task_init: run !! 
[    2.803834] [ info][sia81xx_afe] sia81xx_afe_init: run !! 
[    2.803838] [ info][sia81xx_set_vdd] sia81xx_set_vdd_init: run !! 
[    2.804870] [haptic_hv]parse_chipid: reg_val = 0x97
[    2.804877] [haptic_hv]parse_chipid: unsupport device revision (0x97)
[    2.807417] [haptic_hv]hw_reset: enter
[    2.809108] [TP]touchpanel: register_common_touch_device  is called
[    2.809116] [TP]touchpanel: ts->tp_index not specified
[    2.809118] [TP]touchpanel: ts->tp_index is 0
[    2.809149] [TP0]touchpanel: init_parse_dts : irq_gpio = 331, irq_flags = 0x2008, reset_gpio = 330
[    2.809152] [TP0]touchpanel: ts->cs-gpio not specified
[    2.809204] [TP0]touchpanel: Failed to get the cs-gpio high state pinctrl
[    2.809206] [TP0]touchpanel:  Failed to get the cs-gpio low state pinctrl 
[    2.809208] [TP0]touchpanel: Failed to get the input state pinctrl handle
[    2.809210] [TP]touchpanel: Failed to get pinctrl state:oplus_spi_active, r:-19
[    2.809211] [TP]touchpanel: Failed to get pinctrl state:oplus_int_active, r:-19
[    2.809213] [TP]touchpanel: Failed to get pinctrl state:oplus_reset_active, r:-19
[    2.809214] [TP]touchpanel: success get avtive pinctrl state
[    2.809216] [TP]touchpanel: Failed to get pinctrl state:oplus_spi_suspend, r:-19
[    2.809218] [TP]touchpanel: Failed to get pinctrl state:oplus_int_suspend, r:-19
[    2.809219] [TP]touchpanel: Failed to get pinctrl state:oplus_reset_suspend, r:-19
[    2.809221] [TP]touchpanel: success get suspend pinctrl state
[    2.809233] [TP0]touchpanel: panel_type not specified, need to default 1
[    2.809235] [TP0]touchpanel: find 1 num chip in dts
[    2.809237] [TP0]touchpanel: panel_data.chip_name = S3908
[    2.809240] [TP0]touchpanel: now has 3 num panel in dts
[    2.809244] [TP] Driver match support project [19815]
[    2.809246] [TP] match panel type OK , panel type is [8]
[    2.809248] [TP0]touchpanel: tp_type not specified
[    2.809250] [TP0]touchpanel: read firmware-data-0 firmware in dts
[    2.809251] [TP0]touchpanel: No firmware in dts !
[    2.809255] [TP0]touchpanel: ts->irq_need_dev_resume_time not specified
[    2.809256] [TP0]touchpanel: ts->irq_need_dev_resume_time = 50 ms
[    2.809259] [TP0]touchpanel: tx_num = 17, rx_num = 38 
[    2.809262] [TP0]touchpanel: LCD_WIDTH = 1440, LCD_HEIGHT = 3216, max_x = 1440, max_y = 3216, limit_witdh = 0, limit_height = 54
[    2.809264] [TP0]touchpanel: error:button-type should be setting in dts!
[    2.809266] [TP0]touchpanel: key_tx is 0, key_rx is 0
[    2.809269] [TP0]touchpanel: smooth_level_array not specified -22
[    2.809271] [TP0]touchpanel: sensitive_level_array not specified -22
[    2.809274] [TP0]touchpanel: error:game_perf_para_default should be setting in dts!
[    2.809276] [TP0]touchpanel: panel is oncell!
[    2.809279] [TP0]touchpanel: ts->high_frame_rate_time not specified or support
[    2.809285] [TP0]touchpanel: ts_check_panel_dt: panel[0] IS_ERR =1 
[    2.809289] [TP0]touchpanel: ts_check_panel_dt: panel[1] IS_ERR =1 
[    2.809292] [TP0]touchpanel: ts_check_panel_dt: panel[2] IS_ERR =1 
[    2.809294] [TP0]touchpanel: register_common_touch_device: ts_check_panel_dt failed.
[    2.809295] [TP]synaptics-s3908: Failed to init device information
[    2.814427] [TP]synaptics-s3908: syna_tcm_probe: enter
[    2.816671] [TP]synaptics-s3908: syna_tcm_probe read_length:9
[    2.816943] [TP]touchpanel: register_common_touch_device  is called
[    2.816947] [TP]touchpanel: ts->tp_index not specified
[    2.816949] [TP]touchpanel: ts->tp_index is 0
[    2.816986] [TP0]touchpanel: init_parse_dts : irq_gpio = 331, irq_flags = 0x2008, reset_gpio = 330
[    2.816991] [TP0]touchpanel: ts->cs-gpio not specified
[    2.817058] [TP0]touchpanel: Failed to get the cs-gpio high state pinctrl
[    2.817060] [TP0]touchpanel:  Failed to get the cs-gpio low state pinctrl 
[    2.817062] [TP0]touchpanel: Failed to get the input state pinctrl handle
[    2.817065] [TP]touchpanel: Failed to get pinctrl state:oplus_spi_active, r:-19
[    2.817065] [TP]touchpanel: Failed to get pinctrl state:oplus_int_active, r:-19
[    2.817067] [TP]touchpanel: Failed to get pinctrl state:oplus_reset_active, r:-19
[    2.817069] [TP]touchpanel: success get avtive pinctrl state
[    2.817071] [TP]touchpanel: Failed to get pinctrl state:oplus_spi_suspend, r:-19
[    2.817073] [TP]touchpanel: Failed to get pinctrl state:oplus_int_suspend, r:-19
[    2.817075] [TP]touchpanel: Failed to get pinctrl state:oplus_reset_suspend, r:-19
[    2.817078] [TP]touchpanel: success get suspend pinctrl state
[    2.817089] [TP0]touchpanel: panel_type not specified, need to default 1
[    2.817091] [TP0]touchpanel: find 1 num chip in dts
[    2.817093] [TP0]touchpanel: panel_data.chip_name = S3908
[    2.817097] [TP0]touchpanel: now has 3 num panel in dts
[    2.817102] [TP] Driver match support project [19815]
[    2.817105] [TP] match panel type OK , panel type is [8]
[    2.817107] [TP0]touchpanel: tp_type not specified
[    2.817109] [TP0]touchpanel: read firmware-data-0 firmware in dts
[    2.817110] [TP0]touchpanel: No firmware in dts !
[    2.817114] [TP0]touchpanel: ts->irq_need_dev_resume_time not specified
[    2.817115] [TP0]touchpanel: ts->irq_need_dev_resume_time = 50 ms
[    2.817118] [TP0]touchpanel: tx_num = 17, rx_num = 38 
[    2.817121] [TP0]touchpanel: LCD_WIDTH = 1440, LCD_HEIGHT = 3216, max_x = 1440, max_y = 3216, limit_witdh = 0, limit_height = 54
[    2.817123] [TP0]touchpanel: error:button-type should be setting in dts!
[    2.817125] [TP0]touchpanel: key_tx is 0, key_rx is 0
[    2.817129] [TP0]touchpanel: smooth_level_array not specified -22
[    2.817131] [TP0]touchpanel: sensitive_level_array not specified -22
[    2.817133] [TP0]touchpanel: error:game_perf_para_default should be setting in dts!
[    2.817135] [TP0]touchpanel: panel is oncell!
[    2.817139] [TP0]touchpanel: ts->high_frame_rate_time not specified or support
[    2.817146] [TP0]touchpanel: ts_check_panel_dt: panel[0] IS_ERR =1 
[    2.817150] [TP0]touchpanel: ts_check_panel_dt: panel[1] IS_ERR =1 
[    2.817154] [TP0]touchpanel: ts_check_panel_dt: panel[2] IS_ERR =1 
[    2.817156] [TP0]touchpanel: register_common_touch_device: ts_check_panel_dt failed.
[    2.817158] [TP]synaptics-s3908: Failed to init device information
[    2.818448] [haptic_hv]parse_chipid: reg_val = 0x97
[    2.818461] [haptic_hv]parse_chipid: unsupport device revision (0x97)
[    2.821766] [haptic_hv]hw_reset: enter
[    2.828473] g_webcam gadget: uvc: uvc_function_bind()
[    2.828490] g_webcam gadget: uvc: Unable to allocate streaming EP
[    2.828509] udc dummy_udc.0: failed to start g_webcam: -22
[    2.829614] [TP]synaptics-s3908: syna_tcm_probe: enter
[    2.832804] [haptic_hv]parse_chipid: reg_val = 0x97
[    2.832812] [haptic_hv]parse_chipid: unsupport device revision (0x97)
[    2.834907] [TP]synaptics-s3908: syna_tcm_probe read_length:9
[    2.835336] [haptic_hv]awinic_i2c_probe: read_chipid failed ret=-22
[    2.835377] haptic_hv: probe of 6-005a failed with error -22
[    2.840214] [TP]touchpanel: register_common_touch_device  is called
[    2.840233] [TP]touchpanel: ts->tp_index not specified
[    2.840238] [TP]touchpanel: ts->tp_index is 0
[    2.840328] [TP0]touchpanel: init_parse_dts : irq_gpio = 331, irq_flags = 0x2008, reset_gpio = 330
[    2.840337] [TP0]touchpanel: ts->cs-gpio not specified
[    2.840490] [TP0]touchpanel: Failed to get the cs-gpio high state pinctrl
[    2.840496] [TP0]touchpanel:  Failed to get the cs-gpio low state pinctrl 
[    2.840501] [TP0]touchpanel: Failed to get the input state pinctrl handle
[    2.840505] [TP]touchpanel: Failed to get pinctrl state:oplus_spi_active, r:-19
[    2.840507] [TP]touchpanel: Failed to get pinctrl state:oplus_int_active, r:-19
[    2.840516] [TP]touchpanel: Failed to get pinctrl state:oplus_reset_active, r:-19
[    2.840524] [TP]touchpanel: success get avtive pinctrl state
[    2.840530] [TP]touchpanel: Failed to get pinctrl state:oplus_spi_suspend, r:-19
[    2.840537] [TP]touchpanel: Failed to get pinctrl state:oplus_int_suspend, r:-19
[    2.840544] [TP]touchpanel: Failed to get pinctrl state:oplus_reset_suspend, r:-19
[    2.840550] [TP]touchpanel: success get suspend pinctrl state
[    2.840587] [TP0]touchpanel: panel_type not specified, need to default 1
[    2.840592] [TP0]touchpanel: find 1 num chip in dts
[    2.840597] [TP0]touchpanel: panel_data.chip_name = S3908
[    2.840604] [TP0]touchpanel: now has 3 num panel in dts
[    2.840615] [TP] Driver match support project [19815]
[    2.840620] [TP] match panel type OK , panel type is [8]
[    2.840625] [TP0]touchpanel: tp_type not specified
[    2.840629] [TP0]touchpanel: read firmware-data-0 firmware in dts
[    2.840632] [TP0]touchpanel: No firmware in dts !
[    2.840640] [TP0]touchpanel: ts->irq_need_dev_resume_time not specified
[    2.840644] [TP0]touchpanel: ts->irq_need_dev_resume_time = 50 ms
[    2.840650] [TP0]touchpanel: tx_num = 17, rx_num = 38 
[    2.840657] [TP0]touchpanel: LCD_WIDTH = 1440, LCD_HEIGHT = 3216, max_x = 1440, max_y = 3216, limit_witdh = 0, limit_height = 54
[    2.840663] [TP0]touchpanel: error:button-type should be setting in dts!
[    2.840666] [TP0]touchpanel: key_tx is 0, key_rx is 0
[    2.840675] [TP0]touchpanel: smooth_level_array not specified -22
[    2.840680] [TP0]touchpanel: sensitive_level_array not specified -22
[    2.840686] [TP0]touchpanel: error:game_perf_para_default should be setting in dts!
[    2.840691] [TP0]touchpanel: panel is oncell!
[    2.840699] [TP0]touchpanel: ts->high_frame_rate_time not specified or support
[    2.840712] [TP0]touchpanel: ts_check_panel_dt: panel[0] IS_ERR =1 
[    2.840721] [TP0]touchpanel: ts_check_panel_dt: panel[1] IS_ERR =1 
[    2.840729] [TP0]touchpanel: ts_check_panel_dt: panel[2] IS_ERR =1 
[    2.840733] [TP0]touchpanel: register_common_touch_device: ts_check_panel_dt failed.
[    2.840737] [TP]synaptics-s3908: Failed to init device information
[    2.848123] [TP]synaptics-s3908: syna_tcm_probe: enter
[    2.849849] [TP]synaptics-s3908: syna_tcm_probe read_length:9
[    2.850011] [TP]touchpanel: register_common_touch_device  is called
[    2.850021] [TP]touchpanel: ts->tp_index not specified
[    2.850026] [TP]touchpanel: ts->tp_index is 0
[    2.850098] [TP0]touchpanel: init_parse_dts : irq_gpio = 331, irq_flags = 0x2008, reset_gpio = 330
[    2.850108] [TP0]touchpanel: ts->cs-gpio not specified
[    2.850253] [TP0]touchpanel: Failed to get the cs-gpio high state pinctrl
[    2.850258] [TP0]touchpanel:  Failed to get the cs-gpio low state pinctrl 
[    2.850263] [TP0]touchpanel: Failed to get the input state pinctrl handle
[    2.850267] [TP]touchpanel: Failed to get pinctrl state:oplus_spi_active, r:-19
[    2.850269] [TP]touchpanel: Failed to get pinctrl state:oplus_int_active, r:-19
[    2.850273] [TP]touchpanel: Failed to get pinctrl state:oplus_reset_active, r:-19
[    2.850277] [TP]touchpanel: success get avtive pinctrl state
[    2.850281] [TP]touchpanel: Failed to get pinctrl state:oplus_spi_suspend, r:-19
[    2.850286] [TP]touchpanel: Failed to get pinctrl state:oplus_int_suspend, r:-19
[    2.850290] [TP]touchpanel: Failed to get pinctrl state:oplus_reset_suspend, r:-19
[    2.850294] [TP]touchpanel: success get suspend pinctrl state
[    2.850323] [TP0]touchpanel: panel_type not specified, need to default 1
[    2.850328] [TP0]touchpanel: find 1 num chip in dts
[    2.850333] [TP0]touchpanel: panel_data.chip_name = S3908
[    2.850340] [TP0]touchpanel: now has 3 num panel in dts
[    2.850350] [TP] Driver match support project [19815]
[    2.850355] [TP] match panel type OK , panel type is [8]
[    2.850362] [TP0]touchpanel: tp_type not specified
[    2.850366] [TP0]touchpanel: read firmware-data-0 firmware in dts
[    2.850368] [TP0]touchpanel: No firmware in dts !
[    2.850376] [TP0]touchpanel: ts->irq_need_dev_resume_time not specified
[    2.850380] [TP0]touchpanel: ts->irq_need_dev_resume_time = 50 ms
[    2.850386] [TP0]touchpanel: tx_num = 17, rx_num = 38 
[    2.850394] [TP0]touchpanel: LCD_WIDTH = 1440, LCD_HEIGHT = 3216, max_x = 1440, max_y = 3216, limit_witdh = 0, limit_height = 54
[    2.850400] [TP0]touchpanel: error:button-type should be setting in dts!
[    2.850403] [TP0]touchpanel: key_tx is 0, key_rx is 0
[    2.850412] [TP0]touchpanel: smooth_level_array not specified -22
[    2.850418] [TP0]touchpanel: sensitive_level_array not specified -22
[    2.850424] [TP0]touchpanel: error:game_perf_para_default should be setting in dts!
[    2.850429] [TP0]touchpanel: panel is oncell!
[    2.850436] [TP0]touchpanel: ts->high_frame_rate_time not specified or support
[    2.850452] [TP0]touchpanel: ts_check_panel_dt: panel[0] IS_ERR =1 
[    2.850460] [TP0]touchpanel: ts_check_panel_dt: panel[1] IS_ERR =1 
[    2.850469] [TP0]touchpanel: ts_check_panel_dt: panel[2] IS_ERR =1 
[    2.850473] [TP0]touchpanel: register_common_touch_device: ts_check_panel_dt failed.
[    2.850477] [TP]synaptics-s3908: Failed to init device information
[    2.870289] [TP]synaptics-s3908: syna_tcm_probe: enter
[    2.871803] aw8697 driver version v1.3.6
[    2.871926] aw8697_i2c_probe enter
[    2.871941] aw8697_haptic 6-005a: aw8697_parse_dt: reset gpio provided ok
[    2.871945] aw8697_haptic 6-005a: aw8697_parse_dt: irq gpio provided ok.
[    2.871947] aw8697_haptic 6-005a: aw8697_parse_dt: aw8697->device_id=9595
[    2.871950] aw8697_haptic 6-005a: aw8697_parse_dt: aw8697 boost_voltage=22
[    2.871960] aw8697_hw_reset enter
[    2.878341] aw8697_read_chipid aw8697 detected
[    2.880165] [TP]synaptics-s3908: syna_tcm_probe read_length:9
[    2.882459] msm-dai-tdm soc:qcom,msm-dai-tdm-hsif0-tx: msm_dai_tdm_q6_probe: group id not supported 0x916f
[    2.882468] msm-dai-tdm: probe of soc:qcom,msm-dai-tdm-hsif0-tx failed with error -22
[    2.885817] gpio gpiochip0: (f000000.pinctrl): allocate IRQ 370, hwirq 14
[    2.885826] gpio gpiochip0: (f000000.pinctrl): found parent hwirq 80
[    2.885832] gpio gpiochip0: (f000000.pinctrl): alloc_irqs_parent for 370 parent hwirq 80
[    2.888130] [TP]touchpanel: register_common_touch_device  is called
[    2.888149] [TP]touchpanel: ts->tp_index not specified
[    2.888154] [TP]touchpanel: ts->tp_index is 0
[    2.888232] [TP0]touchpanel: init_parse_dts : irq_gpio = 331, irq_flags = 0x2008, reset_gpio = 330
[    2.888241] [TP0]touchpanel: ts->cs-gpio not specified
[    2.888407] [TP0]touchpanel: Failed to get the cs-gpio high state pinctrl
[    2.888415] [TP0]touchpanel:  Failed to get the cs-gpio low state pinctrl 
[    2.888420] [TP0]touchpanel: Failed to get the input state pinctrl handle
[    2.888425] [TP]touchpanel: Failed to get pinctrl state:oplus_spi_active, r:-19
[    2.888427] [TP]touchpanel: Failed to get pinctrl state:oplus_int_active, r:-19
[    2.888433] [TP]touchpanel: Failed to get pinctrl state:oplus_reset_active, r:-19
[    2.888438] [TP]touchpanel: success get avtive pinctrl state
[    2.888443] [TP]touchpanel: Failed to get pinctrl state:oplus_spi_suspend, r:-19
[    2.888448] [TP]touchpanel: Failed to get pinctrl state:oplus_int_suspend, r:-19
[    2.888454] [TP]touchpanel: Failed to get pinctrl state:oplus_reset_suspend, r:-19
[    2.888458] [TP]touchpanel: success get suspend pinctrl state
[    2.888498] [TP0]touchpanel: panel_type not specified, need to default 1
[    2.888503] [TP0]touchpanel: find 1 num chip in dts
[    2.888509] [TP0]touchpanel: panel_data.chip_name = S3908
[    2.888517] [TP0]touchpanel: now has 3 num panel in dts
[    2.888529] [TP] Driver match support project [19815]
[    2.888535] [TP] match panel type OK , panel type is [8]
[    2.888540] [TP0]touchpanel: tp_type not specified
[    2.888545] [TP0]touchpanel: read firmware-data-0 firmware in dts
[    2.888547] [TP0]touchpanel: No firmware in dts !
[    2.888555] [TP0]touchpanel: ts->irq_need_dev_resume_time not specified
[    2.888560] [TP0]touchpanel: ts->irq_need_dev_resume_time = 50 ms
[    2.888567] [TP0]touchpanel: tx_num = 17, rx_num = 38 
[    2.888576] [TP0]touchpanel: LCD_WIDTH = 1440, LCD_HEIGHT = 3216, max_x = 1440, max_y = 3216, limit_witdh = 0, limit_height = 54
[    2.888582] [TP0]touchpanel: error:button-type should be setting in dts!
[    2.888585] [TP0]touchpanel: key_tx is 0, key_rx is 0
[    2.888594] [TP0]touchpanel: smooth_level_array not specified -22
[    2.888600] [TP0]touchpanel: sensitive_level_array not specified -22
[    2.888606] [TP0]touchpanel: error:game_perf_para_default should be setting in dts!
[    2.888611] [TP0]touchpanel: panel is oncell!
[    2.888619] [TP0]touchpanel: ts->high_frame_rate_time not specified or support
[    2.888633] [TP0]touchpanel: ts_check_panel_dt: panel[0] IS_ERR =1 
[    2.888643] [TP0]touchpanel: ts_check_panel_dt: panel[1] IS_ERR =1 
[    2.888652] [TP0]touchpanel: ts_check_panel_dt: panel[2] IS_ERR =1 
[    2.888657] [TP0]touchpanel: register_common_touch_device: ts_check_panel_dt failed.
[    2.888662] [TP]synaptics-s3908: Failed to init device information
[    2.889565] [TP]synaptics-s3908: syna_tcm_probe: enter
[    2.889690] aw8697_vibrator_init enter
[    2.889767] aw8697_haptic_init enter
[    2.889787] aw8697_op_clean_status enter
[    2.896472] tfa98xx_i2c_init(): TFA98XX driver version v6.5.3
[    2.896552] [TP]synaptics-s3908: syna_tcm_probe read_length:9
[    2.896599] [TP]touchpanel: register_common_touch_device  is called
[    2.896641] [TP]touchpanel: ts->tp_index not specified
[    2.896644] [TP]touchpanel: ts->tp_index is 0
[    2.896667] tfa98xx_i2c_probe(): tfa98xx_i2c_probe: addr=0x34
[    2.896679] [TP0]touchpanel: init_parse_dts : irq_gpio = 331, irq_flags = 0x2008, reset_gpio = 330
[    2.896683] [TP0]touchpanel: ts->cs-gpio not specified
[    2.896735] [TP0]touchpanel: Failed to get the cs-gpio high state pinctrl
[    2.896737] [TP0]touchpanel:  Failed to get the cs-gpio low state pinctrl 
[    2.896739] [TP0]touchpanel: Failed to get the input state pinctrl handle
[    2.896741] [TP]touchpanel: Failed to get pinctrl state:oplus_spi_active, r:-19
[    2.896741] [TP]touchpanel: Failed to get pinctrl state:oplus_int_active, r:-19
[    2.896743] [TP]touchpanel: Failed to get pinctrl state:oplus_reset_active, r:-19
[    2.896745] [TP]touchpanel: success get avtive pinctrl state
[    2.896747] [TP]touchpanel: Failed to get pinctrl state:oplus_spi_suspend, r:-19
[    2.896748] [TP]touchpanel: Failed to get pinctrl state:oplus_int_suspend, r:-19
[    2.896750] [TP]touchpanel: Failed to get pinctrl state:oplus_reset_suspend, r:-19
[    2.896752] [TP]touchpanel: success get suspend pinctrl state
[    2.896763] [TP0]touchpanel: panel_type not specified, need to default 1
[    2.896765] [TP0]touchpanel: find 1 num chip in dts
[    2.896767] [TP0]touchpanel: panel_data.chip_name = S3908
[    2.896770] [TP0]touchpanel: now has 3 num panel in dts
[    2.896775] [TP] Driver match support project [19815]
[    2.896777] [TP] match panel type OK , panel type is [8]
[    2.896779] [TP0]touchpanel: tp_type not specified
[    2.896781] [TP0]touchpanel: read firmware-data-0 firmware in dts
[    2.896782] [TP0]touchpanel: No firmware in dts !
[    2.896785] [TP0]touchpanel: ts->irq_need_dev_resume_time not specified
[    2.896787] [TP0]touchpanel: ts->irq_need_dev_resume_time = 50 ms
[    2.896790] [TP0]touchpanel: tx_num = 17, rx_num = 38 
[    2.896793] [TP0]touchpanel: LCD_WIDTH = 1440, LCD_HEIGHT = 3216, max_x = 1440, max_y = 3216, limit_witdh = 0, limit_height = 54
[    2.896795] [TP0]touchpanel: error:button-type should be setting in dts!
[    2.896797] [TP0]touchpanel: key_tx is 0, key_rx is 0
[    2.896800] [TP0]touchpanel: smooth_level_array not specified -22
[    2.896803] [TP0]touchpanel: sensitive_level_array not specified -22
[    2.896805] [TP0]touchpanel: error:game_perf_para_default should be setting in dts!
[    2.896807] [TP0]touchpanel: panel is oncell!
[    2.896810] [TP0]touchpanel: ts->high_frame_rate_time not specified or support
[    2.896815] [TP0]touchpanel: ts_check_panel_dt: panel[0] IS_ERR =1 
[    2.896819] [TP0]touchpanel: ts_check_panel_dt: panel[1] IS_ERR =1 
[    2.896822] [TP0]touchpanel: ts_check_panel_dt: panel[2] IS_ERR =1 
[    2.896824] [TP0]touchpanel: register_common_touch_device: ts_check_panel_dt failed.
[    2.896826] [TP]synaptics-s3908: Failed to init device information
[    2.900420] [TP]synaptics-s3908: syna_tcm_probe: enter
[    2.901224] [TP]synaptics-s3908: syna_tcm_probe read_length:9
[    2.901270] [TP]touchpanel: register_common_touch_device  is called
[    2.901274] [TP]touchpanel: ts->tp_index not specified
[    2.901276] [TP]touchpanel: ts->tp_index is 0
[    2.901325] msm_cam_smmu soc:qcom,cam_smmu:msm_cam_smmu_ife: Adding to iommu group 51
[    2.901341] [TP0]touchpanel: init_parse_dts : irq_gpio = 331, irq_flags = 0x2008, reset_gpio = 330
[    2.901345] [TP0]touchpanel: ts->cs-gpio not specified
[    2.901396] [TP0]touchpanel: Failed to get the cs-gpio high state pinctrl
[    2.901397] [TP0]touchpanel:  Failed to get the cs-gpio low state pinctrl 
[    2.901399] [TP0]touchpanel: Failed to get the input state pinctrl handle
[    2.901401] [TP]touchpanel: Failed to get pinctrl state:oplus_spi_active, r:-19
[    2.901402] [TP]touchpanel: Failed to get pinctrl state:oplus_int_active, r:-19
[    2.901403] [TP]touchpanel: Failed to get pinctrl state:oplus_reset_active, r:-19
[    2.901405] [TP]touchpanel: success get avtive pinctrl state
[    2.901407] [TP]touchpanel: Failed to get pinctrl state:oplus_spi_suspend, r:-19
[    2.901408] [TP]touchpanel: Failed to get pinctrl state:oplus_int_suspend, r:-19
[    2.901410] [TP]touchpanel: Failed to get pinctrl state:oplus_reset_suspend, r:-19
[    2.901412] [TP]touchpanel: success get suspend pinctrl state
[    2.901424] [TP0]touchpanel: panel_type not specified, need to default 1
[    2.901426] [TP0]touchpanel: find 1 num chip in dts
[    2.901428] [TP0]touchpanel: panel_data.chip_name = S3908
[    2.901431] [TP0]touchpanel: now has 3 num panel in dts
[    2.901436] [TP] Driver match support project [19815]
[    2.901439] [TP] match panel type OK , panel type is [8]
[    2.901441] [TP0]touchpanel: tp_type not specified
[    2.901443] [TP0]touchpanel: read firmware-data-0 firmware in dts
[    2.901444] [TP0]touchpanel: No firmware in dts !
[    2.901448] [TP0]touchpanel: ts->irq_need_dev_resume_time not specified
[    2.901449] [TP0]touchpanel: ts->irq_need_dev_resume_time = 50 ms
[    2.901452] [TP0]touchpanel: tx_num = 17, rx_num = 38 
[    2.901456] [TP0]touchpanel: LCD_WIDTH = 1440, LCD_HEIGHT = 3216, max_x = 1440, max_y = 3216, limit_witdh = 0, limit_height = 54
[    2.901458] [TP0]touchpanel: error:button-type should be setting in dts!
[    2.901459] [TP0]touchpanel: key_tx is 0, key_rx is 0
[    2.901463] [TP0]touchpanel: smooth_level_array not specified -22
[    2.901465] [TP0]touchpanel: sensitive_level_array not specified -22
[    2.901467] [TP0]touchpanel: error:game_perf_para_default should be setting in dts!
[    2.901469] [TP0]touchpanel: panel is oncell!
[    2.901472] [TP0]touchpanel: ts->high_frame_rate_time not specified or support
[    2.901478] [TP0]touchpanel: ts_check_panel_dt: panel[0] IS_ERR =1 
[    2.901482] [TP0]touchpanel: ts_check_panel_dt: panel[1] IS_ERR =1 
[    2.901485] [TP0]touchpanel: ts_check_panel_dt: panel[2] IS_ERR =1 
[    2.901487] [TP0]touchpanel: register_common_touch_device: ts_check_panel_dt failed.
[    2.901489] [TP]synaptics-s3908: Failed to init device information
[    2.902030] [TP]synaptics-s3908: syna_tcm_probe: enter
[    2.904227] msm_cam_smmu soc:qcom,cam_smmu:msm_cam_smmu_jpeg: Adding to iommu group 52
[    2.906425] [TP]synaptics-s3908: syna_tcm_probe read_length:9
[    2.906557] [TP]touchpanel: register_common_touch_device  is called
[    2.906566] [TP]touchpanel: ts->tp_index not specified
[    2.906571] [TP]touchpanel: ts->tp_index is 0
[    2.906705] msm_cam_smmu soc:qcom,cam_smmu:msm_cam_smmu_icp: Adding to iommu group 53
[    2.906708] [TP0]touchpanel: init_parse_dts : irq_gpio = 331, irq_flags = 0x2008, reset_gpio = 330
[    2.906714] [TP0]touchpanel: ts->cs-gpio not specified
[    2.906849] [TP0]touchpanel: Failed to get the cs-gpio high state pinctrl
[    2.906855] [TP0]touchpanel:  Failed to get the cs-gpio low state pinctrl 
[    2.906859] [TP0]touchpanel: Failed to get the input state pinctrl handle
[    2.906863] [TP]touchpanel: Failed to get pinctrl state:oplus_spi_active, r:-19
[    2.906865] [TP]touchpanel: Failed to get pinctrl state:oplus_int_active, r:-19
[    2.906869] [TP]touchpanel: Failed to get pinctrl state:oplus_reset_active, r:-19
[    2.906873] [TP]touchpanel: success get avtive pinctrl state
[    2.906877] [TP]touchpanel: Failed to get pinctrl state:oplus_spi_suspend, r:-19
[    2.906881] [TP]touchpanel: Failed to get pinctrl state:oplus_int_suspend, r:-19
[    2.906886] [TP]touchpanel: Failed to get pinctrl state:oplus_reset_suspend, r:-19
[    2.906890] [TP]touchpanel: success get suspend pinctrl state
[    2.906923] [TP0]touchpanel: panel_type not specified, need to default 1
[    2.906928] [TP0]touchpanel: find 1 num chip in dts
[    2.906933] [TP0]touchpanel: panel_data.chip_name = S3908
[    2.906941] [TP0]touchpanel: now has 3 num panel in dts
[    2.906951] [TP] Driver match support project [19815]
[    2.906956] [TP] match panel type OK , panel type is [8]
[    2.906961] [TP0]touchpanel: tp_type not specified
[    2.906965] [TP0]touchpanel: read firmware-data-0 firmware in dts
[    2.906968] [TP0]touchpanel: No firmware in dts !
[    2.906975] [TP0]touchpanel: ts->irq_need_dev_resume_time not specified
[    2.906980] [TP0]touchpanel: ts->irq_need_dev_resume_time = 50 ms
[    2.906985] [TP0]touchpanel: tx_num = 17, rx_num = 38 
[    2.906993] [TP0]touchpanel: LCD_WIDTH = 1440, LCD_HEIGHT = 3216, max_x = 1440, max_y = 3216, limit_witdh = 0, limit_height = 54
[    2.906999] [TP0]touchpanel: error:button-type should be setting in dts!
[    2.907002] [TP0]touchpanel: key_tx is 0, key_rx is 0
[    2.907010] [TP0]touchpanel: smooth_level_array not specified -22
[    2.907016] [TP0]touchpanel: sensitive_level_array not specified -22
[    2.907021] [TP0]touchpanel: error:game_perf_para_default should be setting in dts!
[    2.907026] [TP0]touchpanel: panel is oncell!
[    2.907033] [TP0]touchpanel: ts->high_frame_rate_time not specified or support
[    2.907047] [TP0]touchpanel: ts_check_panel_dt: panel[0] IS_ERR =1 
[    2.907055] [TP0]touchpanel: ts_check_panel_dt: panel[1] IS_ERR =1 
[    2.907063] [TP0]touchpanel: ts_check_panel_dt: panel[2] IS_ERR =1 
[    2.907067] [TP0]touchpanel: register_common_touch_device: ts_check_panel_dt failed.
[    2.907072] [TP]synaptics-s3908: Failed to init device information
[    2.907323] msm_cam_smmu soc:qcom,cam_smmu:msm_cam_smmu_cpas_cdm: Adding to iommu group 54
[    2.908869] llcc_perfmon: Revision 2, has 1 memory controllers connected with LLCC
[    2.909486] tfa98xx 4-0034: Revision register: reg 0xc74
[    2.909491] tfa98xx_i2c_probe(): TFA9874 detected
[    2.909496] tfa98xx 4-0034: min_mohms=5000, max_mohms=8000
[    2.909500] tfa98xx 4-0034: channel=0   (0-left/top, 1-right/bottom, 0xff-default, not initialized)
[    2.909504] tfa98xx 4-0034: Failed to parse tfa_mi2s_id node
[    2.909507] tfa98xx 4-0034: tfa mi2s_id: 2
[    2.909525] tfa98xx_i2c_probe(): tfa98xx_i2c_probe: create proc 'ftm_tfa98xx'!
[    2.909528] tfa98xx_i2c_probe(): ftm_mode=0
[    2.909534] tfa98xx_i2c_probe(): tfa98xx_i2c_probe Probe completed successfully!
[    2.909581] tfa98xx_i2c_probe(): tfa98xx_i2c_probe: addr=0x35
[    2.909656] [TP]synaptics-s3908: syna_tcm_probe: enter
[    2.909844] [TP]synaptics-s3908: syna_tcm_probe read_length:9
[    2.909885] aw8697_haptic_init get f0_pre=1700
[    2.909894] aw8697_i2c_probe probe completed successfully!
[    2.911072] [TP]touchpanel: register_common_touch_device  is called
[    2.911084] [TP]touchpanel: ts->tp_index not specified
[    2.911089] [TP]touchpanel: ts->tp_index is 0
[    2.911144] [TP0]touchpanel: init_parse_dts : irq_gpio = 331, irq_flags = 0x2008, reset_gpio = 330
[    2.911153] [TP0]touchpanel: ts->cs-gpio not specified
[    2.911232] [TP0]touchpanel: Failed to get the cs-gpio high state pinctrl
[    2.911238] [TP0]touchpanel:  Failed to get the cs-gpio low state pinctrl 
[    2.911242] [TP0]touchpanel: Failed to get the input state pinctrl handle
[    2.911246] [TP]touchpanel: Failed to get pinctrl state:oplus_spi_active, r:-19
[    2.911248] [TP]touchpanel: Failed to get pinctrl state:oplus_int_active, r:-19
[    2.911252] [TP]touchpanel: Failed to get pinctrl state:oplus_reset_active, r:-19
[    2.911256] [TP]touchpanel: success get avtive pinctrl state
[    2.911260] [TP]touchpanel: Failed to get pinctrl state:oplus_spi_suspend, r:-19
[    2.911264] [TP]touchpanel: Failed to get pinctrl state:oplus_int_suspend, r:-19
[    2.911269] [TP]touchpanel: Failed to get pinctrl state:oplus_reset_suspend, r:-19
[    2.911273] [TP]touchpanel: success get suspend pinctrl state
[    2.911300] [TP0]touchpanel: panel_type not specified, need to default 1
[    2.911305] [TP0]touchpanel: find 1 num chip in dts
[    2.911318] [TP0]touchpanel: panel_data.chip_name = S3908
[    2.911326] [TP0]touchpanel: now has 3 num panel in dts
[    2.911336] [TP] Driver match support project [19815]
[    2.911341] [TP] match panel type OK , panel type is [8]
[    2.911347] [TP0]touchpanel: tp_type not specified
[    2.911351] [TP0]touchpanel: read firmware-data-0 firmware in dts
[    2.911353] [TP0]touchpanel: No firmware in dts !
[    2.911361] [TP0]touchpanel: ts->irq_need_dev_resume_time not specified
[    2.911366] [TP0]touchpanel: ts->irq_need_dev_resume_time = 50 ms
[    2.911371] [TP0]touchpanel: tx_num = 17, rx_num = 38 
[    2.911379] [TP0]touchpanel: LCD_WIDTH = 1440, LCD_HEIGHT = 3216, max_x = 1440, max_y = 3216, limit_witdh = 0, limit_height = 54
[    2.911385] [TP0]touchpanel: error:button-type should be setting in dts!
[    2.911388] [TP0]touchpanel: key_tx is 0, key_rx is 0
[    2.911396] [TP0]touchpanel: smooth_level_array not specified -22
[    2.911402] [TP0]touchpanel: sensitive_level_array not specified -22
[    2.911410] [TP0]touchpanel: error:game_perf_para_default should be setting in dts!
[    2.911418] [TP0]touchpanel: panel is oncell!
[    2.911426] [TP0]touchpanel: ts->high_frame_rate_time not specified or support
[    2.911440] [TP0]touchpanel: ts_check_panel_dt: panel[0] IS_ERR =1 
[    2.911454] [TP0]touchpanel: ts_check_panel_dt: panel[1] IS_ERR =1 
[    2.911465] [TP0]touchpanel: ts_check_panel_dt: panel[2] IS_ERR =1 
[    2.911470] [TP0]touchpanel: register_common_touch_device: ts_check_panel_dt failed.
[    2.911475] [TP]synaptics-s3908: Failed to init device information
[    2.912496] [TP]synaptics-s3908: syna_tcm_probe: enter
[    2.912618] [TP]synaptics-s3908: syna_tcm_probe read_length:9
[    2.912719] [TP]touchpanel: register_common_touch_device  is called
[    2.912726] [TP]touchpanel: ts->tp_index not specified
[    2.912731] [TP]touchpanel: ts->tp_index is 0
[    2.912789] [TP0]touchpanel: init_parse_dts : irq_gpio = 331, irq_flags = 0x2008, reset_gpio = 330
[    2.912799] [TP0]touchpanel: ts->cs-gpio not specified
[    2.912874] [TP0]touchpanel: Failed to get the cs-gpio high state pinctrl
[    2.912879] [TP0]touchpanel:  Failed to get the cs-gpio low state pinctrl 
[    2.912884] [TP0]touchpanel: Failed to get the input state pinctrl handle
[    2.912888] [TP]touchpanel: Failed to get pinctrl state:oplus_spi_active, r:-19
[    2.912889] [TP]touchpanel: Failed to get pinctrl state:oplus_int_active, r:-19
[    2.912894] [TP]touchpanel: Failed to get pinctrl state:oplus_reset_active, r:-19
[    2.912897] [TP]touchpanel: success get avtive pinctrl state
[    2.912902] [TP]touchpanel: Failed to get pinctrl state:oplus_spi_suspend, r:-19
[    2.912906] [TP]touchpanel: Failed to get pinctrl state:oplus_int_suspend, r:-19
[    2.912910] [TP]touchpanel: Failed to get pinctrl state:oplus_reset_suspend, r:-19
[    2.912914] [TP]touchpanel: success get suspend pinctrl state
[    2.912941] [TP0]touchpanel: panel_type not specified, need to default 1
[    2.912946] [TP0]touchpanel: find 1 num chip in dts
[    2.912951] [TP0]touchpanel: panel_data.chip_name = S3908
[    2.912958] [TP0]touchpanel: now has 3 num panel in dts
[    2.912968] [TP] Driver match support project [19815]
[    2.912973] [TP] match panel type OK , panel type is [8]
[    2.912978] [TP0]touchpanel: tp_type not specified
[    2.912982] [TP0]touchpanel: read firmware-data-0 firmware in dts
[    2.912984] [TP0]touchpanel: No firmware in dts !
[    2.912992] [TP0]touchpanel: ts->irq_need_dev_resume_time not specified
[    2.912996] [TP0]touchpanel: ts->irq_need_dev_resume_time = 50 ms
[    2.913001] [TP0]touchpanel: tx_num = 17, rx_num = 38 
[    2.913010] [TP0]touchpanel: LCD_WIDTH = 1440, LCD_HEIGHT = 3216, max_x = 1440, max_y = 3216, limit_witdh = 0, limit_height = 54
[    2.913015] [TP0]touchpanel: error:button-type should be setting in dts!
[    2.913018] [TP0]touchpanel: key_tx is 0, key_rx is 0
[    2.913026] [TP0]touchpanel: smooth_level_array not specified -22
[    2.913031] [TP0]touchpanel: sensitive_level_array not specified -22
[    2.913037] [TP0]touchpanel: error:game_perf_para_default should be setting in dts!
[    2.913042] [TP0]touchpanel: panel is oncell!
[    2.913049] [TP0]touchpanel: ts->high_frame_rate_time not specified or support
[    2.913059] [TP0]touchpanel: ts_check_panel_dt: panel[0] IS_ERR =1 
[    2.913067] [TP0]touchpanel: ts_check_panel_dt: panel[1] IS_ERR =1 
[    2.913075] [TP0]touchpanel: ts_check_panel_dt: panel[2] IS_ERR =1 
[    2.913079] [TP0]touchpanel: register_common_touch_device: ts_check_panel_dt failed.
[    2.913083] [TP]synaptics-s3908: Failed to init device information
[    2.913475] ams-tof [INFO]  I2C Address: 0x41

[    2.913521] input: tof8801 as /devices/platform/soc/990000.i2c/i2c-9/9-0041/input/input5
[    2.913576] ams-tof [INFO]  Probe ok.

[    2.914300] [TP]synaptics-s3908: syna_tcm_probe: enter
[    2.914427] [TP]synaptics-s3908: syna_tcm_probe read_length:9
[    2.914521] [TP]touchpanel: register_common_touch_device  is called
[    2.914528] [TP]touchpanel: ts->tp_index not specified
[    2.914533] [TP]touchpanel: ts->tp_index is 0
[    2.914595] [TP0]touchpanel: init_parse_dts : irq_gpio = 331, irq_flags = 0x2008, reset_gpio = 330
[    2.914604] [TP0]touchpanel: ts->cs-gpio not specified
[    2.914764] [TP0]touchpanel: Failed to get the cs-gpio high state pinctrl
[    2.914775] [TP0]touchpanel:  Failed to get the cs-gpio low state pinctrl 
[    2.914785] [TP0]touchpanel: Failed to get the input state pinctrl handle
[    2.914795] [TP]touchpanel: Failed to get pinctrl state:oplus_spi_active, r:-19
[    2.914799] [TP]touchpanel: Failed to get pinctrl state:oplus_int_active, r:-19
[    2.914809] [TP]touchpanel: Failed to get pinctrl state:oplus_reset_active, r:-19
[    2.914818] [TP]touchpanel: success get avtive pinctrl state
[    2.914828] [TP]touchpanel: Failed to get pinctrl state:oplus_spi_suspend, r:-19
[    2.914838] [TP]touchpanel: Failed to get pinctrl state:oplus_int_suspend, r:-19
[    2.914848] [TP]touchpanel: Failed to get pinctrl state:oplus_reset_suspend, r:-19
[    2.914857] [TP]touchpanel: success get suspend pinctrl state
[    2.914882] lahaina-cam_cc ad00000.qcom,camcc: sync-state
[    2.914920] [TP0]touchpanel: panel_type not specified, need to default 1
[    2.914923] [TP0]touchpanel: find 1 num chip in dts
[    2.914935] [TP0]touchpanel: panel_data.chip_name = S3908
[    2.914953] [TP0]touchpanel: now has 3 num panel in dts
[    2.914978] [TP] Driver match support project [19815]
[    2.914989] [TP] match panel type OK , panel type is [8]
[    2.915003] [TP0]touchpanel: tp_type not specified
[    2.915013] [TP0]touchpanel: read firmware-data-0 firmware in dts
[    2.915017] [TP0]touchpanel: No firmware in dts !
[    2.915029] [TP0]touchpanel: ts->irq_need_dev_resume_time not specified
[    2.915033] [TP0]touchpanel: ts->irq_need_dev_resume_time = 50 ms
[    2.915039] [TP0]touchpanel: tx_num = 17, rx_num = 38 
[    2.915047] [TP0]touchpanel: LCD_WIDTH = 1440, LCD_HEIGHT = 3216, max_x = 1440, max_y = 3216, limit_witdh = 0, limit_height = 54
[    2.915053] [TP0]touchpanel: error:button-type should be setting in dts!
[    2.915056] [TP0]touchpanel: key_tx is 0, key_rx is 0
[    2.915065] [TP0]touchpanel: smooth_level_array not specified -22
[    2.915070] [TP0]touchpanel: sensitive_level_array not specified -22
[    2.915076] [TP0]touchpanel: error:game_perf_para_default should be setting in dts!
[    2.915081] [TP0]touchpanel: panel is oncell!
[    2.915088] [TP0]touchpanel: ts->high_frame_rate_time not specified or support
[    2.915099] [TP0]touchpanel: ts_check_panel_dt: panel[0] IS_ERR =1 
[    2.915107] [TP0]touchpanel: ts_check_panel_dt: panel[1] IS_ERR =1 
[    2.915116] [TP0]touchpanel: ts_check_panel_dt: panel[2] IS_ERR =1 
[    2.915120] [TP0]touchpanel: register_common_touch_device: ts_check_panel_dt failed.
[    2.915124] [TP]synaptics-s3908: Failed to init device information
[    2.915172] CAM_WARN: CAM-MEM: cam_req_mgr_debug_register: 139 DebugFS not enabled in kernel!
[    2.915202] CAM_INFO: CAM-CRM: cam_req_mgr_component_master_bind: 872 All probes done, binding slave components
[    2.915266] CAM_WARN: CAM-SYNC: cam_sync_create_debugfs: 1080 DebugFS not enabled in kernel!
[    2.915269] synx: registered bind ops type 0 for cam_sync
[    2.915369] cam_req_mgr soc:qcom,cam-req-mgr: bound soc:qcom,cam-sync (ops cam_sync_component_ops [camera])
[    2.915372] CAM_WARN: CAM-SMMU: cam_smmu_create_debug_fs: 4191 DebugFS not enabled in kernel!
[    2.915434] cam_req_mgr soc:qcom,cam-req-mgr: bound soc:qcom,cam_smmu (ops cam_smmu_component_ops [camera])
[    2.915501] cam_req_mgr soc:qcom,cam-req-mgr: bound soc:qcom,cam_smmu:msm_cam_smmu_ife (ops cam_smmu_cb_component_ops [camera])
[    2.915558] cam_req_mgr soc:qcom,cam-req-mgr: bound soc:qcom,cam_smmu:msm_cam_smmu_jpeg (ops cam_smmu_cb_component_ops [camera])
[    2.915612] cam_req_mgr soc:qcom,cam-req-mgr: bound soc:qcom,cam_smmu:msm_cam_icp_fw (ops cam_smmu_fw_dev_component_ops [camera])
[    2.915623] CAM_INFO: CAM-SMMU: cam_smmu_get_memory_regions_info: 4026 [icp] : Discard region specified [0xdff00000 0xe0200000] in [0x10c00000 0xfef00000]
[    2.915683] cam_req_mgr soc:qcom,cam-req-mgr: bound soc:qcom,cam_smmu:msm_cam_smmu_icp (ops cam_smmu_cb_component_ops [camera])
[    2.915740] cam_req_mgr soc:qcom,cam-req-mgr: bound soc:qcom,cam_smmu:msm_cam_smmu_cpas_cdm (ops cam_smmu_cb_component_ops [camera])
[    2.915792] cam_req_mgr soc:qcom,cam-req-mgr: bound soc:qcom,cam_smmu:msm_cam_smmu_secure (ops cam_smmu_cb_component_ops [camera])
[    2.916121] CAM_INFO: CAM-CPAS: cam_cpas_get_hw_features: 489 No or invalid fuse entries count: -22
[    2.916614] [TP]synaptics-s3908: syna_tcm_probe: enter
[    2.916789] [TP]synaptics-s3908: syna_tcm_probe read_length:9
[    2.916909] [TP]touchpanel: register_common_touch_device  is called
[    2.916916] [TP]touchpanel: ts->tp_index not specified
[    2.916920] [TP]touchpanel: ts->tp_index is 0
[    2.916971] [TP0]touchpanel: init_parse_dts : irq_gpio = 331, irq_flags = 0x2008, reset_gpio = 330
[    2.916980] [TP0]touchpanel: ts->cs-gpio not specified
[    2.917044] [TP0]touchpanel: Failed to get the cs-gpio high state pinctrl
[    2.917049] [TP0]touchpanel:  Failed to get the cs-gpio low state pinctrl 
[    2.917053] [TP0]touchpanel: Failed to get the input state pinctrl handle
[    2.917058] [TP]touchpanel: Failed to get pinctrl state:oplus_spi_active, r:-19
[    2.917059] [TP]touchpanel: Failed to get pinctrl state:oplus_int_active, r:-19
[    2.917063] [TP]touchpanel: Failed to get pinctrl state:oplus_reset_active, r:-19
[    2.917067] [TP]touchpanel: success get avtive pinctrl state
[    2.917071] [TP]touchpanel: Failed to get pinctrl state:oplus_spi_suspend, r:-19
[    2.917075] [TP]touchpanel: Failed to get pinctrl state:oplus_int_suspend, r:-19
[    2.917079] [TP]touchpanel: Failed to get pinctrl state:oplus_reset_suspend, r:-19
[    2.917083] [TP]touchpanel: success get suspend pinctrl state
[    2.917109] [TP0]touchpanel: panel_type not specified, need to default 1
[    2.917113] [TP0]touchpanel: find 1 num chip in dts
[    2.917118] [TP0]touchpanel: panel_data.chip_name = S3908
[    2.917125] [TP0]touchpanel: now has 3 num panel in dts
[    2.917134] [TP] Driver match support project [19815]
[    2.917139] [TP] match panel type OK , panel type is [8]
[    2.917144] [TP0]touchpanel: tp_type not specified
[    2.917148] [TP0]touchpanel: read firmware-data-0 firmware in dts
[    2.917150] [TP0]touchpanel: No firmware in dts !
[    2.917158] [TP0]touchpanel: ts->irq_need_dev_resume_time not specified
[    2.917163] [TP0]touchpanel: ts->irq_need_dev_resume_time = 50 ms
[    2.917168] [TP0]touchpanel: tx_num = 17, rx_num = 38 
[    2.917176] [TP0]touchpanel: LCD_WIDTH = 1440, LCD_HEIGHT = 3216, max_x = 1440, max_y = 3216, limit_witdh = 0, limit_height = 54
[    2.917181] [TP0]touchpanel: error:button-type should be setting in dts!
[    2.917184] [TP0]touchpanel: key_tx is 0, key_rx is 0
[    2.917192] [TP0]touchpanel: smooth_level_array not specified -22
[    2.917198] [TP0]touchpanel: sensitive_level_array not specified -22
[    2.917203] [TP0]touchpanel: error:game_perf_para_default should be setting in dts!
[    2.917208] [TP0]touchpanel: panel is oncell!
[    2.917216] [TP0]touchpanel: ts->high_frame_rate_time not specified or support
[    2.917226] [TP0]touchpanel: ts_check_panel_dt: panel[0] IS_ERR =1 
[    2.917233] [TP0]touchpanel: ts_check_panel_dt: panel[1] IS_ERR =1 
[    2.917241] [TP0]touchpanel: ts_check_panel_dt: panel[2] IS_ERR =1 
[    2.917246] [TP0]touchpanel: register_common_touch_device: ts_check_panel_dt failed.
[    2.917248] CAM_WARN: CAM-CPAS: cam_cpas_util_create_debugfs: 2414 DebugFS not enabled in kernel!
[    2.917251] CAM_INFO: CAM-CPAS: cam_cpas_hw_get_hw_info: 1861 fuse info->num_fuses 0
[    2.917253] [TP]synaptics-s3908: Failed to init device information
[    2.917351] cam_req_mgr soc:qcom,cam-req-mgr: bound ac40000.qcom,cam-cpas (ops cam_cpas_dev_component_ops [camera])
[    2.917509] cam_req_mgr soc:qcom,cam-req-mgr: bound soc:qcom,cam-cdm-intf (ops cam_cdm_intf_component_ops [camera])
[    2.917510] [drm:sde_power_parse_ib_votes:474]: error reading min core ib vote. rc=-22, np=3e900c20
[    2.917513] [drm:sde_power_parse_ib_votes:482]: error reading min llcc ib vote. rc=-22
[    2.917514] [drm:sde_power_parse_ib_votes:490]: error reading min dram ib vote. rc=-22
[    2.917595] [sde_rsc_hw:rsc_hw_init_v3:537]: sde rsc init successfully done
[    2.917611] [sde_rsc:sde_rsc_probe:1800]: sde rsc index:0 probed successfully
[    2.918270] [TP]synaptics-s3908: syna_tcm_probe: enter
[    2.918381] [TP]synaptics-s3908: syna_tcm_probe read_length:9
[    2.918480] [TP]touchpanel: register_common_touch_device  is called
[    2.918488] [TP]touchpanel: ts->tp_index not specified
[    2.918492] [TP]touchpanel: ts->tp_index is 0
[    2.918542] [TP0]touchpanel: init_parse_dts : irq_gpio = 331, irq_flags = 0x2008, reset_gpio = 330
[    2.918551] [TP0]touchpanel: ts->cs-gpio not specified
[    2.918614] [TP0]touchpanel: Failed to get the cs-gpio high state pinctrl
[    2.918619] [TP0]touchpanel:  Failed to get the cs-gpio low state pinctrl 
[    2.918623] [TP0]touchpanel: Failed to get the input state pinctrl handle
[    2.918627] [TP]touchpanel: Failed to get pinctrl state:oplus_spi_active, r:-19
[    2.918628] [TP]touchpanel: Failed to get pinctrl state:oplus_int_active, r:-19
[    2.918633] [TP]touchpanel: Failed to get pinctrl state:oplus_reset_active, r:-19
[    2.918636] [TP]touchpanel: success get avtive pinctrl state
[    2.918641] [TP]touchpanel: Failed to get pinctrl state:oplus_spi_suspend, r:-19
[    2.918645] [TP]touchpanel: Failed to get pinctrl state:oplus_int_suspend, r:-19
[    2.918649] [TP]touchpanel: Failed to get pinctrl state:oplus_reset_suspend, r:-19
[    2.918652] [TP]touchpanel: success get suspend pinctrl state
[    2.918678] [TP0]touchpanel: panel_type not specified, need to default 1
[    2.918682] [TP0]touchpanel: find 1 num chip in dts
[    2.918687] [TP0]touchpanel: panel_data.chip_name = S3908
[    2.918694] [TP0]touchpanel: now has 3 num panel in dts
[    2.918703] [TP] Driver match support project [19815]
[    2.918707] [TP] match panel type OK , panel type is [8]
[    2.918712] [TP0]touchpanel: tp_type not specified
[    2.918716] [TP0]touchpanel: read firmware-data-0 firmware in dts
[    2.918718] [TP0]touchpanel: No firmware in dts !
[    2.918726] [TP0]touchpanel: ts->irq_need_dev_resume_time not specified
[    2.918730] [TP0]touchpanel: ts->irq_need_dev_resume_time = 50 ms
[    2.918735] [TP0]touchpanel: tx_num = 17, rx_num = 38 
[    2.918742] [TP0]touchpanel: LCD_WIDTH = 1440, LCD_HEIGHT = 3216, max_x = 1440, max_y = 3216, limit_witdh = 0, limit_height = 54
[    2.918747] [TP0]touchpanel: error:button-type should be setting in dts!
[    2.918750] [TP0]touchpanel: key_tx is 0, key_rx is 0
[    2.918758] [TP0]touchpanel: smooth_level_array not specified -22
[    2.918763] [TP0]touchpanel: sensitive_level_array not specified -22
[    2.918768] [TP0]touchpanel: error:game_perf_para_default should be setting in dts!
[    2.918773] [TP0]touchpanel: panel is oncell!
[    2.918780] [TP0]touchpanel: ts->high_frame_rate_time not specified or support
[    2.918788] [TP0]touchpanel: ts_check_panel_dt: panel[0] IS_ERR =1 
[    2.918795] [TP0]touchpanel: ts_check_panel_dt: panel[1] IS_ERR =1 
[    2.918801] [TP0]touchpanel: ts_check_panel_dt: panel[2] IS_ERR =1 
[    2.918805] [TP0]touchpanel: register_common_touch_device: ts_check_panel_dt failed.
[    2.918809] [TP]synaptics-s3908: Failed to init device information
[    2.919900] tfa98xx 4-0035: Revision register: reg 0xc74
[    2.919904] tfa98xx_i2c_probe(): TFA9874 detected
[    2.919908] tfa98xx 4-0035: min_mohms=5000, max_mohms=8000
[    2.919910] tfa98xx 4-0035: channel=1   (0-left/top, 1-right/bottom, 0xff-default, not initialized)
[    2.919912] tfa98xx 4-0035: Failed to parse tfa_mi2s_id node
[    2.919914] tfa98xx 4-0035: tfa mi2s_id: 2
[    2.919932] tfa98xx_i2c_probe(): ftm_mode=0
[    2.919938] tfa98xx_i2c_probe(): tfa98xx_i2c_probe Probe completed successfully!
[    2.920690] cam_req_mgr soc:qcom,cam-req-mgr: bound ac4d000.qcom,cpas-cdm0 (ops cam_hw_cdm_component_ops [camera])
[    2.920863] [TP]synaptics-s3908: syna_tcm_probe: enter
[    2.920980] [TP]synaptics-s3908: syna_tcm_probe read_length:9
[    2.921090] [TP]touchpanel: register_common_touch_device  is called
[    2.921097] [TP]touchpanel: ts->tp_index not specified
[    2.921102] [TP]touchpanel: ts->tp_index is 0
[    2.921152] [TP0]touchpanel: init_parse_dts : irq_gpio = 331, irq_flags = 0x2008, reset_gpio = 330
[    2.921161] [TP0]touchpanel: ts->cs-gpio not specified
[    2.921230] [TP0]touchpanel: Failed to get the cs-gpio high state pinctrl
[    2.921235] [TP0]touchpanel:  Failed to get the cs-gpio low state pinctrl 
[    2.921239] [TP0]touchpanel: Failed to get the input state pinctrl handle
[    2.921243] [TP]touchpanel: Failed to get pinctrl state:oplus_spi_active, r:-19
[    2.921244] [TP]touchpanel: Failed to get pinctrl state:oplus_int_active, r:-19
[    2.921249] [TP]touchpanel: Failed to get pinctrl state:oplus_reset_active, r:-19
[    2.921252] [TP]touchpanel: success get avtive pinctrl state
[    2.921257] [TP]touchpanel: Failed to get pinctrl state:oplus_spi_suspend, r:-19
[    2.921261] [TP]touchpanel: Failed to get pinctrl state:oplus_int_suspend, r:-19
[    2.921265] [TP]touchpanel: Failed to get pinctrl state:oplus_reset_suspend, r:-19
[    2.921268] [TP]touchpanel: success get suspend pinctrl state
[    2.921293] [TP0]touchpanel: panel_type not specified, need to default 1
[    2.921298] [TP0]touchpanel: find 1 num chip in dts
[    2.921302] [TP0]touchpanel: panel_data.chip_name = S3908
[    2.921309] [TP0]touchpanel: now has 3 num panel in dts
[    2.921318] [TP] Driver match support project [19815]
[    2.921323] [TP] match panel type OK , panel type is [8]
[    2.921328] [TP0]touchpanel: tp_type not specified
[    2.921332] [TP0]touchpanel: read firmware-data-0 firmware in dts
[    2.921334] [TP0]touchpanel: No firmware in dts !
[    2.921342] [TP0]touchpanel: ts->irq_need_dev_resume_time not specified
[    2.921346] [TP0]touchpanel: ts->irq_need_dev_resume_time = 50 ms
[    2.921351] [TP0]touchpanel: tx_num = 17, rx_num = 38 
[    2.921358] [TP0]touchpanel: LCD_WIDTH = 1440, LCD_HEIGHT = 3216, max_x = 1440, max_y = 3216, limit_witdh = 0, limit_height = 54
[    2.921363] [TP0]touchpanel: error:button-type should be setting in dts!
[    2.921366] [TP0]touchpanel: key_tx is 0, key_rx is 0
[    2.921374] [TP0]touchpanel: smooth_level_array not specified -22
[    2.921379] [TP0]touchpanel: sensitive_level_array not specified -22
[    2.921385] [TP0]touchpanel: error:game_perf_para_default should be setting in dts!
[    2.921389] [TP0]touchpanel: panel is oncell!
[    2.921396] [TP0]touchpanel: ts->high_frame_rate_time not specified or support
[    2.921405] [TP0]touchpanel: ts_check_panel_dt: panel[0] IS_ERR =1 
[    2.921411] [TP0]touchpanel: ts_check_panel_dt: panel[1] IS_ERR =1 
[    2.921418] [TP0]touchpanel: ts_check_panel_dt: panel[2] IS_ERR =1 
[    2.921422] [TP0]touchpanel: register_common_touch_device: ts_check_panel_dt failed.
[    2.921426] [TP]synaptics-s3908: Failed to init device information
[    2.924169] cam_req_mgr soc:qcom,cam-req-mgr: bound acb4200.qcom,ife-cdm0 (ops cam_hw_cdm_component_ops [camera])
[    2.927556] cam_req_mgr soc:qcom,cam-req-mgr: bound acc3200.qcom,ife-cdm1 (ops cam_hw_cdm_component_ops [camera])
[    2.930942] cam_req_mgr soc:qcom,cam-req-mgr: bound acef200.qcom,ife-cdm2 (ops cam_hw_cdm_component_ops [camera])
[    2.931775] cam_req_mgr soc:qcom,cam-req-mgr: bound ac97000.qcom,tpg0 (ops cam_top_tpg_component_ops [camera])
[    2.932590] cam_req_mgr soc:qcom,cam-req-mgr: bound ac98000.qcom,tpg1 (ops cam_top_tpg_component_ops [camera])
[    2.932759] cam_req_mgr soc:qcom,cam-req-mgr: bound acb5200.qcom,csid0 (ops cam_ife_csid_component_ops [camera])
[    2.932916] cam_req_mgr soc:qcom,cam-req-mgr: bound acc4200.qcom,csid1 (ops cam_ife_csid_component_ops [camera])
[    2.933069] cam_req_mgr soc:qcom,cam-req-mgr: bound acf0200.qcom,csid2 (ops cam_ife_csid_component_ops [camera])
[    2.933206] cam_req_mgr soc:qcom,cam-req-mgr: bound acd9200.qcom,csid-lite0 (ops cam_ife_csid_component_ops [camera])
[    2.933394] cam_req_mgr soc:qcom,cam-req-mgr: bound acdb400.qcom,csid-lite1 (ops cam_ife_csid_component_ops [camera])
[    2.934331] cam_req_mgr soc:qcom,cam-req-mgr: bound acb4000.qcom,ife0 (ops cam_vfe_component_ops [camera])
[    2.935253] cam_req_mgr soc:qcom,cam-req-mgr: bound acc3000.qcom,ife1 (ops cam_vfe_component_ops [camera])
[    2.936177] cam_req_mgr soc:qcom,cam-req-mgr: bound acef000.qcom,ife2 (ops cam_vfe_component_ops [camera])
[    2.937007] cam_req_mgr soc:qcom,cam-req-mgr: bound acd9000.qcom,ife-lite0 (ops cam_vfe_component_ops [camera])
[    2.937873] cam_req_mgr soc:qcom,cam-req-mgr: bound acdb200.qcom,ife-lite1 (ops cam_vfe_component_ops [camera])
[    2.937990] CAM_ERR: CAM-ISP: cam_vfe_hw_init: 228 inval param
[    2.937992] CAM_ERR: CAM-ISP: cam_vfe_hw_init: 228 inval param
[    2.938033] CAM_WARN: CAM-ISP: cam_ife_hw_mgr_debug_register: 8269 DebugFS not enabled in kernel!
[    2.938043] CAM_WARN: CAM-ISP: cam_isp_context_debug_register: 6391 DebugFS not enabled in kernel!
[    2.938140] cam_req_mgr soc:qcom,cam-req-mgr: bound soc:qcom,cam-isp (ops cam_isp_dev_component_ops [camera])
[    2.938193] cam_req_mgr soc:qcom,cam-req-mgr: bound soc:qcom,cam-res-mgr (ops cam_res_mgr_component_ops [camera])
[    2.938530] CAM_WARN: CAM-CCI: cam_cci_create_debugfs_entry: 430 DebugFS not enabled
[    2.938586] cam_req_mgr soc:qcom,cam-req-mgr: bound ac4f000.qcom,cci0 (ops cam_cci_component_ops [camera])
[    2.938866] CAM_WARN: CAM-CCI: cam_cci_create_debugfs_entry: 441 DebugFS not enabled
[    2.938921] cam_req_mgr soc:qcom,cam-req-mgr: bound ac50000.qcom,cci1 (ops cam_cci_component_ops [camera])
[    2.939092] CAM_WARN: CAM-CSIPHY: cam_csiphy_debug_register: 66 DebugFS not enabled in kernel!
[    2.939146] cam_req_mgr soc:qcom,cam-req-mgr: bound ac6a000.qcom,csiphy0 (ops cam_csiphy_component_ops [camera])
[    2.939250] CAM_WARN: CAM-CSIPHY: cam_csiphy_debug_register: 66 DebugFS not enabled in kernel!
[    2.939303] cam_req_mgr soc:qcom,cam-req-mgr: bound ac6c000.qcom,csiphy1 (ops cam_csiphy_component_ops [camera])
[    2.939407] CAM_WARN: CAM-CSIPHY: cam_csiphy_debug_register: 66 DebugFS not enabled in kernel!
[    2.939459] cam_req_mgr soc:qcom,cam-req-mgr: bound ac6e000.qcom,csiphy2 (ops cam_csiphy_component_ops [camera])
[    2.939562] CAM_WARN: CAM-CSIPHY: cam_csiphy_debug_register: 66 DebugFS not enabled in kernel!
[    2.939614] cam_req_mgr soc:qcom,cam-req-mgr: bound ac70000.qcom,csiphy3 (ops cam_csiphy_component_ops [camera])
[    2.939724] CAM_WARN: CAM-CSIPHY: cam_csiphy_debug_register: 66 DebugFS not enabled in kernel!
[    2.939776] cam_req_mgr soc:qcom,cam-req-mgr: bound ac72000.qcom,csiphy4 (ops cam_csiphy_component_ops [camera])
[    2.939883] CAM_WARN: CAM-CSIPHY: cam_csiphy_debug_register: 66 DebugFS not enabled in kernel!
[    2.939935] cam_req_mgr soc:qcom,cam-req-mgr: bound ac74000.qcom,csiphy5 (ops cam_csiphy_component_ops [camera])
[    2.939938] CAM_INFO: CAM-ACTUATOR: cam_actuator_component_bind: 281 enter
[    2.939940] CAM_INFO: CAM-ACTUATOR: cam_actuator_component_bind: 312 calling parse actuator dt
[    2.939945] CAM_INFO: CAM-ACTUATOR: cam_actuator_parse_dt: 63 calling devm reg=2
[    2.939971] CAM_INFO: CAM-ACTUATOR: cam_actuator_parse_dt: 76 get for regulator cam_vio
[    2.940011] CAM_INFO: CAM-ACTUATOR: cam_actuator_parse_dt: 76 get for regulator cam_vaf
[    2.940157] cam_req_mgr soc:qcom,cam-req-mgr: bound ac4f000.qcom,cci0:qcom,actuator@0 (ops cam_actuator_component_ops [camera])
[    2.940160] CAM_INFO: CAM-ACTUATOR: cam_actuator_component_bind: 281 enter
[    2.940162] CAM_INFO: CAM-ACTUATOR: cam_actuator_component_bind: 312 calling parse actuator dt
[    2.940166] CAM_INFO: CAM-ACTUATOR: cam_actuator_parse_dt: 63 calling devm reg=1
[    2.940183] CAM_INFO: CAM-ACTUATOR: cam_actuator_parse_dt: 76 get for regulator cam_vaf
[    2.940248] cam_req_mgr soc:qcom,cam-req-mgr: bound ac4f000.qcom,cci0:qcom,actuator@1 (ops cam_actuator_component_ops [camera])
[    2.940250] CAM_INFO: CAM-ACTUATOR: cam_actuator_component_bind: 281 enter
[    2.940253] CAM_INFO: CAM-ACTUATOR: cam_actuator_component_bind: 312 calling parse actuator dt
[    2.940257] CAM_INFO: CAM-ACTUATOR: cam_actuator_parse_dt: 63 calling devm reg=1
[    2.940279] CAM_INFO: CAM-ACTUATOR: cam_actuator_parse_dt: 76 get for regulator cam_vaf
[    2.940347] cam_req_mgr soc:qcom,cam-req-mgr: bound ac50000.qcom,cci1:qcom,actuator@2 (ops cam_actuator_component_ops [camera])
[    2.940350] CAM_INFO: CAM-SENSOR: cam_sensor_component_bind: 302 calling parse_dt
[    2.940384] CAM_INFO: CAM-SENSOR: cam_sensor_parse_dt: 276 calling devm reg=6
[    2.940404] CAM_INFO: CAM-SENSOR: cam_sensor_parse_dt: 289 get for regulator cam_vio
[    2.940418] CAM_INFO: CAM-SENSOR: cam_sensor_parse_dt: 289 get for regulator cam_vana
[    2.940431] CAM_INFO: CAM-SENSOR: cam_sensor_parse_dt: 289 get for regulator cam_v_custom1
[    2.940436] CAM_INFO: CAM-SENSOR: cam_sensor_parse_dt: 289 get for regulator cam_vdig
[    2.940450] CAM_INFO: CAM-SENSOR: cam_sensor_parse_dt: 289 get for regulator cam_clk
[    2.940465] CAM_INFO: CAM-SENSOR: cam_sensor_parse_dt: 289 get for regulator cam_vaf
[    2.940555] cam_req_mgr soc:qcom,cam-req-mgr: bound ac4f000.qcom,cci0:qcom,cam-sensor@0 (ops cam_sensor_component_ops [camera])
[    2.940557] CAM_INFO: CAM-SENSOR: cam_sensor_component_bind: 302 calling parse_dt
[    2.940586] CAM_INFO: CAM-SENSOR: cam_sensor_parse_dt: 276 calling devm reg=6
[    2.940604] CAM_INFO: CAM-SENSOR: cam_sensor_parse_dt: 289 get for regulator cam_vio
[    2.940616] CAM_INFO: CAM-SENSOR: cam_sensor_parse_dt: 289 get for regulator cam_vana
[    2.940635] CAM_INFO: CAM-SENSOR: cam_sensor_parse_dt: 289 get for regulator cam_v_custom1
[    2.940652] CAM_INFO: CAM-SENSOR: cam_sensor_parse_dt: 289 get for regulator cam_clk
[    2.940665] CAM_INFO: CAM-SENSOR: cam_sensor_parse_dt: 289 get for regulator cam_vaf
[    2.940670] CAM_INFO: CAM-SENSOR: cam_sensor_parse_dt: 289 get for regulator cam_vdig
[    2.940763] cam_req_mgr soc:qcom,cam-req-mgr: bound ac4f000.qcom,cci0:qcom,cam-sensor@1 (ops cam_sensor_component_ops [camera])
[    2.940766] CAM_INFO: CAM-SENSOR: cam_sensor_component_bind: 302 calling parse_dt
[    2.940786] CAM_INFO: CAM-SENSOR: cam_sensor_parse_dt: 276 calling devm reg=3
[    2.940803] CAM_INFO: CAM-SENSOR: cam_sensor_parse_dt: 289 get for regulator cam_vio
[    2.940815] CAM_INFO: CAM-SENSOR: cam_sensor_parse_dt: 289 get for regulator cam_vana
[    2.940832] CAM_INFO: CAM-SENSOR: cam_sensor_parse_dt: 289 get for regulator cam_clk
[    2.940908] cam_req_mgr soc:qcom,cam-req-mgr: bound ac4f000.qcom,cci0:qcom,cam-sensor@4 (ops cam_sensor_component_ops [camera])
[    2.940911] CAM_INFO: CAM-SENSOR: cam_sensor_component_bind: 302 calling parse_dt
[    2.940932] CAM_INFO: CAM-SENSOR: cam_sensor_parse_dt: 276 calling devm reg=4
[    2.940950] CAM_INFO: CAM-SENSOR: cam_sensor_parse_dt: 289 get for regulator cam_vio
[    2.940965] CAM_INFO: CAM-SENSOR: cam_sensor_parse_dt: 289 get for regulator cam_vana
[    2.941004] CAM_INFO: CAM-SENSOR: cam_sensor_parse_dt: 289 get for regulator cam_vdig
[    2.941070] CAM_INFO: CAM-SENSOR: cam_sensor_parse_dt: 289 get for regulator cam_clk
[    2.941177] cam_req_mgr soc:qcom,cam-req-mgr: bound ac50000.qcom,cci1:qcom,cam-sensor@2 (ops cam_sensor_component_ops [camera])
[    2.941180] CAM_INFO: CAM-SENSOR: cam_sensor_component_bind: 302 calling parse_dt
[    2.941203] CAM_INFO: CAM-SENSOR: cam_sensor_parse_dt: 276 calling devm reg=5
[    2.941220] CAM_INFO: CAM-SENSOR: cam_sensor_parse_dt: 289 get for regulator cam_vio
[    2.941236] CAM_INFO: CAM-SENSOR: cam_sensor_parse_dt: 289 get for regulator cam_vana
[    2.941251] CAM_INFO: CAM-SENSOR: cam_sensor_parse_dt: 289 get for regulator cam_vdig
[    2.941267] CAM_INFO: CAM-SENSOR: cam_sensor_parse_dt: 289 get for regulator cam_vaf
[    2.941284] CAM_INFO: CAM-SENSOR: cam_sensor_parse_dt: 289 get for regulator cam_clk
[    2.941375] cam_req_mgr soc:qcom,cam-req-mgr: bound ac50000.qcom,cci1:qcom,cam-sensor@3 (ops cam_sensor_component_ops [camera])
[    2.941385] CAM_INFO: CAM-EEPROM: cam_eeprom_get_dt_data: 219 No GPIO found
[    2.941388] CAM_INFO: CAM-EEPROM: cam_eeprom_parse_dt: 385 calling eprom devm reg=5
[    2.941406] CAM_INFO: CAM-EEPROM: cam_eeprom_parse_dt: 398 get for regulator cam_vio
[    2.941423] CAM_INFO: CAM-EEPROM: cam_eeprom_parse_dt: 398 get for regulator cam_vaf
[    2.941436] CAM_INFO: CAM-EEPROM: cam_eeprom_parse_dt: 398 get for regulator cam_v_custom1
[    2.941451] CAM_INFO: CAM-EEPROM: cam_eeprom_parse_dt: 398 get for regulator cam_clk
[    2.941466] CAM_INFO: CAM-EEPROM: cam_eeprom_parse_dt: 398 get for regulator cam_vana
[    2.941468] CAM_INFO: CAM-EEPROM: cam_eeprom_parse_dt: 407 read change_cci success, value:1
[    2.941470] CAM_INFO: CAM-EEPROM: cam_eeprom_parse_dt: 415 read cci-master-ois success, value:1
[    2.941472] CAM_INFO: CAM-EEPROM: cam_eeprom_parse_dt: 424 read cci-device-ois success, value:1
[    2.941563] cam_req_mgr soc:qcom,cam-req-mgr: bound ac4f000.qcom,cci0:qcom,eeprom@0 (ops cam_eeprom_component_ops [camera])
[    2.941570] CAM_INFO: CAM-EEPROM: cam_eeprom_get_dt_data: 219 No GPIO found
[    2.941573] CAM_INFO: CAM-EEPROM: cam_eeprom_parse_dt: 385 calling eprom devm reg=2
[    2.941588] CAM_INFO: CAM-EEPROM: cam_eeprom_parse_dt: 398 get for regulator cam_vio
[    2.941602] CAM_INFO: CAM-EEPROM: cam_eeprom_parse_dt: 398 get for regulator cam_clk
[    2.941604] CAM_ERR: CAM-EEPROM: cam_eeprom_parse_dt: 404 get change_cci failed rc:-22, default 0
[    2.941607] CAM_ERR: CAM-EEPROM: cam_eeprom_parse_dt: 412 get cci-master-ois failed rc:-22, default 0
[    2.941609] CAM_ERR: CAM-EEPROM: cam_eeprom_parse_dt: 421 get cci-device-ois failed rc:-22, default 0
[    2.941683] cam_req_mgr soc:qcom,cam-req-mgr: bound ac4f000.qcom,cci0:qcom,eeprom@1 (ops cam_eeprom_component_ops [camera])
[    2.941702] CAM_INFO: CAM-EEPROM: cam_eeprom_parse_dt: 385 calling eprom devm reg=4
[    2.941719] CAM_INFO: CAM-EEPROM: cam_eeprom_parse_dt: 398 get for regulator cam_vio
[    2.941732] CAM_INFO: CAM-EEPROM: cam_eeprom_parse_dt: 398 get for regulator cam_vana
[    2.941747] CAM_INFO: CAM-EEPROM: cam_eeprom_parse_dt: 398 get for regulator cam_vdig
[    2.941762] CAM_INFO: CAM-EEPROM: cam_eeprom_parse_dt: 398 get for regulator cam_clk
[    2.941764] CAM_ERR: CAM-EEPROM: cam_eeprom_parse_dt: 404 get change_cci failed rc:-22, default 0
[    2.941766] CAM_ERR: CAM-EEPROM: cam_eeprom_parse_dt: 412 get cci-master-ois failed rc:-22, default 0
[    2.941768] CAM_ERR: CAM-EEPROM: cam_eeprom_parse_dt: 421 get cci-device-ois failed rc:-22, default 0
[    2.941850] cam_req_mgr soc:qcom,cam-req-mgr: bound ac50000.qcom,cci1:qcom,eeprom@2 (ops cam_eeprom_component_ops [camera])
[    2.941868] CAM_INFO: CAM-EEPROM: cam_eeprom_parse_dt: 385 calling eprom devm reg=5
[    2.941887] CAM_INFO: CAM-EEPROM: cam_eeprom_parse_dt: 398 get for regulator cam_vio
[    2.941900] CAM_INFO: CAM-EEPROM: cam_eeprom_parse_dt: 398 get for regulator cam_vana
[    2.941914] CAM_INFO: CAM-EEPROM: cam_eeprom_parse_dt: 398 get for regulator cam_vdig
[    2.941928] CAM_INFO: CAM-EEPROM: cam_eeprom_parse_dt: 398 get for regulator cam_vaf
[    2.941944] CAM_INFO: CAM-EEPROM: cam_eeprom_parse_dt: 398 get for regulator cam_clk
[    2.941946] CAM_ERR: CAM-EEPROM: cam_eeprom_parse_dt: 404 get change_cci failed rc:-22, default 0
[    2.941948] CAM_ERR: CAM-EEPROM: cam_eeprom_parse_dt: 412 get cci-master-ois failed rc:-22, default 0
[    2.941950] CAM_ERR: CAM-EEPROM: cam_eeprom_parse_dt: 421 get cci-device-ois failed rc:-22, default 0
[    2.942112] cam_req_mgr soc:qcom,cam-req-mgr: bound ac50000.qcom,cci1:qcom,eeprom@3 (ops cam_eeprom_component_ops [camera])
[    2.942123] CAM_INFO: CAM-OIS: cam_ois_get_dt_data: 40 calling devm reg=4
[    2.942140] CAM_INFO: CAM-OIS: cam_ois_get_dt_data: 52 get for regulator cam_vio
[    2.942157] CAM_INFO: CAM-OIS: cam_ois_get_dt_data: 52 get for regulator cam_vaf
[    2.942170] CAM_INFO: CAM-OIS: cam_ois_get_dt_data: 52 get for regulator cam_v_custom1
[    2.942183] CAM_INFO: CAM-OIS: cam_ois_get_dt_data: 52 get for regulator cam_vdig
[    2.942205] CAM_INFO: CAM-OIS: cam_ois_driver_soc_init: 153 read ois_gyro,position success, value:5
[    2.942207] CAM_INFO: CAM-OIS: cam_ois_driver_soc_init: 162 read ois,type success, value:1
[    2.942209] CAM_INFO: CAM-OIS: cam_ois_driver_soc_init: 171 read ois_gyro,type success, value:3
[    2.942211] CAM_INFO: CAM-OIS: cam_ois_driver_soc_init: 179 read ois,name success, value:LC898124
[    2.942213] CAM_INFO: CAM-OIS: cam_ois_driver_soc_init: 188 read ois_module,vendor success, value:0
[    2.942215] CAM_INFO: CAM-OIS: cam_ois_driver_soc_init: 197 read ois_actuator,vednor success, value:0
[    2.942217] CAM_INFO: CAM-OIS: cam_ois_driver_soc_init: 206 read ois,fw success, value:1
[    2.942219] CAM_ERR: CAM-OIS: cam_ois_driver_soc_init: 212 get change_cci failed rc:-22, default 0
[    2.942221] CAM_ERR: CAM-OIS: cam_ois_driver_soc_init: 222 get ois_eis_function failed rc:-22, default 0
[    2.942223] CAM_INFO: CAM-OIS: cam_ois_driver_soc_init: 234 read download,fw success, value:1
[    2.942240] CAM_INFO: CAM-OIS: InitOISResource: 1929 ois type=1,ois_ctrls[1] = 000000003c482ac5
[    2.942247] CAM_INFO: CAM-OIS: InitOISResource: 1963 Create successs
[    2.942248] CAM_INFO: CAM-OIS: InitOISResource: 1972 Create successs
[    2.942250] CAM_INFO: CAM-OIS: InitOISResource: 1981 Create successs
[    2.942302] cam_req_mgr soc:qcom,cam-req-mgr: bound ac4f000.qcom,cci0:qcom,ois@1 (ops cam_ois_component_ops [camera])
[    2.942309] CAM_INFO: CAM-OIS: cam_ois_get_dt_data: 40 calling devm reg=4
[    2.942330] CAM_INFO: CAM-OIS: cam_ois_get_dt_data: 52 get for regulator cam_vio
[    2.942346] CAM_INFO: CAM-OIS: cam_ois_get_dt_data: 52 get for regulator cam_vaf
[    2.942358] CAM_INFO: CAM-OIS: cam_ois_get_dt_data: 52 get for regulator cam_v_custom1
[    2.942372] CAM_INFO: CAM-OIS: cam_ois_get_dt_data: 52 get for regulator cam_vana
[    2.942391] CAM_INFO: CAM-OIS: cam_ois_get_dt_data: 68 No GPIO found
[    2.942393] CAM_INFO: CAM-OIS: cam_ois_driver_soc_init: 153 read ois_gyro,position success, value:3
[    2.942395] CAM_INFO: CAM-OIS: cam_ois_driver_soc_init: 162 read ois,type success, value:0
[    2.942397] CAM_INFO: CAM-OIS: cam_ois_driver_soc_init: 171 read ois_gyro,type success, value:6
[    2.942399] CAM_INFO: CAM-OIS: cam_ois_driver_soc_init: 179 read ois,name success, value:LC898128
[    2.942400] CAM_INFO: CAM-OIS: cam_ois_driver_soc_init: 188 read ois_module,vendor success, value:6
[    2.942402] CAM_INFO: CAM-OIS: cam_ois_driver_soc_init: 197 read ois_actuator,vednor success, value:1
[    2.942404] CAM_INFO: CAM-OIS: cam_ois_driver_soc_init: 206 read ois,fw success, value:1
[    2.942406] CAM_INFO: CAM-OIS: cam_ois_driver_soc_init: 215 read change_cci success, value:1
[    2.942408] CAM_INFO: CAM-OIS: cam_ois_driver_soc_init: 225 read ois_eis_function success, value:2
[    2.942410] CAM_ERR: CAM-OIS: cam_ois_driver_soc_init: 231 get download,fw failed rc:-22, default 0
[    2.942425] CAM_INFO: CAM-OIS: InitOISResource: 1926 ois type=0,ois_ctrls[0] = 0000000093eeaaab
[    2.942426] CAM_ERR: CAM-OIS: InitOISResource: 1942 ois_control node exist
[    2.942478] cam_req_mgr soc:qcom,cam-req-mgr: bound ac50000.qcom,cci1:qcom,ois@0 (ops cam_ois_component_ops [camera])
[    2.942484] CAM_ERR: CAM-TOF: cam_tof_get_dt_data: 278 dtsi cci_client->sid= 0x41
[    2.942505] CAM_INFO: CAM-TOF: cam_tof_component_bind: 356 tof8801 probe success
[    2.942554] cam_req_mgr soc:qcom,cam-req-mgr: bound ac50000.qcom,cci1:ams,pltf_tof8801@0 (ops cam_tof_component_ops [camera])
[    2.942561] get flash_name failed rc -22
[    2.942563] get flash_current failed rc -22
[    2.942565] CAM_ERR: CAM-FLASH: cam_get_source_node_info: 80 flash-type read failed rc=-22
[    2.942598] CAM_WARN: CAM-FLASH: cam_get_source_node_info: 265 op-current prop unavailable: -22
[    2.942604] CAM_WARN: CAM-FLASH: cam_get_source_node_info: 265 op-current prop unavailable: -22
[    2.942620] flash_proc_init get flash name is NULL 124
[    2.942672] cam_req_mgr soc:qcom,cam-req-mgr: bound soc:qcom,camera-flash@0 (ops cam_flash_component_ops [camera])
[    2.942676] get flash_name failed rc -22
[    2.942677] get flash_current failed rc -22
[    2.942679] CAM_ERR: CAM-FLASH: cam_get_source_node_info: 80 flash-type read failed rc=-22
[    2.942684] CAM_WARN: CAM-FLASH: cam_get_source_node_info: 265 op-current prop unavailable: -22
[    2.942686] CAM_WARN: CAM-FLASH: cam_get_source_node_info: 265 op-current prop unavailable: -22
[    2.942701] flash_proc_init get flash name is NULL 124
[    2.942752] cam_req_mgr soc:qcom,cam-req-mgr: bound soc:qcom,camera-flash@1 (ops cam_flash_component_ops [camera])
[    2.942755] get flash_name failed rc -22
[    2.942756] get flash_current failed rc -22
[    2.942758] CAM_ERR: CAM-FLASH: cam_get_source_node_info: 80 flash-type read failed rc=-22
[    2.942762] CAM_WARN: CAM-FLASH: cam_get_source_node_info: 265 op-current prop unavailable: -22
[    2.942764] CAM_WARN: CAM-FLASH: cam_get_source_node_info: 265 op-current prop unavailable: -22
[    2.942779] flash_proc_init get flash name is NULL 124
[    2.942830] cam_req_mgr soc:qcom,cam-req-mgr: bound soc:qcom,camera-flash@2 (ops cam_flash_component_ops [camera])
[    2.942967] cam_req_mgr soc:qcom,cam-req-mgr: bound ac00000.qcom,a5 (ops cam_a5_component_ops [camera])
[    2.943096] cam_req_mgr soc:qcom,cam-req-mgr: bound ac9a000.qcom,ipe0 (ops cam_ipe_component_ops [camera])
[    2.943192] cam_req_mgr soc:qcom,cam-req-mgr: bound ac7a000.qcom,bps (ops cam_bps_component_ops [camera])
[    2.944255] CAM_WARN: CAM-ICP: cam_icp_hw_mgr_create_debugfs_entry: 1939 DebugFS not enabled in kernel!
[    2.944350] cam_req_mgr soc:qcom,cam-req-mgr: bound soc:qcom,cam-icp (ops cam_icp_component_ops [camera])
[    2.944491] cam_req_mgr soc:qcom,cam-req-mgr: bound ac53000.qcom,jpegenc (ops cam_jpeg_enc_component_ops [camera])
[    2.944615] cam_req_mgr soc:qcom,cam-req-mgr: bound ac57000.qcom,jpegdma (ops cam_jpeg_dma_component_ops [camera])
[    2.944992] CAM_WARN: CAM-JPEG: cam_jpeg_mgr_create_debugfs_entry: 1883 DebugFS not enabled in kernel!
[    2.945072] cam_req_mgr soc:qcom,cam-req-mgr: bound soc:qcom,cam-jpeg (ops cam_jpeg_dev_component_ops [camera])
[    2.945403] iris_i3c_bus_init,829: initialize begin!
[    2.945446] iris_i2c_probe,790: 0000000000000000
[    2.945448] iris_i2c_probe,792: 00000000152d00fd
[    2.945478] iris_i3c_bus_init,833: ret = 0
[    2.945480] iris_i2c_bus_init initialize begin!
[    2.945866] dsi_phy ae94400.qcom,mdss_dsi_phy0: ae94400.qcom,mdss_dsi_phy0 supply gdsc not found, using dummy regulator
[    2.946113] [drm:dsi_pll_init [msm_drm]] [msm-dsi-info]: DSI_PLL_0: DSI pll label = dsi_pll_5nm
[    2.946118] dsi_pll_init: oplus_ssc_disable=0
[    2.946209] [drm:dsi_pll_init [msm_drm]] [msm-dsi-info]: DSI_PLL_0: PLL SSC enabled
[    2.946216] dsi_pll_init: PLL base=000000005532bfad
[    2.946286] dsi_pll_5nm_get_gdsc_status: reg:0xf822f000 status:1
[    2.946291] vco_5nm_recalc_rate: handoff_resources true
[    2.946410] CAM_INFO: CAM-UTIL: camera_init: 292 Spectra camera driver initialized
[    2.946510] dsi_pll_5nm_get_gdsc_status: reg:0xf822f000 status:1
[    2.946514] vco_5nm_recalc_rate: handoff_resources true
[    2.946620] dsi_pll_clock_register_5nm: Registered DSI PLL ndx=0, clocks successfully
[    2.946787] [drm:dsi_phy_driver_probe [msm_drm]] [msm-dsi-info]: DSI_0: Probe successful
[    2.946790] [TP]synaptics-s3908: syna_tcm_probe: enter
[    2.946848] dsi_phy ae96400.qcom,mdss_dsi_phy1: ae96400.qcom,mdss_dsi_phy1 supply gdsc not found, using dummy regulator
[    2.947026] [drm:dsi_pll_init [msm_drm]] [msm-dsi-info]: DSI_PLL_0: DSI pll label = dsi_pll_5nm
[    2.947030] [TP]synaptics-s3908: syna_tcm_probe read_length:9
[    2.947033] dsi_pll_init: oplus_ssc_disable=0
[    2.947108] [drm:dsi_pll_init [msm_drm]] [msm-dsi-info]: DSI_PLL_1: PLL SSC enabled
[    2.947113] dsi_pll_init: PLL base=0000000052c0e072
[    2.947141] dsi_pll_5nm_get_gdsc_status: reg:0xf822f000 status:1
[    2.947191] [TP]touchpanel: register_common_touch_device  is called
[    2.947246] [TP]touchpanel: ts->tp_index not specified
[    2.947252] [TP]touchpanel: ts->tp_index is 0
[    2.947344] [TP0]touchpanel: init_parse_dts : irq_gpio = 331, irq_flags = 0x2008, reset_gpio = 330
[    2.947359] [TP0]touchpanel: ts->cs-gpio not specified
[    2.947494] [TP0]touchpanel: Failed to get the cs-gpio high state pinctrl
[    2.947501] [TP0]touchpanel:  Failed to get the cs-gpio low state pinctrl 
[    2.947507] [TP0]touchpanel: Failed to get the input state pinctrl handle
[    2.947515] [TP]touchpanel: Failed to get pinctrl state:oplus_spi_active, r:-19
[    2.947518] [TP]touchpanel: Failed to get pinctrl state:oplus_int_active, r:-19
[    2.947524] [TP]touchpanel: Failed to get pinctrl state:oplus_reset_active, r:-19
[    2.947530] [TP]touchpanel: success get avtive pinctrl state
[    2.947537] [TP]touchpanel: Failed to get pinctrl state:oplus_spi_suspend, r:-19
[    2.947543] [TP]touchpanel: Failed to get pinctrl state:oplus_int_suspend, r:-19
[    2.947550] [TP]touchpanel: Failed to get pinctrl state:oplus_reset_suspend, r:-19
[    2.947555] [TP]touchpanel: success get suspend pinctrl state
[    2.947606] [TP0]touchpanel: panel_type not specified, need to default 1
[    2.947613] [TP0]touchpanel: find 1 num chip in dts
[    2.947622] [TP0]touchpanel: panel_data.chip_name = S3908
[    2.947633] [TP0]touchpanel: now has 3 num panel in dts
[    2.947649] [TP] Driver match support project [19815]
[    2.947656] [TP] match panel type OK , panel type is [8]
[    2.947665] [TP0]touchpanel: tp_type not specified
[    2.947671] [TP0]touchpanel: read firmware-data-0 firmware in dts
[    2.947675] [TP0]touchpanel: No firmware in dts !
[    2.947686] [TP0]touchpanel: ts->irq_need_dev_resume_time not specified
[    2.947693] [TP0]touchpanel: ts->irq_need_dev_resume_time = 50 ms
[    2.947701] [TP0]touchpanel: tx_num = 17, rx_num = 38 
[    2.947713] [TP0]touchpanel: LCD_WIDTH = 1440, LCD_HEIGHT = 3216, max_x = 1440, max_y = 3216, limit_witdh = 0, limit_height = 54
[    2.947721] [TP0]touchpanel: error:button-type should be setting in dts!
[    2.947727] [TP0]touchpanel: key_tx is 0, key_rx is 0
[    2.947739] [TP0]touchpanel: smooth_level_array not specified -22
[    2.947747] [TP0]touchpanel: sensitive_level_array not specified -22
[    2.947755] [TP0]touchpanel: error:game_perf_para_default should be setting in dts!
[    2.947763] [TP0]touchpanel: panel is oncell!
[    2.947774] [TP0]touchpanel: ts->high_frame_rate_time not specified or support
[    2.947792] [TP0]touchpanel: ts_check_panel_dt: panel[0] IS_ERR =1 
[    2.947805] [TP0]touchpanel: ts_check_panel_dt: panel[1] IS_ERR =1 
[    2.947818] [TP0]touchpanel: ts_check_panel_dt: panel[2] IS_ERR =1 
[    2.947825] [TP0]touchpanel: register_common_touch_device: ts_check_panel_dt failed.
[    2.947831] [TP]synaptics-s3908: Failed to init device information
[    2.949722] [TP]synaptics-s3908: syna_tcm_probe: enter
[    2.949836] [TP]synaptics-s3908: syna_tcm_probe read_length:9
[    2.949915] [TP]touchpanel: register_common_touch_device  is called
[    2.949922] [TP]touchpanel: ts->tp_index not specified
[    2.949926] [TP]touchpanel: ts->tp_index is 0
[    2.949977] [TP0]touchpanel: init_parse_dts : irq_gpio = 331, irq_flags = 0x2008, reset_gpio = 330
[    2.949985] [TP0]touchpanel: ts->cs-gpio not specified
[    2.950052] [TP0]touchpanel: Failed to get the cs-gpio high state pinctrl
[    2.950057] [TP0]touchpanel:  Failed to get the cs-gpio low state pinctrl 
[    2.950062] [TP0]touchpanel: Failed to get the input state pinctrl handle
[    2.950066] [TP]touchpanel: Failed to get pinctrl state:oplus_spi_active, r:-19
[    2.950067] [TP]touchpanel: Failed to get pinctrl state:oplus_int_active, r:-19
[    2.950071] [TP]touchpanel: Failed to get pinctrl state:oplus_reset_active, r:-19
[    2.950075] [TP]touchpanel: success get avtive pinctrl state
[    2.950079] [TP]touchpanel: Failed to get pinctrl state:oplus_spi_suspend, r:-19
[    2.950083] [TP]touchpanel: Failed to get pinctrl state:oplus_int_suspend, r:-19
[    2.950087] [TP]touchpanel: Failed to get pinctrl state:oplus_reset_suspend, r:-19
[    2.950091] [TP]touchpanel: success get suspend pinctrl state
[    2.950117] [TP0]touchpanel: panel_type not specified, need to default 1
[    2.950121] [TP0]touchpanel: find 1 num chip in dts
[    2.950126] [TP0]touchpanel: panel_data.chip_name = S3908
[    2.950133] [TP0]touchpanel: now has 3 num panel in dts
[    2.950142] [TP] Driver match support project [19815]
[    2.950146] [TP] match panel type OK , panel type is [8]
[    2.950151] [TP0]touchpanel: tp_type not specified
[    2.950155] [TP0]touchpanel: read firmware-data-0 firmware in dts
[    2.950157] [TP0]touchpanel: No firmware in dts !
[    2.950164] [TP0]touchpanel: ts->irq_need_dev_resume_time not specified
[    2.950169] [TP0]touchpanel: ts->irq_need_dev_resume_time = 50 ms
[    2.950174] [TP0]touchpanel: tx_num = 17, rx_num = 38 
[    2.950180] [TP0]touchpanel: LCD_WIDTH = 1440, LCD_HEIGHT = 3216, max_x = 1440, max_y = 3216, limit_witdh = 0, limit_height = 54
[    2.950186] [TP0]touchpanel: error:button-type should be setting in dts!
[    2.950188] [TP0]touchpanel: key_tx is 0, key_rx is 0
[    2.950196] [TP0]touchpanel: smooth_level_array not specified -22
[    2.950201] [TP0]touchpanel: sensitive_level_array not specified -22
[    2.950206] [TP0]touchpanel: error:game_perf_para_default should be setting in dts!
[    2.950211] [TP0]touchpanel: panel is oncell!
[    2.950218] [TP0]touchpanel: ts->high_frame_rate_time not specified or support
[    2.950226] [TP0]touchpanel: ts_check_panel_dt: panel[0] IS_ERR =1 
[    2.950233] [TP0]touchpanel: ts_check_panel_dt: panel[1] IS_ERR =1 
[    2.950239] [TP0]touchpanel: ts_check_panel_dt: panel[2] IS_ERR =1 
[    2.950243] [TP0]touchpanel: register_common_touch_device: ts_check_panel_dt failed.
[    2.950247] [TP]synaptics-s3908: Failed to init device information
[    2.952229] vco_5nm_recalc_rate: PLL not enabled
[    2.952232] vco_5nm_recalc_rate: handoff_resources false
[    2.952310] dsi_pll_5nm_get_gdsc_status: reg:0xf822f000 status:1
[    2.957400] vco_5nm_recalc_rate: PLL not enabled
[    2.957401] vco_5nm_recalc_rate: handoff_resources false
[    2.957482] dsi_pll_clock_register_5nm: Registered DSI PLL ndx=1, clocks successfully
[    2.957565] [drm:dsi_phy_driver_probe [msm_drm]] [msm-dsi-info]: DSI_1: Probe successful
[    2.958720] [drm:dsi_display_dev_probe [msm_drm]] [msm-dsi-info]: IRIS_LOG I UEFI display[0] name: qcom,mdss_dsi_samsung_amb670yf01_dsc_cmd
[    2.958722] [TP]synaptics-s3908: syna_tcm_probe: enter
[    2.958799] [drm:dsi_display_dev_probe [msm_drm]] [msm-dsi-info]: IRIS_LOG I UEFI display[1] name: 
[    2.958872] [drm:dsi_display_dev_probe [msm_drm]] [msm-dsi-info]: IRIS_LOG I actual display[1] name: qcom,mdss_dsi_samsung_amb670yf01_dsc_cmd_2nd
[    2.958874] [TP]synaptics-s3908: syna_tcm_probe read_length:9
[    2.958907] OF: graph: no port node found in /soc/qcom,dsi-display-primary
[    2.958979] [drm:dsi_ctrl_get [msm_drm]] *ERROR* [msm-dsi-error]: inv: Device with of node not found rc=-517
[    2.958980] [TP]touchpanel: register_common_touch_device  is called
[    2.959050] [drm:dsi_display_init [msm_drm]] *ERROR* [msm-dsi-error]: failed to get dsi controller, rc=-517
[    2.959051] [TP]touchpanel: ts->tp_index not specified
[    2.959053] [TP]touchpanel: ts->tp_index is 0
[    2.959122] [drm:dsi_display_init [msm_drm]] *ERROR* [msm-dsi-error]: [(null)] failed to initialize resources, rc=-517
[    2.959124] [TP0]touchpanel: init_parse_dts : irq_gpio = 331, irq_flags = 0x2008, reset_gpio = 330
[    2.959193] [drm:dsi_display_init [msm_drm]] *ERROR* [msm-dsi-error]: device init failed, rc=-517
[    2.959194] [TP0]touchpanel: ts->cs-gpio not specified
[    2.959288] [TP0]touchpanel: Failed to get the cs-gpio high state pinctrl
[    2.959294] [TP0]touchpanel:  Failed to get the cs-gpio low state pinctrl 
[    2.959298] [TP0]touchpanel: Failed to get the input state pinctrl handle
[    2.959302] [TP]touchpanel: Failed to get pinctrl state:oplus_spi_active, r:-19
[    2.959303] [TP]touchpanel: Failed to get pinctrl state:oplus_int_active, r:-19
[    2.959308] [TP]touchpanel: Failed to get pinctrl state:oplus_reset_active, r:-19
[    2.959311] [TP]touchpanel: success get avtive pinctrl state
[    2.959316] [TP]touchpanel: Failed to get pinctrl state:oplus_spi_suspend, r:-19
[    2.959320] [TP]touchpanel: Failed to get pinctrl state:oplus_int_suspend, r:-19
[    2.959324] [TP]touchpanel: Failed to get pinctrl state:oplus_reset_suspend, r:-19
[    2.959327] [TP]touchpanel: success get suspend pinctrl state
[    2.959353] [TP0]touchpanel: panel_type not specified, need to default 1
[    2.959358] [TP0]touchpanel: find 1 num chip in dts
[    2.959389] [TP0]touchpanel: panel_data.chip_name = S3908
[    2.959396] [TP0]touchpanel: now has 3 num panel in dts
[    2.959399] OF: graph: no port node found in /soc/qcom,dsi-display-secondary
[    2.959472] [drm:dsi_ctrl_get [msm_drm]] *ERROR* [msm-dsi-error]: inv: Device with of node not found rc=-517
[    2.959541] [drm:dsi_display_init [msm_drm]] *ERROR* [msm-dsi-error]: failed to get dsi controller, rc=-517
[    2.959609] [drm:dsi_display_init [msm_drm]] *ERROR* [msm-dsi-error]: [(null)] failed to initialize resources, rc=-517
[    2.959676] [drm:dsi_display_init [msm_drm]] *ERROR* [msm-dsi-error]: device init failed, rc=-517
[    2.959686] [TP] Driver match support project [19815]
[    2.959690] [TP] match panel type OK , panel type is [8]
[    2.959695] [TP0]touchpanel: tp_type not specified
[    2.959699] [TP0]touchpanel: read firmware-data-0 firmware in dts
[    2.959701] [TP0]touchpanel: No firmware in dts !
[    2.959709] [TP0]touchpanel: ts->irq_need_dev_resume_time not specified
[    2.959713] [TP0]touchpanel: ts->irq_need_dev_resume_time = 50 ms
[    2.959718] [TP0]touchpanel: tx_num = 17, rx_num = 38 
[    2.959725] [TP0]touchpanel: LCD_WIDTH = 1440, LCD_HEIGHT = 3216, max_x = 1440, max_y = 3216, limit_witdh = 0, limit_height = 54
[    2.959730] [TP0]touchpanel: error:button-type should be setting in dts!
[    2.959733] [TP0]touchpanel: key_tx is 0, key_rx is 0
[    2.959741] [TP0]touchpanel: smooth_level_array not specified -22
[    2.959746] [TP0]touchpanel: sensitive_level_array not specified -22
[    2.959751] [TP0]touchpanel: error:game_perf_para_default should be setting in dts!
[    2.959756] [TP0]touchpanel: panel is oncell!
[    2.959763] [TP0]touchpanel: ts->high_frame_rate_time not specified or support
[    2.959771] [TP0]touchpanel: ts_check_panel_dt: panel[0] IS_ERR =1 
[    2.959778] [TP0]touchpanel: ts_check_panel_dt: panel[1] IS_ERR =1 
[    2.959786] [TP0]touchpanel: ts_check_panel_dt: panel[2] IS_ERR =1 
[    2.959790] [TP0]touchpanel: register_common_touch_device: ts_check_panel_dt failed.
[    2.959794] [TP]synaptics-s3908: Failed to init device information
[    2.960433] msmdrm_smmu soc:qcom,smmu_sde_unsec_cb: Adding to iommu group 55
[    2.960472] [drm] probing device qcom,smmu_sde_unsec
[    2.960475] [drm] Created domain mdp_ns, secure=0
[    2.960857] [drm:dsi_display_dev_probe [msm_drm]] [msm-dsi-info]: IRIS_LOG I UEFI display[0] name: qcom,mdss_dsi_samsung_amb670yf01_dsc_cmd
[    2.961179] [drm:dsi_display_dev_probe [msm_drm]] [msm-dsi-info]: IRIS_LOG I UEFI display[1] name: qcom,mdss_dsi_samsung_amb670yf01_dsc_cmd_2nd
[    2.961180] msmdrm_smmu soc:qcom,smmu_sde_sec_cb: Adding to iommu group 56
[    2.961495] [drm:dsi_display_dev_probe [msm_drm]] [msm-dsi-info]: IRIS_LOG I actual display[1] name: qcom,mdss_dsi_samsung_amb670yf01_dsc_cmd_2nd
[    2.961496] [drm] probing device qcom,smmu_sde_sec
[    2.961499] [drm] Created domain mdp_s, secure=1
[    2.961555] OF: graph: no port node found in /soc/qcom,dsi-display-primary
[    2.961868] [drm:dsi_ctrl_get [msm_drm]] *ERROR* [msm-dsi-error]: inv: Device with of node not found rc=-517
[    2.962181] [drm:dsi_display_init [msm_drm]] *ERROR* [msm-dsi-error]: failed to get dsi controller, rc=-517
[    2.962182] [drm:sde_dbg_init:2429] evtlog_status: enable:11, panic:1, dump:2
[    2.962493] [drm:dsi_display_init [msm_drm]] *ERROR* [msm-dsi-error]: [(null)] failed to initialize resources, rc=-517
[    2.962881] [drm:dsi_display_init [msm_drm]] *ERROR* [msm-dsi-error]: device init failed, rc=-517
[    2.963820] OF: graph: no port node found in /soc/qcom,dsi-display-secondary
[    2.964058] [drm:dsi_ctrl_get [msm_drm]] *ERROR* [msm-dsi-error]: inv: Device with of node not found rc=-517
[    2.964302] [drm:dsi_display_init [msm_drm]] *ERROR* [msm-dsi-error]: failed to get dsi controller, rc=-517
[    2.964525] [drm:dsi_display_init [msm_drm]] *ERROR* [msm-dsi-error]: [(null)] failed to initialize resources, rc=-517
[    2.964740] [drm:dsi_display_init [msm_drm]] *ERROR* [msm-dsi-error]: device init failed, rc=-517
[    2.965930] [drm:dsi_ctrl_dev_probe [msm_drm]] [msm-dsi-info]: dsi-ctrl-0: Probe successful
[    2.966123] KernelSU: susfs: mark no sucompat checks for pid: '731', exec: '/vendor/bin/modprobe'
[    2.966578] [drm:dsi_ctrl_dev_probe [msm_drm]] [msm-dsi-info]: dsi-ctrl-1: Probe successful
[    2.967275] [TP]synaptics-s3908: syna_tcm_probe: enter
[    2.967407] [TP]synaptics-s3908: syna_tcm_probe read_length:9
[    2.967512] [TP]touchpanel: register_common_touch_device  is called
[    2.967520] [TP]touchpanel: ts->tp_index not specified
[    2.967525] [TP]touchpanel: ts->tp_index is 0
[    2.967585] [TP0]touchpanel: init_parse_dts : irq_gpio = 331, irq_flags = 0x2008, reset_gpio = 330
[    2.967594] [TP0]touchpanel: ts->cs-gpio not specified
[    2.967672] [TP0]touchpanel: Failed to get the cs-gpio high state pinctrl
[    2.967677] [TP0]touchpanel:  Failed to get the cs-gpio low state pinctrl 
[    2.967682] [TP0]touchpanel: Failed to get the input state pinctrl handle
[    2.967686] [TP]touchpanel: Failed to get pinctrl state:oplus_spi_active, r:-19
[    2.967688] [TP]touchpanel: Failed to get pinctrl state:oplus_int_active, r:-19
[    2.967692] [TP]touchpanel: Failed to get pinctrl state:oplus_reset_active, r:-19
[    2.967696] [TP]touchpanel: success get avtive pinctrl state
[    2.967700] [TP]touchpanel: Failed to get pinctrl state:oplus_spi_suspend, r:-19
[    2.967704] [TP]touchpanel: Failed to get pinctrl state:oplus_int_suspend, r:-19
[    2.967708] [TP]touchpanel: Failed to get pinctrl state:oplus_reset_suspend, r:-19
[    2.967712] [TP]touchpanel: success get suspend pinctrl state
[    2.967739] [TP0]touchpanel: panel_type not specified, need to default 1
[    2.967743] [TP0]touchpanel: find 1 num chip in dts
[    2.967748] [TP0]touchpanel: panel_data.chip_name = S3908
[    2.967755] [TP0]touchpanel: now has 3 num panel in dts
[    2.967765] [TP] Driver match support project [19815]
[    2.967770] [TP] match panel type OK , panel type is [8]
[    2.967775] [TP0]touchpanel: tp_type not specified
[    2.967779] [TP0]touchpanel: read firmware-data-0 firmware in dts
[    2.967782] [TP0]touchpanel: No firmware in dts !
[    2.967790] [TP0]touchpanel: ts->irq_need_dev_resume_time not specified
[    2.967794] [TP0]touchpanel: ts->irq_need_dev_resume_time = 50 ms
[    2.967799] [TP0]touchpanel: tx_num = 17, rx_num = 38 
[    2.967806] [TP0]touchpanel: LCD_WIDTH = 1440, LCD_HEIGHT = 3216, max_x = 1440, max_y = 3216, limit_witdh = 0, limit_height = 54
[    2.967812] [TP0]touchpanel: error:button-type should be setting in dts!
[    2.967815] [TP0]touchpanel: key_tx is 0, key_rx is 0
[    2.967823] [TP0]touchpanel: smooth_level_array not specified -22
[    2.967828] [TP0]touchpanel: sensitive_level_array not specified -22
[    2.967834] [TP0]touchpanel: error:game_perf_para_default should be setting in dts!
[    2.967839] [TP0]touchpanel: panel is oncell!
[    2.967846] [TP0]touchpanel: ts->high_frame_rate_time not specified or support
[    2.967857] [TP0]touchpanel: ts_check_panel_dt: panel[0] IS_ERR =1 
[    2.967864] [TP0]touchpanel: ts_check_panel_dt: panel[1] IS_ERR =1 
[    2.967872] [TP0]touchpanel: ts_check_panel_dt: panel[2] IS_ERR =1 
[    2.967876] [TP0]touchpanel: register_common_touch_device: ts_check_panel_dt failed.
[    2.967880] [TP]synaptics-s3908: Failed to init device information
[    2.968483] lahaina-gcc 100000.qcom,gcc: sync-state
[    2.969963] [drm:dsi_display_dev_probe [msm_drm]] [msm-dsi-info]: IRIS_LOG I UEFI display[0] name: qcom,mdss_dsi_samsung_amb670yf01_dsc_cmd
[    2.970188] [drm:dsi_display_dev_probe [msm_drm]] [msm-dsi-info]: IRIS_LOG I UEFI display[1] name: qcom,mdss_dsi_samsung_amb670yf01_dsc_cmd_2nd
[    2.970410] [drm:dsi_display_dev_probe [msm_drm]] [msm-dsi-info]: IRIS_LOG I actual display[1] name: qcom,mdss_dsi_samsung_amb670yf01_dsc_cmd_2nd
[    2.970531] OF: graph: no port node found in /soc/qcom,dsi-display-primary
[    2.970553] IRIS_LOG I iris_query_capability(), iris chip enable: true, soft iris enable: true
[    2.970636] kVRR oplus_adfr_init now.
[    2.970641] kVRR adfr config = 0XF, adfr compatibility mode = 0
[    2.970876] [drm:dsi_panel_parse_gpios [msm_drm]] *ERROR* [msm-dsi-error]: [samsung amb670yf01 dsc cmd mode panel] failed get panel_vddr_aod_en_gpio, rc=0
[    2.971099] [drm:dsi_panel_parse_gpios [msm_drm]] *ERROR* [msm-dsi-error]: [samsung amb670yf01 dsc cmd mode panel] failed get panel_ddic_en_gpio, rc=0
[    2.971354] [drm:dsi_panel_parse_oplus_config [msm_drm]] *ERROR* [msm-dsi-error]: [samsung amb670yf01 dsc cmd mode panel] oplus,dsi-fod-brightness not found
[    2.971575] [drm:dsi_panel_parse_oplus_config [msm_drm]] [msm-dsi-info]: is_pxlw_iris5: false
[    2.971579] [dsi_panel_parse_oplus_config]osc mode support: Not
[    2.971796] [drm:dsi_panel_parse_oplus_config [msm_drm]] [msm-dsi-info]: apollo_backlight_enable: false
[    2.972016] [drm:dsi_panel_parse_oplus_config [msm_drm]] [msm-dsi-info]: oplus,mdss-dsi-pre-bl-delay-enabled: false
[    2.972259] [drm:dsi_panel_parse_oplus_config [msm_drm]] [msm-dsi-info]: oplus,mdss-dsi-cabc-enabled: false
[    2.972512] [drm:dsi_panel_parse_oplus_config [msm_drm]] [msm-dsi-info]: oplus,mdss-dsi-cabc-enabled: false
[    2.972518] fp_type=0x4
[    2.972528] [dsi_panel_parse_panel_power_cfg] 
[    2.972539] [samsung amb670yf01 dsc cmd mode panel] surccess to parse vddi name vddio
[    2.972547] [samsung amb670yf01 dsc cmd mode panel] surccess to parse vddr name vddio
[    2.972552] [dsi_panel_parse_panel_power_cfg] panel_voltage[0] = 0,1800000,1850000,1950000,vddio
[    2.972557] [dsi_panel_parse_panel_power_cfg] panel_voltage[1] = 1,1800000,1850000,1950000,vddio
[    2.972562] [dsi_panel_parse_panel_power_cfg] panel_voltage[2] = 2,0,1,2,
[    2.973055] msm-dsi-display soc:qcom,dsi-display-primary: soc:qcom,dsi-display-primary supply lab not found, using dummy regulator
[    2.973236] IRIS_LOG I iris_dsi_display_res_init(), display type: primary
[    2.973243] IRIS_LOG I iris_parse_param(1641), enter.
[    2.973250] IRIS_LOG I iris_parse_param(), lightup node: pxlw,iris_cfg_samsung_amb670yf01_dsc_cmd
[    2.973257] IRIS_LOG I pxlw,split-pkt-payload-size: 228
[    2.973263] IRIS_LOG E pxlw,add-last-for-split-pkt: 2, pxlw,add-pt-last-for-split-pkt: 0
[    2.973268] IRIS_LOG I pxlw,min-color-temp: 2500
[    2.973273] IRIS_LOG I pxlw,max-color-temp: 10000
[    2.973330] IRIS_LOG I _iris_alloc_desc_buf(), alloc 000000000a174eee, count 293
[    2.974131] IRIS_LOG I _iris_alloc_desc_buf(), alloc 00000000c2853535, count 293
[    2.974933] IRIS_LOG I no lut mode set, use default
[    2.974945] IRIS_LOG I pxlw,lut-mode: 0
[    2.974952] IRIS_LOG E pxlw,chip-version: 0x6935
[    2.974959] IRIS_LOG I iris_parse_lp_ctrl(), parse low power info: 0 1 1
[    2.974980] IRIS_LOG E _iris_parse_tx_mode, panel_mode = 1
[    2.974987] IRIS_LOG E get property: pxlw, iris-tx-mode: 1
[    2.974992] IRIS_LOG I _iris_parse_tx_mode(), pwil mode: 0
[    2.975025] IRIS_LOG E get property: pxlw, loop-back-mode: 0
[    2.975030] IRIS_LOG E get property: pxlw, loop-back-mode-res: 255
[    2.975036] IRIS_LOG I iris_parse_param(1740), exit.
[    2.975042] IRIS_LOG I iris_init(), for dispaly: primary, panel: samsung amb670yf01 dsc cmd mode panel, cfg index: 0
[    2.975078] IRIS_LOG E debugfs_create_dir for iris_debug failed, error -19
[    2.976256] IRIS_LOG I _iris_dev_probe()
[    2.976291] IRIS_LOG I iris_parse_gpio(), for [samsung amb670yf01 dsc cmd mode panel], panel type: primary, is secondary: false
[    2.976300] IRIS_LOG I iris_parse_gpio(), wakeup gpio 318
[    2.976303] IRIS_LOG I iris_parse_gpio(), abyp ready status gpio 319
[    2.976306] IRIS_LOG I iris_parse_gpio(), iris reset gpio 317
[    2.976309] IRIS_LOG I iris_parse_gpio(), iris vdd gpio -2
[    2.976311] IRIS_LOG W iris_parse_gpio(), iris vdd gpio not specified
[    2.976312] IRIS_LOG I iris_request_gpio(), for [samsung amb670yf01 dsc cmd mode panel] primary, secondary: 0
[    2.976963] OF: graph: no port node found in /soc/qcom,dsi-display-secondary
[    2.976969] IRIS_LOG I iris_query_capability(), sencondary panel: samsung amb670yf01 dsc cmd mode panel 2nd
[    2.977004] kVRR oplus_adfr_init now.
[    2.977006] kVRR adfr config = 0XF already!
[    2.977082] [drm:dsi_panel_parse_gpios [msm_drm]] *ERROR* [msm-dsi-error]: [samsung amb670yf01 dsc cmd mode panel 2nd] failed get panel_vout_gpio, rc=0
[    2.977160] [drm:dsi_panel_parse_gpios [msm_drm]] *ERROR* [msm-dsi-error]: [samsung amb670yf01 dsc cmd mode panel 2nd] failed get panel_vddr_aod_en_gpio, rc=0
[    2.977224] [drm:dsi_panel_parse_gpios [msm_drm]] *ERROR* [msm-dsi-error]: [samsung amb670yf01 dsc cmd mode panel 2nd] failed get panel_ddic_en_gpio, rc=0
[    2.977297] [drm:dsi_panel_parse_oplus_fod_config [msm_drm]] *ERROR* [msm-dsi-error]: [samsung amb670yf01 dsc cmd mode panel 2nd] oplus,dsi-fod-brightness  not found
[    2.977357] [drm:dsi_panel_parse_oplus_config [msm_drm]] *ERROR* [msm-dsi-error]: [samsung amb670yf01 dsc cmd mode panel 2nd] oplus,dsi-fod-brightness not found
[    2.977360] Failed to found panel name, using dumming name
[    2.977362] Failed to found panel name, using dumming name
[    2.977422] [drm:dsi_panel_parse_oplus_config [msm_drm]] [msm-dsi-info]: is_pxlw_iris5: false
[    2.977423] [dsi_panel_parse_oplus_config]osc mode support: Not
[    2.977481] [drm:dsi_panel_parse_oplus_config [msm_drm]] [msm-dsi-info]: apollo_backlight_enable: false
[    2.977540] [drm:dsi_panel_parse_oplus_config [msm_drm]] [msm-dsi-info]: oplus,mdss-dsi-pre-bl-delay-enabled: false
[    2.977597] [drm:dsi_panel_parse_oplus_config [msm_drm]] [msm-dsi-info]: oplus,mdss-dsi-cabc-enabled: false
[    2.977654] [drm:dsi_panel_parse_oplus_config [msm_drm]] [msm-dsi-info]: oplus,mdss-dsi-cabc-enabled: false
[    2.977658] fp_type=0x4
[    2.977715] [drm:dsi_panel_parse_oplus_dc_config [msm_drm]] *ERROR* [msm-dsi-error]: [samsung amb670yf01 dsc cmd mode panel 2nd] oplus,dsi-dc-brightness  not found
[    2.977783] [drm:dsi_panel_get [msm_drm]] *ERROR* [msm-dsi-error]: failed to parse dc config, rc=-22
[    2.977785] [dsi_panel_parse_panel_power_cfg] 
[    2.978145] msm-dsi-display soc:qcom,dsi-display-secondary: soc:qcom,dsi-display-secondary supply lab not found, using dummy regulator
[    2.978195] IRIS_LOG I iris_dsi_display_res_init(), display type: secondary
[    2.978199] IRIS_LOG I iris_parse_param(1641), enter.
[    2.978202] IRIS_LOG I iris_init(), for dispaly: secondary, panel: samsung amb670yf01 dsc cmd mode panel 2nd, cfg index: 1
[    2.978335] msm_drm ae00000.qcom,mdss_mdp: bound soc:qcom,smmu_sde_unsec_cb (ops msm_smmu_comp_ops [msm_drm])
[    2.978398] msm_drm ae00000.qcom,mdss_mdp: bound soc:qcom,smmu_sde_sec_cb (ops msm_smmu_comp_ops [msm_drm])
[    2.978459] msm_drm ae00000.qcom,mdss_mdp: bound ae90000.qcom,dp_display (ops dp_display_comp_ops [msm_drm])
[    2.978517] msm_drm ae00000.qcom,mdss_mdp: bound soc:qcom,wb-display@0 (ops sde_wb_comp_ops [msm_drm])
[    2.978662] [drm:dsi_display_bind [msm_drm]] [msm-dsi-info]: Successfully bind display panel 'qcom,mdss_dsi_samsung_amb670yf01_dsc_cmd'
[    2.978685] gpio gpiochip0: (f000000.pinctrl): allocate IRQ 371, hwirq 82
[    2.978688] gpio gpiochip0: (f000000.pinctrl): found parent hwirq 140
[    2.978692] gpio gpiochip0: (f000000.pinctrl): alloc_irqs_parent for 371 parent hwirq 140
[    2.978875] oplus_display_panel_init
[    2.979060] msm_drm ae00000.qcom,mdss_mdp: bound soc:qcom,dsi-display-primary (ops dsi_display_comp_ops [msm_drm])
[    2.979167] [drm:dsi_display_bind [msm_drm]] [msm-dsi-info]: Successfully bind display panel 'qcom,mdss_dsi_samsung_amb670yf01_dsc_cmd_2nd'
[    2.979183] gpio gpiochip0: (f000000.pinctrl): allocate IRQ 372, hwirq 83
[    2.979185] gpio gpiochip0: (f000000.pinctrl): found parent hwirq 141
[    2.979188] gpio gpiochip0: (f000000.pinctrl): alloc_irqs_parent for 372 parent hwirq 141
[    2.979251] sysfs: cannot create duplicate filename '/kernel/oplus_display'
[    2.979254] CPU: 6 PID: 68 Comm: kworker/u16:1 Tainted: G S                5.4.302-qgki-g44c493c173f4 #27
[    2.979256] Hardware name: Qualcomm Technologies, Inc. Lahaina MTP lemonadep (DT)
[    2.979264] Workqueue: events_unbound deferred_probe_work_func.2b500e852cead69fde05a2b98ceb2fa6.cfi_jt
[    2.979267] Call trace:
[    2.979272] dump_backtrace.cfi_jt+0x0/0x4
[    2.979275] show_stack+0x18/0x24
[    2.979279] __dump_stack+0x24/0x30
[    2.979281] dump_stack+0xb0/0xd8
[    2.979285] sysfs_create_dir_ns+0xe0/0x13c
[    2.979287] kobject_add_internal+0x288/0x650
[    2.979289] kobject_add+0x90/0xf8
[    2.979291] kobject_create_and_add+0x8c/0x168
[    2.979350] oplus_display_private_api_init+0x34/0xfc [msm_drm]
[    2.979406] dsi_display_bind+0x8d0/0x970 [msm_drm]
[    2.979410] component_bind_all+0x15c/0x2bc
[    2.979466] msm_drm_bind+0xe4/0x8c4 [msm_drm]
[    2.979468] try_to_bring_up_master+0x1cc/0x240
[    2.979471] __component_add.llvm.12220441995177777783+0xd0/0x184
[    2.979473] component_add+0x14/0x20
[    2.979529] dsi_display_init+0xce4/0xd40 [msm_drm]
[    2.979585] dsi_display_dev_probe+0x5b4/0x61c [msm_drm]
[    2.979587] platform_drv_probe+0xf8/0x100
[    2.979590] really_probe+0x1e4/0x5a0
[    2.979593] driver_probe_device+0x64/0xa8
[    2.979595] __device_attach_driver+0x130/0x170
[    2.979597] bus_for_each_drv+0xb0/0x11c
[    2.979600] __device_attach.llvm.9699769708239969264+0xec/0x164
[    2.979602] bus_probe_device+0x3c/0xe0
[    2.979605] deferred_probe_work_func+0xb0/0xc8
[    2.979608] process_one_work+0x210/0x4ac
[    2.979611] worker_thread+0x280/0x4dc
[    2.979613] kthread+0x150/0x188
[    2.979616] ret_from_fork+0x10/0x18
[    2.979619] kobject_add_internal failed for oplus_display with -EEXIST, don't try to register things with the same name in the same directory.
[    2.979621] kobject_create_and_add: kobject_add error: -17
[    2.979624] IRIS_LOG I iris_register_osd_irq(), for display qcom,mdss_dsi_samsung_amb670yf01_dsc_cmd_2nd, osd status gpio is 319
[    2.979636] gpio gpiochip0: (f000000.pinctrl): allocate IRQ 373, hwirq 11
[    2.979638] gpio gpiochip0: (f000000.pinctrl): found parent hwirq 83
[    2.979641] gpio gpiochip0: (f000000.pinctrl): alloc_irqs_parent for 373 parent hwirq 83
[    2.979644] IRIS_LOG I iris_register_osd_irq, display: qcom,mdss_dsi_samsung_amb670yf01_dsc_cmd_2nd, irq: 373
[    2.979752] msm_drm ae00000.qcom,mdss_mdp: bound soc:qcom,dsi-display-secondary (ops dsi_display_comp_ops [msm_drm])
[    2.979810] msm_drm ae00000.qcom,mdss_mdp: bound af20000.qcom,sde_rscc (ops sde_rsc_comp_ops [msm_drm])
[    2.979826] [drm] mapped mdp address space @0000000089874b65
[    2.980294] [drm:_sde_kms_get_splash_data:4600] :2 displays share same splash buf
[    2.981076] [drm:_sde_kms_hw_init_blocks:4775] sde hardware revision:0x70000000
[    2.981171] [drm:msm_smmu_new [msm_drm]] *ERROR* unable to find domain 1 compat: qcom,smmu_sde_nrt_unsec
[    2.981235] [drm:msm_smmu_new [msm_drm]] *ERROR* unable to find domain 3 compat: qcom,smmu_sde_nrt_sec
[    2.981638] init: wait for '/sys/devices/soc0/soc_id' took 0ms
[    2.982229] [drm:dsi_panel_get_mode [msm_drm]] [msm-dsi-info]: default topology: lm: 2 comp_enc:2 intf: 1
[    2.982492] [drm:dsi_panel_parse_oplus_mode_config [msm_drm]] [msm-dsi-info]: oplus,fod-on-vblank is 0
[    2.982550] [drm:dsi_panel_parse_oplus_mode_config [msm_drm]] [msm-dsi-info]: oplus,fod-off-vblank is 0
[    2.982625] [drm:dsi_panel_get_mode [msm_drm]] [msm-dsi-info]: vsync width = 4166, vsync period = 8333
[    2.982720] [drm:dsi_panel_get_mode [msm_drm]] [msm-dsi-info]: default topology: lm: 2 comp_enc:2 intf: 1
[    2.982971] [drm:dsi_panel_parse_oplus_mode_config [msm_drm]] [msm-dsi-info]: oplus,fod-on-vblank is 0
[    2.983030] [drm:dsi_panel_parse_oplus_mode_config [msm_drm]] [msm-dsi-info]: oplus,fod-off-vblank is 0
[    2.983098] [drm:dsi_panel_get_mode [msm_drm]] [msm-dsi-info]: vsync width = 5555, vsync period = 11111
[    2.983203] [drm:dsi_panel_get_mode [msm_drm]] [msm-dsi-info]: default topology: lm: 2 comp_enc:2 intf: 1
[    2.983433] [drm:dsi_panel_parse_oplus_mode_config [msm_drm]] [msm-dsi-info]: oplus,fod-on-vblank is 0
[    2.983490] [drm:dsi_panel_parse_oplus_mode_config [msm_drm]] [msm-dsi-info]: oplus,fod-off-vblank is 0
[    2.983558] [drm:dsi_panel_get_mode [msm_drm]] [msm-dsi-info]: vsync width = 8333, vsync period = 16666
[    2.983660] [drm:dsi_panel_get_mode [msm_drm]] [msm-dsi-info]: default topology: lm: 2 comp_enc:2 intf: 1
[    2.983881] [drm:dsi_panel_parse_oplus_mode_config [msm_drm]] [msm-dsi-info]: oplus,fod-on-vblank is 0
[    2.983939] [drm:dsi_panel_parse_oplus_mode_config [msm_drm]] [msm-dsi-info]: oplus,fod-off-vblank is 0
[    2.984008] [drm:dsi_panel_get_mode [msm_drm]] [msm-dsi-info]: vsync width = 8333, vsync period = 16666
[    2.984115] [drm:dsi_panel_get_mode [msm_drm]] [msm-dsi-info]: default topology: lm: 2 comp_enc:2 intf: 1
[    2.984358] [drm:dsi_panel_parse_oplus_mode_config [msm_drm]] [msm-dsi-info]: oplus,fod-on-vblank is 0
[    2.984415] [drm:dsi_panel_parse_oplus_mode_config [msm_drm]] [msm-dsi-info]: oplus,fod-off-vblank is 0
[    2.984483] [drm:dsi_panel_get_mode [msm_drm]] [msm-dsi-info]: vsync width = 5555, vsync period = 11111
[    2.984586] [drm:dsi_panel_get_mode [msm_drm]] [msm-dsi-info]: default topology: lm: 2 comp_enc:2 intf: 1
[    2.984817] [drm:dsi_panel_parse_oplus_mode_config [msm_drm]] [msm-dsi-info]: oplus,fod-on-vblank is 0
[    2.984874] [drm:dsi_panel_parse_oplus_mode_config [msm_drm]] [msm-dsi-info]: oplus,fod-off-vblank is 0
[    2.984945] [drm:dsi_panel_get_mode [msm_drm]] [msm-dsi-info]: vsync width = 4166, vsync period = 8333
[    2.984965] KernelSU: susfs: mark no sucompat checks for pid: '738', exec: '/system/bin/aconfigd-system'
[    2.985318] [drm:dsi_panel_get_mode [msm_drm]] [msm-dsi-info]: default topology: lm: 2 comp_enc:2 intf: 1
[    2.985529] [drm:dsi_panel_parse_oplus_mode_config [msm_drm]] [msm-dsi-info]: oplus,fod-on-vblank is 0
[    2.985587] [drm:dsi_panel_parse_oplus_mode_config [msm_drm]] [msm-dsi-info]: oplus,fod-off-vblank is 0
[    2.985656] [drm:dsi_panel_get_mode [msm_drm]] [msm-dsi-info]: vsync width = 8333, vsync period = 16666
[    2.985760] [drm:dsi_panel_get_mode [msm_drm]] [msm-dsi-info]: default topology: lm: 2 comp_enc:2 intf: 1
[    2.985969] [drm:dsi_panel_parse_oplus_mode_config [msm_drm]] [msm-dsi-info]: oplus,fod-on-vblank is 0
[    2.986026] [drm:dsi_panel_parse_oplus_mode_config [msm_drm]] [msm-dsi-info]: oplus,fod-off-vblank is 1
[    2.986094] [drm:dsi_panel_get_mode [msm_drm]] [msm-dsi-info]: vsync width = 5555, vsync period = 11111
[    2.986191] [drm:dsi_panel_get_mode [msm_drm]] [msm-dsi-info]: default topology: lm: 2 comp_enc:2 intf: 1
[    2.986390] [drm:dsi_panel_parse_oplus_mode_config [msm_drm]] [msm-dsi-info]: oplus,fod-on-vblank is 0
[    2.986446] [drm:dsi_panel_parse_oplus_mode_config [msm_drm]] [msm-dsi-info]: oplus,fod-off-vblank is 1
[    2.986513] [drm:dsi_panel_get_mode [msm_drm]] [msm-dsi-info]: vsync width = 4166, vsync period = 8333
[    2.986613] [drm:dsi_panel_get_mode [msm_drm]] [msm-dsi-info]: default topology: lm: 2 comp_enc:2 intf: 1
[    2.986860] [drm:dsi_panel_parse_oplus_mode_config [msm_drm]] [msm-dsi-info]: oplus,fod-on-vblank is 0
[    2.986918] [drm:dsi_panel_parse_oplus_mode_config [msm_drm]] [msm-dsi-info]: oplus,fod-off-vblank is 1
[    2.986995] [drm:dsi_panel_get_mode [msm_drm]] [msm-dsi-info]: vsync width = 8333, vsync period = 16666
[    2.987098] [drm:dsi_panel_get_mode [msm_drm]] [msm-dsi-info]: default topology: lm: 2 comp_enc:2 intf: 1
[    2.987353] [drm:dsi_panel_parse_oplus_mode_config [msm_drm]] [msm-dsi-info]: oplus,fod-on-vblank is 0
[    2.987410] [drm:dsi_panel_parse_oplus_mode_config [msm_drm]] [msm-dsi-info]: oplus,fod-off-vblank is 1
[    2.987486] [drm:dsi_panel_get_mode [msm_drm]] [msm-dsi-info]: vsync width = 6944, vsync period = 13888
[    2.987585] [drm:dsi_panel_get_mode [msm_drm]] [msm-dsi-info]: default topology: lm: 2 comp_enc:2 intf: 1
[    2.987845] [drm:dsi_panel_parse_oplus_mode_config [msm_drm]] [msm-dsi-info]: oplus,fod-on-vblank is 0
[    2.987901] [drm:dsi_panel_parse_oplus_mode_config [msm_drm]] [msm-dsi-info]: oplus,fod-off-vblank is 1
[    2.987977] [drm:dsi_panel_get_mode [msm_drm]] [msm-dsi-info]: vsync width = 5555, vsync period = 11111
[    2.988088] [drm:dsi_panel_get_mode [msm_drm]] [msm-dsi-info]: default topology: lm: 2 comp_enc:2 intf: 1
[    2.988343] [drm:dsi_panel_parse_oplus_mode_config [msm_drm]] [msm-dsi-info]: oplus,fod-on-vblank is 0
[    2.988399] [drm:dsi_panel_parse_oplus_mode_config [msm_drm]] [msm-dsi-info]: oplus,fod-off-vblank is 1
[    2.988475] [drm:dsi_panel_get_mode [msm_drm]] [msm-dsi-info]: vsync width = 4166, vsync period = 8333
[    2.988571] [drm:dsi_panel_get_mode [msm_drm]] [msm-dsi-info]: default topology: lm: 2 comp_enc:2 intf: 1
[    2.988779] [drm:dsi_panel_parse_oplus_mode_config [msm_drm]] [msm-dsi-info]: oplus,fod-on-vblank is 0
[    2.988835] [drm:dsi_panel_parse_oplus_mode_config [msm_drm]] [msm-dsi-info]: oplus,fod-off-vblank is 0
[    2.988899] [drm:dsi_panel_get_mode [msm_drm]] [msm-dsi-info]: vsync width = 8333, vsync period = 16666
[    2.988996] [drm:dsi_panel_get_mode [msm_drm]] [msm-dsi-info]: default topology: lm: 2 comp_enc:2 intf: 1
[    2.989202] [drm:dsi_panel_parse_oplus_mode_config [msm_drm]] [msm-dsi-info]: oplus,fod-on-vblank is 0
[    2.989258] [drm:dsi_panel_parse_oplus_mode_config [msm_drm]] [msm-dsi-info]: oplus,fod-off-vblank is 1
[    2.989323] [drm:dsi_panel_get_mode [msm_drm]] [msm-dsi-info]: vsync width = 5555, vsync period = 11111
[    2.989418] [drm:dsi_panel_get_mode [msm_drm]] [msm-dsi-info]: default topology: lm: 2 comp_enc:2 intf: 1
[    2.989620] [drm:dsi_panel_parse_oplus_mode_config [msm_drm]] [msm-dsi-info]: oplus,fod-on-vblank is 0
[    2.989676] [drm:dsi_panel_parse_oplus_mode_config [msm_drm]] [msm-dsi-info]: oplus,fod-off-vblank is 1
[    2.989741] [drm:dsi_panel_get_mode [msm_drm]] [msm-dsi-info]: vsync width = 4166, vsync period = 8333
[    2.989839] [drm:dsi_panel_get_mode [msm_drm]] [msm-dsi-info]: default topology: lm: 2 comp_enc:2 intf: 1
[    2.990095] [drm:dsi_panel_parse_oplus_mode_config [msm_drm]] [msm-dsi-info]: oplus,fod-on-vblank is 0
[    2.990153] [drm:dsi_panel_parse_oplus_mode_config [msm_drm]] [msm-dsi-info]: oplus,fod-off-vblank is 1
[    2.990228] [drm:dsi_panel_get_mode [msm_drm]] [msm-dsi-info]: vsync width = 8333, vsync period = 16666
[    2.990329] [drm:dsi_panel_get_mode [msm_drm]] [msm-dsi-info]: default topology: lm: 2 comp_enc:2 intf: 1
[    2.990580] [drm:dsi_panel_parse_oplus_mode_config [msm_drm]] [msm-dsi-info]: oplus,fod-on-vblank is 0
[    2.990636] [drm:dsi_panel_parse_oplus_mode_config [msm_drm]] [msm-dsi-info]: oplus,fod-off-vblank is 1
[    2.990711] [drm:dsi_panel_get_mode [msm_drm]] [msm-dsi-info]: vsync width = 6944, vsync period = 13888
[    2.990810] [drm:dsi_panel_get_mode [msm_drm]] [msm-dsi-info]: default topology: lm: 2 comp_enc:2 intf: 1
[    2.991063] [drm:dsi_panel_parse_oplus_mode_config [msm_drm]] [msm-dsi-info]: oplus,fod-on-vblank is 0
[    2.991120] [drm:dsi_panel_parse_oplus_mode_config [msm_drm]] [msm-dsi-info]: oplus,fod-off-vblank is 1
[    2.991195] [drm:dsi_panel_get_mode [msm_drm]] [msm-dsi-info]: vsync width = 5555, vsync period = 11111
[    2.991293] [drm:dsi_panel_get_mode [msm_drm]] [msm-dsi-info]: default topology: lm: 2 comp_enc:2 intf: 1
[    2.991543] [drm:dsi_panel_parse_oplus_mode_config [msm_drm]] [msm-dsi-info]: oplus,fod-on-vblank is 0
[    2.991600] [drm:dsi_panel_parse_oplus_mode_config [msm_drm]] [msm-dsi-info]: oplus,fod-off-vblank is 1
[    2.991675] [drm:dsi_panel_get_mode [msm_drm]] [msm-dsi-info]: vsync width = 4166, vsync period = 8333
[    2.991768] [drm:dsi_panel_get_mode [msm_drm]] [msm-dsi-info]: default topology: lm: 2 comp_enc:2 intf: 1
[    2.991963] [drm:dsi_panel_parse_oplus_mode_config [msm_drm]] [msm-dsi-info]: oplus,fod-on-vblank is 0
[    2.992021] [drm:dsi_panel_parse_oplus_mode_config [msm_drm]] [msm-dsi-info]: oplus,fod-off-vblank is 1
[    2.992098] [drm:dsi_panel_get_mode [msm_drm]] [msm-dsi-info]: vsync width = 8333, vsync period = 16666
[    2.992308] [drm:dp_parser_get_vreg][msm-dp-warn][68  ]no supply entry present: ???
[    2.992309] [drm:dp_parser_get_vreg][msm-dp-warn][68  ]no supply entry present: ???
[    2.992310] [drm:dp_parser_get_vreg][msm-dp-warn][68  ]no supply entry present: ???
[    2.992310] [drm:dp_parser_get_vreg][msm-dp-warn][68  ]no supply entry present: qcom,pll-supply-entries
[    2.993118] [drm:dp_pll_get][msm-dp-info][68  ]revision=DP_PLL_5NM_V1, ssc_en=0, bonding_en=0
[    2.993229] [drm:dp_power_clk_init][msm-dp-err][68  ]Unable to get DP link clk RCG: -2
[    2.993234] [drm:dp_power_clk_init][msm-dp-err][68  ]Unable to get DP link parent: -2
[    2.993430] [drm:dp_display_initialize_hdcp][msm-dp-info][68  ]HDCP 1.3 initialized
[    2.993591] [drm:dp_display_initialize_hdcp][msm-dp-info][68  ]HDCP 2.2 initialized
[    2.993593] [drm:dp_debug_init][msm-dp-warn][68  ]Not creating debug root dir.
[    2.994485] hh_msgq: Registered client for label: 2
[    2.995077] [drm] Supports vblank timestamp caching Rev 2 (21.10.2013).
[    2.995078] [drm] No driver support for vblank timestamp query.
[    2.995248] [drm] Initialized msm_drm 1.4.0 20130625 for ae00000.qcom,mdss_mdp on minor 0
[    2.995249] [drm] cont_splash enabled in 1 of 2 display(s)
[    2.995367] [drm:dsi_ctrl_isr_configure [msm_drm]] [msm-dsi-info]: dsi-ctrl-0: IRQ 375 registered
[    2.995574] disp_cc-lahaina af00000.qcom,dispcc: sync-state
[    2.996181] [TP]synaptics-s3908: syna_tcm_probe: enter
[    2.996233] [TP]synaptics-s3908: syna_tcm_probe read_length:9
[    2.996284] [TP]touchpanel: register_common_touch_device  is called
[    2.996287] [TP]touchpanel: ts->tp_index not specified
[    2.996289] [TP]touchpanel: ts->tp_index is 0
[    2.996316] [TP0]touchpanel: init_parse_dts : irq_gpio = 331, irq_flags = 0x2008, reset_gpio = 330
[    2.996319] [TP0]touchpanel: ts->cs-gpio not specified
[    2.996348] [TP0]touchpanel: Failed to get the cs-gpio high state pinctrl
[    2.996349] [TP0]touchpanel:  Failed to get the cs-gpio low state pinctrl 
[    2.996351] [TP0]touchpanel: Failed to get the input state pinctrl handle
[    2.996353] [TP]touchpanel: Failed to get pinctrl state:oplus_spi_active, r:-19
[    2.996353] [TP]touchpanel: Failed to get pinctrl state:oplus_int_active, r:-19
[    2.996355] [TP]touchpanel: Failed to get pinctrl state:oplus_reset_active, r:-19
[    2.996356] [TP]touchpanel: success get avtive pinctrl state
[    2.996358] [TP]touchpanel: Failed to get pinctrl state:oplus_spi_suspend, r:-19
[    2.996359] [TP]touchpanel: Failed to get pinctrl state:oplus_int_suspend, r:-19
[    2.996361] [TP]touchpanel: Failed to get pinctrl state:oplus_reset_suspend, r:-19
[    2.996362] [TP]touchpanel: success get suspend pinctrl state
[    2.996372] [TP0]touchpanel: panel_type not specified, need to default 1
[    2.996374] [TP0]touchpanel: find 1 num chip in dts
[    2.996376] [TP0]touchpanel: panel_data.chip_name = S3908
[    2.996379] [TP0]touchpanel: now has 3 num panel in dts
[    2.996383] [TP] Driver match support project [19815]
[    2.996385] [TP] match panel type OK , panel type is [8]
[    2.996387] [TP0]touchpanel: tp_type not specified
[    2.996388] [TP0]touchpanel: read firmware-data-0 firmware in dts
[    2.996389] [TP0]touchpanel: No firmware in dts !
[    2.996392] [TP0]touchpanel: ts->irq_need_dev_resume_time not specified
[    2.996394] [TP0]touchpanel: ts->irq_need_dev_resume_time = 50 ms
[    2.996396] [TP0]touchpanel: tx_num = 17, rx_num = 38 
[    2.996399] [TP0]touchpanel: LCD_WIDTH = 1440, LCD_HEIGHT = 3216, max_x = 1440, max_y = 3216, limit_witdh = 0, limit_height = 54
[    2.996401] [TP0]touchpanel: error:button-type should be setting in dts!
[    2.996403] [TP0]touchpanel: key_tx is 0, key_rx is 0
[    2.996406] [TP0]touchpanel: smooth_level_array not specified -22
[    2.996408] [TP0]touchpanel: sensitive_level_array not specified -22
[    2.996410] [TP0]touchpanel: error:game_perf_para_default should be setting in dts!
[    2.996412] [TP0]touchpanel: panel is oncell!
[    2.996414] [TP0]touchpanel: ts->high_frame_rate_time not specified or support
[    2.996419] [TP0]touchpanel: ts_check_panel_dt: panel[0] IS_ERR =0 
[    2.996458] synaptics-s3908 9-004b: 9-004b supply vcc_1v8 not found, using dummy regulator
[    2.996500] [TP0]touchpanel: set avdd voltage to 3008000 uV
[    2.996538] [TP]touchpanel: Enable the Regulator2v8.
[    2.996757] [TP]touchpanel: Enable the enable_avdd_gpio, hw_res->enable2v8_gpio is 339
[    2.996760] [TP]touchpanel: Enable the Regulator vddi.
[    2.996762] [TP]touchpanel: Enable the vddi_gpio
[    3.008912] main[738]: Starting aconfigd_system command: EarlyPlatformInit
[    3.011489] KernelSU: susfs: mark no sucompat checks for pid: '764', exec: '/system/bin/prng_seeder'
[    3.013511] KernelSU: susfs: mark no sucompat checks for pid: '765', exec: '/vendor/bin/boringssl_self_test32'
[    3.032873] KernelSU: susfs: mark no sucompat checks for pid: '766', exec: '/vendor/bin/boringssl_self_test64'
[    3.038833] KernelSU: susfs: mark no sucompat checks for pid: '767', exec: '/vendor/bin/init.qti.media.sh'
[    3.040156] KernelSU: susfs: mark no sucompat checks for pid: '768', exec: '/vendor/bin/init.qti.qcv.sh'
[    3.066169] audit: type=1107 audit(716986.131:4): pid=1 uid=0 auid=4294967295 ses=4294967295 subj=u:r:init:s0 msg='avc:  denied  { set } for property=ro.netflix.bsp_rev pid=781 uid=1013 gid=1013 scontext=u:r:vendor_qti_media:s0 tcontext=u:object_r:vendor_exported_system_prop:s0 tclass=property_service permissive=0'
[    3.072714] Registered swp emulation handler
[    3.075463] KernelSU: susfs: mark no sucompat checks for pid: '782', exec: '/system/bin/logd'
[    3.077432] KernelSU: susfs: mark no sucompat checks for pid: '783', exec: '/system/bin/lmkd'
[    3.078829] KernelSU: susfs: mark no sucompat checks for pid: '784', exec: '/system/bin/servicemanager'
[    3.080706] KernelSU: susfs: mark no sucompat checks for pid: '785', exec: '/system/system_ext/bin/hwservicemanager'
[    3.081908] KernelSU: susfs: mark no sucompat checks for pid: '786', exec: '/vendor/bin/vndservicemanager'
[    3.089641] init: wait for '/dev/block/platform/soc/1d84000.ufshc' took 0ms
[    3.091960] logd: libprocessgroup: A JoinCgroup action in the SystemMemoryProcess profile is used for controller memory in the cgroup v2 hierarchy and will be ignored
[    3.092446] vndservicemanager: Starting sm instance on /dev/vndbinder
[    3.092671] servicemanager: Starting sm instance on /dev/binder
[    3.093126] logd: libprocessgroup: Unknown profile action: SetClamps
[    3.093131] logd: libprocessgroup: Unknown profile action: SetClamps
[    3.093141] logd: libprocessgroup: A JoinCgroup action in the SystemMemoryProcess profile is used for controller memory in the cgroup v2 hierarchy and will be ignored
[    3.093549] SELinux: SELinux: Loaded vndservice context from:
[    3.093859] SELinux: 		/vendor/etc/selinux/vndservice_contexts
[    3.095486] SELinux: SELinux: Loaded service context from:
[    3.095532] SELinux: 		/system/etc/selinux/plat_service_contexts
[    3.095541] SELinux: 		/system_ext/etc/selinux/system_ext_service_contexts
[    3.095549] SELinux: 		/product/etc/selinux/product_service_contexts
[    3.095557] SELinux: 		/vendor/etc/selinux/vendor_service_contexts
[    3.095565] SELinux: 		/odm/etc/selinux/odm_service_contexts
[    3.096230] [TP0]touchpanel: init_input_device is called
[    3.096291] input: touchpanel as /devices/platform/soc/990000.i2c/i2c-9/9-004b/input/input6
[    3.096327] input: touchpanel_kpd as /devices/platform/soc/990000.i2c/i2c-9/9-004b/input/input7
[    3.096540] logd.auditd: start
[    3.096545] logd.klogd: 3096529633
[    3.098000] [TP]vendor:SAMSUNG fw:tp/19815/FW_S3908_SAMSUNG.img limit:tp/19815/LIMIT_S3908_SAMSUNG.img
[    3.098002] [TP]synaptics-s3908: chip_info->tp_type = 8, panel_data->fw_name = tp/19815/FW_S3908_SAMSUNG.img
[    3.098005] [TP]synaptics-s3908: syna_get_chip_info: Enter
[    3.098008] [TP]synaptics-s3908: syna_tcm_fw_update_in_bl not support.
[    3.098050] KernelSU: susfs: mark no sucompat checks for pid: '793', exec: '/system/bin/boringssl_self_test32'
[    3.098686] i2c_geni 990000.i2c: GSI QN err:0x0, status:0x4e1, err:2
[    3.098705] i2c_geni 990000.i2c: GSI QN err:0x0, status:0x4e1, err:2
[    3.104976] logd: Loaded bug_map file: /system_ext/etc/selinux/bug_map
[    3.105148] logd: Loaded bug_map file: /vendor/etc/selinux/selinux_denial_metadata
[    3.105382] logd: Loaded bug_map file: /system/etc/selinux/bug_map
[    3.106125] KernelSU: susfs: mark no sucompat checks for pid: '795', exec: '/system/bin/boringssl_self_test64'
[    3.112219] KernelSU: susfs: mark no sucompat checks for pid: '796', exec: '/vendor/bin/hw/android.hardware.keymaster@4.1-service-qti'
[    3.112570] init: wait for '/dev/qseecom' took 0ms
[    3.114063] KernelSU: susfs: mark no sucompat checks for pid: '797', exec: '/vendor/bin/qseecomd'
[    3.116002] KernelSU: susfs: mark no sucompat checks for pid: '798', exec: '/vendor/bin/hw/vendor.qti.hardware.qseecom@1.0-service'
[    3.120134] KernelSU: susfs: mark no sucompat checks for pid: '799', exec: '/system/bin/vold'
[    3.120244] i2c_geni 990000.i2c: GSI QN err:0x0, status:0x4e1, err:2
[    3.120264] i2c_geni 990000.i2c: GSI QN err:0x0, status:0x4e1, err:2
[    3.130951] EXT4-fs (sda3): mounted filesystem with ordered data mode. Opts: barrier=1
[    3.135681] EXT4-fs (sde14): mounted filesystem with ordered data mode. Opts: barrier=1
[    3.138741] FAT-fs (sde29): Volume was not properly unmounted. Some data may be corrupt. Please run fsck.
[    3.144050] [TP]touch_interface: touch_i2c_continue_read: I2C read over retry limit
[    3.144061] [TP]synaptics-s3908: Failed to read from device
[    3.145696] init: wait for '/dev/block/bootdevice/by-name/spunvm' took 0ms
[    3.146747] FAT-fs (sde74): Volume was not properly unmounted. Some data may be corrupt. Please run fsck.
[    3.148786] cutils-trace: Error opening trace file: No such file or directory (2)
[    3.149014] libbinder.BackendUnifiedServiceManager: Thread Pool max thread count is 0. Cannot cache binder as linkToDeath cannot be implemented. serviceName: vold
[    3.149208] servicemanager: getDeviceHalManifest: Reading VINTF information.
[    3.150094] servicemanager: Loaded APEX Infos from /bootstrap-apex/apex-info-list.xml
[    3.150424] KernelSU: susfs: mark no sucompat checks for pid: '820', exec: '/system/bin/vdc'
[    3.150708] [TP]synaptics-s3908: Received identify report (firmware mode = 0x01)
[    3.150717] [TP]synaptics-s3908: syna_async_work_callback: async work enter
[    3.155237] cutils-trace: Error opening trace file: No such file or directory (2)
[    3.155473] libbinder.BackendUnifiedServiceManager: Thread Pool max thread count is 0. Cannot cache binder as linkToDeath cannot be implemented. serviceName: vold
[    3.155486] vdc: Waited 0ms for vold
[    3.157866] subsys-pil-tz soc:qcom,ipa_fws: ipa_fws: Brought out of reset
[    3.157873] subsys-pil-tz: subsys_powerup(): pil_boot is successful from ipa_fws and waiting for error ready
[    3.157899] IPA FW loaded successfully
[    3.157904] gsi soc:qcom,msm_gsi: gsi_pending_irq_type:3076 no client registered
[    3.158568] gsi soc:qcom,msm_gsi: gsi_register_device:1233 GSI irq is wake enabled 36
[    3.161967] rmnet_ipa3 started initialization
[    3.161971] IPA SSR support = True
[    3.161972] IPA SG support = True
[    3.161972] IPA Napi Enable = True
[    3.161974] using default for wan-rx-desc-size = 256
[    3.162022] ipa ipa3_rmnet_ctl_register_pm_client:678 rmnet_ctl register done
[    3.162037] IPA driver is now in ready state
[    3.162038] IPA driver initialization was successful.
[    3.162140] ipa-wan ipa3_wwan_register_netdev_pm_client:2562 rmnet_ipa%d register done
[    3.162324] ipa-wan ipa3_wwan_probe:2738 rmnet_ipa completed initialization
[    3.165535] KernelSU: susfs: mark no sucompat checks for pid: '835', exec: '/system/bin/aconfigd-system'
[    3.179893] KernelSU: susfs: mark no sucompat checks for pid: '836', exec: '/system/bin/recovery-refresh'
[    3.182601] KernelSU: susfs: mark no sucompat checks for pid: '837', exec: '/system/bin/hw/android.system.suspend-service'
[    3.184712] KernelSU: susfs: mark no sucompat checks for pid: '838', exec: '/system/bin/keystore2'
[    3.185946] KernelSU: susfs: mark no sucompat checks for pid: '839', exec: '/vendor/bin/hw/android.hardware.boot-service.qti'
[    3.188431] KernelSU: susfs: mark no sucompat checks for pid: '840', exec: '/vendor/bin/hw/android.hardware.gatekeeper@1.0-service-qti'
[    3.189514] KernelSU: susfs: mark no sucompat checks for pid: '842', exec: '/vendor/bin/hw/android.hardware.nfc-service.nxp'
[    3.190774] KernelSU: susfs: mark no sucompat checks for pid: '844', exec: '/vendor/bin/sscrpcd'
[    3.194384] KernelSU: susfs: mark no sucompat checks for pid: '846', exec: '/system/bin/vdc'
[    3.198934] android.hardware.boot-service.qti: [libfstab] Using Android DT directory /proc/device-tree/firmware/android/
[    3.199038] android.hardware.boot-service.qti: [libfstab] dt_fstab: Skip disabled entry for partition vendor
[    3.200635] libbinder.BackendUnifiedServiceManager: Thread Pool max thread count is 0. Cannot cache binder as linkToDeath cannot be implemented. serviceName: android.hardware.boot.IBootControl/default
[    3.200646] android.hardware.boot-service.qti: IBootControl AIDL service running...
[    3.206330] libbinder.BackendUnifiedServiceManager: Thread Pool max thread count is 0. Cannot cache binder as linkToDeath cannot be implemented. serviceName: vold
[    3.206345] vdc: Waited 0ms for vold
[    3.208511] type=1400 audit(716986.275:5): avc:  denied  { kill } for  comm="vdc" capability=5  scontext=u:r:vdc:s0 tcontext=u:r:vdc:s0 tclass=capability permissive=0
[    3.210235] KernelSU: susfs: mark no sucompat checks for pid: '848', exec: '/system/bin/vdc'
[    3.213191] [TP]synaptics-s3908: Firmware mode = 0x01, boot status 0x00, app status 0x00
[    3.214135] libbinder.BackendUnifiedServiceManager: Thread Pool max thread count is 0. Cannot cache binder as linkToDeath cannot be implemented. serviceName: vold
[    3.214148] vdc: Waited 0ms for vold
[    3.217008] [TP]synaptics-s3908: fw id 0, custom config id 0xEE003022
[    3.226440] [TP]synaptics-s3908: syna_tcm_normal_mode : enter
[    3.239176] [TP]synaptics-s3908: syna_report_refresh_switch: refresh_switch: 0 HZ success!
[    3.239890] [TP0]touchpanel: init_touchpanel_proc entry
[    3.239906] [TP0]touchpanel: init_debug_info_proc entry
[    3.239961] [TP0]touchpanel: Touch panel probe : normal end
[    3.239965] [TP]synaptics-s3908: default rate 90
[    3.239968] [TP]synaptics-s3908: default game value 2
[    3.239970] [TP]synaptics-s3908: default gesture mask value 65535
[    3.239972] [TP]synaptics-s3908: fps_report_rate is not dubole 6
[    3.239973] [TP]synaptics-s3908: fwupdate_bootloader 0
[    3.239975] [TP]synaptics-s3908: normal_config_version 0
[    3.473609] vold: [libfs_mgr] Failed to open /sys/fs/f2fs/features/linear_lookup: No such file or directory
[    3.477592] fsck.f2fs: Info: Automatic fix mode enabled.
[    3.477945] fsck.f2fs: Info: not exist /proc/version!
[    3.478113] fsck.f2fs: Info: MKFS version
[    3.478114] fsck.f2fs:   "5.4.290-qgki-ga5461d203943"
[    3.478116] fsck.f2fs: Info: FSCK version
[    3.478119] fsck.f2fs:   from "5.4.302-qgki-g44c493c173f4"
[    3.478145] fsck.f2fs:     to "5.4.302-qgki-g44c493c173f4"
[    3.478149] fsck.f2fs: Info: superblock features = 1499 :  encrypt extra_attr project_quota quota verity casefold
[    3.478153] fsck.f2fs: Info: superblock encrypt level = 0, salt = 00000000000000000000000000000000
[    3.478154] fsck.f2fs: Info: Segments per section = 1
[    3.569497] F2FS-fs (dm-48): Using encoding defined by superblock: utf8-12.1.0 with flags 0x0
[    3.644180] F2FS-fs (dm-48): Mounted with checkpoint version = ca47f13
[    3.646694] input input5: tof_input_dev_open
[    3.649445] KernelSU: susfs: mark no sucompat checks for pid: '869', exec: '/system/bin/vdc'
[    3.653394] libbinder.BackendUnifiedServiceManager: Thread Pool max thread count is 0. Cannot cache binder as linkToDeath cannot be implemented. serviceName: vold
[    3.653408] vdc: Waited 0ms for vold
[    3.656271] KernelSU: susfs: mark no sucompat checks for pid: '870', exec: '/system/bin/vdc'
[    3.659866] libbinder.BackendUnifiedServiceManager: Thread Pool max thread count is 0. Cannot cache binder as linkToDeath cannot be implemented. serviceName: vold
[    3.659879] vdc: Waited 0ms for vold
[    3.683905] fscrypt: AES-256-CTS-CBC using implementation "cts-cbc-aes-ce"
[    3.688138] KernelSU: susfs: mark no sucompat checks for pid: '876', exec: '/system/bin/tombstoned'
[    3.690381] KernelSU: susfs: mark no sucompat checks for pid: '877', exec: '/system/bin/vdc'
[    3.694102] libbinder.BackendUnifiedServiceManager: Thread Pool max thread count is 0. Cannot cache binder as linkToDeath cannot be implemented. serviceName: vold
[    3.694115] vdc: Waited 0ms for vold
[    3.714263] KernelSU: susfs: mark no sucompat checks for pid: '880', exec: '/system/bin/logd'
[    3.717277] KernelSU: susfs: mark no sucompat checks for pid: '881', exec: '/system/bin/apexd'
[    3.723616] apexd: Started. subcommand = (null)
[    3.724043] libbinder.BackendUnifiedServiceManager: Thread Pool max thread count is 0. Cannot cache binder as linkToDeath cannot be implemented. serviceName: vold
[    3.724131] apexd: Scanning /system/apex for pre-installed ApexFiles
[    3.724228] apexd: Found pre-installed APEX /system/apex/com.android.adservices.capex
[    3.724230] apexd: Found pre-installed APEX /system/apex/com.android.rkpd.apex
[    3.724232] apexd: Found pre-installed APEX /system/apex/com.android.art.capex
[    3.724233] apexd: Found pre-installed APEX /system/apex/com.android.neuralnetworks.capex
[    3.724235] apexd: Found pre-installed APEX /system/apex/com.android.profiling.capex
[    3.724236] apexd: Found pre-installed APEX /system/apex/com.android.uprobestats.capex
[    3.724238] apexd: Found pre-installed APEX /system/apex/com.android.os.statsd.apex
[    3.730952] KernelSU: susfs: mark no sucompat checks for pid: '914', exec: '/bin/rm'
[    3.746904] KernelSU: susfs: mark no sucompat checks for pid: '919', exec: '/system/bin/chattr'
[    3.804935] device-mapper: verity: sha256 using implementation "sha256-ce"
[    3.804944] device-mapper: verity: sha256 using implementation "sha256-ce"
[    3.804976] device-mapper: verity: sha256 using implementation "sha256-ce"
[    3.805084] device-mapper: verity: sha256 using implementation "sha256-ce"
[    3.805753] device-mapper: verity: sha256 using implementation "sha256-ce"
[    3.805800] device-mapper: verity: sha256 using implementation "sha256-ce"
[    3.805908] device-mapper: verity: sha256 using implementation "sha256-ce"
[    3.806617] device-mapper: verity: sha256 using implementation "sha256-ce"
[    3.806888] device-mapper: verity: sha256 using implementation "sha256-ce"
[    3.807388] device-mapper: verity: sha256 using implementation "sha256-ce"
[    3.807401] EXT4-fs (loop7): mounted filesystem without journal. Opts: (null)
[    3.808341] device-mapper: verity: sha256 using implementation "sha256-ce"
[    3.808520] EXT4-fs (dm-24): mounted filesystem without journal. Opts: (null)
[    3.809104] EXT4-fs (loop8): mounted filesystem without journal. Opts: (null)
[    3.809601] EXT4-fs (loop17): mounted filesystem without journal. Opts: (null)
[    3.809719] EXT4-fs (dm-20): mounted filesystem without journal. Opts: (null)
[    3.809851] EXT4-fs (loop5): mounted filesystem without journal. Opts: (null)
[    3.809911] EXT4-fs (dm-19): mounted filesystem without journal. Opts: (null)
[    3.809931] EXT4-fs (dm-18): mounted filesystem without journal. Opts: (null)
[    3.810350] EXT4-fs (dm-25): mounted filesystem without journal. Opts: (null)
[    3.810629] EXT4-fs (dm-14): mounted filesystem without journal. Opts: (null)
[    3.810919] EXT4-fs (dm-21): mounted filesystem without journal. Opts: (null)
[    3.810938] EXT4-fs (dm-16): mounted filesystem without journal. Opts: (null)
[    3.811034] EXT4-fs (dm-23): mounted filesystem without journal. Opts: (null)
[    3.811224] EXT4-fs (dm-13): mounted filesystem without journal. Opts: (null)
[    3.811321] EXT4-fs (dm-22): mounted filesystem without journal. Opts: (null)
[    3.812875] device-mapper: verity: sha256 using implementation "sha256-ce"
[    3.813033] device-mapper: verity: sha256 using implementation "sha256-ce"
[    3.813043] device-mapper: verity: sha256 using implementation "sha256-ce"
[    3.813589] device-mapper: verity: sha256 using implementation "sha256-ce"
[    3.813899] device-mapper: verity: sha256 using implementation "sha256-ce"
[    3.813907] device-mapper: verity: sha256 using implementation "sha256-ce"
[    3.815116] device-mapper: verity: sha256 using implementation "sha256-ce"
[    3.815537] device-mapper: verity: sha256 using implementation "sha256-ce"
[    3.816425] device-mapper: verity: sha256 using implementation "sha256-ce"
[    3.816767] device-mapper: verity: sha256 using implementation "sha256-ce"
[    3.817455] device-mapper: verity: sha256 using implementation "sha256-ce"
[    3.817522] device-mapper: verity: sha256 using implementation "sha256-ce"
[    3.817582] EXT4-fs (loop28): mounted filesystem without journal. Opts: (null)
[    3.818657] device-mapper: verity: sha256 using implementation "sha256-ce"
[    3.818876] EXT4-fs (loop34): mounted filesystem without journal. Opts: (null)
[    3.819443] EXT4-fs (loop23): mounted filesystem without journal. Opts: (null)
[    3.819453] device-mapper: verity: sha256 using implementation "sha256-ce"
[    3.819590] EXT4-fs (loop21): mounted filesystem without journal. Opts: (null)
[    3.819890] EXT4-fs (loop35): mounted filesystem without journal. Opts: (null)
[    3.820003] EXT4-fs (dm-34): mounted filesystem without journal. Opts: (null)
[    3.820061] EXT4-fs (dm-41): mounted filesystem without journal. Opts: (null)
[    3.820072] EXT4-fs (dm-35): mounted filesystem without journal. Opts: (null)
[    3.820198] EXT4-fs (loop39): mounted filesystem without journal. Opts: (null)
[    3.820246] EXT4-fs (dm-12): mounted filesystem without journal. Opts: (null)
[    3.820251] EXT4-fs (dm-29): mounted filesystem without journal. Opts: (null)
[    3.820375] EXT4-fs (dm-44): mounted filesystem without journal. Opts: (null)
[    3.820437] EXT4-fs (dm-28): mounted filesystem without journal. Opts: (null)
[    3.820652] EXT4-fs (dm-31): mounted filesystem without journal. Opts: (null)
[    3.820708] EXT4-fs (dm-36): mounted filesystem without journal. Opts: (null)
[    3.821123] EXT4-fs (dm-33): mounted filesystem without journal. Opts: (null)
[    3.821915] EXT4-fs (dm-40): mounted filesystem without journal. Opts: (null)
[    3.821919] EXT4-fs (dm-37): mounted filesystem without journal. Opts: (null)
[    3.822303] EXT4-fs (dm-39): mounted filesystem without journal. Opts: (null)
[    3.823587] EXT4-fs (dm-42): mounted filesystem without journal. Opts: (null)
[    3.823920] device-mapper: verity: sha256 using implementation "sha256-ce"
[    3.825089] EXT4-fs (dm-45): mounted filesystem without journal. Opts: (null)
[    3.848043] KernelSU: susfs: mark no sucompat checks for pid: '1056', exec: '/apex/com.android.runtime/bin/linkerconfig'
[    3.868670] KernelSU: susfs: mark no sucompat checks for pid: '1057', exec: '/system/bin/aconfigd-system'
[    3.877585] KernelSU: susfs: mark no sucompat checks for pid: '1058', exec: '/apex/com.android.configinfrastructure/bin/aconfigd-mainline'
[    3.915534] KernelSU: susfs: mark no sucompat checks for pid: '1059', exec: '/apex/com.android.configinfrastructure/bin/aconfigd-mainline'
[    3.920700] KernelSU: susfs: mark no sucompat checks for pid: '1060', exec: '/apex/com.android.sdkext/bin/derive_sdk'
[    3.931290] KernelSU: susfs: mark no sucompat checks for pid: '1061', exec: '/system/bin/vdc'
[    3.935361] libbinder.BackendUnifiedServiceManager: Thread Pool max thread count is 0. Cannot cache binder as linkToDeath cannot be implemented. serviceName: vold
[    3.935372] vdc: Waited 0ms for vold
[    4.320411] i2c_geni 988000.i2c: i2c error :-107
[    4.320418] op10 read register 0x08 fail, rc = -107
[    4.336028] [OPLUS_CHG][oplus_warp_asic_hwid_check]asic_hwid_type[5]
[    4.336029] [OPLUS_CHG][oplus_warp_mcu_hwid_check]mcu_hwid_type[0]
[    4.336032] [OPLUS_CHG][oplus_is_rf_ftm_mode] boot_mode:0, return false
[    4.358558] [OPLUS_CHG][opchg_set_reset_active_force]opchg_set_reset_active_force
[    4.996085] sd 0:0:0:1: [sdb] Synchronizing SCSI cache
[    5.217103] SELinux:  Context u:object_r:zygisk_file:s0 is not valid (left unmapped).
[    5.251390] KernelSU: susfs: mark no sucompat checks for pid: '1064', exec: '/apex/com.android.sdkext/bin/derive_classpath'
[    5.273778] KernelSU: susfs: mark no sucompat checks for pid: '1065', exec: '/apex/com.android.art/bin/art_boot'
[    5.285440] KernelSU: susfs: mark no sucompat checks for pid: '1066', exec: '/system/bin/odsign'
[    5.331301] fs-verity: sha256 using implementation "sha256-ce"
[    5.442622] KernelSU: susfs: mark no sucompat checks for pid: '1070', exec: '/system/bin/apexd'
[    5.448819] apexd: Started. subcommand = --snapshotde
[    5.449089] libbinder.BackendUnifiedServiceManager: Thread Pool max thread count is 0. Cannot cache binder as linkToDeath cannot be implemented. serviceName: vold
[    5.449278] apexd-snapshotde: Marking APEXd as ready
[    5.451890] KernelSU: hook_manager: escape to root for init executing ksud: 1071
[    5.458181] KernelSU: ksu fd installed: 5 for pid 1071
[    5.458182] KernelSU: [1071] install ksu fd: 5
[    5.458186] KernelSU: post-fs-data triggered
[    5.458186] KernelSU: on_post_fs_data!
[    5.458187] KernelSU: susfs: post_fs_data triggered (v2.0.0 + auto-init)
[    5.458208] susfs:[0][1071][susfs_auto_add_sus_path_internal] auto_add_sus_path: '/system/addon.d' added to LH_SUS_PATH_LOOP
[    5.458209] susfs:[0][1071][susfs_auto_add_sus_path_internal] auto_add_sus_path: '/system/addon.d' flagged as AS_FLAGS_SUS_PATH
[    5.458419] KernelSU: allowlist version: 3
[    5.458423] KernelSU: load_allow_uid, name: $, uid: 9999, allow: 0
[    5.458426] KernelSU: set app profile, key: $, uid: 9999, umount modules: 1
[    5.458428] KernelSU: load_allow_uid, name: me.zhanghai.android.files, uid: 10485, allow: 1
[    5.458429] KernelSU: set root profile, key: me.zhanghai.android.files, uid: 10485, gid: 0, context: u:r:su:s0
[    5.458430] KernelSU: load_allow_uid, name: org.swiftapps.swiftbackup, uid: 10483, allow: 1
[    5.458431] KernelSU: set root profile, key: org.swiftapps.swiftbackup, uid: 10483, gid: 0, context: u:r:su:s0
[    5.458432] KernelSU: load_allow_uid, name: com.dergoogler.mmrl.wx, uid: 10896, allow: 1
[    5.458433] KernelSU: set root profile, key: com.dergoogler.mmrl.wx, uid: 10896, gid: 0, context: u:r:su:s0
[    5.458434] KernelSU: load_allow_uid, name: com.dergoogler.mmrl, uid: 10721, allow: 1
[    5.458435] KernelSU: set root profile, key: com.dergoogler.mmrl, uid: 10721, gid: 0, context: u:r:su:s0
[    5.458465] KernelSU: load_allow_uid, name: com.keshav.capturesposed, uid: 10548, allow: 1
[    5.458466] KernelSU: set root profile, key: com.keshav.capturesposed, uid: 10548, gid: 0, context: u:r:su:s0
[    5.458467] KernelSU: load_allow_uid, name: org.frknkrc44.hma_oss, uid: 10492, allow: 1
[    5.458468] KernelSU: set root profile, key: org.frknkrc44.hma_oss, uid: 10492, gid: 0, context: u:r:su:s0
[    5.458469] KernelSU: load_allow_uid, name: com.coderstory.toolkit, uid: 10559, allow: 1
[    5.458470] KernelSU: set root profile, key: com.coderstory.toolkit, uid: 10559, gid: 0, context: u:r:su:s0
[    5.458471] KernelSU: load_allow_uid, name: com.github.tianma8023.xposed.smscode, uid: 10906, allow: 1
[    5.458472] KernelSU: set root profile, key: com.github.tianma8023.xposed.smscode, uid: 10906, gid: 0, context: u:r:su:s0
[    5.458472] KernelSU: load_allow_uid, name: eu.faircode.xlua, uid: 10905, allow: 1
[    5.458473] KernelSU: set root profile, key: eu.faircode.xlua, uid: 10905, gid: 0, context: u:r:su:s0
[    5.458474] KernelSU: load_allow_uid, name: com.fk.smartpixelsposed, uid: 10832, allow: 1
[    5.458475] KernelSU: set root profile, key: com.fk.smartpixelsposed, uid: 10832, gid: 0, context: u:r:su:s0
[    5.458476] KernelSU: load_allow_uid, name: com.smartpack.packagemanager, uid: 10764, allow: 1
[    5.458477] KernelSU: set root profile, key: com.smartpack.packagemanager, uid: 10764, gid: 0, context: u:r:su:s0
[    5.458479] KernelSU: load_allow_uid, name: com.github.dan.NoStorageRestrict, uid: 10740, allow: 1
[    5.458481] KernelSU: set root profile, key: com.github.dan.NoStorageRestrict, uid: 10740, gid: 0, context: u:r:su:s0
[    5.458482] KernelSU: load_allow_uid, name: io.github.nitsuya.donottryaccessibility, uid: 10588, allow: 1
[    5.458484] KernelSU: set root profile, key: io.github.nitsuya.donottryaccessibility, uid: 10588, gid: 0, context: u:r:su:s0
[    5.458486] KernelSU: load_allow_uid, name: io.github.tehcneko.clipboardwhitelist, uid: 10555, allow: 1
[    5.458488] KernelSU: set root profile, key: io.github.tehcneko.clipboardwhitelist, uid: 10555, gid: 0, context: u:r:su:s0
[    5.458490] KernelSU: load_allow_uid, name: top.ltfan.notdeveloper, uid: 10662, allow: 1
[    5.458492] KernelSU: set root profile, key: top.ltfan.notdeveloper, uid: 10662, gid: 0, context: u:r:su:s0
[    5.458494] KernelSU: load_allow_uid, name: net.accelf.devoptshide, uid: 10574, allow: 1
[    5.458496] KernelSU: set root profile, key: net.accelf.devoptshide, uid: 10574, gid: 0, context: u:r:su:s0
[    5.458498] KernelSU: load_allow_uid, name: dev.zwander.installwithoptions, uid: 10669, allow: 1
[    5.458499] KernelSU: set root profile, key: dev.zwander.installwithoptions, uid: 10669, gid: 0, context: u:r:su:s0
[    5.458501] KernelSU: load_allow_uid, name: moe.haruue.wadb, uid: 10898, allow: 1
[    5.458501] KernelSU: set root profile, key: moe.haruue.wadb, uid: 10898, gid: 0, context: u:r:su:s0
[    5.458502] KernelSU: load_allow_uid, name: moe.shizuku.privileged.api, uid: 10828, allow: 1
[    5.458504] KernelSU: set root profile, key: moe.shizuku.privileged.api, uid: 10828, gid: 0, context: u:r:su:s0
[    5.458504] KernelSU: load_allow_uid, name: de.buttercookie.disabletargetapiblock, uid: 10578, allow: 1
[    5.458505] KernelSU: set root profile, key: de.buttercookie.disabletargetapiblock, uid: 10578, gid: 0, context: u:r:su:s0
[    5.458605] KernelSU: load_allow_uid, name: pub.chara.disablealttab, uid: 10579, allow: 1
[    5.458606] KernelSU: set root profile, key: pub.chara.disablealttab, uid: 10579, gid: 0, context: u:r:su:s0
[    5.458607] KernelSU: load_allow_uid, name: io.github.auag0.disableaudiofocus, uid: 10580, allow: 1
[    5.458608] KernelSU: set root profile, key: io.github.auag0.disableaudiofocus, uid: 10580, gid: 0, context: u:r:su:s0
[    5.458609] KernelSU: load_allow_uid, name: io.github.lsposed.disableflagsecure, uid: 10603, allow: 1
[    5.458610] KernelSU: set root profile, key: io.github.lsposed.disableflagsecure, uid: 10603, gid: 0, context: u:r:su:s0
[    5.458611] KernelSU: load_allow_uid, name: ru.mike.mapstweaks, uid: 10708, allow: 1
[    5.458612] KernelSU: set root profile, key: ru.mike.mapstweaks, uid: 10708, gid: 0, context: u:r:su:s0
[    5.458613] KernelSU: load_allow_uid, name: com.rel.languager, uid: 10685, allow: 1
[    5.458613] KernelSU: set root profile, key: com.rel.languager, uid: 10685, gid: 0, context: u:r:su:s0
[    5.458614] KernelSU: load_allow_uid, name: ltd.nextalone.pkginstallerplus, uid: 10670, allow: 1
[    5.458615] KernelSU: set root profile, key: ltd.nextalone.pkginstallerplus, uid: 10670, gid: 0, context: u:r:su:s0
[    5.458616] KernelSU: load_allow_uid, name: com.akylas.enforcedoze, uid: 10605, allow: 1
[    5.458617] KernelSU: set root profile, key: com.akylas.enforcedoze, uid: 10605, gid: 0, context: u:r:su:s0
[    5.458618] KernelSU: load_allow_uid, name: com.termux, uid: 10863, allow: 1
[    5.458619] KernelSU: set root profile, key: com.termux, uid: 10863, gid: 0, context: u:r:su:s0
[    5.458620] KernelSU: load_allow_uid, name: com.termux.x11, uid: 10864, allow: 1
[    5.458621] KernelSU: set root profile, key: com.termux.x11, uid: 10864, gid: 0, context: u:r:su:s0
[    5.458621] KernelSU: load_allow_uid, name: in.hridayan.ashell, uid: 10524, allow: 1
[    5.458622] KernelSU: set root profile, key: in.hridayan.ashell, uid: 10524, gid: 0, context: u:r:su:s0
[    5.458624] KernelSU: load_allow_uid, name: com.oasisfeng.island, uid: 10766, allow: 1
[    5.458624] KernelSU: set root profile, key: com.oasisfeng.island, uid: 10766, gid: 0, context: u:r:su:s0
[    5.458625] KernelSU: load_allow_uid, name: me.hexian000.nativeprocess, uid: 10731, allow: 1
[    5.458626] KernelSU: set root profile, key: me.hexian000.nativeprocess, uid: 10731, gid: 0, context: u:r:su:s0
[    5.458627] KernelSU: load_allow_uid, name: com.activitymanager, uid: 10503, allow: 1
[    5.458628] KernelSU: set root profile, key: com.activitymanager, uid: 10503, gid: 0, context: u:r:su:s0
[    5.458629] KernelSU: load_allow_uid, name: ru.uneqewgf.hsdimpbam, uid: 10805, allow: 1
[    5.458630] KernelSU: set root profile, key: ru.uneqewgf.hsdimpbam, uid: 10805, gid: 0, context: u:r:su:s0
[    5.458631] KernelSU: load_allow_uid, name: com.smartpack.kernelmanager, uid: 10893, allow: 1
[    5.458632] KernelSU: set root profile, key: com.smartpack.kernelmanager, uid: 10893, gid: 0, context: u:r:su:s0
[    5.458633] KernelSU: load_allow_uid, name: id.kuato.diskhealth, uid: 10895, allow: 1
[    5.458634] KernelSU: set root profile, key: id.kuato.diskhealth, uid: 10895, gid: 0, context: u:r:su:s0
[    5.458635] KernelSU: load_allow_uid, name: com.wstxda.switchai, uid: 10850, allow: 1
[    5.458636] KernelSU: set root profile, key: com.wstxda.switchai, uid: 10850, gid: 0, context: u:r:su:s0
[    5.458637] KernelSU: load_allow_uid, name: io.github.wzhy.xaudiocapture, uid: 10511, allow: 1
[    5.458638] KernelSU: set root profile, key: io.github.wzhy.xaudiocapture, uid: 10511, gid: 0, context: u:r:su:s0
[    5.458639] KernelSU: load_allow_uid, name: io.github.revenge.xposed, uid: 10911, allow: 1
[    5.458640] KernelSU: set root profile, key: io.github.revenge.xposed, uid: 10911, gid: 0, context: u:r:su:s0
[    5.458641] KernelSU: load_allow_uid, name: lsposed.orange, uid: 10550, allow: 1
[    5.458642] KernelSU: set root profile, key: lsposed.orange, uid: 10550, gid: 0, context: u:r:su:s0
[    5.458643] KernelSU: load_allow_uid, name: ru.zdevs.zarchiver, uid: 10677, allow: 1
[    5.458644] KernelSU: set root profile, key: ru.zdevs.zarchiver, uid: 10677, gid: 0, context: u:r:su:s0
[    5.458645] KernelSU: load_allow_uid, name: com.bartixxx.opflashcontrol, uid: 10755, allow: 1
[    5.458646] KernelSU: set root profile, key: com.bartixxx.opflashcontrol, uid: 10755, gid: 0, context: u:r:su:s0
[    5.458647] KernelSU: load_allow_uid, name: in.hridayan.ashell, uid: 1110524, allow: 1
[    5.458648] KernelSU: set root profile, key: in.hridayan.ashell, uid: 1110524, gid: 0, context: u:r:su:s0
[    5.458649] KernelSU: load_allow_uid, name: com.merxury.blocker, uid: 10540, allow: 1
[    5.458650] KernelSU: set root profile, key: com.merxury.blocker, uid: 10540, gid: 0, context: u:r:su:s0
[    5.458651] KernelSU: load_allow_uid, name: rikka.appops, uid: 10584, allow: 1
[    5.458652] KernelSU: set root profile, key: rikka.appops, uid: 10584, gid: 0, context: u:r:su:s0
[    5.458653] KernelSU: load_allow_uid, name: ru.bluecat.android.xposed.mods.appsettings, uid: 10780, allow: 1
[    5.458654] KernelSU: set root profile, key: ru.bluecat.android.xposed.mods.appsettings, uid: 10780, gid: 0, context: u:r:su:s0
[    5.458655] KernelSU: load_allow_uid, name: com.lb.contacts_sync, uid: 10907, allow: 1
[    5.458656] KernelSU: set root profile, key: com.lb.contacts_sync, uid: 10907, gid: 0, context: u:r:su:s0
[    5.458657] KernelSU: load_allow_uid, name: com.reveny.vbmetafix.service, uid: 10650, allow: 1
[    5.458658] KernelSU: set root profile, key: com.reveny.vbmetafix.service, uid: 10650, gid: 0, context: u:r:su:s0
[    5.458659] KernelSU: load_allow_uid, name: eu.darken.sdmse, uid: 10881, allow: 1
[    5.458660] KernelSU: set root profile, key: eu.darken.sdmse, uid: 10881, gid: 0, context: u:r:su:s0
[    5.458661] KernelSU: load_allow_uid, name: com.wstxda.gsl, uid: 10788, allow: 1
[    5.458663] KernelSU: set root profile, key: com.wstxda.gsl, uid: 10788, gid: 0, context: u:r:su:s0
[    5.458664] KernelSU: load_allow_uid, name: com.twifucker.hachidori, uid: 10945, allow: 1
[    5.458665] KernelSU: set root profile, key: com.twifucker.hachidori, uid: 10945, gid: 0, context: u:r:su:s0
[    5.458666] KernelSU: load_allow_uid, name: de.szalkowski.activitylauncher.oss, uid: 10741, allow: 1
[    5.458667] KernelSU: set root profile, key: de.szalkowski.activitylauncher.oss, uid: 10741, gid: 0, context: u:r:su:s0
[    5.458668] KernelSU: load_allow_uid, name: io.github.sds100.keymapper, uid: 10644, allow: 1
[    5.458669] KernelSU: set root profile, key: io.github.sds100.keymapper, uid: 10644, gid: 0, context: u:r:su:s0
[    5.458670] KernelSU: load_allow_uid, name: com.reveny.vbmetafix.service, uid: 1110650, allow: 1
[    5.458671] KernelSU: set root profile, key: com.reveny.vbmetafix.service, uid: 1110650, gid: 0, context: u:r:su:s0
[    5.458672] KernelSU: load_allow_uid, name: com.merxury.blocker, uid: 1110540, allow: 1
[    5.458673] KernelSU: set root profile, key: com.merxury.blocker, uid: 1110540, gid: 0, context: u:r:su:s0
[    5.458674] KernelSU: load_allow_uid, name: io.github.chsbuffer.revancedxposed, uid: 10827, allow: 1
[    5.458676] KernelSU: set root profile, key: io.github.chsbuffer.revancedxposed, uid: 10827, gid: 0, context: u:r:su:s0
[    5.458677] KernelSU: load_allow_uid, name: io.github.dovecoteescapee.byedpi, uid: 10493, allow: 1
[    5.458678] KernelSU: set root profile, key: io.github.dovecoteescapee.byedpi, uid: 10493, gid: 0, context: u:r:su:s0
[    5.458679] KernelSU: load_allow_uid, name: com.aoya.telegami, uid: 10004, allow: 1
[    5.458680] KernelSU: set root profile, key: com.aoya.telegami, uid: 10004, gid: 0, context: u:r:su:s0
[    5.458681] KernelSU: load_allow_uid, name: Telegram.Speed.Hook, uid: 10861, allow: 1
[    5.458682] KernelSU: set root profile, key: Telegram.Speed.Hook, uid: 10861, gid: 0, context: u:r:su:s0
[    5.458683] KernelSU: load_allow_uid, name: com.rosan.installer.x.revived, uid: 10948, allow: 1
[    5.458684] KernelSU: set root profile, key: com.rosan.installer.x.revived, uid: 10948, gid: 0, context: u:r:su:s0
[    5.458685] KernelSU: load_allow_uid, name: com.android.shell, uid: 2000, allow: 0
[    5.458687] KernelSU: set app profile, key: com.android.shell, uid: 2000, umount modules: 1
[    5.458688] KernelSU: load_allow_uid, name: com.rk.taskmanager, uid: 10862, allow: 1
[    5.458689] KernelSU: set root profile, key: com.rk.taskmanager, uid: 10862, gid: 0, context: u:r:su:s0
[    5.458690] KernelSU: load_allow_list read err: 0
[    5.458691] KernelSU: ksu_show_allow_list
[    5.458691] KernelSU: uid :9999, allow: 0
[    5.458692] KernelSU: uid :10485, allow: 1
[    5.458692] KernelSU: uid :10483, allow: 1
[    5.458693] KernelSU: uid :10896, allow: 1
[    5.458693] KernelSU: uid :10721, allow: 1
[    5.458694] KernelSU: uid :10548, allow: 1
[    5.458694] KernelSU: uid :10492, allow: 1
[    5.458695] KernelSU: uid :10559, allow: 1
[    5.458695] KernelSU: uid :10906, allow: 1
[    5.458695] KernelSU: uid :10905, allow: 1
[    5.458696] KernelSU: uid :10832, allow: 1
[    5.458696] KernelSU: uid :10764, allow: 1
[    5.458697] KernelSU: uid :10740, allow: 1
[    5.458697] KernelSU: uid :10588, allow: 1
[    5.458698] KernelSU: uid :10555, allow: 1
[    5.458698] KernelSU: uid :10662, allow: 1
[    5.458699] KernelSU: uid :10574, allow: 1
[    5.458699] KernelSU: uid :10669, allow: 1
[    5.458700] KernelSU: uid :10898, allow: 1
[    5.458700] KernelSU: uid :10828, allow: 1
[    5.458701] KernelSU: uid :10578, allow: 1
[    5.458701] KernelSU: uid :10579, allow: 1
[    5.458701] KernelSU: uid :10580, allow: 1
[    5.458702] KernelSU: uid :10603, allow: 1
[    5.458702] KernelSU: uid :10708, allow: 1
[    5.458703] KernelSU: uid :10685, allow: 1
[    5.458703] KernelSU: uid :10670, allow: 1
[    5.458704] KernelSU: uid :10605, allow: 1
[    5.458704] KernelSU: uid :10863, allow: 1
[    5.458705] KernelSU: uid :10864, allow: 1
[    5.458705] KernelSU: uid :10524, allow: 1
[    5.458706] KernelSU: uid :10766, allow: 1
[    5.458706] KernelSU: uid :10731, allow: 1
[    5.458706] KernelSU: uid :10503, allow: 1
[    5.458707] KernelSU: uid :10805, allow: 1
[    5.458707] KernelSU: uid :10893, allow: 1
[    5.458708] KernelSU: uid :10895, allow: 1
[    5.458708] KernelSU: uid :10850, allow: 1
[    5.458709] KernelSU: uid :10511, allow: 1
[    5.458709] KernelSU: uid :10911, allow: 1
[    5.458710] KernelSU: uid :10550, allow: 1
[    5.458710] KernelSU: uid :10677, allow: 1
[    5.458711] KernelSU: uid :10755, allow: 1
[    5.458711] KernelSU: uid :1110524, allow: 1
[    5.458711] KernelSU: uid :10540, allow: 1
[    5.458712] KernelSU: uid :10584, allow: 1
[    5.458712] KernelSU: uid :10780, allow: 1
[    5.458713] KernelSU: uid :10907, allow: 1
[    5.458713] KernelSU: uid :10650, allow: 1
[    5.458714] KernelSU: uid :10881, allow: 1
[    5.458714] KernelSU: uid :10788, allow: 1
[    5.458715] KernelSU: uid :10945, allow: 1
[    5.458715] KernelSU: uid :10741, allow: 1
[    5.458716] KernelSU: uid :10644, allow: 1
[    5.458716] KernelSU: uid :1110650, allow: 1
[    5.458716] KernelSU: uid :1110540, allow: 1
[    5.458717] KernelSU: uid :10827, allow: 1
[    5.458717] KernelSU: uid :10493, allow: 1
[    5.458718] KernelSU: uid :10004, allow: 1
[    5.458718] KernelSU: uid :10861, allow: 1
[    5.458719] KernelSU: uid :10948, allow: 1
[    5.458719] KernelSU: uid :2000, allow: 0
[    5.458720] KernelSU: uid :10862, allow: 1
[    5.458740] KernelSU: watching /data/system
[    5.458740] KernelSU: observer init done
[    5.458741] KernelSU: stop input_hook
[    5.464192] KernelSU: volumedown_pressed_count: 0
[    5.506129] KernelSU: target type magisk does not exist
[    5.506549] KernelSU: target type nsfs does not exist
[    5.506591] KernelSU: target type nsfs does not exist
[    5.508548] KernelSU: volumedown_pressed_count: 0
[    5.509179] KernelSU: avc_spoof: no need to change
[    5.509188] KernelSU: kernel_umount: set to 1
[    5.509194] KernelSU: su_compat: set to 1
[    5.532094] sd 0:0:0:5: [sdf] Synchronizing SCSI cache
[    5.532185] sd 0:0:0:2: [sdc] Synchronizing SCSI cache
[    5.533068] bindhosts: post-fs-data.sh - ksud with kernel umount found!
[    5.533124] bindhosts: post-fs-data.sh - rezygisk found!
[    5.536370] KernelSU: susfs: CMD_SUSFS_SHOW_ENABLED_FEATURES
[    5.536725] bindhosts: post-fs-data.sh - mode_override found!
[    5.540136] sd 0:0:0:3: [sdd] Synchronizing SCSI cache
[    5.546132] bindhosts: post-fs-data.sh - probing done
[    5.555630] susfs:[0][1120][susfs_add_sus_path] android_data_path is not configured yet
[    5.555637] KernelSU: susfs: CMD_SUSFS_ADD_SUS_PATH
[    5.561370] susfs:[0][1121][susfs_set_avc_log_spoofing] enabled: 1
[    5.561372] KernelSU: susfs: CMD_SUSFS_ENABLE_AVC_LOG_SPOOFING
[    5.563768] susfs:[0][1125][susfs_set_hide_sus_mnts_for_non_su_procs] susfs_hide_sus_mnts_for_non_su_procs: 1
[    5.563769] KernelSU: susfs: CMD_SUSFS_HIDE_SUS_MNTS_FOR_NON_SU_PROCS
