----part 1 start----
[ 1970-01-09T09:09:48.599        0:  1085:  1085 I/zygisk-ptrace64 ] ReZygisk v1.0.0-454-b5f0aa5-release
[ 1970-01-09T09:09:48.629        0:  1122:  1122 I/LSPosed         ] starting lspd 
[ 1970-01-09T09:09:48.634        0:  1124:  1124 I/LSPosed         ] started lspd 1123
[ 1970-01-09T09:09:48.798        0:  1123:  1123 D/AndroidRuntime  ] >>>>>> START com.android.internal.os.RuntimeInit uid 0 <<<<<<
[ 1970-01-09T09:09:48.801        0:  1123:  1123 I/lspd            ] MMAP_TRYLOCK is not supported in uffd addr:0x7a2a636000 page-size:4096
[ 1970-01-09T09:09:48.801        0:  1123:  1123 I/AndroidRuntime  ] Using default boot image
[ 1970-01-09T09:09:48.801        0:  1123:  1123 I/AndroidRuntime  ] Leaving lock profiling enabled
[ 1970-01-09T09:09:48.811        0:  1123:  1123 I/lspd            ] Using CollectorTypeCMC GC.
[ 1970-01-09T09:09:48.932        0:  1123:  1123 D/nativeloader    ] InitDefaultPublicLibraries for_preload=1: libandroid.so:libaaudio.so:libamidi.so:libbinder_ndk.so:libc.so:libcamera2ndk.so:libdl.so:libEGL.so:libGLESv1_CM.so:libGLESv2.so:libGLESv3.so:libicu.so:libicui18n.so:libicuuc.so:libjnigraphics.so:liblog.so:libmediandk.so:libm.so:libnativehelper.so:libnativewindow.so:libOpenMAXAL.so:libOpenSLES.so:libRS.so:libstdc++.so:libsync.so:libvulkan.so:libwebviewchromium_plat_support.so:libz.so
[ 1970-01-09T09:09:48.968        0:  1123:  1123 D/nativeloader    ] Load libicu_jni.so using APEX ns com_android_art for caller /apex/com.android.art/javalib/core-oj.jar: ok
[ 1970-01-09T09:09:48.971        0:  1123:  1123 D/lspd            ] u_setTimeZoneFilesDirectory("/apex/com.android.tzdata/etc/tz/versioned/9/icu") succeeded. 
[ 1970-01-09T09:09:48.972        0:  1123:  1123 D/lspd            ] I18n APEX ICU file found: /apex/com.android.i18n/etc/icu/icudt76l.dat
[ 1970-01-09T09:09:48.976        0:  1123:  1123 D/nativeloader    ] Load libjavacore.so using APEX ns com_android_art for caller /apex/com.android.art/javalib/core-oj.jar: ok
[ 1970-01-09T09:09:48.980        0:  1123:  1123 D/nativeloader    ] Load libopenjdk.so using APEX ns com_android_art for caller /apex/com.android.art/javalib/core-oj.jar: ok
[ 1970-01-09T09:09:48.991        0:  1123:  1123 I/lspd            ] Priority-to-niceness mapping: 19, 16, 13, 10, 0, -2, -4, -5, -6, -8
[ 1970-01-09T09:09:49.051        0:  1123:  1123 D/nativeloader    ] Load libframework-connectivity-tiramisu-jni.so using APEX ns com_android_tethering for caller /apex/com.android.tethering/javalib/framework-connectivity-t.jar: ok
[ 1970-01-09T09:09:49.052        0:  1123:  1123 D/AndroidRuntime  ] Calling main entry org.lsposed.lspd.Main
[ 1970-01-09T09:09:49.066        0:  1123:  1123 I/LSPosedService  ] starting server...
[ 1970-01-09T09:09:49.082        0:  1123:  1123 I/LSPosedService  ] version 1.9.2-it (7467)
[ 1970-01-09T09:09:49.082        0:  1123:  1123 D/nativeloader    ] InitApexLibraries:
  com_android_art: libnativehelper.so
  com_android_i18n: libicui18n.so:libicuuc.so:libicu.so
  com_android_neuralnetworks: libneuralnetworks.so
[ 1970-01-09T09:09:49.082        0:  1123:  1123 D/nativeloader    ] InitDefaultPublicLibraries for_preload=0: libandroid.so:libaaudio.so:libamidi.so:libbinder_ndk.so:libc.so:libcamera2ndk.so:libclang_rt.hwasan-aarch64-android.so:libdl.so:libEGL.so:libGLESv1_CM.so:libGLESv2.so:libGLESv3.so:libjnigraphics.so:liblog.so:libmediandk.so:libm.so:libnativewindow.so:libOpenMAXAL.so:libOpenSLES.so:libRS.so:libstdc++.so:libsync.so:libvulkan.so:libwebviewchromium_plat_support.so:libz.so
[ 1970-01-09T09:09:49.082        0:  1123:  1123 D/nativeloader    ] Configuring clns-1 for other apk . target_sdk_version=0, uses_libraries=ALL, library_path=/system/lib64:/system_ext/lib64, permitted_path=/data:/mnt/expand
[ 1970-01-09T09:09:49.082        0:  1123:  1123 D/nativeloader    ] InitExtendedPublicLibraries: 
[ 1970-01-09T09:09:49.083        0:  1123:  1123 D/nativeloader    ] InitApexLibraries:
  
[ 1970-01-09T09:09:49.083        0:  1123:  1123 D/nativeloader    ] InitVendorPublicLibraries: libqti-perfd-client.so:libadsprpc.so:libcdsprpc.so:libsdsprpc.so:libfastcvopt.so:liblistensoundmodel2.so:libOpenCL.so:libnpu.so:libhta_hexagon_runtime.so:unnhal-acc-hta.so:libAlgoProcess.so:libancbase_rt_bokeh.so:libAncHumBokeh.so:libsnpe_loader.so:libstblur_api.so:libAncHumVideoBase.so:libmidasserviceintf.so:libAncFilter.so:libarcsoft_scbokeh_video.so:libAncHumanDoubleExposure.so:libancbase_rt_doubleexposure.so
[ 1970-01-09T09:09:49.083        0:  1123:  1123 D/nativeloader    ] InitProductPublicLibraries: 
[ 1970-01-09T09:09:49.085        0:  1123:  1123 D/nativeloader    ] Load /data/adb/modules/zygisk_lsposed/daemon.apk!/lib/arm64-v8a/libdaemon.so using isolated ns clns-1 (caller=/data/adb/modules/zygisk_lsposed/daemon.apk): ok
[ 1970-01-09T09:09:49.087        0:  1123:  1246 I/LSPosedLogcat   ] start running
[ 1970-01-09T09:09:49.088        0:  1123:  1246 I/LSPosedLogcat   ] New log file: /data/adb/lspd/log/verbose_1970-01-09T09:09:49.087811.log
[ 1970-01-09T09:09:49.088        0:  1123:  1246 I/LSPosedLogcat   ] New log file: /data/adb/lspd/log/modules_1970-01-09T09:09:49.08868.log
[ 1970-01-09T09:09:49.091        0:  1123:  1123 W/SQLiteCompatibilityWalFlags ] Cannot read global setting sqlite_compatibility_wal_flags - Application state not available
[ 1970-01-09T09:09:49.113        0:  1123:  1248 D/nativeloader    ] Load libjavacrypto.so using APEX ns com_android_conscrypt for caller /apex/com.android.conscrypt/javalib/conscrypt.jar: ok
[ 1970-01-09T09:09:49.121        0:  1123:  1123 W/OverlayConfig   ] partition_order.xml does not exist.
[ 1970-01-09T09:09:49.221        0:  1123:  1227 W/lspd            ] userfaultfd: MOVE ioctl seems unsupported: Success
[ 1970-01-09T09:09:49.354        0:  1123:  1123 I/AconfigPackage  ] android.graphics.pdf.flags is mapped to com.android.mediaprovider
[ 1970-01-09T09:09:49.354        0:  1123:  1123 I/AconfigPackage  ] com.android.providers.media.flags is mapped to com.android.mediaprovider
[ 1970-01-09T09:09:49.354        0:  1123:  1123 I/AconfigPackage  ] android.graphics.pdf.flags.readonly is mapped to com.android.mediaprovider
[ 1970-01-09T09:09:49.354        0:  1123:  1123 I/AconfigPackage  ] com.android.system.virtualmachine.flags is mapped to com.android.virt
[ 1970-01-09T09:09:49.355        0:  1123:  1123 I/AconfigPackage  ] com.android.icu is mapped to com.android.i18n
[ 1970-01-09T09:09:49.355        0:  1123:  1123 I/AconfigPackage  ] com.android.bluetooth.flags is mapped to com.android.bt
[ 1970-01-09T09:09:49.356        0:  1123:  1123 I/AconfigPackage  ] com.android.nfc.module.flags is mapped to com.android.nfcservices
[ 1970-01-09T09:09:49.356        0:  1123:  1123 I/AconfigPackage  ] com.android.uwb.flags is mapped to com.android.uwb
[ 1970-01-09T09:09:49.356        0:  1123:  1123 I/AconfigPackage  ] com.android.ranging.flags is mapped to com.android.uwb
[ 1970-01-09T09:09:49.357        0:  1123:  1123 I/AconfigPackage  ] com.android.devicelock.flags is mapped to com.android.devicelock
[ 1970-01-09T09:09:49.358        0:  1123:  1123 I/AconfigPackage  ] com.android.ipsec.flags is mapped to com.android.ipsec
[ 1970-01-09T09:09:49.358        0:  1123:  1123 I/AconfigPackage  ] com.android.rkpd.flags is mapped to com.android.rkpd
[ 1970-01-09T09:09:49.359        0:  1123:  1123 I/AconfigPackage  ] com.android.media.extractor.flags is mapped to com.android.media
[ 1970-01-09T09:09:49.359        0:  1123:  1123 I/AconfigPackage  ] com.android.media.mainline.flags is mapped to com.android.media
[ 1970-01-09T09:09:49.360        0:  1123:  1123 I/AconfigPackage  ] com.android.permission.flags is mapped to com.android.permission
[ 1970-01-09T09:09:49.360        0:  1123:  1123 I/AconfigPackage  ] com.android.permissioncontroller.flags is mapped to com.android.permission
[ 1970-01-09T09:09:49.360        0:  1123:  1123 I/AconfigPackage  ] android.os.profiling is mapped to com.android.profiling
[ 1970-01-09T09:09:49.360        0:  1123:  1123 I/AconfigPackage  ] android.os.profiling.anomaly.flags is mapped to com.android.profiling
[ 1970-01-09T09:09:49.361        0:  1123:  1123 I/AconfigPackage  ] com.android.healthfitness.flags is mapped to com.android.healthfitness
[ 1970-01-09T09:09:49.361        0:  1123:  1123 I/AconfigPackage  ] com.android.org.conscrypt.flags is mapped to com.android.conscrypt
[ 1970-01-09T09:09:49.361        0:  1123:  1123 I/AconfigPackage  ] com.android.org.conscrypt.net.flags is mapped to com.android.conscrypt
[ 1970-01-09T09:09:49.362        0:  1123:  1123 I/AconfigPackage  ] com.android.appsearch.flags is mapped to com.android.appsearch
[ 1970-01-09T09:09:49.363        0:  1123:  1123 I/AconfigPackage  ] com.android.wifi.flags is mapped to com.android.wifi
[ 1970-01-09T09:09:49.363        0:  1123:  1123 I/AconfigPackage  ] android.provider.flags is mapped to com.android.configinfrastructure
[ 1970-01-09T09:09:49.363        0:  1123:  1123 I/AconfigPackage  ] com.android.server.deviceconfig is mapped to com.android.configinfrastructure
[ 1970-01-09T09:09:49.364        0:  1123:  1123 I/AconfigPackage  ] com.android.os.statsd.flags is mapped to com.android.os.statsd
[ 1970-01-09T09:09:49.365        0:  1123:  1123 I/AconfigPackage  ] com.android.cellbroadcastreceiver.flags is mapped to com.android.cellbroadcast
[ 1970-01-09T09:09:49.365        0:  1123:  1123 I/AconfigPackage  ] android.media.swcodec.flags is mapped to com.android.media.swcodec
[ 1970-01-09T09:09:49.366        0:  1123:  1123 I/AconfigPackage  ] com.android.telephony.flags is mapped to com.android.telephonycore
[ 1970-01-09T09:09:49.366        0:  1123:  1123 I/AconfigPackage  ] com.android.tethering.mainline.beta is mapped to com.android.tethering
[ 1970-01-09T09:09:49.366        0:  1123:  1123 I/AconfigPackage  ] android.net.http is mapped to com.android.tethering
[ 1970-01-09T09:09:49.366        0:  1123:  1123 I/AconfigPackage  ] com.android.tethering.readonly.flags is mapped to com.android.tethering
[ 1970-01-09T09:09:49.366        0:  1123:  1123 I/AconfigPackage  ] android.net.vcn is mapped to com.android.tethering
[ 1970-01-09T09:09:49.366        0:  1123:  1123 I/AconfigPackage  ] com.android.net.flags is mapped to com.android.tethering
[ 1970-01-09T09:09:49.366        0:  1123:  1123 I/AconfigPackage  ] com.android.tethering.beta.test is mapped to com.android.tethering
[ 1970-01-09T09:09:49.366        0:  1123:  1123 I/AconfigPackage  ] com.android.nearby.flags is mapped to com.android.tethering
[ 1970-01-09T09:09:49.366        0:  1123:  1123 I/AconfigPackage  ] com.android.net.ct.flags is mapped to com.android.tethering
[ 1970-01-09T09:09:49.366        0:  1123:  1123 I/AconfigPackage  ] com.android.net.thread.flags is mapped to com.android.tethering
[ 1970-01-09T09:09:49.367        0:  1123:  1123 I/AconfigPackage  ] com.android.adservices.ondevicepersonalization.flags is mapped to com.android.ondevicepersonalization
[ 1970-01-09T09:09:49.368        0:  1123:  1123 I/AconfigPackage  ] com.android.adservices.flags is mapped to com.android.adservices
[ 1970-01-09T09:09:49.368        0:  1123:  1123 I/AconfigPackage  ] com.android.sdksandbox.flags is mapped to com.android.adservices
[ 1970-01-09T09:09:49.368        0:  1123:  1123 I/AconfigPackage  ] com.android.adbd.flags is mapped to com.android.adbd
[ 1970-01-09T09:09:49.369        0:  1123:  1123 I/AconfigPackage  ] android.uprobestats.mainline.flags is mapped to com.android.uprobestats
[ 1970-01-09T09:09:49.369        0:  1123:  1123 I/AconfigPackage  ] com.android.art.flags is mapped to com.android.art
[ 1970-01-09T09:09:49.369        0:  1123:  1123 I/AconfigPackage  ] com.android.art.rw.flags is mapped to com.android.art
[ 1970-01-09T09:09:49.369        0:  1123:  1123 I/AconfigPackage  ] com.android.libcore is mapped to com.android.art
[ 1970-01-09T09:09:49.370        0:  1123:  1123 I/AconfigPackage  ] com.android.crashrecovery.flags is mapped to com.android.crashrecovery
[ 1970-01-09T09:09:49.371        0:  1123:  1123 E/FeatureFlagsImplExport ] android.os.flagging.AconfigStorageReadException: ERROR_PACKAGE_NOT_FOUND: package android.xr cannot be found on the device
[ 1970-01-09T09:09:49.374        0:  1123:  1123 I/LSPosedService  ] service package is not started, wait 1s.
[ 1970-01-09T09:09:50.374        0:  1123:  1123 I/LSPosedService  ] service package is not started, wait 1s.
[ 1970-01-09T09:09:50.483        0:  1284:  1284 I/LSPosed         ] starting lspd 
[ 1970-01-09T09:09:50.493        0:  1287:  1287 I/LSPosed         ] started lspd 1286
[ 2026-02-18T10:59:03.194        0:  1329:  1329 I/zygiskd64       ] Welcome to ReZygisk v1.0.0 Zygiskd64!
[ 2026-02-18T10:59:03.194        0:  1329:  1329 I/zygiskd64       ] KernelSU root implementation found.
[ 2026-02-18T10:59:03.194        0:  1329:  1329 I/zygiskd64       ] Loading modules for architecture: arm64-v8a
[ 2026-02-18T10:59:03.194        0:  1331:  1331 E/zygisk-core64   ] Retrying to connect to ReZygiskd, sleep 1s failed with 2: No such file or directory
[ 2026-02-18T10:59:03.198        0:  1329:  1329 I/zygiskd64       ] Sent root implementation and modules information to controller socket
[ 2026-02-18T10:59:03.199        0:  1085:  1085 I/zygisk-ptrace64 ] status updated: Monitor: ✅, ReZygisk 64-bit: ⚠️, ReZygisk 32-bit: ⚠️
[ 2026-02-18T10:59:03.207        0:  1332:  1332 I/zygiskd32       ] Welcome to ReZygisk v1.0.0 Zygiskd32!
[ 2026-02-18T10:59:03.207        0:  1334:  1334 E/zygisk-core32   ] Retrying to connect to ReZygiskd, sleep 1s failed with 2: No such file or directory
[ 2026-02-18T10:59:03.207        0:  1332:  1332 I/zygiskd32       ] KernelSU root implementation found.
[ 2026-02-18T10:59:03.207        0:  1332:  1332 I/zygiskd32       ] Loading modules for architecture: armeabi-v7a
[ 2026-02-18T10:59:03.207        0:  1332:  1332 I/zygiskd32       ] Sent root implementation and modules information to controller socket
[ 2026-02-18T10:59:03.207        0:  1085:  1085 I/zygisk-ptrace64 ] status updated: Monitor: ✅, ReZygisk 64-bit: ⚠️, ReZygisk 32-bit: ⚠️
[ 2026-02-18T10:59:03.767        0:  1123:  1123 I/LSPosedService  ] service package is not started, wait 1s.
[ 2026-02-18T10:59:04.194        0:  1331:  1331 I/zygisk-ptrace64 ] start tracing 1327 (tracer 1331)
[ 2026-02-18T10:59:04.195        0:  1331:  1331 I/zygisk-ptrace64 ] injecting /data/adb/modules/rezygisk/lib64/libzygisk.so to zygote 1327
[ 2026-02-18T10:59:04.207        0:  1334:  1334 I/zygisk-ptrace32 ] start tracing 1328 (tracer 1334)
[ 2026-02-18T10:59:04.207        0:  1334:  1334 I/zygisk-ptrace32 ] injecting /data/adb/modules/rezygisk/lib/libzygisk.so to zygote 1328
[ 2026-02-18T10:59:04.306        0:  1331:  1331 E/zygisk-elfutil64 ] Cannot load symtabs: .symtab section or its string table not found/valid.
[ 2026-02-18T10:59:04.306        0:  1331:  1331 E/zygisk-elfutil64 ] Failed to load symtabs for linear lookup of free
[ 2026-02-18T10:59:04.306        0:  1331:  1331 E/zygisk-ptrace64 ] failed to find symbol free in /system/lib64/liblog.so
[ 2026-02-18T10:59:04.306        0:  1331:  1331 E/zygisk-elfutil64 ] Cannot load symtabs: .symtab section or its string table not found/valid.
[ 2026-02-18T10:59:04.306        0:  1331:  1331 E/zygisk-elfutil64 ] Failed to load symtabs for linear lookup of free
[ 2026-02-18T10:59:04.306        0:  1331:  1331 E/zygisk-ptrace64 ] failed to find symbol free in /apex/com.android.runtime/lib64/bionic/libm.so
[ 2026-02-18T10:59:04.306        0:  1331:  1331 E/zygisk-elfutil64 ] Cannot load symtabs: .symtab section or its string table not found/valid.
[ 2026-02-18T10:59:04.306        0:  1331:  1331 E/zygisk-elfutil64 ] Failed to load symtabs for linear lookup of free
[ 2026-02-18T10:59:04.306        0:  1331:  1331 E/zygisk-ptrace64 ] failed to find symbol free in /apex/com.android.runtime/lib64/bionic/libdl.so
[ 2026-02-18T10:59:04.307        0:  1331:  1331 W/zygisk-ptrace64 ] Bypassing resolution of EH frame function: __register_frame
[ 2026-02-18T10:59:04.307        0:  1331:  1331 E/zygisk-elfutil64 ] Cannot load symtabs: .symtab section or its string table not found/valid.
[ 2026-02-18T10:59:04.307        0:  1331:  1331 E/zygisk-elfutil64 ] Failed to load symtabs for linear lookup of strncmp
[ 2026-02-18T10:59:04.307        0:  1331:  1331 E/zygisk-ptrace64 ] failed to find symbol strncmp in /system/lib64/liblog.so
[ 2026-02-18T10:59:04.307        0:  1331:  1331 E/zygisk-elfutil64 ] Cannot load symtabs: .symtab section or its string table not found/valid.
[ 2026-02-18T10:59:04.307        0:  1331:  1331 E/zygisk-elfutil64 ] Failed to load symtabs for linear lookup of strncmp
[ 2026-02-18T10:59:04.307        0:  1331:  1331 E/zygisk-ptrace64 ] failed to find symbol strncmp in /apex/com.android.runtime/lib64/bionic/libm.so
[ 2026-02-18T10:59:04.307        0:  1331:  1331 E/zygisk-elfutil64 ] Cannot load symtabs: .symtab section or its string table not found/valid.
[ 2026-02-18T10:59:04.307        0:  1331:  1331 E/zygisk-elfutil64 ] Failed to load symtabs for linear lookup of strncmp
[ 2026-02-18T10:59:04.307        0:  1331:  1331 E/zygisk-ptrace64 ] failed to find symbol strncmp in /apex/com.android.runtime/lib64/bionic/libdl.so
[ 2026-02-18T10:59:04.307        0:  1331:  1331 E/zygisk-elfutil64 ] Cannot load symtabs: .symtab section or its string table not found/valid.
[ 2026-02-18T10:59:04.307        0:  1331:  1331 E/zygisk-elfutil64 ] Failed to load symtabs for linear lookup of access
[ 2026-02-18T10:59:04.307        0:  1331:  1331 E/zygisk-ptrace64 ] failed to find symbol access in /system/lib64/liblog.so
[ 2026-02-18T10:59:04.307        0:  1331:  1331 E/zygisk-elfutil64 ] Cannot load symtabs: .symtab section or its string table not found/valid.
[ 2026-02-18T10:59:04.307        0:  1331:  1331 E/zygisk-elfutil64 ] Failed to load symtabs for linear lookup of access
[ 2026-02-18T10:59:04.307        0:  1331:  1331 E/zygisk-ptrace64 ] failed to find symbol access in /apex/com.android.runtime/lib64/bionic/libm.so
[ 2026-02-18T10:59:04.307        0:  1331:  1331 E/zygisk-elfutil64 ] Cannot load symtabs: .symtab section or its string table not found/valid.
[ 2026-02-18T10:59:04.307        0:  1331:  1331 E/zygisk-elfutil64 ] Failed to load symtabs for linear lookup of access
[ 2026-02-18T10:59:04.307        0:  1331:  1331 E/zygisk-ptrace64 ] failed to find symbol access in /apex/com.android.runtime/lib64/bionic/libdl.so
[ 2026-02-18T10:59:04.308        0:  1331:  1331 E/zygisk-elfutil64 ] Cannot load symtabs: .symtab section or its string table not found/valid.
[ 2026-02-18T10:59:04.308        0:  1331:  1331 E/zygisk-elfutil64 ] Failed to load symtabs for linear lookup of close
[ 2026-02-18T10:59:04.308        0:  1331:  1331 E/zygisk-ptrace64 ] failed to find symbol close in /system/lib64/liblog.so
[ 2026-02-18T10:59:04.308        0:  1331:  1331 E/zygisk-elfutil64 ] Cannot load symtabs: .symtab section or its string table not found/valid.
[ 2026-02-18T10:59:04.308        0:  1331:  1331 E/zygisk-elfutil64 ] Failed to load symtabs for linear lookup of close
[ 2026-02-18T10:59:04.308        0:  1331:  1331 E/zygisk-ptrace64 ] failed to find symbol close in /apex/com.android.runtime/lib64/bionic/libm.so
[ 2026-02-18T10:59:04.308        0:  1331:  1331 E/zygisk-elfutil64 ] Cannot load symtabs: .symtab section or its string table not found/valid.
[ 2026-02-18T10:59:04.308        0:  1331:  1331 E/zygisk-elfutil64 ] Failed to load symtabs for linear lookup of close
[ 2026-02-18T10:59:04.308        0:  1331:  1331 E/zygisk-ptrace64 ] failed to find symbol close in /apex/com.android.runtime/lib64/bionic/libdl.so
[ 2026-02-18T10:59:04.308        0:  1331:  1331 E/zygisk-elfutil64 ] Cannot load symtabs: .symtab section or its string table not found/valid.
[ 2026-02-18T10:59:04.308        0:  1331:  1331 E/zygisk-elfutil64 ] Failed to load symtabs for linear lookup of gettid
[ 2026-02-18T10:59:04.308        0:  1331:  1331 E/zygisk-ptrace64 ] failed to find symbol gettid in /system/lib64/liblog.so
[ 2026-02-18T10:59:04.308        0:  1331:  1331 E/zygisk-elfutil64 ] Cannot load symtabs: .symtab section or its string table not found/valid.
[ 2026-02-18T10:59:04.308        0:  1331:  1331 E/zygisk-elfutil64 ] Failed to load symtabs for linear lookup of gettid
[ 2026-02-18T10:59:04.308        0:  1331:  1331 E/zygisk-ptrace64 ] failed to find symbol gettid in /apex/com.android.runtime/lib64/bionic/libm.so
[ 2026-02-18T10:59:04.308        0:  1331:  1331 E/zygisk-elfutil64 ] Cannot load symtabs: .symtab section or its string table not found/valid.
[ 2026-02-18T10:59:04.308        0:  1331:  1331 E/zygisk-elfutil64 ] Failed to load symtabs for linear lookup of gettid
[ 2026-02-18T10:59:04.308        0:  1331:  1331 E/zygisk-ptrace64 ] failed to find symbol gettid in /apex/com.android.runtime/lib64/bionic/libdl.so
[ 2026-02-18T10:59:04.309        0:  1331:  1331 E/zygisk-elfutil64 ] Cannot load symtabs: .symtab section or its string table not found/valid.
[ 2026-02-18T10:59:04.309        0:  1331:  1331 E/zygisk-elfutil64 ] Failed to load symtabs for linear lookup of getpid
[ 2026-02-18T10:59:04.309        0:  1331:  1331 E/zygisk-ptrace64 ] failed to find symbol getpid in /system/lib64/liblog.so
[ 2026-02-18T10:59:04.309        0:  1331:  1331 E/zygisk-elfutil64 ] Cannot load symtabs: .symtab section or its string table not found/valid.
[ 2026-02-18T10:59:04.309        0:  1331:  1331 E/zygisk-elfutil64 ] Failed to load symtabs for linear lookup of getpid
[ 2026-02-18T10:59:04.309        0:  1331:  1331 E/zygisk-ptrace64 ] failed to find symbol getpid in /apex/com.android.runtime/lib64/bionic/libm.so
[ 2026-02-18T10:59:04.309        0:  1331:  1331 E/zygisk-elfutil64 ] Cannot load symtabs: .symtab section or its string table not found/valid.
[ 2026-02-18T10:59:04.309        0:  1331:  1331 E/zygisk-elfutil64 ] Failed to load symtabs for linear lookup of getpid
[ 2026-02-18T10:59:04.309        0:  1331:  1331 E/zygisk-ptrace64 ] failed to find symbol getpid in /apex/com.android.runtime/lib64/bionic/libdl.so
[ 2026-02-18T10:59:04.309        0:  1331:  1331 E/zygisk-elfutil64 ] Cannot load symtabs: .symtab section or its string table not found/valid.
[ 2026-02-18T10:59:04.309        0:  1331:  1331 E/zygisk-elfutil64 ] Failed to load symtabs for linear lookup of free
[ 2026-02-18T10:59:04.309        0:  1331:  1331 E/zygisk-ptrace64 ] failed to find symbol free in /system/lib64/liblog.so
[ 2026-02-18T10:59:04.309        0:  1331:  1331 E/zygisk-elfutil64 ] Cannot load symtabs: .symtab section or its string table not found/valid.
[ 2026-02-18T10:59:04.309        0:  1331:  1331 E/zygisk-elfutil64 ] Failed to load symtabs for linear lookup of free
[ 2026-02-18T10:59:04.309        0:  1331:  1331 E/zygisk-ptrace64 ] failed to find symbol free in /apex/com.android.runtime/lib64/bionic/libm.so
[ 2026-02-18T10:59:04.309        0:  1331:  1331 E/zygisk-elfutil64 ] Cannot load symtabs: .symtab section or its string table not found/valid.
[ 2026-02-18T10:59:04.309        0:  1331:  1331 E/zygisk-elfutil64 ] Failed to load symtabs for linear lookup of free
[ 2026-02-18T10:59:04.309        0:  1331:  1331 E/zygisk-ptrace64 ] failed to find symbol free in /apex/com.android.runtime/lib64/bionic/libdl.so
[ 2026-02-18T10:59:04.310        0:  1331:  1331 E/zygisk-elfutil64 ] Cannot load symtabs: .symtab section or its string table not found/valid.
[ 2026-02-18T10:59:04.310        0:  1331:  1331 E/zygisk-elfutil64 ] Failed to load symtabs for linear lookup of munmap
[ 2026-02-18T10:59:04.310        0:  1331:  1331 E/zygisk-ptrace64 ] failed to find symbol munmap in /system/lib64/liblog.so
[ 2026-02-18T10:59:04.310        0:  1331:  1331 E/zygisk-elfutil64 ] Cannot load symtabs: .symtab section or its string table not found/valid.
[ 2026-02-18T10:59:04.310        0:  1331:  1331 E/zygisk-elfutil64 ] Failed to load symtabs for linear lookup of munmap
[ 2026-02-18T10:59:04.310        0:  1331:  1331 E/zygisk-ptrace64 ] failed to find symbol munmap in /apex/com.android.runtime/lib64/bionic/libm.so
[ 2026-02-18T10:59:04.310        0:  1331:  1331 E/zygisk-elfutil64 ] Cannot load symtabs: .symtab section or its string table not found/valid.
[ 2026-02-18T10:59:04.310        0:  1331:  1331 E/zygisk-elfutil64 ] Failed to load symtabs for linear lookup of munmap
[ 2026-02-18T10:59:04.310        0:  1331:  1331 E/zygisk-ptrace64 ] failed to find symbol munmap in /apex/com.android.runtime/lib64/bionic/libdl.so
[ 2026-02-18T10:59:04.310        0:  1331:  1331 E/zygisk-elfutil64 ] Cannot load symtabs: .symtab section or its string table not found/valid.
[ 2026-02-18T10:59:04.310        0:  1331:  1331 E/zygisk-elfutil64 ] Failed to load symtabs for linear lookup of strcmp
[ 2026-02-18T10:59:04.310        0:  1331:  1331 E/zygisk-ptrace64 ] failed to find symbol strcmp in /system/lib64/liblog.so
[ 2026-02-18T10:59:04.310        0:  1331:  1331 E/zygisk-elfutil64 ] Cannot load symtabs: .symtab section or its string table not found/valid.
[ 2026-02-18T10:59:04.311        0:  1331:  1331 E/zygisk-elfutil64 ] Failed to load symtabs for linear lookup of strcmp
[ 2026-02-18T10:59:04.311        0:  1331:  1331 E/zygisk-ptrace64 ] failed to find symbol strcmp in /apex/com.android.runtime/lib64/bionic/libm.so
[ 2026-02-18T10:59:04.311        0:  1331:  1331 E/zygisk-elfutil64 ] Cannot load symtabs: .symtab section or its string table not found/valid.
[ 2026-02-18T10:59:04.311        0:  1331:  1331 E/zygisk-elfutil64 ] Failed to load symtabs for linear lookup of strcmp
[ 2026-02-18T10:59:04.311        0:  1331:  1331 E/zygisk-ptrace64 ] failed to find symbol strcmp in /apex/com.android.runtime/lib64/bionic/libdl.so
[ 2026-02-18T10:59:04.311        0:  1331:  1331 E/zygisk-elfutil64 ] Cannot load symtabs: .symtab section or its string table not found/valid.
[ 2026-02-18T10:59:04.311        0:  1331:  1331 E/zygisk-elfutil64 ] Failed to load symtabs for linear lookup of strstr
[ 2026-02-18T10:59:04.311        0:  1331:  1331 E/zygisk-ptrace64 ] failed to find symbol strstr in /system/lib64/liblog.so
[ 2026-02-18T10:59:04.311        0:  1331:  1331 E/zygisk-elfutil64 ] Cannot load symtabs: .symtab section or its string table not found/valid.
[ 2026-02-18T10:59:04.312        0:  1331:  1331 E/zygisk-elfutil64 ] Failed to load symtabs for linear lookup of strstr
[ 2026-02-18T10:59:04.312        0:  1331:  1331 E/zygisk-ptrace64 ] failed to find symbol strstr in /apex/com.android.runtime/lib64/bionic/libm.so
[ 2026-02-18T10:59:04.312        0:  1331:  1331 E/zygisk-elfutil64 ] Cannot load symtabs: .symtab section or its string table not found/valid.
[ 2026-02-18T10:59:04.312        0:  1331:  1331 E/zygisk-elfutil64 ] Failed to load symtabs for linear lookup of strstr
[ 2026-02-18T10:59:04.312        0:  1331:  1331 E/zygisk-ptrace64 ] failed to find symbol strstr in /apex/com.android.runtime/lib64/bionic/libdl.so
[ 2026-02-18T10:59:04.312        0:  1331:  1331 E/zygisk-elfutil64 ] Cannot load symtabs: .symtab section or its string table not found/valid.
[ 2026-02-18T10:59:04.312        0:  1331:  1331 E/zygisk-elfutil64 ] Failed to load symtabs for linear lookup of dlsym
[ 2026-02-18T10:59:04.312        0:  1331:  1331 E/zygisk-ptrace64 ] failed to find symbol dlsym in /system/lib64/liblog.so
[ 2026-02-18T10:59:04.312        0:  1331:  1331 E/zygisk-elfutil64 ] Cannot load symtabs: .symtab section or its string table not found/valid.
[ 2026-02-18T10:59:04.312        0:  1331:  1331 E/zygisk-elfutil64 ] Failed to load symtabs for linear lookup of dlsym
[ 2026-02-18T10:59:04.312        0:  1331:  1331 E/zygisk-ptrace64 ] failed to find symbol dlsym in /apex/com.android.runtime/lib64/bionic/libm.so
[ 2026-02-18T10:59:04.312        0:  1331:  1331 E/zygisk-elfutil64 ] Cannot load symtabs: .symtab section or its string table not found/valid.
[ 2026-02-18T10:59:04.312        0:  1331:  1331 E/zygisk-elfutil64 ] Failed to load symtabs for linear lookup of dlopen
[ 2026-02-18T10:59:04.312        0:  1331:  1331 E/zygisk-ptrace64 ] failed to find symbol dlopen in /system/lib64/liblog.so
[ 2026-02-18T10:59:04.313        0:  1331:  1331 E/zygisk-elfutil64 ] Cannot load symtabs: .symtab section or its string table not found/valid.
[ 2026-02-18T10:59:04.313        0:  1331:  1331 E/zygisk-elfutil64 ] Failed to load symtabs for linear lookup of dlopen
[ 2026-02-18T10:59:04.313        0:  1331:  1331 E/zygisk-ptrace64 ] failed to find symbol dlopen in /apex/com.android.runtime/lib64/bionic/libm.so
[ 2026-02-18T10:59:04.313        0:  1331:  1331 E/zygisk-elfutil64 ] Cannot load symtabs: .symtab section or its string table not found/valid.
[ 2026-02-18T10:59:04.313        0:  1331:  1331 E/zygisk-elfutil64 ] Failed to load symtabs for linear lookup of dlerror
[ 2026-02-18T10:59:04.313        0:  1331:  1331 E/zygisk-ptrace64 ] failed to find symbol dlerror in /system/lib64/liblog.so
[ 2026-02-18T10:59:04.313        0:  1331:  1331 E/zygisk-elfutil64 ] Cannot load symtabs: .symtab section or its string table not found/valid.
[ 2026-02-18T10:59:04.313        0:  1331:  1331 E/zygisk-elfutil64 ] Failed to load symtabs for linear lookup of dlerror
[ 2026-02-18T10:59:04.313        0:  1331:  1331 E/zygisk-ptrace64 ] failed to find symbol dlerror in /apex/com.android.runtime/lib64/bionic/libm.so
[ 2026-02-18T10:59:04.313        0:  1331:  1331 E/zygisk-elfutil64 ] Cannot load symtabs: .symtab section or its string table not found/valid.
[ 2026-02-18T10:59:04.313        0:  1331:  1331 E/zygisk-elfutil64 ] Failed to load symtabs for linear lookup of dlclose
[ 2026-02-18T10:59:04.313        0:  1331:  1331 E/zygisk-ptrace64 ] failed to find symbol dlclose in /system/lib64/liblog.so
[ 2026-02-18T10:59:04.314        0:  1331:  1331 E/zygisk-elfutil64 ] Cannot load symtabs: .symtab section or its string table not found/valid.
[ 2026-02-18T10:59:04.314        0:  1331:  1331 E/zygisk-elfutil64 ] Failed to load symtabs for linear lookup of dlclose
[ 2026-02-18T10:59:04.314        0:  1331:  1331 E/zygisk-ptrace64 ] failed to find symbol dlclose in /apex/com.android.runtime/lib64/bionic/libm.so
[ 2026-02-18T10:59:04.314        0:  1331:  1331 E/zygisk-elfutil64 ] Cannot load symtabs: .symtab section or its string table not found/valid.
[ 2026-02-18T10:59:04.314        0:  1331:  1331 E/zygisk-elfutil64 ] Failed to load symtabs for linear lookup of pthread_mutex_init
[ 2026-02-18T10:59:04.314        0:  1331:  1331 E/zygisk-ptrace64 ] failed to find symbol pthread_mutex_init in /system/lib64/liblog.so
[ 2026-02-18T10:59:04.314        0:  1331:  1331 E/zygisk-elfutil64 ] Cannot load symtabs: .symtab section or its string table not found/valid.
[ 2026-02-18T10:59:04.314        0:  1331:  1331 E/zygisk-elfutil64 ] Failed to load symtabs for linear lookup of pthread_mutex_init
[ 2026-02-18T10:59:04.314        0:  1331:  1331 E/zygisk-ptrace64 ] failed to find symbol pthread_mutex_init in /apex/com.android.runtime/lib64/bionic/libm.so
[ 2026-02-18T10:59:04.314        0:  1331:  1331 E/zygisk-elfutil64 ] Cannot load symtabs: .symtab section or its string table not found/valid.
[ 2026-02-18T10:59:04.314        0:  1331:  1331 E/zygisk-elfutil64 ] Failed to load symtabs for linear lookup of pthread_mutex_init
[ 2026-02-18T10:59:04.314        0:  1331:  1331 E/zygisk-ptrace64 ] failed to find symbol pthread_mutex_init in /apex/com.android.runtime/lib64/bionic/libdl.so
[ 2026-02-18T10:59:04.315        0:  1331:  1331 E/zygisk-elfutil64 ] Cannot load symtabs: .symtab section or its string table not found/valid.
[ 2026-02-18T10:59:04.315        0:  1331:  1331 E/zygisk-elfutil64 ] Failed to load symtabs for linear lookup of opendir
[ 2026-02-18T10:59:04.315        0:  1331:  1331 E/zygisk-ptrace64 ] failed to find symbol opendir in /system/lib64/liblog.so
[ 2026-02-18T10:59:04.315        0:  1331:  1331 E/zygisk-elfutil64 ] Cannot load symtabs: .symtab section or its string table not found/valid.
[ 2026-02-18T10:59:04.315        0:  1331:  1331 E/zygisk-elfutil64 ] Failed to load symtabs for linear lookup of opendir
[ 2026-02-18T10:59:04.315        0:  1331:  1331 E/zygisk-ptrace64 ] failed to find symbol opendir in /apex/com.android.runtime/lib64/bionic/libm.so
[ 2026-02-18T10:59:04.315        0:  1331:  1331 E/zygisk-elfutil64 ] Cannot load symtabs: .symtab section or its string table not found/valid.
[ 2026-02-18T10:59:04.315        0:  1331:  1331 E/zygisk-elfutil64 ] Failed to load symtabs for linear lookup of opendir
[ 2026-02-18T10:59:04.315        0:  1331:  1331 E/zygisk-ptrace64 ] failed to find symbol opendir in /apex/com.android.runtime/lib64/bionic/libdl.so
[ 2026-02-18T10:59:04.315        0:  1331:  1331 E/zygisk-elfutil64 ] Cannot load symtabs: .symtab section or its string table not found/valid.
[ 2026-02-18T10:59:04.315        0:  1331:  1331 E/zygisk-elfutil64 ] Failed to load symtabs for linear lookup of __errno
[ 2026-02-18T10:59:04.315        0:  1331:  1331 E/zygisk-ptrace64 ] failed to find symbol __errno in /system/lib64/liblog.so
[ 2026-02-18T10:59:04.315        0:  1331:  1331 E/zygisk-elfutil64 ] Cannot load symtabs: .symtab section or its string table not found/valid.
[ 2026-02-18T10:59:04.316        0:  1331:  1331 E/zygisk-elfutil64 ] Failed to load symtabs for linear lookup of __errno
[ 2026-02-18T10:59:04.316        0:  1331:  1331 E/zygisk-ptrace64 ] failed to find symbol __errno in /apex/com.android.runtime/lib64/bionic/libm.so
[ 2026-02-18T10:59:04.316        0:  1331:  1331 E/zygisk-elfutil64 ] Cannot load symtabs: .symtab section or its string table not found/valid.
[ 2026-02-18T10:59:04.316        0:  1331:  1331 E/zygisk-elfutil64 ] Failed to load symtabs for linear lookup of __errno
[ 2026-02-18T10:59:04.316        0:  1331:  1331 E/zygisk-ptrace64 ] failed to find symbol __errno in /apex/com.android.runtime/lib64/bionic/libdl.so
[ 2026-02-18T10:59:04.316        0:  1331:  1331 E/zygisk-elfutil64 ] Cannot load symtabs: .symtab section or its string table not found/valid.
[ 2026-02-18T10:59:04.316        0:  1331:  1331 E/zygisk-elfutil64 ] Failed to load symtabs for linear lookup of strerror
[ 2026-02-18T10:59:04.316        0:  1331:  1331 E/zygisk-ptrace64 ] failed to find symbol strerror in /system/lib64/liblog.so
[ 2026-02-18T10:59:04.316        0:  1331:  1331 E/zygisk-elfutil64 ] Cannot load symtabs: .symtab section or its string table not found/valid.
[ 2026-02-18T10:59:04.316        0:  1331:  1331 E/zygisk-elfutil64 ] Failed to load symtabs for linear lookup of strerror
[ 2026-02-18T10:59:04.316        0:  1331:  1331 E/zygisk-ptrace64 ] failed to find symbol strerror in /apex/com.android.runtime/lib64/bionic/libm.so
[ 2026-02-18T10:59:04.316        0:  1331:  1331 E/zygisk-elfutil64 ] Cannot load symtabs: .symtab section or its string table not found/valid.
[ 2026-02-18T10:59:04.316        0:  1331:  1331 E/zygisk-elfutil64 ] Failed to load symtabs for linear lookup of strerror
[ 2026-02-18T10:59:04.317        0:  1331:  1331 E/zygisk-ptrace64 ] failed to find symbol strerror in /apex/com.android.runtime/lib64/bionic/libdl.so
[ 2026-02-18T10:59:04.317        0:  1331:  1331 E/zygisk-elfutil64 ] Cannot load symtabs: .symtab section or its string table not found/valid.
[ 2026-02-18T10:59:04.317        0:  1331:  1331 E/zygisk-elfutil64 ] Failed to load symtabs for linear lookup of readdir
[ 2026-02-18T10:59:04.317        0:  1331:  1331 E/zygisk-ptrace64 ] failed to find symbol readdir in /system/lib64/liblog.so
[ 2026-02-18T10:59:04.317        0:  1331:  1331 E/zygisk-elfutil64 ] Cannot load symtabs: .symtab section or its string table not found/valid.
[ 2026-02-18T10:59:04.317        0:  1331:  1331 E/zygisk-elfutil64 ] Failed to load symtabs for linear lookup of readdir
[ 2026-02-18T10:59:04.317        0:  1331:  1331 E/zygisk-ptrace64 ] failed to find symbol readdir in /apex/com.android.runtime/lib64/bionic/libm.so
[ 2026-02-18T10:59:04.317        0:  1331:  1331 E/zygisk-elfutil64 ] Cannot load symtabs: .symtab section or its string table not found/valid.
[ 2026-02-18T10:59:04.317        0:  1331:  1331 E/zygisk-elfutil64 ] Failed to load symtabs for linear lookup of readdir
[ 2026-02-18T10:59:04.317        0:  1331:  1331 E/zygisk-ptrace64 ] failed to find symbol readdir in /apex/com.android.runtime/lib64/bionic/libdl.so
[ 2026-02-18T10:59:04.318        0:  1331:  1331 E/zygisk-elfutil64 ] Cannot load symtabs: .symtab section or its string table not found/valid.
[ 2026-02-18T10:59:04.318        0:  1331:  1331 E/zygisk-elfutil64 ] Failed to load symtabs for linear lookup of dirfd
[ 2026-02-18T10:59:04.318        0:  1331:  1331 E/zygisk-ptrace64 ] failed to find symbol dirfd in /system/lib64/liblog.so
[ 2026-02-18T10:59:04.318        0:  1331:  1331 E/zygisk-elfutil64 ] Cannot load symtabs: .symtab section or its string table not found/valid.
[ 2026-02-18T10:59:04.318        0:  1331:  1331 E/zygisk-elfutil64 ] Failed to load symtabs for linear lookup of dirfd
[ 2026-02-18T10:59:04.318        0:  1331:  1331 E/zygisk-ptrace64 ] failed to find symbol dirfd in /apex/com.android.runtime/lib64/bionic/libm.so
[ 2026-02-18T10:59:04.318        0:  1331:  1331 E/zygisk-elfutil64 ] Cannot load symtabs: .symtab section or its string table not found/valid.
[ 2026-02-18T10:59:04.318        0:  1331:  1331 E/zygisk-elfutil64 ] Failed to load symtabs for linear lookup of dirfd
[ 2026-02-18T10:59:04.318        0:  1331:  1331 E/zygisk-ptrace64 ] failed to find symbol dirfd in /apex/com.android.runtime/lib64/bionic/libdl.so
[ 2026-02-18T10:59:04.318        0:  1331:  1331 E/zygisk-elfutil64 ] Cannot load symtabs: .symtab section or its string table not found/valid.
[ 2026-02-18T10:59:04.318        0:  1331:  1331 E/zygisk-elfutil64 ] Failed to load symtabs for linear lookup of closedir
[ 2026-02-18T10:59:04.318        0:  1331:  1331 E/zygisk-ptrace64 ] failed to find symbol closedir in /system/lib64/liblog.so
[ 2026-02-18T10:59:04.319        0:  1331:  1331 E/zygisk-elfutil64 ] Cannot load symtabs: .symtab section or its string table not found/valid.
[ 2026-02-18T10:59:04.319        0:  1331:  1331 E/zygisk-elfutil64 ] Failed to load symtabs for linear lookup of closedir
[ 2026-02-18T10:59:04.319        0:  1331:  1331 E/zygisk-ptrace64 ] failed to find symbol closedir in /apex/com.android.runtime/lib64/bionic/libm.so
[ 2026-02-18T10:59:04.319        0:  1331:  1331 E/zygisk-elfutil64 ] Cannot load symtabs: .symtab section or its string table not found/valid.
[ 2026-02-18T10:59:04.319        0:  1331:  1331 E/zygisk-elfutil64 ] Failed to load symtabs for linear lookup of closedir
[ 2026-02-18T10:59:04.319        0:  1331:  1331 E/zygisk-ptrace64 ] failed to find symbol closedir in /apex/com.android.runtime/lib64/bionic/libdl.so
[ 2026-02-18T10:59:04.319        0:  1331:  1331 E/zygisk-elfutil64 ] Cannot load symtabs: .symtab section or its string table not found/valid.
[ 2026-02-18T10:59:04.319        0:  1331:  1331 E/zygisk-elfutil64 ] Failed to load symtabs for linear lookup of sigemptyset
[ 2026-02-18T10:59:04.319        0:  1331:  1331 E/zygisk-ptrace64 ] failed to find symbol sigemptyset in /system/lib64/liblog.so
[ 2026-02-18T10:59:04.319        0:  1331:  1331 E/zygisk-elfutil64 ] Cannot load symtabs: .symtab section or its string table not found/valid.
[ 2026-02-18T10:59:04.319        0:  1331:  1331 E/zygisk-elfutil64 ] Failed to load symtabs for linear lookup of sigemptyset
[ 2026-02-18T10:59:04.319        0:  1331:  1331 E/zygisk-ptrace64 ] failed to find symbol sigemptyset in /apex/com.android.runtime/lib64/bionic/libm.so
[ 2026-02-18T10:59:04.319        0:  1331:  1331 E/zygisk-elfutil64 ] Cannot load symtabs: .symtab section or its string table not found/valid.
[ 2026-02-18T10:59:04.319        0:  1331:  1331 E/zygisk-elfutil64 ] Failed to load symtabs for linear lookup of sigemptyset
[ 2026-02-18T10:59:04.319        0:  1331:  1331 E/zygisk-ptrace64 ] failed to find symbol sigemptyset in /apex/com.android.runtime/lib64/bionic/libdl.so
[ 2026-02-18T10:59:04.320        0:  1331:  1331 E/zygisk-elfutil64 ] Cannot load symtabs: .symtab section or its string table not found/valid.
[ 2026-02-18T10:59:04.320        0:  1331:  1331 E/zygisk-elfutil64 ] Failed to load symtabs for linear lookup of sigaddset
[ 2026-02-18T10:59:04.320        0:  1331:  1331 E/zygisk-ptrace64 ] failed to find symbol sigaddset in /system/lib64/liblog.so
[ 2026-02-18T10:59:04.320        0:  1331:  1331 E/zygisk-elfutil64 ] Cannot load symtabs: .symtab section or its string table not found/valid.
[ 2026-02-18T10:59:04.320        0:  1331:  1331 E/zygisk-elfutil64 ] Failed to load symtabs for linear lookup of sigaddset
[ 2026-02-18T10:59:04.320        0:  1331:  1331 E/zygisk-ptrace64 ] failed to find symbol sigaddset in /apex/com.android.runtime/lib64/bionic/libm.so
[ 2026-02-18T10:59:04.320        0:  1331:  1331 E/zygisk-elfutil64 ] Cannot load symtabs: .symtab section or its string table not found/valid.
[ 2026-02-18T10:59:04.320        0:  1331:  1331 E/zygisk-elfutil64 ] Failed to load symtabs for linear lookup of sigaddset
[ 2026-02-18T10:59:04.320        0:  1331:  1331 E/zygisk-ptrace64 ] failed to find symbol sigaddset in /apex/com.android.runtime/lib64/bionic/libdl.so
[ 2026-02-18T10:59:04.320        0:  1331:  1331 E/zygisk-elfutil64 ] Cannot load symtabs: .symtab section or its string table not found/valid.
[ 2026-02-18T10:59:04.321        0:  1331:  1331 E/zygisk-elfutil64 ] Failed to load symtabs for linear lookup of sigprocmask
[ 2026-02-18T10:59:04.321        0:  1331:  1331 E/zygisk-ptrace64 ] failed to find symbol sigprocmask in /system/lib64/liblog.so
[ 2026-02-18T10:59:04.321        0:  1331:  1331 E/zygisk-elfutil64 ] Cannot load symtabs: .symtab section or its string table not found/valid.
[ 2026-02-18T10:59:04.321        0:  1331:  1331 E/zygisk-elfutil64 ] Failed to load symtabs for linear lookup of sigprocmask
[ 2026-02-18T10:59:04.321        0:  1331:  1331 E/zygisk-ptrace64 ] failed to find symbol sigprocmask in /apex/com.android.runtime/lib64/bionic/libm.so
[ 2026-02-18T10:59:04.321        0:  1331:  1331 E/zygisk-elfutil64 ] Cannot load symtabs: .symtab section or its string table not found/valid.
[ 2026-02-18T10:59:04.321        0:  1331:  1331 E/zygisk-elfutil64 ] Failed to load symtabs for linear lookup of sigprocmask
[ 2026-02-18T10:59:04.321        0:  1331:  1331 E/zygisk-ptrace64 ] failed to find symbol sigprocmask in /apex/com.android.runtime/lib64/bionic/libdl.so
[ 2026-02-18T10:59:04.321        0:  1331:  1331 E/zygisk-elfutil64 ] Cannot load symtabs: .symtab section or its string table not found/valid.
[ 2026-02-18T10:59:04.321        0:  1331:  1331 E/zygisk-elfutil64 ] Failed to load symtabs for linear lookup of stat
[ 2026-02-18T10:59:04.321        0:  1331:  1331 E/zygisk-ptrace64 ] failed to find symbol stat in /system/lib64/liblog.so
[ 2026-02-18T10:59:04.321        0:  1331:  1331 E/zygisk-elfutil64 ] Cannot load symtabs: .symtab section or its string table not found/valid.
[ 2026-02-18T10:59:04.321        0:  1331:  1331 E/zygisk-elfutil64 ] Failed to load symtabs for linear lookup of stat
[ 2026-02-18T10:59:04.321        0:  1331:  1331 E/zygisk-ptrace64 ] failed to find symbol stat in /apex/com.android.runtime/lib64/bionic/libm.so
[ 2026-02-18T10:59:04.322        0:  1331:  1331 E/zygisk-elfutil64 ] Cannot load symtabs: .symtab section or its string table not found/valid.
[ 2026-02-18T10:59:04.322        0:  1331:  1331 E/zygisk-elfutil64 ] Failed to load symtabs for linear lookup of stat
[ 2026-02-18T10:59:04.322        0:  1331:  1331 E/zygisk-ptrace64 ] failed to find symbol stat in /apex/com.android.runtime/lib64/bionic/libdl.so
[ 2026-02-18T10:59:04.322        0:  1331:  1331 E/zygisk-elfutil64 ] Cannot load symtabs: .symtab section or its string table not found/valid.
[ 2026-02-18T10:59:04.322        0:  1331:  1331 E/zygisk-elfutil64 ] Failed to load symtabs for linear lookup of setenv
[ 2026-02-18T10:59:04.322        0:  1331:  1331 E/zygisk-ptrace64 ] failed to find symbol setenv in /system/lib64/liblog.so
[ 2026-02-18T10:59:04.322        0:  1331:  1331 E/zygisk-elfutil64 ] Cannot load symtabs: .symtab section or its string table not found/valid.
[ 2026-02-18T10:59:04.322        0:  1331:  1331 E/zygisk-elfutil64 ] Failed to load symtabs for linear lookup of setenv
[ 2026-02-18T10:59:04.322        0:  1331:  1331 E/zygisk-ptrace64 ] failed to find symbol setenv in /apex/com.android.runtime/lib64/bionic/libm.so
[ 2026-02-18T10:59:04.323        0:  1331:  1331 E/zygisk-elfutil64 ] Cannot load symtabs: .symtab section or its string table not found/valid.
[ 2026-02-18T10:59:04.323        0:  1331:  1331 E/zygisk-elfutil64 ] Failed to load symtabs for linear lookup of setenv
[ 2026-02-18T10:59:04.323        0:  1331:  1331 E/zygisk-ptrace64 ] failed to find symbol setenv in /apex/com.android.runtime/lib64/bionic/libdl.so
[ 2026-02-18T10:59:04.323        0:  1331:  1331 E/zygisk-elfutil64 ] Cannot load symtabs: .symtab section or its string table not found/valid.
[ 2026-02-18T10:59:04.323        0:  1331:  1331 E/zygisk-elfutil64 ] Failed to load symtabs for linear lookup of setns
[ 2026-02-18T10:59:04.323        0:  1331:  1331 E/zygisk-ptrace64 ] failed to find symbol setns in /system/lib64/liblog.so
[ 2026-02-18T10:59:04.323        0:  1331:  1331 E/zygisk-elfutil64 ] Cannot load symtabs: .symtab section or its string table not found/valid.
[ 2026-02-18T10:59:04.323        0:  1331:  1331 E/zygisk-elfutil64 ] Failed to load symtabs for linear lookup of setns
[ 2026-02-18T10:59:04.323        0:  1331:  1331 E/zygisk-ptrace64 ] failed to find symbol setns in /apex/com.android.runtime/lib64/bionic/libm.so
[ 2026-02-18T10:59:04.323        0:  1331:  1331 E/zygisk-elfutil64 ] Cannot load symtabs: .symtab section or its string table not found/valid.
[ 2026-02-18T10:59:04.323        0:  1331:  1331 E/zygisk-elfutil64 ] Failed to load symtabs for linear lookup of setns
[ 2026-02-18T10:59:04.323        0:  1331:  1331 E/zygisk-ptrace64 ] failed to find symbol setns in /apex/com.android.runtime/lib64/bionic/libdl.so
[ 2026-02-18T10:59:04.324        0:  1331:  1331 E/zygisk-elfutil64 ] Cannot load symtabs: .symtab section or its string table not found/valid.
[ 2026-02-18T10:59:04.324        0:  1331:  1331 E/zygisk-elfutil64 ] Failed to load symtabs for linear lookup of __open_2
[ 2026-02-18T10:59:04.324        0:  1331:  1331 E/zygisk-ptrace64 ] failed to find symbol __open_2 in /system/lib64/liblog.so
[ 2026-02-18T10:59:04.324        0:  1331:  1331 E/zygisk-elfutil64 ] Cannot load symtabs: .symtab section or its string table not found/valid.
[ 2026-02-18T10:59:04.324        0:  1331:  1331 E/zygisk-elfutil64 ] Failed to load symtabs for linear lookup of __open_2
[ 2026-02-18T10:59:04.324        0:  1331:  1331 E/zygisk-ptrace64 ] failed to find symbol __open_2 in /apex/com.android.runtime/lib64/bionic/libm.so
[ 2026-02-18T10:59:04.324        0:  1331:  1331 E/zygisk-elfutil64 ] Cannot load symtabs: .symtab section or its string table not found/valid.
[ 2026-02-18T10:59:04.324        0:  1331:  1331 E/zygisk-elfutil64 ] Failed to load symtabs for linear lookup of __open_2
[ 2026-02-18T10:59:04.324        0:  1331:  1331 E/zygisk-ptrace64 ] failed to find symbol __open_2 in /apex/com.android.runtime/lib64/bionic/libdl.so
[ 2026-02-18T10:59:04.325        0:  1331:  1331 E/zygisk-elfutil64 ] Cannot load symtabs: .symtab section or its string table not found/valid.
[ 2026-02-18T10:59:04.325        0:  1331:  1331 E/zygisk-elfutil64 ] Failed to load symtabs for linear lookup of pthread_mutex_destroy
[ 2026-02-18T10:59:04.325        0:  1331:  1331 E/zygisk-ptrace64 ] failed to find symbol pthread_mutex_destroy in /system/lib64/liblog.so
[ 2026-02-18T10:59:04.325        0:  1331:  1331 E/zygisk-elfutil64 ] Cannot load symtabs: .symtab section or its string table not found/valid.
[ 2026-02-18T10:59:04.325        0:  1331:  1331 E/zygisk-elfutil64 ] Failed to load symtabs for linear lookup of pthread_mutex_destroy
[ 2026-02-18T10:59:04.325        0:  1331:  1331 E/zygisk-ptrace64 ] failed to find symbol pthread_mutex_destroy in /apex/com.android.runtime/lib64/bionic/libm.so
[ 2026-02-18T10:59:04.325        0:  1331:  1331 E/zygisk-elfutil64 ] Cannot load symtabs: .symtab section or its string table not found/valid.
[ 2026-02-18T10:59:04.325        0:  1331:  1331 E/zygisk-elfutil64 ] Failed to load symtabs for linear lookup of pthread_mutex_destroy
[ 2026-02-18T10:59:04.325        0:  1331:  1331 E/zygisk-ptrace64 ] failed to find symbol pthread_mutex_destroy in /apex/com.android.runtime/lib64/bionic/libdl.so
[ 2026-02-18T10:59:04.325        0:  1331:  1331 E/zygisk-elfutil64 ] Cannot load symtabs: .symtab section or its string table not found/valid.
[ 2026-02-18T10:59:04.325        0:  1331:  1331 E/zygisk-elfutil64 ] Failed to load symtabs for linear lookup of realloc
[ 2026-02-18T10:59:04.325        0:  1331:  1331 E/zygisk-ptrace64 ] failed to find symbol realloc in /system/lib64/liblog.so
[ 2026-02-18T10:59:04.326        0:  1331:  1331 E/zygisk-elfutil64 ] Cannot load symtabs: .symtab section or its string table not found/valid.
[ 2026-02-18T10:59:04.326        0:  1331:  1331 E/zygisk-elfutil64 ] Failed to load symtabs for linear lookup of realloc
[ 2026-02-18T10:59:04.326        0:  1331:  1331 E/zygisk-ptrace64 ] failed to find symbol realloc in /apex/com.android.runtime/lib64/bionic/libm.so
[ 2026-02-18T10:59:04.326        0:  1331:  1331 E/zygisk-elfutil64 ] Cannot load symtabs: .symtab section or its string table not found/valid.
[ 2026-02-18T10:59:04.326        0:  1331:  1331 E/zygisk-elfutil64 ] Failed to load symtabs for linear lookup of realloc
[ 2026-02-18T10:59:04.326        0:  1331:  1331 E/zygisk-ptrace64 ] failed to find symbol realloc in /apex/com.android.runtime/lib64/bionic/libdl.so
[ 2026-02-18T10:59:04.326        0:  1331:  1331 E/zygisk-elfutil64 ] Cannot load symtabs: .symtab section or its string table not found/valid.
[ 2026-02-18T10:59:04.326        0:  1331:  1331 E/zygisk-elfutil64 ] Failed to load symtabs for linear lookup of strdup
[ 2026-02-18T10:59:04.326        0:  1331:  1331 E/zygisk-ptrace64 ] failed to find symbol strdup in /system/lib64/liblog.so
[ 2026-02-18T10:59:04.326        0:  1331:  1331 E/zygisk-elfutil64 ] Cannot load symtabs: .symtab section or its string table not found/valid.
[ 2026-02-18T10:59:04.326        0:  1331:  1331 E/zygisk-elfutil64 ] Failed to load symtabs for linear lookup of strdup
[ 2026-02-18T10:59:04.326        0:  1331:  1331 E/zygisk-ptrace64 ] failed to find symbol strdup in /apex/com.android.runtime/lib64/bionic/libm.so
[ 2026-02-18T10:59:04.327        0:  1331:  1331 E/zygisk-elfutil64 ] Cannot load symtabs: .symtab section or its string table not found/valid.
[ 2026-02-18T10:59:04.327        0:  1331:  1331 E/zygisk-elfutil64 ] Failed to load symtabs for linear lookup of strdup
[ 2026-02-18T10:59:04.327        0:  1331:  1331 E/zygisk-ptrace64 ] failed to find symbol strdup in /apex/com.android.runtime/lib64/bionic/libdl.so
[ 2026-02-18T10:59:04.327        0:  1331:  1331 E/zygisk-elfutil64 ] Cannot load symtabs: .symtab section or its string table not found/valid.
[ 2026-02-18T10:59:04.327        0:  1331:  1331 E/zygisk-elfutil64 ] Failed to load symtabs for linear lookup of malloc
[ 2026-02-18T10:59:04.327        0:  1331:  1331 E/zygisk-ptrace64 ] failed to find symbol malloc in /system/lib64/liblog.so
[ 2026-02-18T10:59:04.327        0:  1331:  1331 E/zygisk-elfutil64 ] Cannot load symtabs: .symtab section or its string table not found/valid.
[ 2026-02-18T10:59:04.327        0:  1331:  1331 E/zygisk-elfutil64 ] Failed to load symtabs for linear lookup of malloc
[ 2026-02-18T10:59:04.327        0:  1331:  1331 E/zygisk-ptrace64 ] failed to find symbol malloc in /apex/com.android.runtime/lib64/bionic/libm.so
[ 2026-02-18T10:59:04.327        0:  1331:  1331 E/zygisk-elfutil64 ] Cannot load symtabs: .symtab section or its string table not found/valid.
[ 2026-02-18T10:59:04.327        0:  1331:  1331 E/zygisk-elfutil64 ] Failed to load symtabs for linear lookup of malloc
[ 2026-02-18T10:59:04.327        0:  1331:  1331 E/zygisk-ptrace64 ] failed to find symbol malloc in /apex/com.android.runtime/lib64/bionic/libdl.so
[ 2026-02-18T10:59:04.328        0:  1331:  1331 E/zygisk-elfutil64 ] Cannot load symtabs: .symtab section or its string table not found/valid.
[ 2026-02-18T10:59:04.328        0:  1331:  1331 E/zygisk-elfutil64 ] Failed to load symtabs for linear lookup of regcomp
[ 2026-02-18T10:59:04.328        0:  1331:  1331 E/zygisk-ptrace64 ] failed to find symbol regcomp in /system/lib64/liblog.so
[ 2026-02-18T10:59:04.328        0:  1331:  1331 E/zygisk-elfutil64 ] Cannot load symtabs: .symtab section or its string table not found/valid.
[ 2026-02-18T10:59:04.328        0:  1331:  1331 E/zygisk-elfutil64 ] Failed to load symtabs for linear lookup of regcomp
[ 2026-02-18T10:59:04.328        0:  1331:  1331 E/zygisk-ptrace64 ] failed to find symbol regcomp in /apex/com.android.runtime/lib64/bionic/libm.so
[ 2026-02-18T10:59:04.328        0:  1331:  1331 E/zygisk-elfutil64 ] Cannot load symtabs: .symtab section or its string table not found/valid.
[ 2026-02-18T10:59:04.328        0:  1331:  1331 E/zygisk-elfutil64 ] Failed to load symtabs for linear lookup of regcomp
[ 2026-02-18T10:59:04.328        0:  1331:  1331 E/zygisk-ptrace64 ] failed to find symbol regcomp in /apex/com.android.runtime/lib64/bionic/libdl.so
[ 2026-02-18T10:59:04.329        0:  1331:  1331 E/zygisk-elfutil64 ] Cannot load symtabs: .symtab section or its string table not found/valid.
[ 2026-02-18T10:59:04.329        0:  1331:  1331 E/zygisk-elfutil64 ] Failed to load symtabs for linear lookup of pthread_mutex_lock
[ 2026-02-18T10:59:04.329        0:  1331:  1331 E/zygisk-ptrace64 ] failed to find symbol pthread_mutex_lock in /system/lib64/liblog.so
[ 2026-02-18T10:59:04.329        0:  1331:  1331 E/zygisk-elfutil64 ] Cannot load symtabs: .symtab section or its string table not found/valid.
[ 2026-02-18T10:59:04.329        0:  1331:  1331 E/zygisk-elfutil64 ] Failed to load symtabs for linear lookup of pthread_mutex_lock
[ 2026-02-18T10:59:04.329        0:  1331:  1331 E/zygisk-ptrace64 ] failed to find symbol pthread_mutex_lock in /apex/com.android.runtime/lib64/bionic/libm.so
[ 2026-02-18T10:59:04.329        0:  1331:  1331 E/zygisk-elfutil64 ] Cannot load symtabs: .symtab section or its string table not found/valid.
[ 2026-02-18T10:59:04.329        0:  1331:  1331 E/zygisk-elfutil64 ] Failed to load symtabs for linear lookup of pthread_mutex_lock
[ 2026-02-18T10:59:04.329        0:  1331:  1331 E/zygisk-ptrace64 ] failed to find symbol pthread_mutex_lock in /apex/com.android.runtime/lib64/bionic/libdl.so
[ 2026-02-18T10:59:04.330        0:  1331:  1331 E/zygisk-elfutil64 ] Cannot load symtabs: .symtab section or its string table not found/valid.
[ 2026-02-18T10:59:04.330        0:  1331:  1331 E/zygisk-elfutil64 ] Failed to load symtabs for linear lookup of pthread_mutex_unlock
[ 2026-02-18T10:59:04.330        0:  1331:  1331 E/zygisk-ptrace64 ] failed to find symbol pthread_mutex_unlock in /system/lib64/liblog.so
[ 2026-02-18T10:59:04.330        0:  1331:  1331 E/zygisk-elfutil64 ] Cannot load symtabs: .symtab section or its string table not found/valid.
[ 2026-02-18T10:59:04.330        0:  1331:  1331 E/zygisk-elfutil64 ] Failed to load symtabs for linear lookup of pthread_mutex_unlock
[ 2026-02-18T10:59:04.330        0:  1331:  1331 E/zygisk-ptrace64 ] failed to find symbol pthread_mutex_unlock in /apex/com.android.runtime/lib64/bionic/libm.so
[ 2026-02-18T10:59:04.330        0:  1331:  1331 E/zygisk-elfutil64 ] Cannot load symtabs: .symtab section or its string table not found/valid.
[ 2026-02-18T10:59:04.330        0:  1331:  1331 E/zygisk-elfutil64 ] Failed to load symtabs for linear lookup of pthread_mutex_unlock
[ 2026-02-18T10:59:04.330        0:  1331:  1331 E/zygisk-ptrace64 ] failed to find symbol pthread_mutex_unlock in /apex/com.android.runtime/lib64/bionic/libdl.so
[ 2026-02-18T10:59:04.330        0:  1331:  1331 E/zygisk-elfutil64 ] Cannot load symtabs: .symtab section or its string table not found/valid.
[ 2026-02-18T10:59:04.330        0:  1331:  1331 E/zygisk-elfutil64 ] Failed to load symtabs for linear lookup of regexec
[ 2026-02-18T10:59:04.330        0:  1331:  1331 E/zygisk-ptrace64 ] failed to find symbol regexec in /system/lib64/liblog.so
[ 2026-02-18T10:59:04.331        0:  1331:  1331 E/zygisk-elfutil64 ] Cannot load symtabs: .symtab section or its string table not found/valid.
[ 2026-02-18T10:59:04.331        0:  1331:  1331 E/zygisk-elfutil64 ] Failed to load symtabs for linear lookup of regexec
[ 2026-02-18T10:59:04.331        0:  1331:  1331 E/zygisk-ptrace64 ] failed to find symbol regexec in /apex/com.android.runtime/lib64/bionic/libm.so
[ 2026-02-18T10:59:04.331        0:  1331:  1331 E/zygisk-elfutil64 ] Cannot load symtabs: .symtab section or its string table not found/valid.
[ 2026-02-18T10:59:04.331        0:  1331:  1331 E/zygisk-elfutil64 ] Failed to load symtabs for linear lookup of regexec
[ 2026-02-18T10:59:04.331        0:  1331:  1331 E/zygisk-ptrace64 ] failed to find symbol regexec in /apex/com.android.runtime/lib64/bionic/libdl.so
[ 2026-02-18T10:59:04.331        0:  1331:  1331 E/zygisk-elfutil64 ] Cannot load symtabs: .symtab section or its string table not found/valid.
[ 2026-02-18T10:59:04.331        0:  1331:  1331 E/zygisk-elfutil64 ] Failed to load symtabs for linear lookup of regfree
[ 2026-02-18T10:59:04.331        0:  1331:  1331 E/zygisk-ptrace64 ] failed to find symbol regfree in /system/lib64/liblog.so
[ 2026-02-18T10:59:04.332        0:  1331:  1331 E/zygisk-elfutil64 ] Cannot load symtabs: .symtab section or its string table not found/valid.
[ 2026-02-18T10:59:04.332        0:  1331:  1331 E/zygisk-elfutil64 ] Failed to load symtabs for linear lookup of regfree
[ 2026-02-18T10:59:04.332        0:  1331:  1331 E/zygisk-ptrace64 ] failed to find symbol regfree in /apex/com.android.runtime/lib64/bionic/libm.so
[ 2026-02-18T10:59:04.332        0:  1331:  1331 E/zygisk-elfutil64 ] Cannot load symtabs: .symtab section or its string table not found/valid.
[ 2026-02-18T10:59:04.332        0:  1331:  1331 E/zygisk-elfutil64 ] Failed to load symtabs for linear lookup of regfree
[ 2026-02-18T10:59:04.332        0:  1331:  1331 E/zygisk-ptrace64 ] failed to find symbol regfree in /apex/com.android.runtime/lib64/bionic/libdl.so
[ 2026-02-18T10:59:04.332        0:  1331:  1331 E/zygisk-elfutil64 ] Cannot load symtabs: .symtab section or its string table not found/valid.
[ 2026-02-18T10:59:04.332        0:  1331:  1331 E/zygisk-elfutil64 ] Failed to load symtabs for linear lookup of prctl
[ 2026-02-18T10:59:04.332        0:  1331:  1331 E/zygisk-ptrace64 ] failed to find symbol prctl in /system/lib64/liblog.so
[ 2026-02-18T10:59:04.332        0:  1331:  1331 E/zygisk-elfutil64 ] Cannot load symtabs: .symtab section or its string table not found/valid.
[ 2026-02-18T10:59:04.332        0:  1331:  1331 E/zygisk-elfutil64 ] Failed to load symtabs for linear lookup of prctl
[ 2026-02-18T10:59:04.332        0:  1331:  1331 E/zygisk-ptrace64 ] failed to find symbol prctl in /apex/com.android.runtime/lib64/bionic/libm.so
[ 2026-02-18T10:59:04.333        0:  1331:  1331 E/zygisk-elfutil64 ] Cannot load symtabs: .symtab section or its string table not found/valid.
[ 2026-02-18T10:59:04.333        0:  1331:  1331 E/zygisk-elfutil64 ] Failed to load symtabs for linear lookup of prctl
[ 2026-02-18T10:59:04.333        0:  1331:  1331 E/zygisk-ptrace64 ] failed to find symbol prctl in /apex/com.android.runtime/lib64/bionic/libdl.so
[ 2026-02-18T10:59:04.333        0:  1331:  1331 E/zygisk-elfutil64 ] Cannot load symtabs: .symtab section or its string table not found/valid.
[ 2026-02-18T10:59:04.333        0:  1331:  1331 E/zygisk-elfutil64 ] Failed to load symtabs for linear lookup of syscall
[ 2026-02-18T10:59:04.333        0:  1331:  1331 E/zygisk-ptrace64 ] failed to find symbol syscall in /system/lib64/liblog.so
[ 2026-02-18T10:59:04.333        0:  1331:  1331 E/zygisk-elfutil64 ] Cannot load symtabs: .symtab section or its string table not found/valid.
[ 2026-02-18T10:59:04.333        0:  1331:  1331 E/zygisk-elfutil64 ] Failed to load symtabs for linear lookup of syscall
[ 2026-02-18T10:59:04.333        0:  1331:  1331 E/zygisk-ptrace64 ] failed to find symbol syscall in /apex/com.android.runtime/lib64/bionic/libm.so
[ 2026-02-18T10:59:04.333        0:  1331:  1331 E/zygisk-elfutil64 ] Cannot load symtabs: .symtab section or its string table not found/valid.
[ 2026-02-18T10:59:04.333        0:  1331:  1331 E/zygisk-elfutil64 ] Failed to load symtabs for linear lookup of syscall
[ 2026-02-18T10:59:04.333        0:  1331:  1331 E/zygisk-ptrace64 ] failed to find symbol syscall in /apex/com.android.runtime/lib64/bionic/libdl.so
[ 2026-02-18T10:59:04.334        0:  1331:  1331 E/zygisk-elfutil64 ] Cannot load symtabs: .symtab section or its string table not found/valid.
[ 2026-02-18T10:59:04.334        0:  1331:  1331 E/zygisk-elfutil64 ] Failed to load symtabs for linear lookup of fopen
[ 2026-02-18T10:59:04.334        0:  1331:  1331 E/zygisk-ptrace64 ] failed to find symbol fopen in /system/lib64/liblog.so
[ 2026-02-18T10:59:04.334        0:  1331:  1331 E/zygisk-elfutil64 ] Cannot load symtabs: .symtab section or its string table not found/valid.
[ 2026-02-18T10:59:04.334        0:  1331:  1331 E/zygisk-elfutil64 ] Failed to load symtabs for linear lookup of fopen
[ 2026-02-18T10:59:04.334        0:  1331:  1331 E/zygisk-ptrace64 ] failed to find symbol fopen in /apex/com.android.runtime/lib64/bionic/libm.so
[ 2026-02-18T10:59:04.334        0:  1331:  1331 E/zygisk-elfutil64 ] Cannot load symtabs: .symtab section or its string table not found/valid.
[ 2026-02-18T10:59:04.334        0:  1331:  1331 E/zygisk-elfutil64 ] Failed to load symtabs for linear lookup of fopen
[ 2026-02-18T10:59:04.334        0:  1331:  1331 E/zygisk-ptrace64 ] failed to find symbol fopen in /apex/com.android.runtime/lib64/bionic/libdl.so
[ 2026-02-18T10:59:04.335        0:  1331:  1331 E/zygisk-elfutil64 ] Cannot load symtabs: .symtab section or its string table not found/valid.
[ 2026-02-18T10:59:04.335        0:  1331:  1331 E/zygisk-elfutil64 ] Failed to load symtabs for linear lookup of fclose
[ 2026-02-18T10:59:04.335        0:  1331:  1331 E/zygisk-ptrace64 ] failed to find symbol fclose in /system/lib64/liblog.so
[ 2026-02-18T10:59:04.335        0:  1331:  1331 E/zygisk-elfutil64 ] Cannot load symtabs: .symtab section or its string table not found/valid.
[ 2026-02-18T10:59:04.335        0:  1331:  1331 E/zygisk-elfutil64 ] Failed to load symtabs for linear lookup of fclose
[ 2026-02-18T10:59:04.335        0:  1331:  1331 E/zygisk-ptrace64 ] failed to find symbol fclose in /apex/com.android.runtime/lib64/bionic/libm.so
[ 2026-02-18T10:59:04.335        0:  1331:  1331 E/zygisk-elfutil64 ] Cannot load symtabs: .symtab section or its string table not found/valid.
[ 2026-02-18T10:59:04.335        0:  1331:  1331 E/zygisk-elfutil64 ] Failed to load symtabs for linear lookup of fclose
[ 2026-02-18T10:59:04.335        0:  1331:  1331 E/zygisk-ptrace64 ] failed to find symbol fclose in /apex/com.android.runtime/lib64/bionic/libdl.so
[ 2026-02-18T10:59:04.336        0:  1331:  1331 E/zygisk-elfutil64 ] Cannot load symtabs: .symtab section or its string table not found/valid.
[ 2026-02-18T10:59:04.336        0:  1331:  1331 E/zygisk-elfutil64 ] Failed to load symtabs for linear lookup of fgets
[ 2026-02-18T10:59:04.336        0:  1331:  1331 E/zygisk-ptrace64 ] failed to find symbol fgets in /system/lib64/liblog.so
[ 2026-02-18T10:59:04.336        0:  1331:  1331 E/zygisk-elfutil64 ] Cannot load symtabs: .symtab section or its string table not found/valid.
[ 2026-02-18T10:59:04.336        0:  1331:  1331 E/zygisk-elfutil64 ] Failed to load symtabs for linear lookup of fgets
[ 2026-02-18T10:59:04.336        0:  1331:  1331 E/zygisk-ptrace64 ] failed to find symbol fgets in /apex/com.android.runtime/lib64/bionic/libm.so
[ 2026-02-18T10:59:04.336        0:  1331:  1331 E/zygisk-elfutil64 ] Cannot load symtabs: .symtab section or its string table not found/valid.
[ 2026-02-18T10:59:04.336        0:  1331:  1331 E/zygisk-elfutil64 ] Failed to load symtabs for linear lookup of fgets
[ 2026-02-18T10:59:04.336        0:  1331:  1331 E/zygisk-ptrace64 ] failed to find symbol fgets in /apex/com.android.runtime/lib64/bionic/libdl.so
[ 2026-02-18T10:59:04.336        0:  1331:  1331 E/zygisk-elfutil64 ] Cannot load symtabs: .symtab section or its string table not found/valid.
[ 2026-02-18T10:59:04.337        0:  1331:  1331 E/zygisk-elfutil64 ] Failed to load symtabs for linear lookup of read
[ 2026-02-18T10:59:04.337        0:  1331:  1331 E/zygisk-ptrace64 ] failed to find symbol read in /system/lib64/liblog.so
[ 2026-02-18T10:59:04.337        0:  1331:  1331 E/zygisk-elfutil64 ] Cannot load symtabs: .symtab section or its string table not found/valid.
[ 2026-02-18T10:59:04.337        0:  1331:  1331 E/zygisk-elfutil64 ] Failed to load symtabs for linear lookup of read
[ 2026-02-18T10:59:04.337        0:  1331:  1331 E/zygisk-ptrace64 ] failed to find symbol read in /apex/com.android.runtime/lib64/bionic/libm.so
[ 2026-02-18T10:59:04.337        0:  1331:  1331 E/zygisk-elfutil64 ] Cannot load symtabs: .symtab section or its string table not found/valid.
[ 2026-02-18T10:59:04.337        0:  1331:  1331 E/zygisk-elfutil64 ] Failed to load symtabs for linear lookup of read
[ 2026-02-18T10:59:04.337        0:  1331:  1331 E/zygisk-ptrace64 ] failed to find symbol read in /apex/com.android.runtime/lib64/bionic/libdl.so
[ 2026-02-18T10:59:04.337        0:  1331:  1331 E/zygisk-elfutil64 ] Cannot load symtabs: .symtab section or its string table not found/valid.
[ 2026-02-18T10:59:04.337        0:  1331:  1331 E/zygisk-elfutil64 ] Failed to load symtabs for linear lookup of socket
[ 2026-02-18T10:59:04.337        0:  1331:  1331 E/zygisk-ptrace64 ] failed to find symbol socket in /system/lib64/liblog.so
[ 2026-02-18T10:59:04.337        0:  1331:  1331 E/zygisk-elfutil64 ] Cannot load symtabs: .symtab section or its string table not found/valid.
[ 2026-02-18T10:59:04.337        0:  1331:  1331 E/zygisk-elfutil64 ] Failed to load symtabs for linear lookup of socket
[ 2026-02-18T10:59:04.338        0:  1331:  1331 E/zygisk-ptrace64 ] failed to find symbol socket in /apex/com.android.runtime/lib64/bionic/libm.so
[ 2026-02-18T10:59:04.338        0:  1331:  1331 E/zygisk-elfutil64 ] Cannot load symtabs: .symtab section or its string table not found/valid.
[ 2026-02-18T10:59:04.338        0:  1331:  1331 E/zygisk-elfutil64 ] Failed to load symtabs for linear lookup of socket
[ 2026-02-18T10:59:04.338        0:  1331:  1331 E/zygisk-ptrace64 ] failed to find symbol socket in /apex/com.android.runtime/lib64/bionic/libdl.so
[ 2026-02-18T10:59:04.338        0:  1331:  1331 E/zygisk-elfutil64 ] Cannot load symtabs: .symtab section or its string table not found/valid.
[ 2026-02-18T10:59:04.338        0:  1331:  1331 E/zygisk-elfutil64 ] Failed to load symtabs for linear lookup of connect
[ 2026-02-18T10:59:04.338        0:  1331:  1331 E/zygisk-ptrace64 ] failed to find symbol connect in /system/lib64/liblog.so
[ 2026-02-18T10:59:04.338        0:  1331:  1331 E/zygisk-elfutil64 ] Cannot load symtabs: .symtab section or its string table not found/valid.
[ 2026-02-18T10:59:04.338        0:  1331:  1331 E/zygisk-elfutil64 ] Failed to load symtabs for linear lookup of connect
[ 2026-02-18T10:59:04.338        0:  1331:  1331 E/zygisk-ptrace64 ] failed to find symbol connect in /apex/com.android.runtime/lib64/bionic/libm.so
[ 2026-02-18T10:59:04.339        0:  1331:  1331 E/zygisk-elfutil64 ] Cannot load symtabs: .symtab section or its string table not found/valid.
[ 2026-02-18T10:59:04.339        0:  1331:  1331 E/zygisk-elfutil64 ] Failed to load symtabs for linear lookup of connect
[ 2026-02-18T10:59:04.339        0:  1331:  1331 E/zygisk-ptrace64 ] failed to find symbol connect in /apex/com.android.runtime/lib64/bionic/libdl.so
[ 2026-02-18T10:59:04.339        0:  1331:  1331 E/zygisk-elfutil64 ] Cannot load symtabs: .symtab section or its string table not found/valid.
[ 2026-02-18T10:59:04.339        0:  1331:  1331 E/zygisk-elfutil64 ] Failed to load symtabs for linear lookup of sleep
[ 2026-02-18T10:59:04.339        0:  1331:  1331 E/zygisk-ptrace64 ] failed to find symbol sleep in /system/lib64/liblog.so
[ 2026-02-18T10:59:04.339        0:  1331:  1331 E/zygisk-elfutil64 ] Cannot load symtabs: .symtab section or its string table not found/valid.
[ 2026-02-18T10:59:04.339        0:  1331:  1331 E/zygisk-elfutil64 ] Failed to load symtabs for linear lookup of sleep
[ 2026-02-18T10:59:04.339        0:  1331:  1331 E/zygisk-ptrace64 ] failed to find symbol sleep in /apex/com.android.runtime/lib64/bionic/libm.so
[ 2026-02-18T10:59:04.339        0:  1331:  1331 E/zygisk-elfutil64 ] Cannot load symtabs: .symtab section or its string table not found/valid.
[ 2026-02-18T10:59:04.339        0:  1331:  1331 E/zygisk-elfutil64 ] Failed to load symtabs for linear lookup of sleep
[ 2026-02-18T10:59:04.339        0:  1331:  1331 E/zygisk-ptrace64 ] failed to find symbol sleep in /apex/com.android.runtime/lib64/bionic/libdl.so
[ 2026-02-18T10:59:04.340        0:  1331:  1331 E/zygisk-elfutil64 ] Cannot load symtabs: .symtab section or its string table not found/valid.
[ 2026-02-18T10:59:04.340        0:  1331:  1331 E/zygisk-elfutil64 ] Failed to load symtabs for linear lookup of __vsnprintf_chk
[ 2026-02-18T10:59:04.340        0:  1331:  1331 E/zygisk-ptrace64 ] failed to find symbol __vsnprintf_chk in /system/lib64/liblog.so
[ 2026-02-18T10:59:04.340        0:  1331:  1331 E/zygisk-elfutil64 ] Cannot load symtabs: .symtab section or its string table not found/valid.
[ 2026-02-18T10:59:04.340        0:  1331:  1331 E/zygisk-elfutil64 ] Failed to load symtabs for linear lookup of __vsnprintf_chk
[ 2026-02-18T10:59:04.340        0:  1331:  1331 E/zygisk-ptrace64 ] failed to find symbol __vsnprintf_chk in /apex/com.android.runtime/lib64/bionic/libm.so
[ 2026-02-18T10:59:04.340        0:  1331:  1331 E/zygisk-elfutil64 ] Cannot load symtabs: .symtab section or its string table not found/valid.
[ 2026-02-18T10:59:04.340        0:  1331:  1331 E/zygisk-elfutil64 ] Failed to load symtabs for linear lookup of __vsnprintf_chk
[ 2026-02-18T10:59:04.340        0:  1331:  1331 E/zygisk-ptrace64 ] failed to find symbol __vsnprintf_chk in /apex/com.android.runtime/lib64/bionic/libdl.so
[ 2026-02-18T10:59:04.341        0:  1331:  1331 E/zygisk-elfutil64 ] Cannot load symtabs: .symtab section or its string table not found/valid.
[ 2026-02-18T10:59:04.341        0:  1331:  1331 E/zygisk-elfutil64 ] Failed to load symtabs for linear lookup of __strlen_chk
[ 2026-02-18T10:59:04.341        0:  1331:  1331 E/zygisk-ptrace64 ] failed to find symbol __strlen_chk in /system/lib64/liblog.so
[ 2026-02-18T10:59:04.341        0:  1331:  1331 E/zygisk-elfutil64 ] Cannot load symtabs: .symtab section or its string table not found/valid.
[ 2026-02-18T10:59:04.341        0:  1331:  1331 E/zygisk-elfutil64 ] Failed to load symtabs for linear lookup of __strlen_chk
[ 2026-02-18T10:59:04.341        0:  1331:  1331 E/zygisk-ptrace64 ] failed to find symbol __strlen_chk in /apex/com.android.runtime/lib64/bionic/libm.so
[ 2026-02-18T10:59:04.341        0:  1331:  1331 E/zygisk-elfutil64 ] Cannot load symtabs: .symtab section or its string table not found/valid.
[ 2026-02-18T10:59:04.341        0:  1331:  1331 E/zygisk-elfutil64 ] Failed to load symtabs for linear lookup of __strlen_chk
[ 2026-02-18T10:59:04.341        0:  1331:  1331 E/zygisk-ptrace64 ] failed to find symbol __strlen_chk in /apex/com.android.runtime/lib64/bionic/libdl.so
[ 2026-02-18T10:59:04.341        0:  1331:  1331 E/zygisk-elfutil64 ] Cannot load symtabs: .symtab section or its string table not found/valid.
[ 2026-02-18T10:59:04.341        0:  1331:  1331 E/zygisk-elfutil64 ] Failed to load symtabs for linear lookup of uname
[ 2026-02-18T10:59:04.341        0:  1331:  1331 E/zygisk-ptrace64 ] failed to find symbol uname in /system/lib64/liblog.so
[ 2026-02-18T10:59:04.341        0:  1331:  1331 E/zygisk-elfutil64 ] Cannot load symtabs: .symtab section or its string table not found/valid.
[ 2026-02-18T10:59:04.341        0:  1331:  1331 E/zygisk-elfutil64 ] Failed to load symtabs for linear lookup of uname
[ 2026-02-18T10:59:04.341        0:  1331:  1331 E/zygisk-ptrace64 ] failed to find symbol uname in /apex/com.android.runtime/lib64/bionic/libm.so
[ 2026-02-18T10:59:04.342        0:  1331:  1331 E/zygisk-elfutil64 ] Cannot load symtabs: .symtab section or its string table not found/valid.
[ 2026-02-18T10:59:04.342        0:  1331:  1331 E/zygisk-elfutil64 ] Failed to load symtabs for linear lookup of uname
[ 2026-02-18T10:59:04.342        0:  1331:  1331 E/zygisk-ptrace64 ] failed to find symbol uname in /apex/com.android.runtime/lib64/bionic/libdl.so
[ 2026-02-18T10:59:04.342        0:  1331:  1331 E/zygisk-elfutil64 ] Cannot load symtabs: .symtab section or its string table not found/valid.
[ 2026-02-18T10:59:04.342        0:  1331:  1331 E/zygisk-elfutil64 ] Failed to load symtabs for linear lookup of sscanf
[ 2026-02-18T10:59:04.342        0:  1331:  1331 E/zygisk-ptrace64 ] failed to find symbol sscanf in /system/lib64/liblog.so
[ 2026-02-18T10:59:04.342        0:  1331:  1331 E/zygisk-elfutil64 ] Cannot load symtabs: .symtab section or its string table not found/valid.
[ 2026-02-18T10:59:04.342        0:  1331:  1331 E/zygisk-elfutil64 ] Failed to load symtabs for linear lookup of sscanf
[ 2026-02-18T10:59:04.342        0:  1331:  1331 E/zygisk-ptrace64 ] failed to find symbol sscanf in /apex/com.android.runtime/lib64/bionic/libm.so
[ 2026-02-18T10:59:04.342        0:  1331:  1331 E/zygisk-elfutil64 ] Cannot load symtabs: .symtab section or its string table not found/valid.
[ 2026-02-18T10:59:04.343        0:  1331:  1331 E/zygisk-elfutil64 ] Failed to load symtabs for linear lookup of sscanf
[ 2026-02-18T10:59:04.343        0:  1331:  1331 E/zygisk-ptrace64 ] failed to find symbol sscanf in /apex/com.android.runtime/lib64/bionic/libdl.so
[ 2026-02-18T10:59:04.343        0:  1331:  1331 E/zygisk-elfutil64 ] Cannot load symtabs: .symtab section or its string table not found/valid.
[ 2026-02-18T10:59:04.343        0:  1331:  1331 E/zygisk-elfutil64 ] Failed to load symtabs for linear lookup of recvmsg
[ 2026-02-18T10:59:04.343        0:  1331:  1331 E/zygisk-ptrace64 ] failed to find symbol recvmsg in /system/lib64/liblog.so
[ 2026-02-18T10:59:04.343        0:  1331:  1331 E/zygisk-elfutil64 ] Cannot load symtabs: .symtab section or its string table not found/valid.
[ 2026-02-18T10:59:04.343        0:  1331:  1331 E/zygisk-elfutil64 ] Failed to load symtabs for linear lookup of recvmsg
[ 2026-02-18T10:59:04.343        0:  1331:  1331 E/zygisk-ptrace64 ] failed to find symbol recvmsg in /apex/com.android.runtime/lib64/bionic/libm.so
[ 2026-02-18T10:59:04.343        0:  1331:  1331 E/zygisk-elfutil64 ] Cannot load symtabs: .symtab section or its string table not found/valid.
[ 2026-02-18T10:59:04.344        0:  1331:  1331 E/zygisk-elfutil64 ] Failed to load symtabs for linear lookup of recvmsg
[ 2026-02-18T10:59:04.344        0:  1331:  1331 E/zygisk-ptrace64 ] failed to find symbol recvmsg in /apex/com.android.runtime/lib64/bionic/libdl.so
[ 2026-02-18T10:59:04.344        0:  1331:  1331 E/zygisk-elfutil64 ] Cannot load symtabs: .symtab section or its string table not found/valid.
[ 2026-02-18T10:59:04.344        0:  1331:  1331 E/zygisk-elfutil64 ] Failed to load symtabs for linear lookup of __write_chk
[ 2026-02-18T10:59:04.344        0:  1331:  1331 E/zygisk-ptrace64 ] failed to find symbol __write_chk in /system/lib64/liblog.so
[ 2026-02-18T10:59:04.344        0:  1331:  1331 E/zygisk-elfutil64 ] Cannot load symtabs: .symtab section or its string table not found/valid.
[ 2026-02-18T10:59:04.344        0:  1331:  1331 E/zygisk-elfutil64 ] Failed to load symtabs for linear lookup of __write_chk
[ 2026-02-18T10:59:04.344        0:  1331:  1331 E/zygisk-ptrace64 ] failed to find symbol __write_chk in /apex/com.android.runtime/lib64/bionic/libm.so
[ 2026-02-18T10:59:04.344        0:  1331:  1331 E/zygisk-elfutil64 ] Cannot load symtabs: .symtab section or its string table not found/valid.
[ 2026-02-18T10:59:04.344        0:  1331:  1331 E/zygisk-elfutil64 ] Failed to load symtabs for linear lookup of __write_chk
[ 2026-02-18T10:59:04.344        0:  1331:  1331 E/zygisk-ptrace64 ] failed to find symbol __write_chk in /apex/com.android.runtime/lib64/bionic/libdl.so
[ 2026-02-18T10:59:04.345        0:  1331:  1331 E/zygisk-elfutil64 ] Cannot load symtabs: .symtab section or its string table not found/valid.
[ 2026-02-18T10:59:04.345        0:  1331:  1331 E/zygisk-elfutil64 ] Failed to load symtabs for linear lookup of write
[ 2026-02-18T10:59:04.345        0:  1331:  1331 E/zygisk-ptrace64 ] failed to find symbol write in /system/lib64/liblog.so
[ 2026-02-18T10:59:04.345        0:  1331:  1331 E/zygisk-elfutil64 ] Cannot load symtabs: .symtab section or its string table not found/valid.
[ 2026-02-18T10:59:04.345        0:  1331:  1331 E/zygisk-elfutil64 ] Failed to load symtabs for linear lookup of write
[ 2026-02-18T10:59:04.345        0:  1331:  1331 E/zygisk-ptrace64 ] failed to find symbol write in /apex/com.android.runtime/lib64/bionic/libm.so
[ 2026-02-18T10:59:04.345        0:  1331:  1331 E/zygisk-elfutil64 ] Cannot load symtabs: .symtab section or its string table not found/valid.
[ 2026-02-18T10:59:04.345        0:  1331:  1331 E/zygisk-elfutil64 ] Failed to load symtabs for linear lookup of write
[ 2026-02-18T10:59:04.345        0:  1331:  1331 E/zygisk-ptrace64 ] failed to find symbol write in /apex/com.android.runtime/lib64/bionic/libdl.so
[ 2026-02-18T10:59:04.345        0:  1331:  1331 E/zygisk-elfutil64 ] Cannot load symtabs: .symtab section or its string table not found/valid.
[ 2026-02-18T10:59:04.345        0:  1331:  1331 E/zygisk-elfutil64 ] Failed to load symtabs for linear lookup of __pread_chk
[ 2026-02-18T10:59:04.345        0:  1331:  1331 E/zygisk-ptrace64 ] failed to find symbol __pread_chk in /system/lib64/liblog.so
[ 2026-02-18T10:59:04.345        0:  1331:  1331 E/zygisk-elfutil64 ] Cannot load symtabs: .symtab section or its string table not found/valid.
[ 2026-02-18T10:59:04.345        0:  1331:  1331 E/zygisk-elfutil64 ] Failed to load symtabs for linear lookup of __pread_chk
[ 2026-02-18T10:59:04.345        0:  1331:  1331 E/zygisk-ptrace64 ] failed to find symbol __pread_chk in /apex/com.android.runtime/lib64/bionic/libm.so
[ 2026-02-18T10:59:04.345        0:  1331:  1331 E/zygisk-elfutil64 ] Cannot load symtabs: .symtab section or its string table not found/valid.
[ 2026-02-18T10:59:04.345        0:  1331:  1331 E/zygisk-elfutil64 ] Failed to load symtabs for linear lookup of __pread_chk
[ 2026-02-18T10:59:04.345        0:  1331:  1331 E/zygisk-ptrace64 ] failed to find symbol __pread_chk in /apex/com.android.runtime/lib64/bionic/libdl.so
[ 2026-02-18T10:59:04.345        0:  1331:  1331 E/zygisk-elfutil64 ] Cannot load symtabs: .symtab section or its string table not found/valid.
[ 2026-02-18T10:59:04.345        0:  1331:  1331 E/zygisk-elfutil64 ] Failed to load symtabs for linear lookup of pread
[ 2026-02-18T10:59:04.345        0:  1331:  1331 E/zygisk-ptrace64 ] failed to find symbol pread in /system/lib64/liblog.so
[ 2026-02-18T10:59:04.345        0:  1331:  1331 E/zygisk-elfutil64 ] Cannot load symtabs: .symtab section or its string table not found/valid.
[ 2026-02-18T10:59:04.345        0:  1331:  1331 E/zygisk-elfutil64 ] Failed to load symtabs for linear lookup of pread
[ 2026-02-18T10:59:04.345        0:  1331:  1331 E/zygisk-ptrace64 ] failed to find symbol pread in /apex/com.android.runtime/lib64/bionic/libm.so
[ 2026-02-18T10:59:04.345        0:  1331:  1331 E/zygisk-elfutil64 ] Cannot load symtabs: .symtab section or its string table not found/valid.
[ 2026-02-18T10:59:04.346        0:  1331:  1331 E/zygisk-elfutil64 ] Failed to load symtabs for linear lookup of pread
[ 2026-02-18T10:59:04.346        0:  1331:  1331 E/zygisk-ptrace64 ] failed to find symbol pread in /apex/com.android.runtime/lib64/bionic/libdl.so
[ 2026-02-18T10:59:04.346        0:  1331:  1331 E/zygisk-elfutil64 ] Cannot load symtabs: .symtab section or its string table not found/valid.
[ 2026-02-18T10:59:04.346        0:  1331:  1331 E/zygisk-elfutil64 ] Failed to load symtabs for linear lookup of __read_chk
[ 2026-02-18T10:59:04.346        0:  1331:  1331 E/zygisk-ptrace64 ] failed to find symbol __read_chk in /system/lib64/liblog.so
[ 2026-02-18T10:59:04.346        0:  1331:  1331 E/zygisk-elfutil64 ] Cannot load symtabs: .symtab section or its string table not found/valid.
[ 2026-02-18T10:59:04.346        0:  1331:  1331 E/zygisk-elfutil64 ] Failed to load symtabs for linear lookup of __read_chk
[ 2026-02-18T10:59:04.346        0:  1331:  1331 E/zygisk-ptrace64 ] failed to find symbol __read_chk in /apex/com.android.runtime/lib64/bionic/libm.so
[ 2026-02-18T10:59:04.346        0:  1331:  1331 E/zygisk-elfutil64 ] Cannot load symtabs: .symtab section or its string table not found/valid.
[ 2026-02-18T10:59:04.346        0:  1331:  1331 E/zygisk-elfutil64 ] Failed to load symtabs for linear lookup of __read_chk
[ 2026-02-18T10:59:04.346        0:  1331:  1331 E/zygisk-ptrace64 ] failed to find symbol __read_chk in /apex/com.android.runtime/lib64/bionic/libdl.so
[ 2026-02-18T10:59:04.346        0:  1331:  1331 E/zygisk-elfutil64 ] Cannot load symtabs: .symtab section or its string table not found/valid.
[ 2026-02-18T10:59:04.346        0:  1331:  1331 E/zygisk-elfutil64 ] Failed to load symtabs for linear lookup of socketpair
[ 2026-02-18T10:59:04.346        0:  1331:  1331 E/zygisk-ptrace64 ] failed to find symbol socketpair in /system/lib64/liblog.so
[ 2026-02-18T10:59:04.346        0:  1331:  1331 E/zygisk-elfutil64 ] Cannot load symtabs: .symtab section or its string table not found/valid.
[ 2026-02-18T10:59:04.346        0:  1331:  1331 E/zygisk-elfutil64 ] Failed to load symtabs for linear lookup of socketpair
[ 2026-02-18T10:59:04.346        0:  1331:  1331 E/zygisk-ptrace64 ] failed to find symbol socketpair in /apex/com.android.runtime/lib64/bionic/libm.so
[ 2026-02-18T10:59:04.346        0:  1331:  1331 E/zygisk-elfutil64 ] Cannot load symtabs: .symtab section or its string table not found/valid.
[ 2026-02-18T10:59:04.346        0:  1331:  1331 E/zygisk-elfutil64 ] Failed to load symtabs for linear lookup of socketpair
[ 2026-02-18T10:59:04.346        0:  1331:  1331 E/zygisk-ptrace64 ] failed to find symbol socketpair in /apex/com.android.runtime/lib64/bionic/libdl.so
[ 2026-02-18T10:59:04.346        0:  1331:  1331 E/zygisk-elfutil64 ] Cannot load symtabs: .symtab section or its string table not found/valid.
[ 2026-02-18T10:59:04.346        0:  1331:  1331 E/zygisk-elfutil64 ] Failed to load symtabs for linear lookup of _exit
[ 2026-02-18T10:59:04.346        0:  1331:  1331 E/zygisk-ptrace64 ] failed to find symbol _exit in /system/lib64/liblog.so
[ 2026-02-18T10:59:04.346        0:  1331:  1331 E/zygisk-elfutil64 ] Cannot load symtabs: .symtab section or its string table not found/valid.
[ 2026-02-18T10:59:04.346        0:  1331:  1331 E/zygisk-elfutil64 ] Failed to load symtabs for linear lookup of _exit
[ 2026-02-18T10:59:04.346        0:  1331:  1331 E/zygisk-ptrace64 ] failed to find symbol _exit in /apex/com.android.runtime/lib64/bionic/libm.so
[ 2026-02-18T10:59:04.346        0:  1331:  1331 E/zygisk-elfutil64 ] Cannot load symtabs: .symtab section or its string table not found/valid.
[ 2026-02-18T10:59:04.346        0:  1331:  1331 E/zygisk-elfutil64 ] Failed to load symtabs for linear lookup of _exit
[ 2026-02-18T10:59:04.346        0:  1331:  1331 E/zygisk-ptrace64 ] failed to find symbol _exit in /apex/com.android.runtime/lib64/bionic/libdl.so
[ 2026-02-18T10:59:04.347        0:  1331:  1331 E/zygisk-elfutil64 ] Cannot load symtabs: .symtab section or its string table not found/valid.
[ 2026-02-18T10:59:04.347        0:  1331:  1331 E/zygisk-elfutil64 ] Failed to load symtabs for linear lookup of fdopen
[ 2026-02-18T10:59:04.347        0:  1331:  1331 E/zygisk-ptrace64 ] failed to find symbol fdopen in /system/lib64/liblog.so
[ 2026-02-18T10:59:04.347        0:  1331:  1331 E/zygisk-elfutil64 ] Cannot load symtabs: .symtab section or its string table not found/valid.
[ 2026-02-18T10:59:04.347        0:  1331:  1331 E/zygisk-elfutil64 ] Failed to load symtabs for linear lookup of fdopen
[ 2026-02-18T10:59:04.347        0:  1331:  1331 E/zygisk-ptrace64 ] failed to find symbol fdopen in /apex/com.android.runtime/lib64/bionic/libm.so
[ 2026-02-18T10:59:04.347        0:  1331:  1331 E/zygisk-elfutil64 ] Cannot load symtabs: .symtab section or its string table not found/valid.
[ 2026-02-18T10:59:04.347        0:  1331:  1331 E/zygisk-elfutil64 ] Failed to load symtabs for linear lookup of fdopen
[ 2026-02-18T10:59:04.347        0:  1331:  1331 E/zygisk-ptrace64 ] failed to find symbol fdopen in /apex/com.android.runtime/lib64/bionic/libdl.so
[ 2026-02-18T10:59:04.347        0:  1331:  1331 E/zygisk-elfutil64 ] Cannot load symtabs: .symtab section or its string table not found/valid.
[ 2026-02-18T10:59:04.347        0:  1331:  1331 E/zygisk-elfutil64 ] Failed to load symtabs for linear lookup of calloc
[ 2026-02-18T10:59:04.347        0:  1331:  1331 E/zygisk-ptrace64 ] failed to find symbol calloc in /system/lib64/liblog.so
[ 2026-02-18T10:59:04.347        0:  1331:  1331 E/zygisk-elfutil64 ] Cannot load symtabs: .symtab section or its string table not found/valid.
[ 2026-02-18T10:59:04.347        0:  1331:  1331 E/zygisk-elfutil64 ] Failed to load symtabs for linear lookup of calloc
[ 2026-02-18T10:59:04.347        0:  1331:  1331 E/zygisk-ptrace64 ] failed to find symbol calloc in /apex/com.android.runtime/lib64/bionic/libm.so
[ 2026-02-18T10:59:04.347        0:  1331:  1331 E/zygisk-elfutil64 ] Cannot load symtabs: .symtab section or its string table not found/valid.
[ 2026-02-18T10:59:04.347        0:  1331:  1331 E/zygisk-elfutil64 ] Failed to load symtabs for linear lookup of calloc
[ 2026-02-18T10:59:04.347        0:  1331:  1331 E/zygisk-ptrace64 ] failed to find symbol calloc in /apex/com.android.runtime/lib64/bionic/libdl.so
[ 2026-02-18T10:59:04.347        0:  1331:  1331 E/zygisk-elfutil64 ] Cannot load symtabs: .symtab section or its string table not found/valid.
[ 2026-02-18T10:59:04.347        0:  1331:  1331 E/zygisk-elfutil64 ] Failed to load symtabs for linear lookup of waitpid
[ 2026-02-18T10:59:04.347        0:  1331:  1331 E/zygisk-ptrace64 ] failed to find symbol waitpid in /system/lib64/liblog.so
[ 2026-02-18T10:59:04.347        0:  1331:  1331 E/zygisk-elfutil64 ] Cannot load symtabs: .symtab section or its string table not found/valid.
[ 2026-02-18T10:59:04.347        0:  1331:  1331 E/zygisk-elfutil64 ] Failed to load symtabs for linear lookup of waitpid
[ 2026-02-18T10:59:04.347        0:  1331:  1331 E/zygisk-ptrace64 ] failed to find symbol waitpid in /apex/com.android.runtime/lib64/bionic/libm.so
[ 2026-02-18T10:59:04.347        0:  1331:  1331 E/zygisk-elfutil64 ] Cannot load symtabs: .symtab section or its string table not found/valid.
[ 2026-02-18T10:59:04.347        0:  1331:  1331 E/zygisk-elfutil64 ] Failed to load symtabs for linear lookup of waitpid
[ 2026-02-18T10:59:04.347        0:  1331:  1331 E/zygisk-ptrace64 ] failed to find symbol waitpid in /apex/com.android.runtime/lib64/bionic/libdl.so
[ 2026-02-18T10:59:04.349        0:  1331:  1331 E/zygisk-elfutil64 ] Cannot load symtabs: .symtab section or its string table not found/valid.
[ 2026-02-18T10:59:04.349        0:  1331:  1331 E/zygisk-elfutil64 ] Failed to load symtabs for linear lookup of mprotect
[ 2026-02-18T10:59:04.349        0:  1331:  1331 E/zygisk-ptrace64 ] failed to find symbol mprotect in /system/lib64/liblog.so
[ 2026-02-18T10:59:04.349        0:  1331:  1331 E/zygisk-elfutil64 ] Cannot load symtabs: .symtab section or its string table not found/valid.
[ 2026-02-18T10:59:04.349        0:  1331:  1331 E/zygisk-elfutil64 ] Failed to load symtabs for linear lookup of mprotect
[ 2026-02-18T10:59:04.349        0:  1331:  1331 E/zygisk-ptrace64 ] failed to find symbol mprotect in /apex/com.android.runtime/lib64/bionic/libm.so
[ 2026-02-18T10:59:04.349        0:  1331:  1331 E/zygisk-elfutil64 ] Cannot load symtabs: .symtab section or its string table not found/valid.
[ 2026-02-18T10:59:04.349        0:  1331:  1331 E/zygisk-elfutil64 ] Failed to load symtabs for linear lookup of mprotect
[ 2026-02-18T10:59:04.349        0:  1331:  1331 E/zygisk-ptrace64 ] failed to find symbol mprotect in /apex/com.android.runtime/lib64/bionic/libdl.so
[ 2026-02-18T10:59:04.350        0:  1331:  1331 E/zygisk-elfutil64 ] Cannot load symtabs: .symtab section or its string table not found/valid.
[ 2026-02-18T10:59:04.350        0:  1331:  1331 E/zygisk-elfutil64 ] Failed to load symtabs for linear lookup of sendmsg
[ 2026-02-18T10:59:04.350        0:  1331:  1331 E/zygisk-ptrace64 ] failed to find symbol sendmsg in /system/lib64/liblog.so
[ 2026-02-18T10:59:04.350        0:  1331:  1331 E/zygisk-elfutil64 ] Cannot load symtabs: .symtab section or its string table not found/valid.
[ 2026-02-18T10:59:04.350        0:  1331:  1331 E/zygisk-elfutil64 ] Failed to load symtabs for linear lookup of sendmsg
[ 2026-02-18T10:59:04.350        0:  1331:  1331 E/zygisk-ptrace64 ] failed to find symbol sendmsg in /apex/com.android.runtime/lib64/bionic/libm.so
[ 2026-02-18T10:59:04.354        0:  1331:  1331 E/zygisk-elfutil64 ] Cannot load symtabs: .symtab section or its string table not found/valid.
[ 2026-02-18T10:59:04.354        0:  1331:  1331 E/zygisk-elfutil64 ] Failed to load symtabs for linear lookup of sendmsg
[ 2026-02-18T10:59:04.354        0:  1331:  1331 E/zygisk-ptrace64 ] failed to find symbol sendmsg in /apex/com.android.runtime/lib64/bionic/libdl.so
[ 2026-02-18T10:59:04.354        0:  1331:  1331 E/zygisk-elfutil64 ] Cannot load symtabs: .symtab section or its string table not found/valid.
[ 2026-02-18T10:59:04.354        0:  1331:  1331 E/zygisk-elfutil64 ] Failed to load symtabs for linear lookup of qsort
[ 2026-02-18T10:59:04.354        0:  1331:  1331 E/zygisk-ptrace64 ] failed to find symbol qsort in /system/lib64/liblog.so
[ 2026-02-18T10:59:04.354        0:  1331:  1331 E/zygisk-elfutil64 ] Cannot load symtabs: .symtab section or its string table not found/valid.
[ 2026-02-18T10:59:04.354        0:  1331:  1331 E/zygisk-elfutil64 ] Failed to load symtabs for linear lookup of qsort
[ 2026-02-18T10:59:04.354        0:  1331:  1331 E/zygisk-ptrace64 ] failed to find symbol qsort in /apex/com.android.runtime/lib64/bionic/libm.so
[ 2026-02-18T10:59:04.354        0:  1331:  1331 E/zygisk-elfutil64 ] Cannot load symtabs: .symtab section or its string table not found/valid.
[ 2026-02-18T10:59:04.354        0:  1331:  1331 E/zygisk-elfutil64 ] Failed to load symtabs for linear lookup of qsort
[ 2026-02-18T10:59:04.354        0:  1331:  1331 E/zygisk-ptrace64 ] failed to find symbol qsort in /apex/com.android.runtime/lib64/bionic/libdl.so
[ 2026-02-18T10:59:04.354        0:  1331:  1331 E/zygisk-elfutil64 ] Cannot load symtabs: .symtab section or its string table not found/valid.
[ 2026-02-18T10:59:04.354        0:  1331:  1331 E/zygisk-elfutil64 ] Failed to load symtabs for linear lookup of getpagesize
[ 2026-02-18T10:59:04.354        0:  1331:  1331 E/zygisk-ptrace64 ] failed to find symbol getpagesize in /system/lib64/liblog.so
[ 2026-02-18T10:59:04.354        0:  1331:  1331 E/zygisk-elfutil64 ] Cannot load symtabs: .symtab section or its string table not found/valid.
[ 2026-02-18T10:59:04.354        0:  1331:  1331 E/zygisk-elfutil64 ] Failed to load symtabs for linear lookup of getpagesize
[ 2026-02-18T10:59:04.354        0:  1331:  1331 E/zygisk-ptrace64 ] failed to find symbol getpagesize in /apex/com.android.runtime/lib64/bionic/libm.so
[ 2026-02-18T10:59:04.355        0:  1331:  1331 E/zygisk-elfutil64 ] Cannot load symtabs: .symtab section or its string table not found/valid.
[ 2026-02-18T10:59:04.355        0:  1331:  1331 E/zygisk-elfutil64 ] Failed to load symtabs for linear lookup of getpagesize
[ 2026-02-18T10:59:04.355        0:  1331:  1331 E/zygisk-ptrace64 ] failed to find symbol getpagesize in /apex/com.android.runtime/lib64/bionic/libdl.so
[ 2026-02-18T10:59:04.355        0:  1331:  1331 E/zygisk-elfutil64 ] Cannot load symtabs: .symtab section or its string table not found/valid.
[ 2026-02-18T10:59:04.355        0:  1331:  1331 E/zygisk-elfutil64 ] Failed to load symtabs for linear lookup of vsnprintf
[ 2026-02-18T10:59:04.355        0:  1331:  1331 E/zygisk-ptrace64 ] failed to find symbol vsnprintf in /system/lib64/liblog.so
[ 2026-02-18T10:59:04.355        0:  1331:  1331 E/zygisk-elfutil64 ] Cannot load symtabs: .symtab section or its string table not found/valid.
[ 2026-02-18T10:59:04.355        0:  1331:  1331 E/zygisk-elfutil64 ] Failed to load symtabs for linear lookup of vsnprintf
[ 2026-02-18T10:59:04.355        0:  1331:  1331 E/zygisk-ptrace64 ] failed to find symbol vsnprintf in /apex/com.android.runtime/lib64/bionic/libm.so
[ 2026-02-18T10:59:04.355        0:  1331:  1331 E/zygisk-elfutil64 ] Cannot load symtabs: .symtab section or its string table not found/valid.
[ 2026-02-18T10:59:04.355        0:  1331:  1331 E/zygisk-elfutil64 ] Failed to load symtabs for linear lookup of vsnprintf
[ 2026-02-18T10:59:04.355        0:  1331:  1331 E/zygisk-ptrace64 ] failed to find symbol vsnprintf in /apex/com.android.runtime/lib64/bionic/libdl.so
[ 2026-02-18T10:59:04.355        0:  1331:  1331 E/zygisk-elfutil64 ] Cannot load symtabs: .symtab section or its string table not found/valid.
[ 2026-02-18T10:59:04.355        0:  1331:  1331 E/zygisk-elfutil64 ] Failed to load symtabs for linear lookup of fstat
[ 2026-02-18T10:59:04.355        0:  1331:  1331 E/zygisk-ptrace64 ] failed to find symbol fstat in /system/lib64/liblog.so
[ 2026-02-18T10:59:04.355        0:  1331:  1331 E/zygisk-elfutil64 ] Cannot load symtabs: .symtab section or its string table not found/valid.
[ 2026-02-18T10:59:04.355        0:  1331:  1331 E/zygisk-elfutil64 ] Failed to load symtabs for linear lookup of fstat
[ 2026-02-18T10:59:04.355        0:  1331:  1331 E/zygisk-ptrace64 ] failed to find symbol fstat in /apex/com.android.runtime/lib64/bionic/libm.so
[ 2026-02-18T10:59:04.355        0:  1331:  1331 E/zygisk-elfutil64 ] Cannot load symtabs: .symtab section or its string table not found/valid.
[ 2026-02-18T10:59:04.355        0:  1331:  1331 E/zygisk-elfutil64 ] Failed to load symtabs for linear lookup of fstat
[ 2026-02-18T10:59:04.355        0:  1331:  1331 E/zygisk-ptrace64 ] failed to find symbol fstat in /apex/com.android.runtime/lib64/bionic/libdl.so
[ 2026-02-18T10:59:04.355        0:  1331:  1331 E/zygisk-elfutil64 ] Cannot load symtabs: .symtab section or its string table not found/valid.
[ 2026-02-18T10:59:04.355        0:  1331:  1331 E/zygisk-elfutil64 ] Failed to load symtabs for linear lookup of dl_iterate_phdr
[ 2026-02-18T10:59:04.355        0:  1331:  1331 E/zygisk-ptrace64 ] failed to find symbol dl_iterate_phdr in /system/lib64/liblog.so
[ 2026-02-18T10:59:04.355        0:  1331:  1331 E/zygisk-elfutil64 ] Cannot load symtabs: .symtab section or its string table not found/valid.
[ 2026-02-18T10:59:04.355        0:  1331:  1331 E/zygisk-elfutil64 ] Failed to load symtabs for linear lookup of dl_iterate_phdr
[ 2026-02-18T10:59:04.355        0:  1331:  1331 E/zygisk-ptrace64 ] failed to find symbol dl_iterate_phdr in /apex/com.android.runtime/lib64/bionic/libm.so
[ 2026-02-18T10:59:04.355        0:  1331:  1331 E/zygisk-elfutil64 ] Cannot load symtabs: .symtab section or its string table not found/valid.
[ 2026-02-18T10:59:04.355        0:  1331:  1331 E/zygisk-elfutil64 ] Failed to load symtabs for linear lookup of getauxval
[ 2026-02-18T10:59:04.355        0:  1331:  1331 E/zygisk-ptrace64 ] failed to find symbol getauxval in /system/lib64/liblog.so
[ 2026-02-18T10:59:04.355        0:  1331:  1331 E/zygisk-elfutil64 ] Cannot load symtabs: .symtab section or its string table not found/valid.
[ 2026-02-18T10:59:04.355        0:  1331:  1331 E/zygisk-elfutil64 ] Failed to load symtabs for linear lookup of getauxval
[ 2026-02-18T10:59:04.355        0:  1331:  1331 E/zygisk-ptrace64 ] failed to find symbol getauxval in /apex/com.android.runtime/lib64/bionic/libm.so
[ 2026-02-18T10:59:04.355        0:  1331:  1331 E/zygisk-elfutil64 ] Cannot load symtabs: .symtab section or its string table not found/valid.
[ 2026-02-18T10:59:04.355        0:  1331:  1331 E/zygisk-elfutil64 ] Failed to load symtabs for linear lookup of getauxval
[ 2026-02-18T10:59:04.356        0:  1331:  1331 E/zygisk-ptrace64 ] failed to find symbol getauxval in /apex/com.android.runtime/lib64/bionic/libdl.so
[ 2026-02-18T10:59:04.356        0:  1331:  1331 W/zygisk-ptrace64 ] Bypassing resolution of EH frame function: __deregister_frame
[ 2026-02-18T10:59:04.356        0:  1331:  1331 W/zygisk-ptrace64 ] Bypassing resolution of EH frame function: __register_frame
[ 2026-02-18T10:59:04.356        0:  1331:  1331 E/zygisk-elfutil64 ] Cannot load symtabs: .symtab section or its string table not found/valid.
[ 2026-02-18T10:59:04.356        0:  1331:  1331 E/zygisk-elfutil64 ] Failed to load symtabs for linear lookup of mmap
[ 2026-02-18T10:59:04.356        0:  1331:  1331 E/zygisk-ptrace64 ] failed to find symbol mmap in /system/lib64/liblog.so
[ 2026-02-18T10:59:04.356        0:  1331:  1331 E/zygisk-elfutil64 ] Cannot load symtabs: .symtab section or its string table not found/valid.
[ 2026-02-18T10:59:04.356        0:  1331:  1331 E/zygisk-elfutil64 ] Failed to load symtabs for linear lookup of mmap
[ 2026-02-18T10:59:04.356        0:  1331:  1331 E/zygisk-ptrace64 ] failed to find symbol mmap in /apex/com.android.runtime/lib64/bionic/libm.so
[ 2026-02-18T10:59:04.356        0:  1331:  1331 E/zygisk-elfutil64 ] Cannot load symtabs: .symtab section or its string table not found/valid.
[ 2026-02-18T10:59:04.356        0:  1331:  1331 E/zygisk-elfutil64 ] Failed to load symtabs for linear lookup of mmap
[ 2026-02-18T10:59:04.356        0:  1331:  1331 E/zygisk-ptrace64 ] failed to find symbol mmap in /apex/com.android.runtime/lib64/bionic/libdl.so
[ 2026-02-18T10:59:04.356        0:  1331:  1331 E/zygisk-elfutil64 ] Cannot load symtabs: .symtab section or its string table not found/valid.
[ 2026-02-18T10:59:04.356        0:  1331:  1331 E/zygisk-elfutil64 ] Failed to load symtabs for linear lookup of sysconf
[ 2026-02-18T10:59:04.356        0:  1331:  1331 E/zygisk-ptrace64 ] failed to find symbol sysconf in /system/lib64/liblog.so
[ 2026-02-18T10:59:04.356        0:  1331:  1331 E/zygisk-elfutil64 ] Cannot load symtabs: .symtab section or its string table not found/valid.
[ 2026-02-18T10:59:04.356        0:  1331:  1331 E/zygisk-elfutil64 ] Failed to load symtabs for linear lookup of sysconf
[ 2026-02-18T10:59:04.356        0:  1331:  1331 E/zygisk-ptrace64 ] failed to find symbol sysconf in /apex/com.android.runtime/lib64/bionic/libm.so
[ 2026-02-18T10:59:04.356        0:  1331:  1331 E/zygisk-elfutil64 ] Cannot load symtabs: .symtab section or its string table not found/valid.
[ 2026-02-18T10:59:04.356        0:  1331:  1331 E/zygisk-elfutil64 ] Failed to load symtabs for linear lookup of sysconf
[ 2026-02-18T10:59:04.356        0:  1331:  1331 E/zygisk-ptrace64 ] failed to find symbol sysconf in /apex/com.android.runtime/lib64/bionic/libdl.so
[ 2026-02-18T10:59:04.356        0:  1331:  1331 E/zygisk-elfutil64 ] Cannot load symtabs: .symtab section or its string table not found/valid.
[ 2026-02-18T10:59:04.356        0:  1331:  1331 E/zygisk-elfutil64 ] Failed to load symtabs for linear lookup of abort
[ 2026-02-18T10:59:04.356        0:  1331:  1331 E/zygisk-ptrace64 ] failed to find symbol abort in /system/lib64/liblog.so
[ 2026-02-18T10:59:04.356        0:  1331:  1331 E/zygisk-elfutil64 ] Cannot load symtabs: .symtab section or its string table not found/valid.
[ 2026-02-18T10:59:04.356        0:  1331:  1331 E/zygisk-elfutil64 ] Failed to load symtabs for linear lookup of abort
[ 2026-02-18T10:59:04.356        0:  1331:  1331 E/zygisk-ptrace64 ] failed to find symbol abort in /apex/com.android.runtime/lib64/bionic/libm.so
[ 2026-02-18T10:59:04.356        0:  1331:  1331 E/zygisk-elfutil64 ] Cannot load symtabs: .symtab section or its string table not found/valid.
[ 2026-02-18T10:59:04.356        0:  1331:  1331 E/zygisk-elfutil64 ] Failed to load symtabs for linear lookup of abort
[ 2026-02-18T10:59:04.356        0:  1331:  1331 E/zygisk-ptrace64 ] failed to find symbol abort in /apex/com.android.runtime/lib64/bionic/libdl.so
[ 2026-02-18T10:59:04.357        0:  1331:  1331 E/zygisk-elfutil64 ] Cannot load symtabs: .symtab section or its string table not found/valid.
[ 2026-02-18T10:59:04.357        0:  1331:  1331 E/zygisk-elfutil64 ] Failed to load symtabs for linear lookup of pthread_once
[ 2026-02-18T10:59:04.357        0:  1331:  1331 E/zygisk-ptrace64 ] failed to find symbol pthread_once in /system/lib64/liblog.so
[ 2026-02-18T10:59:04.357        0:  1331:  1331 E/zygisk-elfutil64 ] Cannot load symtabs: .symtab section or its string table not found/valid.
[ 2026-02-18T10:59:04.357        0:  1331:  1331 E/zygisk-elfutil64 ] Failed to load symtabs for linear lookup of pthread_once
[ 2026-02-18T10:59:04.357        0:  1331:  1331 E/zygisk-ptrace64 ] failed to find symbol pthread_once in /apex/com.android.runtime/lib64/bionic/libm.so
[ 2026-02-18T10:59:04.357        0:  1331:  1331 E/zygisk-elfutil64 ] Cannot load symtabs: .symtab section or its string table not found/valid.
[ 2026-02-18T10:59:04.357        0:  1331:  1331 E/zygisk-elfutil64 ] Failed to load symtabs for linear lookup of pthread_once
[ 2026-02-18T10:59:04.357        0:  1331:  1331 E/zygisk-ptrace64 ] failed to find symbol pthread_once in /apex/com.android.runtime/lib64/bionic/libdl.so
[ 2026-02-18T10:59:04.357        0:  1331:  1331 E/zygisk-elfutil64 ] Cannot load symtabs: .symtab section or its string table not found/valid.
[ 2026-02-18T10:59:04.357        0:  1331:  1331 E/zygisk-elfutil64 ] Failed to load symtabs for linear lookup of pthread_getspecific
[ 2026-02-18T10:59:04.357        0:  1331:  1331 E/zygisk-ptrace64 ] failed to find symbol pthread_getspecific in /system/lib64/liblog.so
[ 2026-02-18T10:59:04.357        0:  1331:  1331 E/zygisk-elfutil64 ] Cannot load symtabs: .symtab section or its string table not found/valid.
[ 2026-02-18T10:59:04.357        0:  1331:  1331 E/zygisk-elfutil64 ] Failed to load symtabs for linear lookup of pthread_getspecific
[ 2026-02-18T10:59:04.357        0:  1331:  1331 E/zygisk-ptrace64 ] failed to find symbol pthread_getspecific in /apex/com.android.runtime/lib64/bionic/libm.so
[ 2026-02-18T10:59:04.357        0:  1331:  1331 E/zygisk-elfutil64 ] Cannot load symtabs: .symtab section or its string table not found/valid.
[ 2026-02-18T10:59:04.357        0:  1331:  1331 E/zygisk-elfutil64 ] Failed to load symtabs for linear lookup of pthread_getspecific
[ 2026-02-18T10:59:04.357        0:  1331:  1331 E/zygisk-ptrace64 ] failed to find symbol pthread_getspecific in /apex/com.android.runtime/lib64/bionic/libdl.so
[ 2026-02-18T10:59:04.357        0:  1331:  1331 E/zygisk-elfutil64 ] Cannot load symtabs: .symtab section or its string table not found/valid.
[ 2026-02-18T10:59:04.357        0:  1331:  1331 E/zygisk-elfutil64 ] Failed to load symtabs for linear lookup of pthread_key_create
[ 2026-02-18T10:59:04.357        0:  1331:  1331 E/zygisk-ptrace64 ] failed to find symbol pthread_key_create in /system/lib64/liblog.so
[ 2026-02-18T10:59:04.357        0:  1331:  1331 E/zygisk-elfutil64 ] Cannot load symtabs: .symtab section or its string table not found/valid.
[ 2026-02-18T10:59:04.357        0:  1331:  1331 E/zygisk-elfutil64 ] Failed to load symtabs for linear lookup of pthread_key_create
[ 2026-02-18T10:59:04.357        0:  1331:  1331 E/zygisk-ptrace64 ] failed to find symbol pthread_key_create in /apex/com.android.runtime/lib64/bionic/libm.so
[ 2026-02-18T10:59:04.357        0:  1331:  1331 E/zygisk-elfutil64 ] Cannot load symtabs: .symtab section or its string table not found/valid.
[ 2026-02-18T10:59:04.357        0:  1331:  1331 E/zygisk-elfutil64 ] Failed to load symtabs for linear lookup of pthread_key_create
[ 2026-02-18T10:59:04.357        0:  1331:  1331 E/zygisk-ptrace64 ] failed to find symbol pthread_key_create in /apex/com.android.runtime/lib64/bionic/libdl.so
[ 2026-02-18T10:59:04.358        0:  1331:  1331 E/zygisk-elfutil64 ] Cannot load symtabs: .symtab section or its string table not found/valid.
[ 2026-02-18T10:59:04.358        0:  1331:  1331 E/zygisk-elfutil64 ] Failed to load symtabs for linear lookup of posix_memalign
[ 2026-02-18T10:59:04.358        0:  1331:  1331 E/zygisk-ptrace64 ] failed to find symbol posix_memalign in /system/lib64/liblog.so
[ 2026-02-18T10:59:04.358        0:  1331:  1331 E/zygisk-elfutil64 ] Cannot load symtabs: .symtab section or its string table not found/valid.
[ 2026-02-18T10:59:04.358        0:  1331:  1331 E/zygisk-elfutil64 ] Failed to load symtabs for linear lookup of posix_memalign
[ 2026-02-18T10:59:04.358        0:  1331:  1331 E/zygisk-ptrace64 ] failed to find symbol posix_memalign in /apex/com.android.runtime/lib64/bionic/libm.so
[ 2026-02-18T10:59:04.358        0:  1331:  1331 E/zygisk-elfutil64 ] Cannot load symtabs: .symtab section or its string table not found/valid.
[ 2026-02-18T10:59:04.358        0:  1331:  1331 E/zygisk-elfutil64 ] Failed to load symtabs for linear lookup of posix_memalign
[ 2026-02-18T10:59:04.358        0:  1331:  1331 E/zygisk-ptrace64 ] failed to find symbol posix_memalign in /apex/com.android.runtime/lib64/bionic/libdl.so
[ 2026-02-18T10:59:04.358        0:  1331:  1331 E/zygisk-elfutil64 ] Cannot load symtabs: .symtab section or its string table not found/valid.
[ 2026-02-18T10:59:04.358        0:  1331:  1331 E/zygisk-elfutil64 ] Failed to load symtabs for linear lookup of pthread_setspecific
[ 2026-02-18T10:59:04.358        0:  1331:  1331 E/zygisk-ptrace64 ] failed to find symbol pthread_setspecific in /system/lib64/liblog.so
[ 2026-02-18T10:59:04.358        0:  1331:  1331 E/zygisk-elfutil64 ] Cannot load symtabs: .symtab section or its string table not found/valid.
[ 2026-02-18T10:59:04.358        0:  1331:  1331 E/zygisk-elfutil64 ] Failed to load symtabs for linear lookup of pthread_setspecific
[ 2026-02-18T10:59:04.358        0:  1331:  1331 E/zygisk-ptrace64 ] failed to find symbol pthread_setspecific in /apex/com.android.runtime/lib64/bionic/libm.so
[ 2026-02-18T10:59:04.358        0:  1331:  1331 E/zygisk-elfutil64 ] Cannot load symtabs: .symtab section or its string table not found/valid.
[ 2026-02-18T10:59:04.358        0:  1331:  1331 E/zygisk-elfutil64 ] Failed to load symtabs for linear lookup of pthread_setspecific
[ 2026-02-18T10:59:04.358        0:  1331:  1331 E/zygisk-ptrace64 ] failed to find symbol pthread_setspecific in /apex/com.android.runtime/lib64/bionic/libdl.so
[ 2026-02-18T10:59:04.358        0:  1331:  1331 E/zygisk-elfutil64 ] Cannot load symtabs: .symtab section or its string table not found/valid.
[ 2026-02-18T10:59:04.358        0:  1331:  1331 E/zygisk-elfutil64 ] Failed to load symtabs for linear lookup of strlen
[ 2026-02-18T10:59:04.358        0:  1331:  1331 E/zygisk-ptrace64 ] failed to find symbol strlen in /system/lib64/liblog.so
[ 2026-02-18T10:59:04.358        0:  1331:  1331 E/zygisk-elfutil64 ] Cannot load symtabs: .symtab section or its string table not found/valid.
[ 2026-02-18T10:59:04.358        0:  1331:  1331 E/zygisk-elfutil64 ] Failed to load symtabs for linear lookup of strlen
[ 2026-02-18T10:59:04.358        0:  1331:  1331 E/zygisk-ptrace64 ] failed to find symbol strlen in /apex/com.android.runtime/lib64/bionic/libm.so
[ 2026-02-18T10:59:04.359        0:  1331:  1331 E/zygisk-elfutil64 ] Cannot load symtabs: .symtab section or its string table not found/valid.
[ 2026-02-18T10:59:04.359        0:  1331:  1331 E/zygisk-elfutil64 ] Failed to load symtabs for linear lookup of strlen
[ 2026-02-18T10:59:04.359        0:  1331:  1331 E/zygisk-ptrace64 ] failed to find symbol strlen in /apex/com.android.runtime/lib64/bionic/libdl.so
[ 2026-02-18T10:59:04.359        0:  1331:  1331 E/zygisk-elfutil64 ] Cannot load symtabs: .symtab section or its string table not found/valid.
[ 2026-02-18T10:59:04.359        0:  1331:  1331 E/zygisk-elfutil64 ] Failed to load symtabs for linear lookup of memmove
[ 2026-02-18T10:59:04.359        0:  1331:  1331 E/zygisk-ptrace64 ] failed to find symbol memmove in /system/lib64/liblog.so
[ 2026-02-18T10:59:04.359        0:  1331:  1331 E/zygisk-elfutil64 ] Cannot load symtabs: .symtab section or its string table not found/valid.
[ 2026-02-18T10:59:04.359        0:  1331:  1331 E/zygisk-elfutil64 ] Failed to load symtabs for linear lookup of memmove
[ 2026-02-18T10:59:04.359        0:  1331:  1331 E/zygisk-ptrace64 ] failed to find symbol memmove in /apex/com.android.runtime/lib64/bionic/libm.so
[ 2026-02-18T10:59:04.359        0:  1331:  1331 E/zygisk-elfutil64 ] Cannot load symtabs: .symtab section or its string table not found/valid.
[ 2026-02-18T10:59:04.359        0:  1331:  1331 E/zygisk-elfutil64 ] Failed to load symtabs for linear lookup of memmove
[ 2026-02-18T10:59:04.359        0:  1331:  1331 E/zygisk-ptrace64 ] failed to find symbol memmove in /apex/com.android.runtime/lib64/bionic/libdl.so
[ 2026-02-18T10:59:04.359        0:  1331:  1331 E/zygisk-elfutil64 ] Cannot load symtabs: .symtab section or its string table not found/valid.
[ 2026-02-18T10:59:04.359        0:  1331:  1331 E/zygisk-elfutil64 ] Failed to load symtabs for linear lookup of memset
[ 2026-02-18T10:59:04.359        0:  1331:  1331 E/zygisk-ptrace64 ] failed to find symbol memset in /system/lib64/liblog.so
[ 2026-02-18T10:59:04.359        0:  1331:  1331 E/zygisk-elfutil64 ] Cannot load symtabs: .symtab section or its string table not found/valid.
[ 2026-02-18T10:59:04.359        0:  1331:  1331 E/zygisk-elfutil64 ] Failed to load symtabs for linear lookup of memset
[ 2026-02-18T10:59:04.359        0:  1331:  1331 E/zygisk-ptrace64 ] failed to find symbol memset in /apex/com.android.runtime/lib64/bionic/libm.so
[ 2026-02-18T10:59:04.359        0:  1331:  1331 E/zygisk-elfutil64 ] Cannot load symtabs: .symtab section or its string table not found/valid.
[ 2026-02-18T10:59:04.359        0:  1331:  1331 E/zygisk-elfutil64 ] Failed to load symtabs for linear lookup of memset
[ 2026-02-18T10:59:04.359        0:  1331:  1331 E/zygisk-ptrace64 ] failed to find symbol memset in /apex/com.android.runtime/lib64/bionic/libdl.so
[ 2026-02-18T10:59:04.359        0:  1331:  1331 E/zygisk-elfutil64 ] Cannot load symtabs: .symtab section or its string table not found/valid.
[ 2026-02-18T10:59:04.359        0:  1331:  1331 E/zygisk-elfutil64 ] Failed to load symtabs for linear lookup of __stack_chk_fail
[ 2026-02-18T10:59:04.359        0:  1331:  1331 E/zygisk-ptrace64 ] failed to find symbol __stack_chk_fail in /system/lib64/liblog.so
[ 2026-02-18T10:59:04.359        0:  1331:  1331 E/zygisk-elfutil64 ] Cannot load symtabs: .symtab section or its string table not found/valid.
[ 2026-02-18T10:59:04.359        0:  1331:  1331 E/zygisk-elfutil64 ] Failed to load symtabs for linear lookup of __stack_chk_fail
[ 2026-02-18T10:59:04.359        0:  1331:  1331 E/zygisk-ptrace64 ] failed to find symbol __stack_chk_fail in /apex/com.android.runtime/lib64/bionic/libm.so
[ 2026-02-18T10:59:04.359        0:  1331:  1331 E/zygisk-elfutil64 ] Cannot load symtabs: .symtab section or its string table not found/valid.
[ 2026-02-18T10:59:04.359        0:  1331:  1331 E/zygisk-elfutil64 ] Failed to load symtabs for linear lookup of __stack_chk_fail
[ 2026-02-18T10:59:04.359        0:  1331:  1331 E/zygisk-ptrace64 ] failed to find symbol __stack_chk_fail in /apex/com.android.runtime/lib64/bionic/libdl.so
[ 2026-02-18T10:59:04.360        0:  1331:  1331 E/zygisk-elfutil64 ] Cannot load symtabs: .symtab section or its string table not found/valid.
[ 2026-02-18T10:59:04.360        0:  1331:  1331 E/zygisk-elfutil64 ] Failed to load symtabs for linear lookup of memcpy
[ 2026-02-18T10:59:04.360        0:  1331:  1331 E/zygisk-ptrace64 ] failed to find symbol memcpy in /system/lib64/liblog.so
[ 2026-02-18T10:59:04.360        0:  1331:  1331 E/zygisk-elfutil64 ] Cannot load symtabs: .symtab section or its string table not found/valid.
[ 2026-02-18T10:59:04.360        0:  1331:  1331 E/zygisk-elfutil64 ] Failed to load symtabs for linear lookup of memcpy
[ 2026-02-18T10:59:04.360        0:  1331:  1331 E/zygisk-ptrace64 ] failed to find symbol memcpy in /apex/com.android.runtime/lib64/bionic/libm.so
[ 2026-02-18T10:59:04.360        0:  1331:  1331 E/zygisk-elfutil64 ] Cannot load symtabs: .symtab section or its string table not found/valid.
[ 2026-02-18T10:59:04.360        0:  1331:  1331 E/zygisk-elfutil64 ] Failed to load symtabs for linear lookup of memcpy
[ 2026-02-18T10:59:04.360        0:  1331:  1331 E/zygisk-ptrace64 ] failed to find symbol memcpy in /apex/com.android.runtime/lib64/bionic/libdl.so
[ 2026-02-18T10:59:04.374        0:  1331:  1331 I/zygisk-ptrace64 ] remote mapped /data/adb/modules/rezygisk/lib64/libzygisk.so at 0x7d14ca1000 (size 118784), entry 0x7d14ca4b54
[ 2026-02-18T10:59:04.387        0:  1331:  1331 I/zygisk-ptrace64 ] process 1327 stopped by SIGCHLD, continue
[ 2026-02-18T10:59:04.432        0:  1085:  1085 I/zygisk-ptrace64 ] Received Zygote64 injected command
[ 2026-02-18T10:59:04.432        0:  1085:  1085 I/zygisk-ptrace64 ] status updated: Monitor: ✅, ReZygisk 64-bit: ✅, ReZygisk 32-bit: ⚠️
[ 2026-02-18T10:59:04.593        0:  1334:  1334 E/zygisk-elfutil32 ] Cannot load symtabs: .symtab section or its string table not found/valid.
[ 2026-02-18T10:59:04.593        0:  1334:  1334 E/zygisk-elfutil32 ] Failed to load symtabs for linear lookup of free
[ 2026-02-18T10:59:04.593        0:  1334:  1334 E/zygisk-ptrace32 ] failed to find symbol free in /system/lib/liblog.so
[ 2026-02-18T10:59:04.593        0:  1334:  1334 E/zygisk-elfutil32 ] Cannot load symtabs: .symtab section or its string table not found/valid.
[ 2026-02-18T10:59:04.593        0:  1334:  1334 E/zygisk-elfutil32 ] Failed to load symtabs for linear lookup of free
[ 2026-02-18T10:59:04.593        0:  1334:  1334 E/zygisk-ptrace32 ] failed to find symbol free in /apex/com.android.runtime/lib/bionic/libm.so
[ 2026-02-18T10:59:04.593        0:  1334:  1334 E/zygisk-elfutil32 ] Cannot load symtabs: .symtab section or its string table not found/valid.
[ 2026-02-18T10:59:04.593        0:  1334:  1334 E/zygisk-elfutil32 ] Failed to load symtabs for linear lookup of free
[ 2026-02-18T10:59:04.593        0:  1334:  1334 E/zygisk-ptrace32 ] failed to find symbol free in /apex/com.android.runtime/lib/bionic/libdl.so
[ 2026-02-18T10:59:04.593        0:  1334:  1334 E/zygisk-elfutil32 ] Cannot load symtabs: .symtab section or its string table not found/valid.
[ 2026-02-18T10:59:04.593        0:  1334:  1334 E/zygisk-elfutil32 ] Failed to load symtabs for linear lookup of __stack_chk_guard
[ 2026-02-18T10:59:04.593        0:  1334:  1334 E/zygisk-ptrace32 ] failed to find symbol __stack_chk_guard in /system/lib/liblog.so
[ 2026-02-18T10:59:04.593        0:  1334:  1334 E/zygisk-elfutil32 ] Cannot load symtabs: .symtab section or its string table not found/valid.
[ 2026-02-18T10:59:04.593        0:  1334:  1334 E/zygisk-elfutil32 ] Failed to load symtabs for linear lookup of __stack_chk_guard
[ 2026-02-18T10:59:04.593        0:  1334:  1334 E/zygisk-ptrace32 ] failed to find symbol __stack_chk_guard in /apex/com.android.runtime/lib/bionic/libm.so
[ 2026-02-18T10:59:04.593        0:  1334:  1334 E/zygisk-elfutil32 ] Cannot load symtabs: .symtab section or its string table not found/valid.
[ 2026-02-18T10:59:04.593        0:  1334:  1334 E/zygisk-elfutil32 ] Failed to load symtabs for linear lookup of __stack_chk_guard
[ 2026-02-18T10:59:04.593        0:  1334:  1334 E/zygisk-ptrace32 ] failed to find symbol __stack_chk_guard in /apex/com.android.runtime/lib/bionic/libdl.so
[ 2026-02-18T10:59:04.593        0:  1334:  1334 E/zygisk-elfutil32 ] Cannot load symtabs: .symtab section or its string table not found/valid.
[ 2026-02-18T10:59:04.593        0:  1334:  1334 E/zygisk-elfutil32 ] Failed to load symtabs for linear lookup of strncmp
[ 2026-02-18T10:59:04.593        0:  1334:  1334 E/zygisk-ptrace32 ] failed to find symbol strncmp in /system/lib/liblog.so
[ 2026-02-18T10:59:04.594        0:  1334:  1334 E/zygisk-elfutil32 ] Cannot load symtabs: .symtab section or its string table not found/valid.
[ 2026-02-18T10:59:04.594        0:  1334:  1334 E/zygisk-elfutil32 ] Failed to load symtabs for linear lookup of strncmp
[ 2026-02-18T10:59:04.594        0:  1334:  1334 E/zygisk-ptrace32 ] failed to find symbol strncmp in /apex/com.android.runtime/lib/bionic/libm.so
[ 2026-02-18T10:59:04.594        0:  1334:  1334 E/zygisk-elfutil32 ] Cannot load symtabs: .symtab section or its string table not found/valid.
[ 2026-02-18T10:59:04.594        0:  1334:  1334 E/zygisk-elfutil32 ] Failed to load symtabs for linear lookup of strncmp
[ 2026-02-18T10:59:04.594        0:  1334:  1334 E/zygisk-ptrace32 ] failed to find symbol strncmp in /apex/com.android.runtime/lib/bionic/libdl.so
[ 2026-02-18T10:59:04.594        0:  1334:  1334 E/zygisk-elfutil32 ] Cannot load symtabs: .symtab section or its string table not found/valid.
[ 2026-02-18T10:59:04.594        0:  1334:  1334 E/zygisk-elfutil32 ] Failed to load symtabs for linear lookup of access
[ 2026-02-18T10:59:04.594        0:  1334:  1334 E/zygisk-ptrace32 ] failed to find symbol access in /system/lib/liblog.so
[ 2026-02-18T10:59:04.594        0:  1334:  1334 E/zygisk-elfutil32 ] Cannot load symtabs: .symtab section or its string table not found/valid.
[ 2026-02-18T10:59:04.594        0:  1334:  1334 E/zygisk-elfutil32 ] Failed to load symtabs for linear lookup of access
[ 2026-02-18T10:59:04.594        0:  1334:  1334 E/zygisk-ptrace32 ] failed to find symbol access in /apex/com.android.runtime/lib/bionic/libm.so
[ 2026-02-18T10:59:04.594        0:  1334:  1334 E/zygisk-elfutil32 ] Cannot load symtabs: .symtab section or its string table not found/valid.
[ 2026-02-18T10:59:04.594        0:  1334:  1334 E/zygisk-elfutil32 ] Failed to load symtabs for linear lookup of access
[ 2026-02-18T10:59:04.594        0:  1334:  1334 E/zygisk-ptrace32 ] failed to find symbol access in /apex/com.android.runtime/lib/bionic/libdl.so
[ 2026-02-18T10:59:04.594        0:  1334:  1334 E/zygisk-elfutil32 ] Cannot load symtabs: .symtab section or its string table not found/valid.
[ 2026-02-18T10:59:04.594        0:  1334:  1334 E/zygisk-elfutil32 ] Failed to load symtabs for linear lookup of close
[ 2026-02-18T10:59:04.594        0:  1334:  1334 E/zygisk-ptrace32 ] failed to find symbol close in /system/lib/liblog.so
[ 2026-02-18T10:59:04.594        0:  1334:  1334 E/zygisk-elfutil32 ] Cannot load symtabs: .symtab section or its string table not found/valid.
[ 2026-02-18T10:59:04.594        0:  1334:  1334 E/zygisk-elfutil32 ] Failed to load symtabs for linear lookup of close
[ 2026-02-18T10:59:04.594        0:  1334:  1334 E/zygisk-ptrace32 ] failed to find symbol close in /apex/com.android.runtime/lib/bionic/libm.so
[ 2026-02-18T10:59:04.594        0:  1334:  1334 E/zygisk-elfutil32 ] Cannot load symtabs: .symtab section or its string table not found/valid.
[ 2026-02-18T10:59:04.594        0:  1334:  1334 E/zygisk-elfutil32 ] Failed to load symtabs for linear lookup of close
[ 2026-02-18T10:59:04.594        0:  1334:  1334 E/zygisk-ptrace32 ] failed to find symbol close in /apex/com.android.runtime/lib/bionic/libdl.so
[ 2026-02-18T10:59:04.594        0:  1334:  1334 E/zygisk-elfutil32 ] Cannot load symtabs: .symtab section or its string table not found/valid.
[ 2026-02-18T10:59:04.594        0:  1334:  1334 E/zygisk-elfutil32 ] Failed to load symtabs for linear lookup of gettid
[ 2026-02-18T10:59:04.594        0:  1334:  1334 E/zygisk-ptrace32 ] failed to find symbol gettid in /system/lib/liblog.so
[ 2026-02-18T10:59:04.594        0:  1334:  1334 E/zygisk-elfutil32 ] Cannot load symtabs: .symtab section or its string table not found/valid.
[ 2026-02-18T10:59:04.595        0:  1334:  1334 E/zygisk-elfutil32 ] Failed to load symtabs for linear lookup of gettid
[ 2026-02-18T10:59:04.595        0:  1334:  1334 E/zygisk-ptrace32 ] failed to find symbol gettid in /apex/com.android.runtime/lib/bionic/libm.so
[ 2026-02-18T10:59:04.595        0:  1334:  1334 E/zygisk-elfutil32 ] Cannot load symtabs: .symtab section or its string table not found/valid.
[ 2026-02-18T10:59:04.595        0:  1334:  1334 E/zygisk-elfutil32 ] Failed to load symtabs for linear lookup of gettid
[ 2026-02-18T10:59:04.595        0:  1334:  1334 E/zygisk-ptrace32 ] failed to find symbol gettid in /apex/com.android.runtime/lib/bionic/libdl.so
[ 2026-02-18T10:59:04.595        0:  1334:  1334 E/zygisk-elfutil32 ] Cannot load symtabs: .symtab section or its string table not found/valid.
[ 2026-02-18T10:59:04.595        0:  1334:  1334 E/zygisk-elfutil32 ] Failed to load symtabs for linear lookup of getpid
[ 2026-02-18T10:59:04.595        0:  1334:  1334 E/zygisk-ptrace32 ] failed to find symbol getpid in /system/lib/liblog.so
[ 2026-02-18T10:59:04.595        0:  1334:  1334 E/zygisk-elfutil32 ] Cannot load symtabs: .symtab section or its string table not found/valid.
[ 2026-02-18T10:59:04.595        0:  1334:  1334 E/zygisk-elfutil32 ] Failed to load symtabs for linear lookup of getpid
[ 2026-02-18T10:59:04.595        0:  1334:  1334 E/zygisk-ptrace32 ] failed to find symbol getpid in /apex/com.android.runtime/lib/bionic/libm.so
[ 2026-02-18T10:59:04.595        0:  1334:  1334 E/zygisk-elfutil32 ] Cannot load symtabs: .symtab section or its string table not found/valid.
[ 2026-02-18T10:59:04.595        0:  1334:  1334 E/zygisk-elfutil32 ] Failed to load symtabs for linear lookup of getpid
[ 2026-02-18T10:59:04.595        0:  1334:  1334 E/zygisk-ptrace32 ] failed to find symbol getpid in /apex/com.android.runtime/lib/bionic/libdl.so
[ 2026-02-18T10:59:04.595        0:  1334:  1334 E/zygisk-elfutil32 ] Cannot load symtabs: .symtab section or its string table not found/valid.
[ 2026-02-18T10:59:04.595        0:  1334:  1334 E/zygisk-elfutil32 ] Failed to load symtabs for linear lookup of free
[ 2026-02-18T10:59:04.595        0:  1334:  1334 E/zygisk-ptrace32 ] failed to find symbol free in /system/lib/liblog.so
[ 2026-02-18T10:59:04.595        0:  1334:  1334 E/zygisk-elfutil32 ] Cannot load symtabs: .symtab section or its string table not found/valid.
[ 2026-02-18T10:59:04.595        0:  1334:  1334 E/zygisk-elfutil32 ] Failed to load symtabs for linear lookup of free
[ 2026-02-18T10:59:04.595        0:  1334:  1334 E/zygisk-ptrace32 ] failed to find symbol free in /apex/com.android.runtime/lib/bionic/libm.so
[ 2026-02-18T10:59:04.595        0:  1334:  1334 E/zygisk-elfutil32 ] Cannot load symtabs: .symtab section or its string table not found/valid.
[ 2026-02-18T10:59:04.595        0:  1334:  1334 E/zygisk-elfutil32 ] Failed to load symtabs for linear lookup of free
[ 2026-02-18T10:59:04.595        0:  1334:  1334 E/zygisk-ptrace32 ] failed to find symbol free in /apex/com.android.runtime/lib/bionic/libdl.so
[ 2026-02-18T10:59:04.595        0:  1334:  1334 E/zygisk-elfutil32 ] Cannot load symtabs: .symtab section or its string table not found/valid.
[ 2026-02-18T10:59:04.595        0:  1334:  1334 E/zygisk-elfutil32 ] Failed to load symtabs for linear lookup of munmap
[ 2026-02-18T10:59:04.595        0:  1334:  1334 E/zygisk-ptrace32 ] failed to find symbol munmap in /system/lib/liblog.so
[ 2026-02-18T10:59:04.595        0:  1334:  1334 E/zygisk-elfutil32 ] Cannot load symtabs: .symtab section or its string table not found/valid.
[ 2026-02-18T10:59:04.595        0:  1334:  1334 E/zygisk-elfutil32 ] Failed to load symtabs for linear lookup of munmap
[ 2026-02-18T10:59:04.595        0:  1334:  1334 E/zygisk-ptrace32 ] failed to find symbol munmap in /apex/com.android.runtime/lib/bionic/libm.so
[ 2026-02-18T10:59:04.596        0:  1334:  1334 E/zygisk-elfutil32 ] Cannot load symtabs: .symtab section or its string table not found/valid.
[ 2026-02-18T10:59:04.596        0:  1334:  1334 E/zygisk-elfutil32 ] Failed to load symtabs for linear lookup of munmap
[ 2026-02-18T10:59:04.596        0:  1334:  1334 E/zygisk-ptrace32 ] failed to find symbol munmap in /apex/com.android.runtime/lib/bionic/libdl.so
[ 2026-02-18T10:59:04.596        0:  1334:  1334 E/zygisk-elfutil32 ] Cannot load symtabs: .symtab section or its string table not found/valid.
[ 2026-02-18T10:59:04.596        0:  1334:  1334 E/zygisk-elfutil32 ] Failed to load symtabs for linear lookup of strcmp
[ 2026-02-18T10:59:04.596        0:  1334:  1334 E/zygisk-ptrace32 ] failed to find symbol strcmp in /system/lib/liblog.so
[ 2026-02-18T10:59:04.596        0:  1334:  1334 E/zygisk-elfutil32 ] Cannot load symtabs: .symtab section or its string table not found/valid.
[ 2026-02-18T10:59:04.596        0:  1334:  1334 E/zygisk-elfutil32 ] Failed to load symtabs for linear lookup of strcmp
[ 2026-02-18T10:59:04.596        0:  1334:  1334 E/zygisk-ptrace32 ] failed to find symbol strcmp in /apex/com.android.runtime/lib/bionic/libm.so
[ 2026-02-18T10:59:04.596        0:  1334:  1334 E/zygisk-elfutil32 ] Cannot load symtabs: .symtab section or its string table not found/valid.
[ 2026-02-18T10:59:04.596        0:  1334:  1334 E/zygisk-elfutil32 ] Failed to load symtabs for linear lookup of strcmp
[ 2026-02-18T10:59:04.596        0:  1334:  1334 E/zygisk-ptrace32 ] failed to find symbol strcmp in /apex/com.android.runtime/lib/bionic/libdl.so
[ 2026-02-18T10:59:04.596        0:  1334:  1334 E/zygisk-elfutil32 ] Cannot load symtabs: .symtab section or its string table not found/valid.
[ 2026-02-18T10:59:04.596        0:  1334:  1334 E/zygisk-elfutil32 ] Failed to load symtabs for linear lookup of strstr
[ 2026-02-18T10:59:04.596        0:  1334:  1334 E/zygisk-ptrace32 ] failed to find symbol strstr in /system/lib/liblog.so
[ 2026-02-18T10:59:04.596        0:  1334:  1334 E/zygisk-elfutil32 ] Cannot load symtabs: .symtab section or its string table not found/valid.
[ 2026-02-18T10:59:04.596        0:  1334:  1334 E/zygisk-elfutil32 ] Failed to load symtabs for linear lookup of strstr
[ 2026-02-18T10:59:04.596        0:  1334:  1334 E/zygisk-ptrace32 ] failed to find symbol strstr in /apex/com.android.runtime/lib/bionic/libm.so
[ 2026-02-18T10:59:04.596        0:  1334:  1334 E/zygisk-elfutil32 ] Cannot load symtabs: .symtab section or its string table not found/valid.
[ 2026-02-18T10:59:04.596        0:  1334:  1334 E/zygisk-elfutil32 ] Failed to load symtabs for linear lookup of strstr
[ 2026-02-18T10:59:04.596        0:  1334:  1334 E/zygisk-ptrace32 ] failed to find symbol strstr in /apex/com.android.runtime/lib/bionic/libdl.so
[ 2026-02-18T10:59:04.596        0:  1334:  1334 E/zygisk-elfutil32 ] Cannot load symtabs: .symtab section or its string table not found/valid.
[ 2026-02-18T10:59:04.596        0:  1334:  1334 E/zygisk-elfutil32 ] Failed to load symtabs for linear lookup of dlsym
[ 2026-02-18T10:59:04.596        0:  1334:  1334 E/zygisk-ptrace32 ] failed to find symbol dlsym in /system/lib/liblog.so
[ 2026-02-18T10:59:04.596        0:  1334:  1334 E/zygisk-elfutil32 ] Cannot load symtabs: .symtab section or its string table not found/valid.
[ 2026-02-18T10:59:04.596        0:  1334:  1334 E/zygisk-elfutil32 ] Failed to load symtabs for linear lookup of dlsym
[ 2026-02-18T10:59:04.596        0:  1334:  1334 E/zygisk-ptrace32 ] failed to find symbol dlsym in /apex/com.android.runtime/lib/bionic/libm.so
[ 2026-02-18T10:59:04.596        0:  1334:  1334 E/zygisk-elfutil32 ] Cannot load symtabs: .symtab section or its string table not found/valid.
[ 2026-02-18T10:59:04.596        0:  1334:  1334 E/zygisk-elfutil32 ] Failed to load symtabs for linear lookup of dlopen
[ 2026-02-18T10:59:04.596        0:  1334:  1334 E/zygisk-ptrace32 ] failed to find symbol dlopen in /system/lib/liblog.so
[ 2026-02-18T10:59:04.596        0:  1334:  1334 E/zygisk-elfutil32 ] Cannot load symtabs: .symtab section or its string table not found/valid.
[ 2026-02-18T10:59:04.596        0:  1334:  1334 E/zygisk-elfutil32 ] Failed to load symtabs for linear lookup of dlopen
[ 2026-02-18T10:59:04.596        0:  1334:  1334 E/zygisk-ptrace32 ] failed to find symbol dlopen in /apex/com.android.runtime/lib/bionic/libm.so
[ 2026-02-18T10:59:04.597        0:  1334:  1334 E/zygisk-elfutil32 ] Cannot load symtabs: .symtab section or its string table not found/valid.
[ 2026-02-18T10:59:04.597        0:  1334:  1334 E/zygisk-elfutil32 ] Failed to load symtabs for linear lookup of dlerror
[ 2026-02-18T10:59:04.597        0:  1334:  1334 E/zygisk-ptrace32 ] failed to find symbol dlerror in /system/lib/liblog.so
[ 2026-02-18T10:59:04.597        0:  1334:  1334 E/zygisk-elfutil32 ] Cannot load symtabs: .symtab section or its string table not found/valid.
[ 2026-02-18T10:59:04.597        0:  1334:  1334 E/zygisk-elfutil32 ] Failed to load symtabs for linear lookup of dlerror
[ 2026-02-18T10:59:04.597        0:  1334:  1334 E/zygisk-ptrace32 ] failed to find symbol dlerror in /apex/com.android.runtime/lib/bionic/libm.so
[ 2026-02-18T10:59:04.597        0:  1334:  1334 E/zygisk-elfutil32 ] Cannot load symtabs: .symtab section or its string table not found/valid.
[ 2026-02-18T10:59:04.597        0:  1334:  1334 E/zygisk-elfutil32 ] Failed to load symtabs for linear lookup of dlclose
[ 2026-02-18T10:59:04.597        0:  1334:  1334 E/zygisk-ptrace32 ] failed to find symbol dlclose in /system/lib/liblog.so
[ 2026-02-18T10:59:04.597        0:  1334:  1334 E/zygisk-elfutil32 ] Cannot load symtabs: .symtab section or its string table not found/valid.
[ 2026-02-18T10:59:04.597        0:  1334:  1334 E/zygisk-elfutil32 ] Failed to load symtabs for linear lookup of dlclose
[ 2026-02-18T10:59:04.597        0:  1334:  1334 E/zygisk-ptrace32 ] failed to find symbol dlclose in /apex/com.android.runtime/lib/bionic/libm.so
[ 2026-02-18T10:59:04.597        0:  1334:  1334 E/zygisk-elfutil32 ] Cannot load symtabs: .symtab section or its string table not found/valid.
[ 2026-02-18T10:59:04.597        0:  1334:  1334 E/zygisk-elfutil32 ] Failed to load symtabs for linear lookup of pthread_mutex_init
[ 2026-02-18T10:59:04.597        0:  1334:  1334 E/zygisk-ptrace32 ] failed to find symbol pthread_mutex_init in /system/lib/liblog.so
[ 2026-02-18T10:59:04.597        0:  1334:  1334 E/zygisk-elfutil32 ] Cannot load symtabs: .symtab section or its string table not found/valid.
[ 2026-02-18T10:59:04.597        0:  1334:  1334 E/zygisk-elfutil32 ] Failed to load symtabs for linear lookup of pthread_mutex_init
[ 2026-02-18T10:59:04.597        0:  1334:  1334 E/zygisk-ptrace32 ] failed to find symbol pthread_mutex_init in /apex/com.android.runtime/lib/bionic/libm.so
[ 2026-02-18T10:59:04.597        0:  1334:  1334 E/zygisk-elfutil32 ] Cannot load symtabs: .symtab section or its string table not found/valid.
[ 2026-02-18T10:59:04.597        0:  1334:  1334 E/zygisk-elfutil32 ] Failed to load symtabs for linear lookup of pthread_mutex_init
[ 2026-02-18T10:59:04.597        0:  1334:  1334 E/zygisk-ptrace32 ] failed to find symbol pthread_mutex_init in /apex/com.android.runtime/lib/bionic/libdl.so
[ 2026-02-18T10:59:04.597        0:  1334:  1334 E/zygisk-elfutil32 ] Cannot load symtabs: .symtab section or its string table not found/valid.
[ 2026-02-18T10:59:04.597        0:  1334:  1334 E/zygisk-elfutil32 ] Failed to load symtabs for linear lookup of opendir
[ 2026-02-18T10:59:04.597        0:  1334:  1334 E/zygisk-ptrace32 ] failed to find symbol opendir in /system/lib/liblog.so
[ 2026-02-18T10:59:04.597        0:  1334:  1334 E/zygisk-elfutil32 ] Cannot load symtabs: .symtab section or its string table not found/valid.
[ 2026-02-18T10:59:04.597        0:  1334:  1334 E/zygisk-elfutil32 ] Failed to load symtabs for linear lookup of opendir
[ 2026-02-18T10:59:04.597        0:  1334:  1334 E/zygisk-ptrace32 ] failed to find symbol opendir in /apex/com.android.runtime/lib/bionic/libm.so
[ 2026-02-18T10:59:04.597        0:  1334:  1334 E/zygisk-elfutil32 ] Cannot load symtabs: .symtab section or its string table not found/valid.
[ 2026-02-18T10:59:04.597        0:  1334:  1334 E/zygisk-elfutil32 ] Failed to load symtabs for linear lookup of opendir
[ 2026-02-18T10:59:04.597        0:  1334:  1334 E/zygisk-ptrace32 ] failed to find symbol opendir in /apex/com.android.runtime/lib/bionic/libdl.so
[ 2026-02-18T10:59:04.597        0:  1334:  1334 E/zygisk-elfutil32 ] Cannot load symtabs: .symtab section or its string table not found/valid.
[ 2026-02-18T10:59:04.597        0:  1334:  1334 E/zygisk-elfutil32 ] Failed to load symtabs for linear lookup of __errno
[ 2026-02-18T10:59:04.597        0:  1334:  1334 E/zygisk-ptrace32 ] failed to find symbol __errno in /system/lib/liblog.so
[ 2026-02-18T10:59:04.597        0:  1334:  1334 E/zygisk-elfutil32 ] Cannot load symtabs: .symtab section or its string table not found/valid.
[ 2026-02-18T10:59:04.598        0:  1334:  1334 E/zygisk-elfutil32 ] Failed to load symtabs for linear lookup of __errno
[ 2026-02-18T10:59:04.598        0:  1334:  1334 E/zygisk-ptrace32 ] failed to find symbol __errno in /apex/com.android.runtime/lib/bionic/libm.so
[ 2026-02-18T10:59:04.598        0:  1334:  1334 E/zygisk-elfutil32 ] Cannot load symtabs: .symtab section or its string table not found/valid.
[ 2026-02-18T10:59:04.598        0:  1334:  1334 E/zygisk-elfutil32 ] Failed to load symtabs for linear lookup of __errno
[ 2026-02-18T10:59:04.598        0:  1334:  1334 E/zygisk-ptrace32 ] failed to find symbol __errno in /apex/com.android.runtime/lib/bionic/libdl.so
[ 2026-02-18T10:59:04.598        0:  1334:  1334 E/zygisk-elfutil32 ] Cannot load symtabs: .symtab section or its string table not found/valid.
[ 2026-02-18T10:59:04.598        0:  1334:  1334 E/zygisk-elfutil32 ] Failed to load symtabs for linear lookup of strerror
[ 2026-02-18T10:59:04.598        0:  1334:  1334 E/zygisk-ptrace32 ] failed to find symbol strerror in /system/lib/liblog.so
[ 2026-02-18T10:59:04.599        0:  1334:  1334 E/zygisk-elfutil32 ] Cannot load symtabs: .symtab section or its string table not found/valid.
[ 2026-02-18T10:59:04.599        0:  1334:  1334 E/zygisk-elfutil32 ] Failed to load symtabs for linear lookup of strerror
[ 2026-02-18T10:59:04.599        0:  1334:  1334 E/zygisk-ptrace32 ] failed to find symbol strerror in /apex/com.android.runtime/lib/bionic/libm.so
[ 2026-02-18T10:59:04.599        0:  1334:  1334 E/zygisk-elfutil32 ] Cannot load symtabs: .symtab section or its string table not found/valid.
[ 2026-02-18T10:59:04.599        0:  1334:  1334 E/zygisk-elfutil32 ] Failed to load symtabs for linear lookup of strerror
[ 2026-02-18T10:59:04.599        0:  1334:  1334 E/zygisk-ptrace32 ] failed to find symbol strerror in /apex/com.android.runtime/lib/bionic/libdl.so
[ 2026-02-18T10:59:04.599        0:  1334:  1334 E/zygisk-elfutil32 ] Cannot load symtabs: .symtab section or its string table not found/valid.
[ 2026-02-18T10:59:04.599        0:  1334:  1334 E/zygisk-elfutil32 ] Failed to load symtabs for linear lookup of readdir
[ 2026-02-18T10:59:04.599        0:  1334:  1334 E/zygisk-ptrace32 ] failed to find symbol readdir in /system/lib/liblog.so
[ 2026-02-18T10:59:04.599        0:  1334:  1334 E/zygisk-elfutil32 ] Cannot load symtabs: .symtab section or its string table not found/valid.
[ 2026-02-18T10:59:04.599        0:  1334:  1334 E/zygisk-elfutil32 ] Failed to load symtabs for linear lookup of readdir
[ 2026-02-18T10:59:04.599        0:  1334:  1334 E/zygisk-ptrace32 ] failed to find symbol readdir in /apex/com.android.runtime/lib/bionic/libm.so
[ 2026-02-18T10:59:04.601        0:  1334:  1334 E/zygisk-elfutil32 ] Cannot load symtabs: .symtab section or its string table not found/valid.
[ 2026-02-18T10:59:04.601        0:  1334:  1334 E/zygisk-elfutil32 ] Failed to load symtabs for linear lookup of readdir
[ 2026-02-18T10:59:04.601        0:  1334:  1334 E/zygisk-ptrace32 ] failed to find symbol readdir in /apex/com.android.runtime/lib/bionic/libdl.so
[ 2026-02-18T10:59:04.601        0:  1334:  1334 E/zygisk-elfutil32 ] Cannot load symtabs: .symtab section or its string table not found/valid.
[ 2026-02-18T10:59:04.601        0:  1334:  1334 E/zygisk-elfutil32 ] Failed to load symtabs for linear lookup of dirfd
[ 2026-02-18T10:59:04.601        0:  1334:  1334 E/zygisk-ptrace32 ] failed to find symbol dirfd in /system/lib/liblog.so
[ 2026-02-18T10:59:04.601        0:  1334:  1334 E/zygisk-elfutil32 ] Cannot load symtabs: .symtab section or its string table not found/valid.
[ 2026-02-18T10:59:04.601        0:  1334:  1334 E/zygisk-elfutil32 ] Failed to load symtabs for linear lookup of dirfd
[ 2026-02-18T10:59:04.601        0:  1334:  1334 E/zygisk-ptrace32 ] failed to find symbol dirfd in /apex/com.android.runtime/lib/bionic/libm.so
[ 2026-02-18T10:59:04.601        0:  1334:  1334 E/zygisk-elfutil32 ] Cannot load symtabs: .symtab section or its string table not found/valid.
[ 2026-02-18T10:59:04.601        0:  1334:  1334 E/zygisk-elfutil32 ] Failed to load symtabs for linear lookup of dirfd
[ 2026-02-18T10:59:04.601        0:  1334:  1334 E/zygisk-ptrace32 ] failed to find symbol dirfd in /apex/com.android.runtime/lib/bionic/libdl.so
[ 2026-02-18T10:59:04.601        0:  1334:  1334 E/zygisk-elfutil32 ] Cannot load symtabs: .symtab section or its string table not found/valid.
[ 2026-02-18T10:59:04.601        0:  1334:  1334 E/zygisk-elfutil32 ] Failed to load symtabs for linear lookup of closedir
[ 2026-02-18T10:59:04.601        0:  1334:  1334 E/zygisk-ptrace32 ] failed to find symbol closedir in /system/lib/liblog.so
[ 2026-02-18T10:59:04.601        0:  1334:  1334 E/zygisk-elfutil32 ] Cannot load symtabs: .symtab section or its string table not found/valid.
[ 2026-02-18T10:59:04.601        0:  1334:  1334 E/zygisk-elfutil32 ] Failed to load symtabs for linear lookup of closedir
[ 2026-02-18T10:59:04.601        0:  1334:  1334 E/zygisk-ptrace32 ] failed to find symbol closedir in /apex/com.android.runtime/lib/bionic/libm.so
[ 2026-02-18T10:59:04.601        0:  1334:  1334 E/zygisk-elfutil32 ] Cannot load symtabs: .symtab section or its string table not found/valid.
[ 2026-02-18T10:59:04.601        0:  1334:  1334 E/zygisk-elfutil32 ] Failed to load symtabs for linear lookup of closedir
[ 2026-02-18T10:59:04.601        0:  1334:  1334 E/zygisk-ptrace32 ] failed to find symbol closedir in /apex/com.android.runtime/lib/bionic/libdl.so
[ 2026-02-18T10:59:04.601        0:  1334:  1334 E/zygisk-elfutil32 ] Cannot load symtabs: .symtab section or its string table not found/valid.
[ 2026-02-18T10:59:04.601        0:  1334:  1334 E/zygisk-elfutil32 ] Failed to load symtabs for linear lookup of sigemptyset
[ 2026-02-18T10:59:04.601        0:  1334:  1334 E/zygisk-ptrace32 ] failed to find symbol sigemptyset in /system/lib/liblog.so
[ 2026-02-18T10:59:04.601        0:  1334:  1334 E/zygisk-elfutil32 ] Cannot load symtabs: .symtab section or its string table not found/valid.
[ 2026-02-18T10:59:04.601        0:  1334:  1334 E/zygisk-elfutil32 ] Failed to load symtabs for linear lookup of sigemptyset
[ 2026-02-18T10:59:04.601        0:  1334:  1334 E/zygisk-ptrace32 ] failed to find symbol sigemptyset in /apex/com.android.runtime/lib/bionic/libm.so
[ 2026-02-18T10:59:04.603        0:  1334:  1334 E/zygisk-elfutil32 ] Cannot load symtabs: .symtab section or its string table not found/valid.
[ 2026-02-18T10:59:04.603        0:  1334:  1334 E/zygisk-elfutil32 ] Failed to load symtabs for linear lookup of sigemptyset
[ 2026-02-18T10:59:04.603        0:  1334:  1334 E/zygisk-ptrace32 ] failed to find symbol sigemptyset in /apex/com.android.runtime/lib/bionic/libdl.so
[ 2026-02-18T10:59:04.603        0:  1334:  1334 E/zygisk-elfutil32 ] Cannot load symtabs: .symtab section or its string table not found/valid.
[ 2026-02-18T10:59:04.603        0:  1334:  1334 E/zygisk-elfutil32 ] Failed to load symtabs for linear lookup of sigaddset
[ 2026-02-18T10:59:04.603        0:  1334:  1334 E/zygisk-ptrace32 ] failed to find symbol sigaddset in /system/lib/liblog.so
[ 2026-02-18T10:59:04.603        0:  1334:  1334 E/zygisk-elfutil32 ] Cannot load symtabs: .symtab section or its string table not found/valid.
[ 2026-02-18T10:59:04.603        0:  1334:  1334 E/zygisk-elfutil32 ] Failed to load symtabs for linear lookup of sigaddset
[ 2026-02-18T10:59:04.603        0:  1334:  1334 E/zygisk-ptrace32 ] failed to find symbol sigaddset in /apex/com.android.runtime/lib/bionic/libm.so
[ 2026-02-18T10:59:04.603        0:  1334:  1334 E/zygisk-elfutil32 ] Cannot load symtabs: .symtab section or its string table not found/valid.
[ 2026-02-18T10:59:04.603        0:  1334:  1334 E/zygisk-elfutil32 ] Failed to load symtabs for linear lookup of sigaddset
[ 2026-02-18T10:59:04.603        0:  1334:  1334 E/zygisk-ptrace32 ] failed to find symbol sigaddset in /apex/com.android.runtime/lib/bionic/libdl.so
[ 2026-02-18T10:59:04.603        0:  1334:  1334 E/zygisk-elfutil32 ] Cannot load symtabs: .symtab section or its string table not found/valid.
[ 2026-02-18T10:59:04.603        0:  1334:  1334 E/zygisk-elfutil32 ] Failed to load symtabs for linear lookup of sigprocmask
[ 2026-02-18T10:59:04.603        0:  1334:  1334 E/zygisk-ptrace32 ] failed to find symbol sigprocmask in /system/lib/liblog.so
[ 2026-02-18T10:59:04.603        0:  1334:  1334 E/zygisk-elfutil32 ] Cannot load symtabs: .symtab section or its string table not found/valid.
[ 2026-02-18T10:59:04.603        0:  1334:  1334 E/zygisk-elfutil32 ] Failed to load symtabs for linear lookup of sigprocmask
[ 2026-02-18T10:59:04.603        0:  1334:  1334 E/zygisk-ptrace32 ] failed to find symbol sigprocmask in /apex/com.android.runtime/lib/bionic/libm.so
[ 2026-02-18T10:59:04.603        0:  1334:  1334 E/zygisk-elfutil32 ] Cannot load symtabs: .symtab section or its string table not found/valid.
[ 2026-02-18T10:59:04.603        0:  1334:  1334 E/zygisk-elfutil32 ] Failed to load symtabs for linear lookup of sigprocmask
[ 2026-02-18T10:59:04.603        0:  1334:  1334 E/zygisk-ptrace32 ] failed to find symbol sigprocmask in /apex/com.android.runtime/lib/bionic/libdl.so
[ 2026-02-18T10:59:04.604        0:  1334:  1334 E/zygisk-elfutil32 ] Cannot load symtabs: .symtab section or its string table not found/valid.
[ 2026-02-18T10:59:04.604        0:  1334:  1334 E/zygisk-elfutil32 ] Failed to load symtabs for linear lookup of stat
[ 2026-02-18T10:59:04.604        0:  1334:  1334 E/zygisk-ptrace32 ] failed to find symbol stat in /system/lib/liblog.so
[ 2026-02-18T10:59:04.609        0:  1334:  1334 E/zygisk-elfutil32 ] Cannot load symtabs: .symtab section or its string table not found/valid.
[ 2026-02-18T10:59:04.609        0:  1334:  1334 E/zygisk-elfutil32 ] Failed to load symtabs for linear lookup of stat
[ 2026-02-18T10:59:04.609        0:  1334:  1334 E/zygisk-ptrace32 ] failed to find symbol stat in /apex/com.android.runtime/lib/bionic/libm.so
[ 2026-02-18T10:59:04.609        0:  1334:  1334 E/zygisk-elfutil32 ] Cannot load symtabs: .symtab section or its string table not found/valid.
[ 2026-02-18T10:59:04.609        0:  1334:  1334 E/zygisk-elfutil32 ] Failed to load symtabs for linear lookup of stat
[ 2026-02-18T10:59:04.609        0:  1334:  1334 E/zygisk-ptrace32 ] failed to find symbol stat in /apex/com.android.runtime/lib/bionic/libdl.so
[ 2026-02-18T10:59:04.609        0:  1334:  1334 E/zygisk-elfutil32 ] Cannot load symtabs: .symtab section or its string table not found/valid.
[ 2026-02-18T10:59:04.609        0:  1334:  1334 E/zygisk-elfutil32 ] Failed to load symtabs for linear lookup of setenv
[ 2026-02-18T10:59:04.609        0:  1334:  1334 E/zygisk-ptrace32 ] failed to find symbol setenv in /system/lib/liblog.so
[ 2026-02-18T10:59:04.609        0:  1334:  1334 E/zygisk-elfutil32 ] Cannot load symtabs: .symtab section or its string table not found/valid.
[ 2026-02-18T10:59:04.609        0:  1334:  1334 E/zygisk-elfutil32 ] Failed to load symtabs for linear lookup of setenv
[ 2026-02-18T10:59:04.610        0:  1334:  1334 E/zygisk-ptrace32 ] failed to find symbol setenv in /apex/com.android.runtime/lib/bionic/libm.so
[ 2026-02-18T10:59:04.610        0:  1334:  1334 E/zygisk-elfutil32 ] Cannot load symtabs: .symtab section or its string table not found/valid.
[ 2026-02-18T10:59:04.610        0:  1334:  1334 E/zygisk-elfutil32 ] Failed to load symtabs for linear lookup of setenv
[ 2026-02-18T10:59:04.610        0:  1334:  1334 E/zygisk-ptrace32 ] failed to find symbol setenv in /apex/com.android.runtime/lib/bionic/libdl.so
[ 2026-02-18T10:59:04.610        0:  1334:  1334 E/zygisk-elfutil32 ] Cannot load symtabs: .symtab section or its string table not found/valid.
[ 2026-02-18T10:59:04.610        0:  1334:  1334 E/zygisk-elfutil32 ] Failed to load symtabs for linear lookup of setns
[ 2026-02-18T10:59:04.610        0:  1334:  1334 E/zygisk-ptrace32 ] failed to find symbol setns in /system/lib/liblog.so
[ 2026-02-18T10:59:04.610        0:  1334:  1334 E/zygisk-elfutil32 ] Cannot load symtabs: .symtab section or its string table not found/valid.
[ 2026-02-18T10:59:04.610        0:  1334:  1334 E/zygisk-elfutil32 ] Failed to load symtabs for linear lookup of setns
[ 2026-02-18T10:59:04.610        0:  1334:  1334 E/zygisk-ptrace32 ] failed to find symbol setns in /apex/com.android.runtime/lib/bionic/libm.so
[ 2026-02-18T10:59:04.614        0:  1334:  1334 E/zygisk-elfutil32 ] Cannot load symtabs: .symtab section or its string table not found/valid.
[ 2026-02-18T10:59:04.614        0:  1334:  1334 E/zygisk-elfutil32 ] Failed to load symtabs for linear lookup of setns
[ 2026-02-18T10:59:04.614        0:  1334:  1334 E/zygisk-ptrace32 ] failed to find symbol setns in /apex/com.android.runtime/lib/bionic/libdl.so
[ 2026-02-18T10:59:04.614        0:  1334:  1334 E/zygisk-elfutil32 ] Cannot load symtabs: .symtab section or its string table not found/valid.
[ 2026-02-18T10:59:04.614        0:  1334:  1334 E/zygisk-elfutil32 ] Failed to load symtabs for linear lookup of __open_2
[ 2026-02-18T10:59:04.614        0:  1334:  1334 E/zygisk-ptrace32 ] failed to find symbol __open_2 in /system/lib/liblog.so
[ 2026-02-18T10:59:04.614        0:  1334:  1334 E/zygisk-elfutil32 ] Cannot load symtabs: .symtab section or its string table not found/valid.
[ 2026-02-18T10:59:04.614        0:  1334:  1334 E/zygisk-elfutil32 ] Failed to load symtabs for linear lookup of __open_2
[ 2026-02-18T10:59:04.614        0:  1334:  1334 E/zygisk-ptrace32 ] failed to find symbol __open_2 in /apex/com.android.runtime/lib/bionic/libm.so
[ 2026-02-18T10:59:04.614        0:  1334:  1334 E/zygisk-elfutil32 ] Cannot load symtabs: .symtab section or its string table not found/valid.
[ 2026-02-18T10:59:04.614        0:  1334:  1334 E/zygisk-elfutil32 ] Failed to load symtabs for linear lookup of __open_2
[ 2026-02-18T10:59:04.614        0:  1334:  1334 E/zygisk-ptrace32 ] failed to find symbol __open_2 in /apex/com.android.runtime/lib/bionic/libdl.so
[ 2026-02-18T10:59:04.614        0:  1334:  1334 E/zygisk-elfutil32 ] Cannot load symtabs: .symtab section or its string table not found/valid.
[ 2026-02-18T10:59:04.614        0:  1334:  1334 E/zygisk-elfutil32 ] Failed to load symtabs for linear lookup of pthread_mutex_destroy
[ 2026-02-18T10:59:04.614        0:  1334:  1334 E/zygisk-ptrace32 ] failed to find symbol pthread_mutex_destroy in /system/lib/liblog.so
[ 2026-02-18T10:59:04.614        0:  1334:  1334 E/zygisk-elfutil32 ] Cannot load symtabs: .symtab section or its string table not found/valid.
[ 2026-02-18T10:59:04.614        0:  1334:  1334 E/zygisk-elfutil32 ] Failed to load symtabs for linear lookup of pthread_mutex_destroy
[ 2026-02-18T10:59:04.614        0:  1334:  1334 E/zygisk-ptrace32 ] failed to find symbol pthread_mutex_destroy in /apex/com.android.runtime/lib/bionic/libm.so
[ 2026-02-18T10:59:04.614        0:  1334:  1334 E/zygisk-elfutil32 ] Cannot load symtabs: .symtab section or its string table not found/valid.
[ 2026-02-18T10:59:04.614        0:  1334:  1334 E/zygisk-elfutil32 ] Failed to load symtabs for linear lookup of pthread_mutex_destroy
[ 2026-02-18T10:59:04.614        0:  1334:  1334 E/zygisk-ptrace32 ] failed to find symbol pthread_mutex_destroy in /apex/com.android.runtime/lib/bionic/libdl.so
[ 2026-02-18T10:59:04.615        0:  1334:  1334 E/zygisk-elfutil32 ] Cannot load symtabs: .symtab section or its string table not found/valid.
[ 2026-02-18T10:59:04.615        0:  1334:  1334 E/zygisk-elfutil32 ] Failed to load symtabs for linear lookup of realloc
[ 2026-02-18T10:59:04.615        0:  1334:  1334 E/zygisk-ptrace32 ] failed to find symbol realloc in /system/lib/liblog.so
[ 2026-02-18T10:59:04.615        0:  1334:  1334 E/zygisk-elfutil32 ] Cannot load symtabs: .symtab section or its string table not found/valid.
[ 2026-02-18T10:59:04.615        0:  1334:  1334 E/zygisk-elfutil32 ] Failed to load symtabs for linear lookup of realloc
[ 2026-02-18T10:59:04.615        0:  1334:  1334 E/zygisk-ptrace32 ] failed to find symbol realloc in /apex/com.android.runtime/lib/bionic/libm.so
[ 2026-02-18T10:59:04.615        0:  1334:  1334 E/zygisk-elfutil32 ] Cannot load symtabs: .symtab section or its string table not found/valid.
[ 2026-02-18T10:59:04.615        0:  1334:  1334 E/zygisk-elfutil32 ] Failed to load symtabs for linear lookup of realloc
[ 2026-02-18T10:59:04.615        0:  1334:  1334 E/zygisk-ptrace32 ] failed to find symbol realloc in /apex/com.android.runtime/lib/bionic/libdl.so
[ 2026-02-18T10:59:04.615        0:  1334:  1334 E/zygisk-elfutil32 ] Cannot load symtabs: .symtab section or its string table not found/valid.
[ 2026-02-18T10:59:04.615        0:  1334:  1334 E/zygisk-elfutil32 ] Failed to load symtabs for linear lookup of strdup
[ 2026-02-18T10:59:04.615        0:  1334:  1334 E/zygisk-ptrace32 ] failed to find symbol strdup in /system/lib/liblog.so
[ 2026-02-18T10:59:04.615        0:  1334:  1334 E/zygisk-elfutil32 ] Cannot load symtabs: .symtab section or its string table not found/valid.
[ 2026-02-18T10:59:04.615        0:  1334:  1334 E/zygisk-elfutil32 ] Failed to load symtabs for linear lookup of strdup
[ 2026-02-18T10:59:04.615        0:  1334:  1334 E/zygisk-ptrace32 ] failed to find symbol strdup in /apex/com.android.runtime/lib/bionic/libm.so
[ 2026-02-18T10:59:04.615        0:  1334:  1334 E/zygisk-elfutil32 ] Cannot load symtabs: .symtab section or its string table not found/valid.
[ 2026-02-18T10:59:04.615        0:  1334:  1334 E/zygisk-elfutil32 ] Failed to load symtabs for linear lookup of strdup
[ 2026-02-18T10:59:04.615        0:  1334:  1334 E/zygisk-ptrace32 ] failed to find symbol strdup in /apex/com.android.runtime/lib/bionic/libdl.so
[ 2026-02-18T10:59:04.615        0:  1334:  1334 E/zygisk-elfutil32 ] Cannot load symtabs: .symtab section or its string table not found/valid.
[ 2026-02-18T10:59:04.615        0:  1334:  1334 E/zygisk-elfutil32 ] Failed to load symtabs for linear lookup of malloc
[ 2026-02-18T10:59:04.615        0:  1334:  1334 E/zygisk-ptrace32 ] failed to find symbol malloc in /system/lib/liblog.so
[ 2026-02-18T10:59:04.615        0:  1334:  1334 E/zygisk-elfutil32 ] Cannot load symtabs: .symtab section or its string table not found/valid.
[ 2026-02-18T10:59:04.615        0:  1334:  1334 E/zygisk-elfutil32 ] Failed to load symtabs for linear lookup of malloc
[ 2026-02-18T10:59:04.615        0:  1334:  1334 E/zygisk-ptrace32 ] failed to find symbol malloc in /apex/com.android.runtime/lib/bionic/libm.so
[ 2026-02-18T10:59:04.615        0:  1334:  1334 E/zygisk-elfutil32 ] Cannot load symtabs: .symtab section or its string table not found/valid.
[ 2026-02-18T10:59:04.615        0:  1334:  1334 E/zygisk-elfutil32 ] Failed to load symtabs for linear lookup of malloc
[ 2026-02-18T10:59:04.615        0:  1334:  1334 E/zygisk-ptrace32 ] failed to find symbol malloc in /apex/com.android.runtime/lib/bionic/libdl.so
[ 2026-02-18T10:59:04.615        0:  1334:  1334 E/zygisk-elfutil32 ] Cannot load symtabs: .symtab section or its string table not found/valid.
[ 2026-02-18T10:59:04.615        0:  1334:  1334 E/zygisk-elfutil32 ] Failed to load symtabs for linear lookup of regcomp
[ 2026-02-18T10:59:04.615        0:  1334:  1334 E/zygisk-ptrace32 ] failed to find symbol regcomp in /system/lib/liblog.so
[ 2026-02-18T10:59:04.615        0:  1334:  1334 E/zygisk-elfutil32 ] Cannot load symtabs: .symtab section or its string table not found/valid.
[ 2026-02-18T10:59:04.615        0:  1334:  1334 E/zygisk-elfutil32 ] Failed to load symtabs for linear lookup of regcomp
[ 2026-02-18T10:59:04.615        0:  1334:  1334 E/zygisk-ptrace32 ] failed to find symbol regcomp in /apex/com.android.runtime/lib/bionic/libm.so
[ 2026-02-18T10:59:04.615        0:  1334:  1334 E/zygisk-elfutil32 ] Cannot load symtabs: .symtab section or its string table not found/valid.
[ 2026-02-18T10:59:04.615        0:  1334:  1334 E/zygisk-elfutil32 ] Failed to load symtabs for linear lookup of regcomp
[ 2026-02-18T10:59:04.615        0:  1334:  1334 E/zygisk-ptrace32 ] failed to find symbol regcomp in /apex/com.android.runtime/lib/bionic/libdl.so
[ 2026-02-18T10:59:04.616        0:  1334:  1334 E/zygisk-elfutil32 ] Cannot load symtabs: .symtab section or its string table not found/valid.
[ 2026-02-18T10:59:04.616        0:  1334:  1334 E/zygisk-elfutil32 ] Failed to load symtabs for linear lookup of pthread_mutex_lock
[ 2026-02-18T10:59:04.616        0:  1334:  1334 E/zygisk-ptrace32 ] failed to find symbol pthread_mutex_lock in /system/lib/liblog.so
[ 2026-02-18T10:59:04.616        0:  1334:  1334 E/zygisk-elfutil32 ] Cannot load symtabs: .symtab section or its string table not found/valid.
[ 2026-02-18T10:59:04.616        0:  1334:  1334 E/zygisk-elfutil32 ] Failed to load symtabs for linear lookup of pthread_mutex_lock
[ 2026-02-18T10:59:04.616        0:  1334:  1334 E/zygisk-ptrace32 ] failed to find symbol pthread_mutex_lock in /apex/com.android.runtime/lib/bionic/libm.so
[ 2026-02-18T10:59:04.616        0:  1334:  1334 E/zygisk-elfutil32 ] Cannot load symtabs: .symtab section or its string table not found/valid.
[ 2026-02-18T10:59:04.616        0:  1334:  1334 E/zygisk-elfutil32 ] Failed to load symtabs for linear lookup of pthread_mutex_lock
[ 2026-02-18T10:59:04.616        0:  1334:  1334 E/zygisk-ptrace32 ] failed to find symbol pthread_mutex_lock in /apex/com.android.runtime/lib/bionic/libdl.so
[ 2026-02-18T10:59:04.616        0:  1334:  1334 E/zygisk-elfutil32 ] Cannot load symtabs: .symtab section or its string table not found/valid.
[ 2026-02-18T10:59:04.616        0:  1334:  1334 E/zygisk-elfutil32 ] Failed to load symtabs for linear lookup of pthread_mutex_unlock
[ 2026-02-18T10:59:04.616        0:  1334:  1334 E/zygisk-ptrace32 ] failed to find symbol pthread_mutex_unlock in /system/lib/liblog.so
[ 2026-02-18T10:59:04.616        0:  1334:  1334 E/zygisk-elfutil32 ] Cannot load symtabs: .symtab section or its string table not found/valid.
[ 2026-02-18T10:59:04.616        0:  1334:  1334 E/zygisk-elfutil32 ] Failed to load symtabs for linear lookup of pthread_mutex_unlock
[ 2026-02-18T10:59:04.616        0:  1334:  1334 E/zygisk-ptrace32 ] failed to find symbol pthread_mutex_unlock in /apex/com.android.runtime/lib/bionic/libm.so
[ 2026-02-18T10:59:04.616        0:  1334:  1334 E/zygisk-elfutil32 ] Cannot load symtabs: .symtab section or its string table not found/valid.
[ 2026-02-18T10:59:04.616        0:  1334:  1334 E/zygisk-elfutil32 ] Failed to load symtabs for linear lookup of pthread_mutex_unlock
[ 2026-02-18T10:59:04.616        0:  1334:  1334 E/zygisk-ptrace32 ] failed to find symbol pthread_mutex_unlock in /apex/com.android.runtime/lib/bionic/libdl.so
[ 2026-02-18T10:59:04.616        0:  1334:  1334 E/zygisk-elfutil32 ] Cannot load symtabs: .symtab section or its string table not found/valid.
[ 2026-02-18T10:59:04.616        0:  1334:  1334 E/zygisk-elfutil32 ] Failed to load symtabs for linear lookup of regexec
[ 2026-02-18T10:59:04.616        0:  1334:  1334 E/zygisk-ptrace32 ] failed to find symbol regexec in /system/lib/liblog.so
[ 2026-02-18T10:59:04.616        0:  1334:  1334 E/zygisk-elfutil32 ] Cannot load symtabs: .symtab section or its string table not found/valid.
[ 2026-02-18T10:59:04.616        0:  1334:  1334 E/zygisk-elfutil32 ] Failed to load symtabs for linear lookup of regexec
[ 2026-02-18T10:59:04.616        0:  1334:  1334 E/zygisk-ptrace32 ] failed to find symbol regexec in /apex/com.android.runtime/lib/bionic/libm.so
[ 2026-02-18T10:59:04.616        0:  1334:  1334 E/zygisk-elfutil32 ] Cannot load symtabs: .symtab section or its string table not found/valid.
[ 2026-02-18T10:59:04.616        0:  1334:  1334 E/zygisk-elfutil32 ] Failed to load symtabs for linear lookup of regexec
[ 2026-02-18T10:59:04.616        0:  1334:  1334 E/zygisk-ptrace32 ] failed to find symbol regexec in /apex/com.android.runtime/lib/bionic/libdl.so
[ 2026-02-18T10:59:04.616        0:  1334:  1334 E/zygisk-elfutil32 ] Cannot load symtabs: .symtab section or its string table not found/valid.
[ 2026-02-18T10:59:04.616        0:  1334:  1334 E/zygisk-elfutil32 ] Failed to load symtabs for linear lookup of regfree
[ 2026-02-18T10:59:04.616        0:  1334:  1334 E/zygisk-ptrace32 ] failed to find symbol regfree in /system/lib/liblog.so
[ 2026-02-18T10:59:04.616        0:  1334:  1334 E/zygisk-elfutil32 ] Cannot load symtabs: .symtab section or its string table not found/valid.
[ 2026-02-18T10:59:04.616        0:  1334:  1334 E/zygisk-elfutil32 ] Failed to load symtabs for linear lookup of regfree
[ 2026-02-18T10:59:04.616        0:  1334:  1334 E/zygisk-ptrace32 ] failed to find symbol regfree in /apex/com.android.runtime/lib/bionic/libm.so
[ 2026-02-18T10:59:04.616        0:  1334:  1334 E/zygisk-elfutil32 ] Cannot load symtabs: .symtab section or its string table not found/valid.
[ 2026-02-18T10:59:04.635        0:  1334:  1334 E/zygisk-elfutil32 ] Failed to load symtabs for linear lookup of regfree
[ 2026-02-18T10:59:04.635        0:  1334:  1334 E/zygisk-ptrace32 ] failed to find symbol regfree in /apex/com.android.runtime/lib/bionic/libdl.so
[ 2026-02-18T10:59:04.635        0:  1334:  1334 E/zygisk-elfutil32 ] Cannot load symtabs: .symtab section or its string table not found/valid.
[ 2026-02-18T10:59:04.635        0:  1334:  1334 E/zygisk-elfutil32 ] Failed to load symtabs for linear lookup of prctl
[ 2026-02-18T10:59:04.635        0:  1334:  1334 E/zygisk-ptrace32 ] failed to find symbol prctl in /system/lib/liblog.so
[ 2026-02-18T10:59:04.635        0:  1334:  1334 E/zygisk-elfutil32 ] Cannot load symtabs: .symtab section or its string table not found/valid.
[ 2026-02-18T10:59:04.635        0:  1334:  1334 E/zygisk-elfutil32 ] Failed to load symtabs for linear lookup of prctl
[ 2026-02-18T10:59:04.635        0:  1334:  1334 E/zygisk-ptrace32 ] failed to find symbol prctl in /apex/com.android.runtime/lib/bionic/libm.so
[ 2026-02-18T10:59:04.636        0:  1334:  1334 E/zygisk-elfutil32 ] Cannot load symtabs: .symtab section or its string table not found/valid.
[ 2026-02-18T10:59:04.636        0:  1334:  1334 E/zygisk-elfutil32 ] Failed to load symtabs for linear lookup of prctl
[ 2026-02-18T10:59:04.636        0:  1334:  1334 E/zygisk-ptrace32 ] failed to find symbol prctl in /apex/com.android.runtime/lib/bionic/libdl.so
[ 2026-02-18T10:59:04.637        0:  1334:  1334 E/zygisk-elfutil32 ] Cannot load symtabs: .symtab section or its string table not found/valid.
[ 2026-02-18T10:59:04.637        0:  1334:  1334 E/zygisk-elfutil32 ] Failed to load symtabs for linear lookup of syscall
[ 2026-02-18T10:59:04.637        0:  1334:  1334 E/zygisk-ptrace32 ] failed to find symbol syscall in /system/lib/liblog.so
[ 2026-02-18T10:59:04.637        0:  1334:  1334 E/zygisk-elfutil32 ] Cannot load symtabs: .symtab section or its string table not found/valid.
[ 2026-02-18T10:59:04.637        0:  1334:  1334 E/zygisk-elfutil32 ] Failed to load symtabs for linear lookup of syscall
[ 2026-02-18T10:59:04.637        0:  1334:  1334 E/zygisk-ptrace32 ] failed to find symbol syscall in /apex/com.android.runtime/lib/bionic/libm.so
[ 2026-02-18T10:59:04.637        0:  1334:  1334 E/zygisk-elfutil32 ] Cannot load symtabs: .symtab section or its string table not found/valid.
[ 2026-02-18T10:59:04.637        0:  1334:  1334 E/zygisk-elfutil32 ] Failed to load symtabs for linear lookup of syscall
[ 2026-02-18T10:59:04.637        0:  1334:  1334 E/zygisk-ptrace32 ] failed to find symbol syscall in /apex/com.android.runtime/lib/bionic/libdl.so
[ 2026-02-18T10:59:04.637        0:  1334:  1334 E/zygisk-elfutil32 ] Cannot load symtabs: .symtab section or its string table not found/valid.
[ 2026-02-18T10:59:04.637        0:  1334:  1334 E/zygisk-elfutil32 ] Failed to load symtabs for linear lookup of fopen
[ 2026-02-18T10:59:04.637        0:  1334:  1334 E/zygisk-ptrace32 ] failed to find symbol fopen in /system/lib/liblog.so
[ 2026-02-18T10:59:04.637        0:  1334:  1334 E/zygisk-elfutil32 ] Cannot load symtabs: .symtab section or its string table not found/valid.
[ 2026-02-18T10:59:04.637        0:  1334:  1334 E/zygisk-elfutil32 ] Failed to load symtabs for linear lookup of fopen
[ 2026-02-18T10:59:04.637        0:  1334:  1334 E/zygisk-ptrace32 ] failed to find symbol fopen in /apex/com.android.runtime/lib/bionic/libm.so
[ 2026-02-18T10:59:04.637        0:  1334:  1334 E/zygisk-elfutil32 ] Cannot load symtabs: .symtab section or its string table not found/valid.
[ 2026-02-18T10:59:04.637        0:  1334:  1334 E/zygisk-elfutil32 ] Failed to load symtabs for linear lookup of fopen
[ 2026-02-18T10:59:04.637        0:  1334:  1334 E/zygisk-ptrace32 ] failed to find symbol fopen in /apex/com.android.runtime/lib/bionic/libdl.so
[ 2026-02-18T10:59:04.637        0:  1334:  1334 E/zygisk-elfutil32 ] Cannot load symtabs: .symtab section or its string table not found/valid.
[ 2026-02-18T10:59:04.637        0:  1334:  1334 E/zygisk-elfutil32 ] Failed to load symtabs for linear lookup of fclose
[ 2026-02-18T10:59:04.637        0:  1334:  1334 E/zygisk-ptrace32 ] failed to find symbol fclose in /system/lib/liblog.so
[ 2026-02-18T10:59:04.637        0:  1334:  1334 E/zygisk-elfutil32 ] Cannot load symtabs: .symtab section or its string table not found/valid.
[ 2026-02-18T10:59:04.637        0:  1334:  1334 E/zygisk-elfutil32 ] Failed to load symtabs for linear lookup of fclose
[ 2026-02-18T10:59:04.637        0:  1334:  1334 E/zygisk-ptrace32 ] failed to find symbol fclose in /apex/com.android.runtime/lib/bionic/libm.so
[ 2026-02-18T10:59:04.637        0:  1334:  1334 E/zygisk-elfutil32 ] Cannot load symtabs: .symtab section or its string table not found/valid.
[ 2026-02-18T10:59:04.637        0:  1334:  1334 E/zygisk-elfutil32 ] Failed to load symtabs for linear lookup of fclose
[ 2026-02-18T10:59:04.637        0:  1334:  1334 E/zygisk-ptrace32 ] failed to find symbol fclose in /apex/com.android.runtime/lib/bionic/libdl.so
[ 2026-02-18T10:59:04.637        0:  1334:  1334 E/zygisk-elfutil32 ] Cannot load symtabs: .symtab section or its string table not found/valid.
[ 2026-02-18T10:59:04.637        0:  1334:  1334 E/zygisk-elfutil32 ] Failed to load symtabs for linear lookup of fgets
[ 2026-02-18T10:59:04.637        0:  1334:  1334 E/zygisk-ptrace32 ] failed to find symbol fgets in /system/lib/liblog.so
[ 2026-02-18T10:59:04.637        0:  1334:  1334 E/zygisk-elfutil32 ] Cannot load symtabs: .symtab section or its string table not found/valid.
[ 2026-02-18T10:59:04.637        0:  1334:  1334 E/zygisk-elfutil32 ] Failed to load symtabs for linear lookup of fgets
[ 2026-02-18T10:59:04.637        0:  1334:  1334 E/zygisk-ptrace32 ] failed to find symbol fgets in /apex/com.android.runtime/lib/bionic/libm.so
[ 2026-02-18T10:59:04.638        0:  1334:  1334 E/zygisk-elfutil32 ] Cannot load symtabs: .symtab section or its string table not found/valid.
[ 2026-02-18T10:59:04.638        0:  1334:  1334 E/zygisk-elfutil32 ] Failed to load symtabs for linear lookup of fgets
[ 2026-02-18T10:59:04.638        0:  1334:  1334 E/zygisk-ptrace32 ] failed to find symbol fgets in /apex/com.android.runtime/lib/bionic/libdl.so
[ 2026-02-18T10:59:04.638        0:  1334:  1334 E/zygisk-elfutil32 ] Cannot load symtabs: .symtab section or its string table not found/valid.
[ 2026-02-18T10:59:04.638        0:  1334:  1334 E/zygisk-elfutil32 ] Failed to load symtabs for linear lookup of read
[ 2026-02-18T10:59:04.638        0:  1334:  1334 E/zygisk-ptrace32 ] failed to find symbol read in /system/lib/liblog.so
[ 2026-02-18T10:59:04.638        0:  1334:  1334 E/zygisk-elfutil32 ] Cannot load symtabs: .symtab section or its string table not found/valid.
[ 2026-02-18T10:59:04.638        0:  1334:  1334 E/zygisk-elfutil32 ] Failed to load symtabs for linear lookup of read
[ 2026-02-18T10:59:04.638        0:  1334:  1334 E/zygisk-ptrace32 ] failed to find symbol read in /apex/com.android.runtime/lib/bionic/libm.so
[ 2026-02-18T10:59:04.638        0:  1334:  1334 E/zygisk-elfutil32 ] Cannot load symtabs: .symtab section or its string table not found/valid.
[ 2026-02-18T10:59:04.639        0:  1334:  1334 E/zygisk-elfutil32 ] Failed to load symtabs for linear lookup of read
[ 2026-02-18T10:59:04.639        0:  1334:  1334 E/zygisk-ptrace32 ] failed to find symbol read in /apex/com.android.runtime/lib/bionic/libdl.so
[ 2026-02-18T10:59:04.640        0:  1334:  1334 E/zygisk-elfutil32 ] Cannot load symtabs: .symtab section or its string table not found/valid.
[ 2026-02-18T10:59:04.640        0:  1334:  1334 E/zygisk-elfutil32 ] Failed to load symtabs for linear lookup of memcmp
[ 2026-02-18T10:59:04.640        0:  1334:  1334 E/zygisk-ptrace32 ] failed to find symbol memcmp in /system/lib/liblog.so
[ 2026-02-18T10:59:04.640        0:  1334:  1334 E/zygisk-elfutil32 ] Cannot load symtabs: .symtab section or its string table not found/valid.
[ 2026-02-18T10:59:04.640        0:  1334:  1334 E/zygisk-elfutil32 ] Failed to load symtabs for linear lookup of memcmp
[ 2026-02-18T10:59:04.640        0:  1334:  1334 E/zygisk-ptrace32 ] failed to find symbol memcmp in /apex/com.android.runtime/lib/bionic/libm.so
[ 2026-02-18T10:59:04.641        0:  1334:  1334 E/zygisk-elfutil32 ] Cannot load symtabs: .symtab section or its string table not found/valid.
[ 2026-02-18T10:59:04.641        0:  1334:  1334 E/zygisk-elfutil32 ] Failed to load symtabs for linear lookup of memcmp
[ 2026-02-18T10:59:04.641        0:  1334:  1334 E/zygisk-ptrace32 ] failed to find symbol memcmp in /apex/com.android.runtime/lib/bionic/libdl.so
[ 2026-02-18T10:59:04.641        0:  1334:  1334 E/zygisk-elfutil32 ] Cannot load symtabs: .symtab section or its string table not found/valid.
[ 2026-02-18T10:59:04.641        0:  1334:  1334 E/zygisk-elfutil32 ] Failed to load symtabs for linear lookup of socket
[ 2026-02-18T10:59:04.641        0:  1334:  1334 E/zygisk-ptrace32 ] failed to find symbol socket in /system/lib/liblog.so
[ 2026-02-18T10:59:04.641        0:  1334:  1334 E/zygisk-elfutil32 ] Cannot load symtabs: .symtab section or its string table not found/valid.
[ 2026-02-18T10:59:04.641        0:  1334:  1334 E/zygisk-elfutil32 ] Failed to load symtabs for linear lookup of socket
[ 2026-02-18T10:59:04.641        0:  1334:  1334 E/zygisk-ptrace32 ] failed to find symbol socket in /apex/com.android.runtime/lib/bionic/libm.so
[ 2026-02-18T10:59:04.641        0:  1334:  1334 E/zygisk-elfutil32 ] Cannot load symtabs: .symtab section or its string table not found/valid.
[ 2026-02-18T10:59:04.641        0:  1334:  1334 E/zygisk-elfutil32 ] Failed to load symtabs for linear lookup of socket
[ 2026-02-18T10:59:04.641        0:  1334:  1334 E/zygisk-ptrace32 ] failed to find symbol socket in /apex/com.android.runtime/lib/bionic/libdl.so
[ 2026-02-18T10:59:04.642        0:  1334:  1334 E/zygisk-elfutil32 ] Cannot load symtabs: .symtab section or its string table not found/valid.
[ 2026-02-18T10:59:04.642        0:  1334:  1334 E/zygisk-elfutil32 ] Failed to load symtabs for linear lookup of connect
[ 2026-02-18T10:59:04.642        0:  1334:  1334 E/zygisk-ptrace32 ] failed to find symbol connect in /system/lib/liblog.so
[ 2026-02-18T10:59:04.642        0:  1334:  1334 E/zygisk-elfutil32 ] Cannot load symtabs: .symtab section or its string table not found/valid.
[ 2026-02-18T10:59:04.642        0:  1334:  1334 E/zygisk-elfutil32 ] Failed to load symtabs for linear lookup of connect
[ 2026-02-18T10:59:04.642        0:  1334:  1334 E/zygisk-ptrace32 ] failed to find symbol connect in /apex/com.android.runtime/lib/bionic/libm.so
[ 2026-02-18T10:59:04.642        0:  1334:  1334 E/zygisk-elfutil32 ] Cannot load symtabs: .symtab section or its string table not found/valid.
[ 2026-02-18T10:59:04.642        0:  1334:  1334 E/zygisk-elfutil32 ] Failed to load symtabs for linear lookup of connect
[ 2026-02-18T10:59:04.642        0:  1334:  1334 E/zygisk-ptrace32 ] failed to find symbol connect in /apex/com.android.runtime/lib/bionic/libdl.so
[ 2026-02-18T10:59:04.643        0:  1334:  1334 E/zygisk-elfutil32 ] Cannot load symtabs: .symtab section or its string table not found/valid.
[ 2026-02-18T10:59:04.643        0:  1334:  1334 E/zygisk-elfutil32 ] Failed to load symtabs for linear lookup of sleep
[ 2026-02-18T10:59:04.643        0:  1334:  1334 E/zygisk-ptrace32 ] failed to find symbol sleep in /system/lib/liblog.so
[ 2026-02-18T10:59:04.643        0:  1334:  1334 E/zygisk-elfutil32 ] Cannot load symtabs: .symtab section or its string table not found/valid.
[ 2026-02-18T10:59:04.643        0:  1334:  1334 E/zygisk-elfutil32 ] Failed to load symtabs for linear lookup of sleep
[ 2026-02-18T10:59:04.643        0:  1334:  1334 E/zygisk-ptrace32 ] failed to find symbol sleep in /apex/com.android.runtime/lib/bionic/libm.so
[ 2026-02-18T10:59:04.643        0:  1334:  1334 E/zygisk-elfutil32 ] Cannot load symtabs: .symtab section or its string table not found/valid.
[ 2026-02-18T10:59:04.643        0:  1334:  1334 E/zygisk-elfutil32 ] Failed to load symtabs for linear lookup of sleep
[ 2026-02-18T10:59:04.643        0:  1334:  1334 E/zygisk-ptrace32 ] failed to find symbol sleep in /apex/com.android.runtime/lib/bionic/libdl.so
[ 2026-02-18T10:59:04.643        0:  1334:  1334 E/zygisk-elfutil32 ] Cannot load symtabs: .symtab section or its string table not found/valid.
[ 2026-02-18T10:59:04.643        0:  1334:  1334 E/zygisk-elfutil32 ] Failed to load symtabs for linear lookup of __vsnprintf_chk
[ 2026-02-18T10:59:04.643        0:  1334:  1334 E/zygisk-ptrace32 ] failed to find symbol __vsnprintf_chk in /system/lib/liblog.so
[ 2026-02-18T10:59:04.643        0:  1334:  1334 E/zygisk-elfutil32 ] Cannot load symtabs: .symtab section or its string table not found/valid.
[ 2026-02-18T10:59:04.644        0:  1334:  1334 E/zygisk-elfutil32 ] Failed to load symtabs for linear lookup of __vsnprintf_chk
[ 2026-02-18T10:59:04.644        0:  1334:  1334 E/zygisk-ptrace32 ] failed to find symbol __vsnprintf_chk in /apex/com.android.runtime/lib/bionic/libm.so
[ 2026-02-18T10:59:04.644        0:  1334:  1334 E/zygisk-elfutil32 ] Cannot load symtabs: .symtab section or its string table not found/valid.
[ 2026-02-18T10:59:04.644        0:  1334:  1334 E/zygisk-elfutil32 ] Failed to load symtabs for linear lookup of __vsnprintf_chk
[ 2026-02-18T10:59:04.644        0:  1334:  1334 E/zygisk-ptrace32 ] failed to find symbol __vsnprintf_chk in /apex/com.android.runtime/lib/bionic/libdl.so
[ 2026-02-18T10:59:04.644        0:  1334:  1334 E/zygisk-elfutil32 ] Cannot load symtabs: .symtab section or its string table not found/valid.
[ 2026-02-18T10:59:04.644        0:  1334:  1334 E/zygisk-elfutil32 ] Failed to load symtabs for linear lookup of __strlen_chk
[ 2026-02-18T10:59:04.644        0:  1334:  1334 E/zygisk-ptrace32 ] failed to find symbol __strlen_chk in /system/lib/liblog.so
[ 2026-02-18T10:59:04.644        0:  1334:  1334 E/zygisk-elfutil32 ] Cannot load symtabs: .symtab section or its string table not found/valid.
[ 2026-02-18T10:59:04.644        0:  1334:  1334 E/zygisk-elfutil32 ] Failed to load symtabs for linear lookup of __strlen_chk
[ 2026-02-18T10:59:04.644        0:  1334:  1334 E/zygisk-ptrace32 ] failed to find symbol __strlen_chk in /apex/com.android.runtime/lib/bionic/libm.so
[ 2026-02-18T10:59:04.644        0:  1334:  1334 E/zygisk-elfutil32 ] Cannot load symtabs: .symtab section or its string table not found/valid.
[ 2026-02-18T10:59:04.644        0:  1334:  1334 E/zygisk-elfutil32 ] Failed to load symtabs for linear lookup of __strlen_chk
[ 2026-02-18T10:59:04.644        0:  1334:  1334 E/zygisk-ptrace32 ] failed to find symbol __strlen_chk in /apex/com.android.runtime/lib/bionic/libdl.so
[ 2026-02-18T10:59:04.645        0:  1334:  1334 E/zygisk-elfutil32 ] Cannot load symtabs: .symtab section or its string table not found/valid.
[ 2026-02-18T10:59:04.645        0:  1334:  1334 E/zygisk-elfutil32 ] Failed to load symtabs for linear lookup of uname
[ 2026-02-18T10:59:04.645        0:  1334:  1334 E/zygisk-ptrace32 ] failed to find symbol uname in /system/lib/liblog.so
[ 2026-02-18T10:59:04.645        0:  1334:  1334 E/zygisk-elfutil32 ] Cannot load symtabs: .symtab section or its string table not found/valid.
[ 2026-02-18T10:59:04.645        0:  1334:  1334 E/zygisk-elfutil32 ] Failed to load symtabs for linear lookup of uname
[ 2026-02-18T10:59:04.645        0:  1334:  1334 E/zygisk-ptrace32 ] failed to find symbol uname in /apex/com.android.runtime/lib/bionic/libm.so
[ 2026-02-18T10:59:04.645        0:  1334:  1334 E/zygisk-elfutil32 ] Cannot load symtabs: .symtab section or its string table not found/valid.
[ 2026-02-18T10:59:04.645        0:  1334:  1334 E/zygisk-elfutil32 ] Failed to load symtabs for linear lookup of uname
[ 2026-02-18T10:59:04.645        0:  1334:  1334 E/zygisk-ptrace32 ] failed to find symbol uname in /apex/com.android.runtime/lib/bionic/libdl.so
[ 2026-02-18T10:59:04.646        0:  1334:  1334 E/zygisk-elfutil32 ] Cannot load symtabs: .symtab section or its string table not found/valid.
[ 2026-02-18T10:59:04.646        0:  1334:  1334 E/zygisk-elfutil32 ] Failed to load symtabs for linear lookup of sscanf
[ 2026-02-18T10:59:04.646        0:  1334:  1334 E/zygisk-ptrace32 ] failed to find symbol sscanf in /system/lib/liblog.so
[ 2026-02-18T10:59:04.646        0:  1334:  1334 E/zygisk-elfutil32 ] Cannot load symtabs: .symtab section or its string table not found/valid.
[ 2026-02-18T10:59:04.646        0:  1334:  1334 E/zygisk-elfutil32 ] Failed to load symtabs for linear lookup of sscanf
[ 2026-02-18T10:59:04.646        0:  1334:  1334 E/zygisk-ptrace32 ] failed to find symbol sscanf in /apex/com.android.runtime/lib/bionic/libm.so
[ 2026-02-18T10:59:04.646        0:  1334:  1334 E/zygisk-elfutil32 ] Cannot load symtabs: .symtab section or its string table not found/valid.
[ 2026-02-18T10:59:04.646        0:  1334:  1334 E/zygisk-elfutil32 ] Failed to load symtabs for linear lookup of sscanf
[ 2026-02-18T10:59:04.646        0:  1334:  1334 E/zygisk-ptrace32 ] failed to find symbol sscanf in /apex/com.android.runtime/lib/bionic/libdl.so
[ 2026-02-18T10:59:04.646        0:  1334:  1334 E/zygisk-elfutil32 ] Cannot load symtabs: .symtab section or its string table not found/valid.
[ 2026-02-18T10:59:04.646        0:  1334:  1334 E/zygisk-elfutil32 ] Failed to load symtabs for linear lookup of recvmsg
[ 2026-02-18T10:59:04.646        0:  1334:  1334 E/zygisk-ptrace32 ] failed to find symbol recvmsg in /system/lib/liblog.so
[ 2026-02-18T10:59:04.647        0:  1334:  1334 E/zygisk-elfutil32 ] Cannot load symtabs: .symtab section or its string table not found/valid.
[ 2026-02-18T10:59:04.647        0:  1334:  1334 E/zygisk-elfutil32 ] Failed to load symtabs for linear lookup of recvmsg
[ 2026-02-18T10:59:04.647        0:  1334:  1334 E/zygisk-ptrace32 ] failed to find symbol recvmsg in /apex/com.android.runtime/lib/bionic/libm.so
[ 2026-02-18T10:59:04.647        0:  1334:  1334 E/zygisk-elfutil32 ] Cannot load symtabs: .symtab section or its string table not found/valid.
[ 2026-02-18T10:59:04.647        0:  1334:  1334 E/zygisk-elfutil32 ] Failed to load symtabs for linear lookup of recvmsg
[ 2026-02-18T10:59:04.647        0:  1334:  1334 E/zygisk-ptrace32 ] failed to find symbol recvmsg in /apex/com.android.runtime/lib/bionic/libdl.so
[ 2026-02-18T10:59:04.647        0:  1334:  1334 E/zygisk-elfutil32 ] Cannot load symtabs: .symtab section or its string table not found/valid.
[ 2026-02-18T10:59:04.647        0:  1334:  1334 E/zygisk-elfutil32 ] Failed to load symtabs for linear lookup of __write_chk
[ 2026-02-18T10:59:04.647        0:  1334:  1334 E/zygisk-ptrace32 ] failed to find symbol __write_chk in /system/lib/liblog.so
[ 2026-02-18T10:59:04.648        0:  1334:  1334 E/zygisk-elfutil32 ] Cannot load symtabs: .symtab section or its string table not found/valid.
[ 2026-02-18T10:59:04.648        0:  1334:  1334 E/zygisk-elfutil32 ] Failed to load symtabs for linear lookup of __write_chk
[ 2026-02-18T10:59:04.648        0:  1334:  1334 E/zygisk-ptrace32 ] failed to find symbol __write_chk in /apex/com.android.runtime/lib/bionic/libm.so
[ 2026-02-18T10:59:04.648        0:  1334:  1334 E/zygisk-elfutil32 ] Cannot load symtabs: .symtab section or its string table not found/valid.
[ 2026-02-18T10:59:04.648        0:  1334:  1334 E/zygisk-elfutil32 ] Failed to load symtabs for linear lookup of __write_chk
[ 2026-02-18T10:59:04.648        0:  1334:  1334 E/zygisk-ptrace32 ] failed to find symbol __write_chk in /apex/com.android.runtime/lib/bionic/libdl.so
[ 2026-02-18T10:59:04.648        0:  1334:  1334 E/zygisk-elfutil32 ] Cannot load symtabs: .symtab section or its string table not found/valid.
[ 2026-02-18T10:59:04.648        0:  1334:  1334 E/zygisk-elfutil32 ] Failed to load symtabs for linear lookup of write
[ 2026-02-18T10:59:04.648        0:  1334:  1334 E/zygisk-ptrace32 ] failed to find symbol write in /system/lib/liblog.so
[ 2026-02-18T10:59:04.648        0:  1334:  1334 E/zygisk-elfutil32 ] Cannot load symtabs: .symtab section or its string table not found/valid.
[ 2026-02-18T10:59:04.648        0:  1334:  1334 E/zygisk-elfutil32 ] Failed to load symtabs for linear lookup of write
[ 2026-02-18T10:59:04.648        0:  1334:  1334 E/zygisk-ptrace32 ] failed to find symbol write in /apex/com.android.runtime/lib/bionic/libm.so
[ 2026-02-18T10:59:04.649        0:  1334:  1334 E/zygisk-elfutil32 ] Cannot load symtabs: .symtab section or its string table not found/valid.
[ 2026-02-18T10:59:04.649        0:  1334:  1334 E/zygisk-elfutil32 ] Failed to load symtabs for linear lookup of write
[ 2026-02-18T10:59:04.649        0:  1334:  1334 E/zygisk-ptrace32 ] failed to find symbol write in /apex/com.android.runtime/lib/bionic/libdl.so
[ 2026-02-18T10:59:04.649        0:  1334:  1334 E/zygisk-elfutil32 ] Cannot load symtabs: .symtab section or its string table not found/valid.
[ 2026-02-18T10:59:04.649        0:  1334:  1334 E/zygisk-elfutil32 ] Failed to load symtabs for linear lookup of __pread_chk
[ 2026-02-18T10:59:04.649        0:  1334:  1334 E/zygisk-ptrace32 ] failed to find symbol __pread_chk in /system/lib/liblog.so
[ 2026-02-18T10:59:04.649        0:  1334:  1334 E/zygisk-elfutil32 ] Cannot load symtabs: .symtab section or its string table not found/valid.
[ 2026-02-18T10:59:04.649        0:  1334:  1334 E/zygisk-elfutil32 ] Failed to load symtabs for linear lookup of __pread_chk
[ 2026-02-18T10:59:04.649        0:  1334:  1334 E/zygisk-ptrace32 ] failed to find symbol __pread_chk in /apex/com.android.runtime/lib/bionic/libm.so
[ 2026-02-18T10:59:04.649        0:  1334:  1334 E/zygisk-elfutil32 ] Cannot load symtabs: .symtab section or its string table not found/valid.
[ 2026-02-18T10:59:04.649        0:  1334:  1334 E/zygisk-elfutil32 ] Failed to load symtabs for linear lookup of __pread_chk
[ 2026-02-18T10:59:04.649        0:  1334:  1334 E/zygisk-ptrace32 ] failed to find symbol __pread_chk in /apex/com.android.runtime/lib/bionic/libdl.so
[ 2026-02-18T10:59:04.650        0:  1334:  1334 E/zygisk-elfutil32 ] Cannot load symtabs: .symtab section or its string table not found/valid.
[ 2026-02-18T10:59:04.650        0:  1334:  1334 E/zygisk-elfutil32 ] Failed to load symtabs for linear lookup of pread
[ 2026-02-18T10:59:04.650        0:  1334:  1334 E/zygisk-ptrace32 ] failed to find symbol pread in /system/lib/liblog.so
[ 2026-02-18T10:59:04.650        0:  1334:  1334 E/zygisk-elfutil32 ] Cannot load symtabs: .symtab section or its string table not found/valid.
[ 2026-02-18T10:59:04.650        0:  1334:  1334 E/zygisk-elfutil32 ] Failed to load symtabs for linear lookup of pread
[ 2026-02-18T10:59:04.650        0:  1334:  1334 E/zygisk-ptrace32 ] failed to find symbol pread in /apex/com.android.runtime/lib/bionic/libm.so
[ 2026-02-18T10:59:04.650        0:  1334:  1334 E/zygisk-elfutil32 ] Cannot load symtabs: .symtab section or its string table not found/valid.
[ 2026-02-18T10:59:04.650        0:  1334:  1334 E/zygisk-elfutil32 ] Failed to load symtabs for linear lookup of pread
[ 2026-02-18T10:59:04.650        0:  1334:  1334 E/zygisk-ptrace32 ] failed to find symbol pread in /apex/com.android.runtime/lib/bionic/libdl.so
[ 2026-02-18T10:59:04.650        0:  1334:  1334 E/zygisk-elfutil32 ] Cannot load symtabs: .symtab section or its string table not found/valid.
[ 2026-02-18T10:59:04.650        0:  1334:  1334 E/zygisk-elfutil32 ] Failed to load symtabs for linear lookup of __read_chk
[ 2026-02-18T10:59:04.650        0:  1334:  1334 E/zygisk-ptrace32 ] failed to find symbol __read_chk in /system/lib/liblog.so
[ 2026-02-18T10:59:04.651        0:  1334:  1334 E/zygisk-elfutil32 ] Cannot load symtabs: .symtab section or its string table not found/valid.
[ 2026-02-18T10:59:04.651        0:  1334:  1334 E/zygisk-elfutil32 ] Failed to load symtabs for linear lookup of __read_chk
[ 2026-02-18T10:59:04.651        0:  1334:  1334 E/zygisk-ptrace32 ] failed to find symbol __read_chk in /apex/com.android.runtime/lib/bionic/libm.so
[ 2026-02-18T10:59:04.651        0:  1334:  1334 E/zygisk-elfutil32 ] Cannot load symtabs: .symtab section or its string table not found/valid.
[ 2026-02-18T10:59:04.651        0:  1334:  1334 E/zygisk-elfutil32 ] Failed to load symtabs for linear lookup of __read_chk
[ 2026-02-18T10:59:04.651        0:  1334:  1334 E/zygisk-ptrace32 ] failed to find symbol __read_chk in /apex/com.android.runtime/lib/bionic/libdl.so
[ 2026-02-18T10:59:04.651        0:  1334:  1334 E/zygisk-elfutil32 ] Cannot load symtabs: .symtab section or its string table not found/valid.
[ 2026-02-18T10:59:04.652        0:  1334:  1334 E/zygisk-elfutil32 ] Failed to load symtabs for linear lookup of socketpair
[ 2026-02-18T10:59:04.652        0:  1334:  1334 E/zygisk-ptrace32 ] failed to find symbol socketpair in /system/lib/liblog.so
[ 2026-02-18T10:59:04.652        0:  1334:  1334 E/zygisk-elfutil32 ] Cannot load symtabs: .symtab section or its string table not found/valid.
[ 2026-02-18T10:59:04.652        0:  1334:  1334 E/zygisk-elfutil32 ] Failed to load symtabs for linear lookup of socketpair
[ 2026-02-18T10:59:04.652        0:  1334:  1334 E/zygisk-ptrace32 ] failed to find symbol socketpair in /apex/com.android.runtime/lib/bionic/libm.so
[ 2026-02-18T10:59:04.652        0:  1334:  1334 E/zygisk-elfutil32 ] Cannot load symtabs: .symtab section or its string table not found/valid.
[ 2026-02-18T10:59:04.652        0:  1334:  1334 E/zygisk-elfutil32 ] Failed to load symtabs for linear lookup of socketpair
[ 2026-02-18T10:59:04.652        0:  1334:  1334 E/zygisk-ptrace32 ] failed to find symbol socketpair in /apex/com.android.runtime/lib/bionic/libdl.so
[ 2026-02-18T10:59:04.652        0:  1334:  1334 E/zygisk-elfutil32 ] Cannot load symtabs: .symtab section or its string table not found/valid.
[ 2026-02-18T10:59:04.652        0:  1334:  1334 E/zygisk-elfutil32 ] Failed to load symtabs for linear lookup of _exit
[ 2026-02-18T10:59:04.652        0:  1334:  1334 E/zygisk-ptrace32 ] failed to find symbol _exit in /system/lib/liblog.so
[ 2026-02-18T10:59:04.652        0:  1334:  1334 E/zygisk-elfutil32 ] Cannot load symtabs: .symtab section or its string table not found/valid.
[ 2026-02-18T10:59:04.652        0:  1334:  1334 E/zygisk-elfutil32 ] Failed to load symtabs for linear lookup of _exit
[ 2026-02-18T10:59:04.652        0:  1334:  1334 E/zygisk-ptrace32 ] failed to find symbol _exit in /apex/com.android.runtime/lib/bionic/libm.so
[ 2026-02-18T10:59:04.652        0:  1334:  1334 E/zygisk-elfutil32 ] Cannot load symtabs: .symtab section or its string table not found/valid.
[ 2026-02-18T10:59:04.652        0:  1334:  1334 E/zygisk-elfutil32 ] Failed to load symtabs for linear lookup of _exit
[ 2026-02-18T10:59:04.653        0:  1334:  1334 E/zygisk-ptrace32 ] failed to find symbol _exit in /apex/com.android.runtime/lib/bionic/libdl.so
[ 2026-02-18T10:59:04.653        0:  1334:  1334 E/zygisk-elfutil32 ] Cannot load symtabs: .symtab section or its string table not found/valid.
[ 2026-02-18T10:59:04.653        0:  1334:  1334 E/zygisk-elfutil32 ] Failed to load symtabs for linear lookup of fdopen
[ 2026-02-18T10:59:04.653        0:  1334:  1334 E/zygisk-ptrace32 ] failed to find symbol fdopen in /system/lib/liblog.so
[ 2026-02-18T10:59:04.653        0:  1334:  1334 E/zygisk-elfutil32 ] Cannot load symtabs: .symtab section or its string table not found/valid.
[ 2026-02-18T10:59:04.653        0:  1334:  1334 E/zygisk-elfutil32 ] Failed to load symtabs for linear lookup of fdopen
[ 2026-02-18T10:59:04.653        0:  1334:  1334 E/zygisk-ptrace32 ] failed to find symbol fdopen in /apex/com.android.runtime/lib/bionic/libm.so
[ 2026-02-18T10:59:04.653        0:  1334:  1334 E/zygisk-elfutil32 ] Cannot load symtabs: .symtab section or its string table not found/valid.
[ 2026-02-18T10:59:04.653        0:  1334:  1334 E/zygisk-elfutil32 ] Failed to load symtabs for linear lookup of fdopen
[ 2026-02-18T10:59:04.653        0:  1334:  1334 E/zygisk-ptrace32 ] failed to find symbol fdopen in /apex/com.android.runtime/lib/bionic/libdl.so
[ 2026-02-18T10:59:04.653        0:  1334:  1334 E/zygisk-elfutil32 ] Cannot load symtabs: .symtab section or its string table not found/valid.
[ 2026-02-18T10:59:04.654        0:  1334:  1334 E/zygisk-elfutil32 ] Failed to load symtabs for linear lookup of calloc
[ 2026-02-18T10:59:04.654        0:  1334:  1334 E/zygisk-ptrace32 ] failed to find symbol calloc in /system/lib/liblog.so
[ 2026-02-18T10:59:04.654        0:  1334:  1334 E/zygisk-elfutil32 ] Cannot load symtabs: .symtab section or its string table not found/valid.
[ 2026-02-18T10:59:04.654        0:  1334:  1334 E/zygisk-elfutil32 ] Failed to load symtabs for linear lookup of calloc
[ 2026-02-18T10:59:04.654        0:  1334:  1334 E/zygisk-ptrace32 ] failed to find symbol calloc in /apex/com.android.runtime/lib/bionic/libm.so
[ 2026-02-18T10:59:04.654        0:  1334:  1334 E/zygisk-elfutil32 ] Cannot load symtabs: .symtab section or its string table not found/valid.
[ 2026-02-18T10:59:04.654        0:  1334:  1334 E/zygisk-elfutil32 ] Failed to load symtabs for linear lookup of calloc
[ 2026-02-18T10:59:04.654        0:  1334:  1334 E/zygisk-ptrace32 ] failed to find symbol calloc in /apex/com.android.runtime/lib/bionic/libdl.so
[ 2026-02-18T10:59:04.654        0:  1334:  1334 E/zygisk-elfutil32 ] Cannot load symtabs: .symtab section or its string table not found/valid.
[ 2026-02-18T10:59:04.654        0:  1334:  1334 E/zygisk-elfutil32 ] Failed to load symtabs for linear lookup of waitpid
[ 2026-02-18T10:59:04.654        0:  1334:  1334 E/zygisk-ptrace32 ] failed to find symbol waitpid in /system/lib/liblog.so
[ 2026-02-18T10:59:04.655        0:  1334:  1334 E/zygisk-elfutil32 ] Cannot load symtabs: .symtab section or its string table not found/valid.
[ 2026-02-18T10:59:04.655        0:  1334:  1334 E/zygisk-elfutil32 ] Failed to load symtabs for linear lookup of waitpid
[ 2026-02-18T10:59:04.655        0:  1334:  1334 E/zygisk-ptrace32 ] failed to find symbol waitpid in /apex/com.android.runtime/lib/bionic/libm.so
[ 2026-02-18T10:59:04.655        0:  1334:  1334 E/zygisk-elfutil32 ] Cannot load symtabs: .symtab section or its string table not found/valid.
[ 2026-02-18T10:59:04.655        0:  1334:  1334 E/zygisk-elfutil32 ] Failed to load symtabs for linear lookup of waitpid
[ 2026-02-18T10:59:04.655        0:  1334:  1334 E/zygisk-ptrace32 ] failed to find symbol waitpid in /apex/com.android.runtime/lib/bionic/libdl.so
[ 2026-02-18T10:59:04.655        0:  1334:  1334 E/zygisk-elfutil32 ] Cannot load symtabs: .symtab section or its string table not found/valid.
[ 2026-02-18T10:59:04.655        0:  1334:  1334 E/zygisk-elfutil32 ] Failed to load symtabs for linear lookup of mprotect
[ 2026-02-18T10:59:04.655        0:  1334:  1334 E/zygisk-ptrace32 ] failed to find symbol mprotect in /system/lib/liblog.so
[ 2026-02-18T10:59:04.655        0:  1334:  1334 E/zygisk-elfutil32 ] Cannot load symtabs: .symtab section or its string table not found/valid.
[ 2026-02-18T10:59:04.655        0:  1334:  1334 E/zygisk-elfutil32 ] Failed to load symtabs for linear lookup of mprotect
[ 2026-02-18T10:59:04.656        0:  1334:  1334 E/zygisk-ptrace32 ] failed to find symbol mprotect in /apex/com.android.runtime/lib/bionic/libm.so
[ 2026-02-18T10:59:04.656        0:  1334:  1334 E/zygisk-elfutil32 ] Cannot load symtabs: .symtab section or its string table not found/valid.
[ 2026-02-18T10:59:04.656        0:  1334:  1334 E/zygisk-elfutil32 ] Failed to load symtabs for linear lookup of mprotect
[ 2026-02-18T10:59:04.656        0:  1334:  1334 E/zygisk-ptrace32 ] failed to find symbol mprotect in /apex/com.android.runtime/lib/bionic/libdl.so
[ 2026-02-18T10:59:04.656        0:  1334:  1334 E/zygisk-elfutil32 ] Cannot load symtabs: .symtab section or its string table not found/valid.
[ 2026-02-18T10:59:04.656        0:  1334:  1334 E/zygisk-elfutil32 ] Failed to load symtabs for linear lookup of sendmsg
[ 2026-02-18T10:59:04.656        0:  1334:  1334 E/zygisk-ptrace32 ] failed to find symbol sendmsg in /system/lib/liblog.so
[ 2026-02-18T10:59:04.657        0:  1334:  1334 E/zygisk-elfutil32 ] Cannot load symtabs: .symtab section or its string table not found/valid.
[ 2026-02-18T10:59:04.657        0:  1334:  1334 E/zygisk-elfutil32 ] Failed to load symtabs for linear lookup of sendmsg
[ 2026-02-18T10:59:04.657        0:  1334:  1334 E/zygisk-ptrace32 ] failed to find symbol sendmsg in /apex/com.android.runtime/lib/bionic/libm.so
[ 2026-02-18T10:59:04.657        0:  1334:  1334 E/zygisk-elfutil32 ] Cannot load symtabs: .symtab section or its string table not found/valid.
[ 2026-02-18T10:59:04.657        0:  1334:  1334 E/zygisk-elfutil32 ] Failed to load symtabs for linear lookup of sendmsg
[ 2026-02-18T10:59:04.657        0:  1334:  1334 E/zygisk-ptrace32 ] failed to find symbol sendmsg in /apex/com.android.runtime/lib/bionic/libdl.so
[ 2026-02-18T10:59:04.657        0:  1334:  1334 E/zygisk-elfutil32 ] Cannot load symtabs: .symtab section or its string table not found/valid.
[ 2026-02-18T10:59:04.657        0:  1334:  1334 E/zygisk-elfutil32 ] Failed to load symtabs for linear lookup of qsort
[ 2026-02-18T10:59:04.657        0:  1334:  1334 E/zygisk-ptrace32 ] failed to find symbol qsort in /system/lib/liblog.so
[ 2026-02-18T10:59:04.658        0:  1334:  1334 E/zygisk-elfutil32 ] Cannot load symtabs: .symtab section or its string table not found/valid.
[ 2026-02-18T10:59:04.658        0:  1334:  1334 E/zygisk-elfutil32 ] Failed to load symtabs for linear lookup of qsort
[ 2026-02-18T10:59:04.658        0:  1334:  1334 E/zygisk-ptrace32 ] failed to find symbol qsort in /apex/com.android.runtime/lib/bionic/libm.so
[ 2026-02-18T10:59:04.658        0:  1334:  1334 E/zygisk-elfutil32 ] Cannot load symtabs: .symtab section or its string table not found/valid.
[ 2026-02-18T10:59:04.658        0:  1334:  1334 E/zygisk-elfutil32 ] Failed to load symtabs for linear lookup of qsort
[ 2026-02-18T10:59:04.658        0:  1334:  1334 E/zygisk-ptrace32 ] failed to find symbol qsort in /apex/com.android.runtime/lib/bionic/libdl.so
[ 2026-02-18T10:59:04.658        0:  1334:  1334 E/zygisk-elfutil32 ] Cannot load symtabs: .symtab section or its string table not found/valid.
[ 2026-02-18T10:59:04.658        0:  1334:  1334 E/zygisk-elfutil32 ] Failed to load symtabs for linear lookup of getpagesize
[ 2026-02-18T10:59:04.658        0:  1334:  1334 E/zygisk-ptrace32 ] failed to find symbol getpagesize in /system/lib/liblog.so
[ 2026-02-18T10:59:04.658        0:  1334:  1334 E/zygisk-elfutil32 ] Cannot load symtabs: .symtab section or its string table not found/valid.
[ 2026-02-18T10:59:04.658        0:  1334:  1334 E/zygisk-elfutil32 ] Failed to load symtabs for linear lookup of getpagesize
[ 2026-02-18T10:59:04.658        0:  1334:  1334 E/zygisk-ptrace32 ] failed to find symbol getpagesize in /apex/com.android.runtime/lib/bionic/libm.so
[ 2026-02-18T10:59:04.659        0:  1334:  1334 E/zygisk-elfutil32 ] Cannot load symtabs: .symtab section or its string table not found/valid.
[ 2026-02-18T10:59:04.659        0:  1334:  1334 E/zygisk-elfutil32 ] Failed to load symtabs for linear lookup of getpagesize
[ 2026-02-18T10:59:04.659        0:  1334:  1334 E/zygisk-ptrace32 ] failed to find symbol getpagesize in /apex/com.android.runtime/lib/bionic/libdl.so
[ 2026-02-18T10:59:04.659        0:  1334:  1334 E/zygisk-elfutil32 ] Cannot load symtabs: .symtab section or its string table not found/valid.
[ 2026-02-18T10:59:04.659        0:  1334:  1334 E/zygisk-elfutil32 ] Failed to load symtabs for linear lookup of fstat
[ 2026-02-18T10:59:04.659        0:  1334:  1334 E/zygisk-ptrace32 ] failed to find symbol fstat in /system/lib/liblog.so
[ 2026-02-18T10:59:04.661        0:  1334:  1334 E/zygisk-elfutil32 ] Cannot load symtabs: .symtab section or its string table not found/valid.
[ 2026-02-18T10:59:04.661        0:  1334:  1334 E/zygisk-elfutil32 ] Failed to load symtabs for linear lookup of fstat
[ 2026-02-18T10:59:04.661        0:  1334:  1334 E/zygisk-ptrace32 ] failed to find symbol fstat in /apex/com.android.runtime/lib/bionic/libm.so
[ 2026-02-18T10:59:04.661        0:  1334:  1334 E/zygisk-elfutil32 ] Cannot load symtabs: .symtab section or its string table not found/valid.
[ 2026-02-18T10:59:04.661        0:  1334:  1334 E/zygisk-elfutil32 ] Failed to load symtabs for linear lookup of fstat
[ 2026-02-18T10:59:04.661        0:  1334:  1334 E/zygisk-ptrace32 ] failed to find symbol fstat in /apex/com.android.runtime/lib/bionic/libdl.so
[ 2026-02-18T10:59:04.662        0:  1334:  1334 E/zygisk-elfutil32 ] Cannot load symtabs: .symtab section or its string table not found/valid.
[ 2026-02-18T10:59:04.662        0:  1334:  1334 E/zygisk-elfutil32 ] Failed to load symtabs for linear lookup of dl_iterate_phdr
[ 2026-02-18T10:59:04.662        0:  1334:  1334 E/zygisk-ptrace32 ] failed to find symbol dl_iterate_phdr in /system/lib/liblog.so
[ 2026-02-18T10:59:04.662        0:  1334:  1334 E/zygisk-elfutil32 ] Cannot load symtabs: .symtab section or its string table not found/valid.
[ 2026-02-18T10:59:04.662        0:  1334:  1334 E/zygisk-elfutil32 ] Failed to load symtabs for linear lookup of dl_iterate_phdr
[ 2026-02-18T10:59:04.662        0:  1334:  1334 E/zygisk-ptrace32 ] failed to find symbol dl_iterate_phdr in /apex/com.android.runtime/lib/bionic/libm.so
[ 2026-02-18T10:59:04.662        0:  1334:  1334 E/zygisk-elfutil32 ] Cannot load symtabs: .symtab section or its string table not found/valid.
[ 2026-02-18T10:59:04.662        0:  1334:  1334 E/zygisk-elfutil32 ] Failed to load symtabs for linear lookup of getauxval
[ 2026-02-18T10:59:04.662        0:  1334:  1334 E/zygisk-ptrace32 ] failed to find symbol getauxval in /system/lib/liblog.so
[ 2026-02-18T10:59:04.663        0:  1334:  1334 E/zygisk-elfutil32 ] Cannot load symtabs: .symtab section or its string table not found/valid.
[ 2026-02-18T10:59:04.663        0:  1334:  1334 E/zygisk-elfutil32 ] Failed to load symtabs for linear lookup of getauxval
[ 2026-02-18T10:59:04.663        0:  1334:  1334 E/zygisk-ptrace32 ] failed to find symbol getauxval in /apex/com.android.runtime/lib/bionic/libm.so
[ 2026-02-18T10:59:04.663        0:  1334:  1334 E/zygisk-elfutil32 ] Cannot load symtabs: .symtab section or its string table not found/valid.
[ 2026-02-18T10:59:04.663        0:  1334:  1334 E/zygisk-elfutil32 ] Failed to load symtabs for linear lookup of getauxval
[ 2026-02-18T10:59:04.663        0:  1334:  1334 E/zygisk-ptrace32 ] failed to find symbol getauxval in /apex/com.android.runtime/lib/bionic/libdl.so
[ 2026-02-18T10:59:04.663        0:  1334:  1334 W/zygisk-ptrace32 ] Bypassing resolution of EH frame function: __deregister_frame
[ 2026-02-18T10:59:04.663        0:  1334:  1334 E/zygisk-elfutil32 ] Cannot load symtabs: .symtab section or its string table not found/valid.
[ 2026-02-18T10:59:04.663        0:  1334:  1334 E/zygisk-elfutil32 ] Failed to load symtabs for linear lookup of mmap
[ 2026-02-18T10:59:04.663        0:  1334:  1334 E/zygisk-ptrace32 ] failed to find symbol mmap in /system/lib/liblog.so
[ 2026-02-18T10:59:04.663        0:  1334:  1334 E/zygisk-elfutil32 ] Cannot load symtabs: .symtab section or its string table not found/valid.
[ 2026-02-18T10:59:04.663        0:  1334:  1334 E/zygisk-elfutil32 ] Failed to load symtabs for linear lookup of mmap
[ 2026-02-18T10:59:04.663        0:  1334:  1334 E/zygisk-ptrace32 ] failed to find symbol mmap in /apex/com.android.runtime/lib/bionic/libm.so
[ 2026-02-18T10:59:04.664        0:  1334:  1334 E/zygisk-elfutil32 ] Cannot load symtabs: .symtab section or its string table not found/valid.
[ 2026-02-18T10:59:04.664        0:  1334:  1334 E/zygisk-elfutil32 ] Failed to load symtabs for linear lookup of mmap
[ 2026-02-18T10:59:04.664        0:  1334:  1334 E/zygisk-ptrace32 ] failed to find symbol mmap in /apex/com.android.runtime/lib/bionic/libdl.so
[ 2026-02-18T10:59:04.664        0:  1334:  1334 E/zygisk-elfutil32 ] Cannot load symtabs: .symtab section or its string table not found/valid.
[ 2026-02-18T10:59:04.664        0:  1334:  1334 E/zygisk-elfutil32 ] Failed to load symtabs for linear lookup of sysconf
[ 2026-02-18T10:59:04.664        0:  1334:  1334 E/zygisk-ptrace32 ] failed to find symbol sysconf in /system/lib/liblog.so
[ 2026-02-18T10:59:04.664        0:  1334:  1334 E/zygisk-elfutil32 ] Cannot load symtabs: .symtab section or its string table not found/valid.
[ 2026-02-18T10:59:04.664        0:  1334:  1334 E/zygisk-elfutil32 ] Failed to load symtabs for linear lookup of sysconf
[ 2026-02-18T10:59:04.664        0:  1334:  1334 E/zygisk-ptrace32 ] failed to find symbol sysconf in /apex/com.android.runtime/lib/bionic/libm.so
[ 2026-02-18T10:59:04.664        0:  1334:  1334 E/zygisk-elfutil32 ] Cannot load symtabs: .symtab section or its string table not found/valid.
[ 2026-02-18T10:59:04.664        0:  1334:  1334 E/zygisk-elfutil32 ] Failed to load symtabs for linear lookup of sysconf
[ 2026-02-18T10:59:04.664        0:  1334:  1334 E/zygisk-ptrace32 ] failed to find symbol sysconf in /apex/com.android.runtime/lib/bionic/libdl.so
[ 2026-02-18T10:59:04.665        0:  1334:  1334 E/zygisk-elfutil32 ] Cannot load symtabs: .symtab section or its string table not found/valid.
[ 2026-02-18T10:59:04.665        0:  1334:  1334 E/zygisk-elfutil32 ] Failed to load symtabs for linear lookup of abort
[ 2026-02-18T10:59:04.665        0:  1334:  1334 E/zygisk-ptrace32 ] failed to find symbol abort in /system/lib/liblog.so
[ 2026-02-18T10:59:04.665        0:  1334:  1334 E/zygisk-elfutil32 ] Cannot load symtabs: .symtab section or its string table not found/valid.
[ 2026-02-18T10:59:04.665        0:  1334:  1334 E/zygisk-elfutil32 ] Failed to load symtabs for linear lookup of abort
[ 2026-02-18T10:59:04.665        0:  1334:  1334 E/zygisk-ptrace32 ] failed to find symbol abort in /apex/com.android.runtime/lib/bionic/libm.so
[ 2026-02-18T10:59:04.665        0:  1334:  1334 E/zygisk-elfutil32 ] Cannot load symtabs: .symtab section or its string table not found/valid.
[ 2026-02-18T10:59:04.665        0:  1334:  1334 E/zygisk-elfutil32 ] Failed to load symtabs for linear lookup of abort
[ 2026-02-18T10:59:04.665        0:  1334:  1334 E/zygisk-ptrace32 ] failed to find symbol abort in /apex/com.android.runtime/lib/bionic/libdl.so
[ 2026-02-18T10:59:04.665        0:  1334:  1334 E/zygisk-elfutil32 ] Cannot load symtabs: .symtab section or its string table not found/valid.
[ 2026-02-18T10:59:04.665        0:  1334:  1334 E/zygisk-elfutil32 ] Failed to load symtabs for linear lookup of pthread_once
[ 2026-02-18T10:59:04.665        0:  1334:  1334 E/zygisk-ptrace32 ] failed to find symbol pthread_once in /system/lib/liblog.so
[ 2026-02-18T10:59:04.665        0:  1334:  1334 E/zygisk-elfutil32 ] Cannot load symtabs: .symtab section or its string table not found/valid.
[ 2026-02-18T10:59:04.665        0:  1334:  1334 E/zygisk-elfutil32 ] Failed to load symtabs for linear lookup of pthread_once
[ 2026-02-18T10:59:04.666        0:  1334:  1334 E/zygisk-ptrace32 ] failed to find symbol pthread_once in /apex/com.android.runtime/lib/bionic/libm.so
[ 2026-02-18T10:59:04.666        0:  1334:  1334 E/zygisk-elfutil32 ] Cannot load symtabs: .symtab section or its string table not found/valid.
[ 2026-02-18T10:59:04.666        0:  1334:  1334 E/zygisk-elfutil32 ] Failed to load symtabs for linear lookup of pthread_once
[ 2026-02-18T10:59:04.666        0:  1334:  1334 E/zygisk-ptrace32 ] failed to find symbol pthread_once in /apex/com.android.runtime/lib/bionic/libdl.so
[ 2026-02-18T10:59:04.666        0:  1334:  1334 E/zygisk-elfutil32 ] Cannot load symtabs: .symtab section or its string table not found/valid.
[ 2026-02-18T10:59:04.666        0:  1334:  1334 E/zygisk-elfutil32 ] Failed to load symtabs for linear lookup of pthread_getspecific
[ 2026-02-18T10:59:04.666        0:  1334:  1334 E/zygisk-ptrace32 ] failed to find symbol pthread_getspecific in /system/lib/liblog.so
[ 2026-02-18T10:59:04.666        0:  1334:  1334 E/zygisk-elfutil32 ] Cannot load symtabs: .symtab section or its string table not found/valid.
[ 2026-02-18T10:59:04.666        0:  1334:  1334 E/zygisk-elfutil32 ] Failed to load symtabs for linear lookup of pthread_getspecific
[ 2026-02-18T10:59:04.666        0:  1334:  1334 E/zygisk-ptrace32 ] failed to find symbol pthread_getspecific in /apex/com.android.runtime/lib/bionic/libm.so
[ 2026-02-18T10:59:04.666        0:  1334:  1334 E/zygisk-elfutil32 ] Cannot load symtabs: .symtab section or its string table not found/valid.
[ 2026-02-18T10:59:04.666        0:  1334:  1334 E/zygisk-elfutil32 ] Failed to load symtabs for linear lookup of pthread_getspecific
[ 2026-02-18T10:59:04.666        0:  1334:  1334 E/zygisk-ptrace32 ] failed to find symbol pthread_getspecific in /apex/com.android.runtime/lib/bionic/libdl.so
[ 2026-02-18T10:59:04.667        0:  1334:  1334 E/zygisk-elfutil32 ] Cannot load symtabs: .symtab section or its string table not found/valid.
[ 2026-02-18T10:59:04.667        0:  1334:  1334 E/zygisk-elfutil32 ] Failed to load symtabs for linear lookup of pthread_key_create
[ 2026-02-18T10:59:04.667        0:  1334:  1334 E/zygisk-ptrace32 ] failed to find symbol pthread_key_create in /system/lib/liblog.so
[ 2026-02-18T10:59:04.667        0:  1334:  1334 E/zygisk-elfutil32 ] Cannot load symtabs: .symtab section or its string table not found/valid.
[ 2026-02-18T10:59:04.667        0:  1334:  1334 E/zygisk-elfutil32 ] Failed to load symtabs for linear lookup of pthread_key_create
[ 2026-02-18T10:59:04.667        0:  1334:  1334 E/zygisk-ptrace32 ] failed to find symbol pthread_key_create in /apex/com.android.runtime/lib/bionic/libm.so
[ 2026-02-18T10:59:04.667        0:  1334:  1334 E/zygisk-elfutil32 ] Cannot load symtabs: .symtab section or its string table not found/valid.
[ 2026-02-18T10:59:04.667        0:  1334:  1334 E/zygisk-elfutil32 ] Failed to load symtabs for linear lookup of pthread_key_create
[ 2026-02-18T10:59:04.667        0:  1334:  1334 E/zygisk-ptrace32 ] failed to find symbol pthread_key_create in /apex/com.android.runtime/lib/bionic/libdl.so
[ 2026-02-18T10:59:04.668        0:  1334:  1334 E/zygisk-elfutil32 ] Cannot load symtabs: .symtab section or its string table not found/valid.
[ 2026-02-18T10:59:04.668        0:  1334:  1334 E/zygisk-elfutil32 ] Failed to load symtabs for linear lookup of posix_memalign
[ 2026-02-18T10:59:04.668        0:  1334:  1334 E/zygisk-ptrace32 ] failed to find symbol posix_memalign in /system/lib/liblog.so
[ 2026-02-18T10:59:04.668        0:  1334:  1334 E/zygisk-elfutil32 ] Cannot load symtabs: .symtab section or its string table not found/valid.
[ 2026-02-18T10:59:04.668        0:  1334:  1334 E/zygisk-elfutil32 ] Failed to load symtabs for linear lookup of posix_memalign
[ 2026-02-18T10:59:04.668        0:  1334:  1334 E/zygisk-ptrace32 ] failed to find symbol posix_memalign in /apex/com.android.runtime/lib/bionic/libm.so
[ 2026-02-18T10:59:04.668        0:  1334:  1334 E/zygisk-elfutil32 ] Cannot load symtabs: .symtab section or its string table not found/valid.
[ 2026-02-18T10:59:04.668        0:  1334:  1334 E/zygisk-elfutil32 ] Failed to load symtabs for linear lookup of posix_memalign
[ 2026-02-18T10:59:04.668        0:  1334:  1334 E/zygisk-ptrace32 ] failed to find symbol posix_memalign in /apex/com.android.runtime/lib/bionic/libdl.so
[ 2026-02-18T10:59:04.668        0:  1334:  1334 E/zygisk-elfutil32 ] Cannot load symtabs: .symtab section or its string table not found/valid.
[ 2026-02-18T10:59:04.668        0:  1334:  1334 E/zygisk-elfutil32 ] Failed to load symtabs for linear lookup of pthread_setspecific
[ 2026-02-18T10:59:04.668        0:  1334:  1334 E/zygisk-ptrace32 ] failed to find symbol pthread_setspecific in /system/lib/liblog.so
[ 2026-02-18T10:59:04.669        0:  1334:  1334 E/zygisk-elfutil32 ] Cannot load symtabs: .symtab section or its string table not found/valid.
[ 2026-02-18T10:59:04.669        0:  1334:  1334 E/zygisk-elfutil32 ] Failed to load symtabs for linear lookup of pthread_setspecific
[ 2026-02-18T10:59:04.669        0:  1334:  1334 E/zygisk-ptrace32 ] failed to find symbol pthread_setspecific in /apex/com.android.runtime/lib/bionic/libm.so
[ 2026-02-18T10:59:04.669        0:  1334:  1334 E/zygisk-elfutil32 ] Cannot load symtabs: .symtab section or its string table not found/valid.
[ 2026-02-18T10:59:04.669        0:  1334:  1334 E/zygisk-elfutil32 ] Failed to load symtabs for linear lookup of pthread_setspecific
[ 2026-02-18T10:59:04.669        0:  1334:  1334 E/zygisk-ptrace32 ] failed to find symbol pthread_setspecific in /apex/com.android.runtime/lib/bionic/libdl.so
[ 2026-02-18T10:59:04.669        0:  1334:  1334 E/zygisk-elfutil32 ] Cannot load symtabs: .symtab section or its string table not found/valid.
[ 2026-02-18T10:59:04.669        0:  1334:  1334 E/zygisk-elfutil32 ] Failed to load symtabs for linear lookup of __aeabi_memcpy
[ 2026-02-18T10:59:04.669        0:  1334:  1334 E/zygisk-ptrace32 ] failed to find symbol __aeabi_memcpy in /system/lib/liblog.so
[ 2026-02-18T10:59:04.669        0:  1334:  1334 E/zygisk-elfutil32 ] Cannot load symtabs: .symtab section or its string table not found/valid.
[ 2026-02-18T10:59:04.669        0:  1334:  1334 E/zygisk-elfutil32 ] Failed to load symtabs for linear lookup of __aeabi_memcpy
[ 2026-02-18T10:59:04.669        0:  1334:  1334 E/zygisk-ptrace32 ] failed to find symbol __aeabi_memcpy in /apex/com.android.runtime/lib/bionic/libm.so
[ 2026-02-18T10:59:04.669        0:  1334:  1334 E/zygisk-elfutil32 ] Cannot load symtabs: .symtab section or its string table not found/valid.
[ 2026-02-18T10:59:04.669        0:  1334:  1334 E/zygisk-elfutil32 ] Failed to load symtabs for linear lookup of __aeabi_memcpy
[ 2026-02-18T10:59:04.670        0:  1334:  1334 E/zygisk-ptrace32 ] failed to find symbol __aeabi_memcpy in /apex/com.android.runtime/lib/bionic/libdl.so
[ 2026-02-18T10:59:04.670        0:  1334:  1334 E/zygisk-elfutil32 ] Cannot load symtabs: .symtab section or its string table not found/valid.
[ 2026-02-18T10:59:04.670        0:  1334:  1334 E/zygisk-elfutil32 ] Failed to load symtabs for linear lookup of __aeabi_memcpy4
[ 2026-02-18T10:59:04.670        0:  1334:  1334 E/zygisk-ptrace32 ] failed to find symbol __aeabi_memcpy4 in /system/lib/liblog.so
[ 2026-02-18T10:59:04.670        0:  1334:  1334 E/zygisk-elfutil32 ] Cannot load symtabs: .symtab section or its string table not found/valid.
[ 2026-02-18T10:59:04.670        0:  1334:  1334 E/zygisk-elfutil32 ] Failed to load symtabs for linear lookup of __aeabi_memcpy4
[ 2026-02-18T10:59:04.670        0:  1334:  1334 E/zygisk-ptrace32 ] failed to find symbol __aeabi_memcpy4 in /apex/com.android.runtime/lib/bionic/libm.so
[ 2026-02-18T10:59:04.671        0:  1334:  1334 E/zygisk-elfutil32 ] Cannot load symtabs: .symtab section or its string table not found/valid.
[ 2026-02-18T10:59:04.671        0:  1334:  1334 E/zygisk-elfutil32 ] Failed to load symtabs for linear lookup of __aeabi_memcpy4
[ 2026-02-18T10:59:04.671        0:  1334:  1334 E/zygisk-ptrace32 ] failed to find symbol __aeabi_memcpy4 in /apex/com.android.runtime/lib/bionic/libdl.so
[ 2026-02-18T10:59:04.671        0:  1334:  1334 E/zygisk-elfutil32 ] Cannot load symtabs: .symtab section or its string table not found/valid.
[ 2026-02-18T10:59:04.671        0:  1334:  1334 E/zygisk-elfutil32 ] Failed to load symtabs for linear lookup of __aeabi_memmove
[ 2026-02-18T10:59:04.671        0:  1334:  1334 E/zygisk-ptrace32 ] failed to find symbol __aeabi_memmove in /system/lib/liblog.so
[ 2026-02-18T10:59:04.672        0:  1334:  1334 E/zygisk-elfutil32 ] Cannot load symtabs: .symtab section or its string table not found/valid.
[ 2026-02-18T10:59:04.672        0:  1334:  1334 E/zygisk-elfutil32 ] Failed to load symtabs for linear lookup of __aeabi_memmove
[ 2026-02-18T10:59:04.672        0:  1334:  1334 E/zygisk-ptrace32 ] failed to find symbol __aeabi_memmove in /apex/com.android.runtime/lib/bionic/libm.so
[ 2026-02-18T10:59:04.672        0:  1334:  1334 E/zygisk-elfutil32 ] Cannot load symtabs: .symtab section or its string table not found/valid.
[ 2026-02-18T10:59:04.672        0:  1334:  1334 E/zygisk-elfutil32 ] Failed to load symtabs for linear lookup of __aeabi_memmove
[ 2026-02-18T10:59:04.672        0:  1334:  1334 E/zygisk-ptrace32 ] failed to find symbol __aeabi_memmove in /apex/com.android.runtime/lib/bionic/libdl.so
[ 2026-02-18T10:59:04.672        0:  1334:  1334 E/zygisk-elfutil32 ] Cannot load symtabs: .symtab section or its string table not found/valid.
[ 2026-02-18T10:59:04.672        0:  1334:  1334 E/zygisk-elfutil32 ] Failed to load symtabs for linear lookup of __aeabi_memclr
[ 2026-02-18T10:59:04.672        0:  1334:  1334 E/zygisk-ptrace32 ] failed to find symbol __aeabi_memclr in /system/lib/liblog.so
[ 2026-02-18T10:59:04.672        0:  1334:  1334 E/zygisk-elfutil32 ] Cannot load symtabs: .symtab section or its string table not found/valid.
[ 2026-02-18T10:59:04.673        0:  1334:  1334 E/zygisk-elfutil32 ] Failed to load symtabs for linear lookup of __aeabi_memclr
[ 2026-02-18T10:59:04.673        0:  1334:  1334 E/zygisk-ptrace32 ] failed to find symbol __aeabi_memclr in /apex/com.android.runtime/lib/bionic/libm.so
[ 2026-02-18T10:59:04.673        0:  1334:  1334 E/zygisk-elfutil32 ] Cannot load symtabs: .symtab section or its string table not found/valid.
[ 2026-02-18T10:59:04.673        0:  1334:  1334 E/zygisk-elfutil32 ] Failed to load symtabs for linear lookup of __aeabi_memclr
[ 2026-02-18T10:59:04.673        0:  1334:  1334 E/zygisk-ptrace32 ] failed to find symbol __aeabi_memclr in /apex/com.android.runtime/lib/bionic/libdl.so
[ 2026-02-18T10:59:04.673        0:  1334:  1334 E/zygisk-elfutil32 ] Cannot load symtabs: .symtab section or its string table not found/valid.
[ 2026-02-18T10:59:04.673        0:  1334:  1334 E/zygisk-elfutil32 ] Failed to load symtabs for linear lookup of __aeabi_memclr4
[ 2026-02-18T10:59:04.673        0:  1334:  1334 E/zygisk-ptrace32 ] failed to find symbol __aeabi_memclr4 in /system/lib/liblog.so
[ 2026-02-18T10:59:04.674        0:  1334:  1334 E/zygisk-elfutil32 ] Cannot load symtabs: .symtab section or its string table not found/valid.
[ 2026-02-18T10:59:04.674        0:  1334:  1334 E/zygisk-elfutil32 ] Failed to load symtabs for linear lookup of __aeabi_memclr4
[ 2026-02-18T10:59:04.674        0:  1334:  1334 E/zygisk-ptrace32 ] failed to find symbol __aeabi_memclr4 in /apex/com.android.runtime/lib/bionic/libm.so
[ 2026-02-18T10:59:04.674        0:  1334:  1334 E/zygisk-elfutil32 ] Cannot load symtabs: .symtab section or its string table not found/valid.
[ 2026-02-18T10:59:04.674        0:  1334:  1334 E/zygisk-elfutil32 ] Failed to load symtabs for linear lookup of __aeabi_memclr4
[ 2026-02-18T10:59:04.674        0:  1334:  1334 E/zygisk-ptrace32 ] failed to find symbol __aeabi_memclr4 in /apex/com.android.runtime/lib/bionic/libdl.so
[ 2026-02-18T10:59:04.674        0:  1334:  1334 E/zygisk-elfutil32 ] Cannot load symtabs: .symtab section or its string table not found/valid.
[ 2026-02-18T10:59:04.674        0:  1334:  1334 E/zygisk-elfutil32 ] Failed to load symtabs for linear lookup of __aeabi_memclr8
[ 2026-02-18T10:59:04.674        0:  1334:  1334 E/zygisk-ptrace32 ] failed to find symbol __aeabi_memclr8 in /system/lib/liblog.so
[ 2026-02-18T10:59:04.675        0:  1334:  1334 E/zygisk-elfutil32 ] Cannot load symtabs: .symtab section or its string table not found/valid.
[ 2026-02-18T10:59:04.675        0:  1334:  1334 E/zygisk-elfutil32 ] Failed to load symtabs for linear lookup of __aeabi_memclr8
[ 2026-02-18T10:59:04.675        0:  1334:  1334 E/zygisk-ptrace32 ] failed to find symbol __aeabi_memclr8 in /apex/com.android.runtime/lib/bionic/libm.so
[ 2026-02-18T10:59:04.675        0:  1334:  1334 E/zygisk-elfutil32 ] Cannot load symtabs: .symtab section or its string table not found/valid.
[ 2026-02-18T10:59:04.675        0:  1334:  1334 E/zygisk-elfutil32 ] Failed to load symtabs for linear lookup of __aeabi_memclr8
[ 2026-02-18T10:59:04.675        0:  1334:  1334 E/zygisk-ptrace32 ] failed to find symbol __aeabi_memclr8 in /apex/com.android.runtime/lib/bionic/libdl.so
[ 2026-02-18T10:59:04.675        0:  1334:  1334 E/zygisk-elfutil32 ] Cannot load symtabs: .symtab section or its string table not found/valid.
[ 2026-02-18T10:59:04.675        0:  1334:  1334 E/zygisk-elfutil32 ] Failed to load symtabs for linear lookup of strlen
[ 2026-02-18T10:59:04.675        0:  1334:  1334 E/zygisk-ptrace32 ] failed to find symbol strlen in /system/lib/liblog.so
[ 2026-02-18T10:59:04.675        0:  1334:  1334 E/zygisk-elfutil32 ] Cannot load symtabs: .symtab section or its string table not found/valid.
[ 2026-02-18T10:59:04.675        0:  1334:  1334 E/zygisk-elfutil32 ] Failed to load symtabs for linear lookup of strlen
[ 2026-02-18T10:59:04.675        0:  1334:  1334 E/zygisk-ptrace32 ] failed to find symbol strlen in /apex/com.android.runtime/lib/bionic/libm.so
[ 2026-02-18T10:59:04.676        0:  1334:  1334 E/zygisk-elfutil32 ] Cannot load symtabs: .symtab section or its string table not found/valid.
[ 2026-02-18T10:59:04.676        0:  1334:  1334 E/zygisk-elfutil32 ] Failed to load symtabs for linear lookup of strlen
[ 2026-02-18T10:59:04.676        0:  1334:  1334 E/zygisk-ptrace32 ] failed to find symbol strlen in /apex/com.android.runtime/lib/bionic/libdl.so
[ 2026-02-18T10:59:04.676        0:  1334:  1334 E/zygisk-elfutil32 ] Cannot load symtabs: .symtab section or its string table not found/valid.
[ 2026-02-18T10:59:04.676        0:  1334:  1334 E/zygisk-elfutil32 ] Failed to load symtabs for linear lookup of __stack_chk_fail
[ 2026-02-18T10:59:04.676        0:  1334:  1334 E/zygisk-ptrace32 ] failed to find symbol __stack_chk_fail in /system/lib/liblog.so
[ 2026-02-18T10:59:04.676        0:  1334:  1334 E/zygisk-elfutil32 ] Cannot load symtabs: .symtab section or its string table not found/valid.
[ 2026-02-18T10:59:04.676        0:  1334:  1334 E/zygisk-elfutil32 ] Failed to load symtabs for linear lookup of __stack_chk_fail
[ 2026-02-18T10:59:04.676        0:  1334:  1334 E/zygisk-ptrace32 ] failed to find symbol __stack_chk_fail in /apex/com.android.runtime/lib/bionic/libm.so
[ 2026-02-18T10:59:04.676        0:  1334:  1334 E/zygisk-elfutil32 ] Cannot load symtabs: .symtab section or its string table not found/valid.
[ 2026-02-18T10:59:04.676        0:  1334:  1334 E/zygisk-elfutil32 ] Failed to load symtabs for linear lookup of __stack_chk_fail
[ 2026-02-18T10:59:04.676        0:  1334:  1334 E/zygisk-ptrace32 ] failed to find symbol __stack_chk_fail in /apex/com.android.runtime/lib/bionic/libdl.so
[ 2026-02-18T10:59:04.677        0:  1334:  1334 I/zygisk-ptrace32 ] remote mapped /data/adb/modules/rezygisk/lib/libzygisk.so at 0xed9ca000 (size 73728), entry 0xed9cce61
[ 2026-02-18T10:59:04.690        0:  1334:  1334 I/zygisk-ptrace32 ] process 1328 stopped by SIGCHLD, continue
[ 2026-02-18T10:59:04.695        0:  1085:  1085 I/zygisk-ptrace64 ] Received Zygote32 injected command
[ 2026-02-18T10:59:04.695        0:  1085:  1085 I/zygisk-ptrace64 ] status updated: Monitor: ✅, ReZygisk 64-bit: ✅, ReZygisk 32-bit: ✅
[ 2026-02-18T10:59:04.768        0:  1123:  1123 I/LSPosedService  ] service package is not started, wait 1s.
[ 2026-02-18T10:59:05.769        0:  1123:  1123 I/LSPosedService  ] service package is not started, wait 1s.
[ 2026-02-18T10:59:05.941        0:  2580:  2580 I/zygiskd64       ] Welcome to ReZygisk v1.0.0 Zygiskd64!
[ 2026-02-18T10:59:05.942        0:  2580:  2580 I/zygiskd-companion64 ] New companion entry.
 - Client fd: 12
[ 2026-02-18T10:59:05.942        0:  2580:  2580 I/zygiskd-companion64 ]  - Module name: "zygisk_lsposed"
[ 2026-02-18T10:59:05.942        0:  2580:  2580 I/zygiskd-companion64 ]  - Library fd: 6
[ 2026-02-18T10:59:05.943        0:  2580:  2580 I/zygiskd-companion64 ]  - Module entry found
[ 2026-02-18T10:59:05.943        0:  1329:  1329 I/zygiskd64       ]  - Spawned companion for "zygisk_lsposed": 11
[ 2026-02-18T10:59:05.943        0:  1329:  1329 I/zygiskd64       ]  - Sending companion fd socket of module "zygisk_lsposed"
[ 2026-02-18T10:59:05.944        0:  2580:  2580 I/zygiskd-companion64 ] New companion request.
 - Module name: zygisk_lsposed
 - Client fd: 6
[ 2026-02-18T10:59:05.944        0:  1123:  1248 I/LSPosedService  ] LSPSystemServerService: starting new bridge
[ 2026-02-18T10:59:06.770        0:  1123:  1123 I/LSPosedService  ] service package is not started, wait 1s.
[ 2026-02-18T10:59:07.770        0:  1123:  1123 I/LSPosedService  ] service package is not started, wait 1s.
[ 2026-02-18T10:59:08.392        0:  1123:  1254 W/libbinder.Binder ] Binder transaction to org.lsposed.lspd.service.ILSPApplicationService code 1 took 1733ms. Data bytes: 112 Reply bytes: 11432 Flags: 18
[ 2026-02-18T10:59:08.430     1000:  2573:  2573 W/LSPosed-Bridge  ] XSmsCode: SystemInputInjectorHook: hooked ActivityThread.systemMain in zygote
[ 2026-02-18T10:59:08.430     1000:  2573:  2573 I/LSPosed-Bridge  ] XSmsCode: hooked ActivityThread.systemMain in zygote
[ 2026-02-18T10:59:08.771        0:  1123:  1123 I/LSPosedService  ] service package is not started, wait 1s.
[ 2026-02-18T10:59:09.586        0:  1123:  1254 W/libbinder.Binder ] Binder transaction to org.lsposed.lspd.service.ILSPApplicationService code 2 took 1017ms. Data bytes: 112 Reply bytes: 2308 Flags: 18
[ 2026-02-18T10:59:09.602     1000:  2573:  2573 I/LSPosed-Bridge  ] DisableAltTab: AltTabHook success!
[ 2026-02-18T10:59:09.602     1000:  2573:  2573 W/LSPosed-Bridge  ] XSmsCode: HookEntry: Android/system package loaded: pkg=android process=android
[ 2026-02-18T10:59:09.603     1000:  2573:  2573 E/LSPosed-Bridge  ] XSmsCode: Failed to hook PermissionManagerService
TInB.c.FkIe.o.fF.sFGLQ.XposedHelpers$ClassNotFoundError: java.lang.ClassNotFoundException: com$android$server$pm$permission$PermissionManagerServiceImpl
	at TInB.c.FkIe.o.fF.sFGLQ.XposedHelpers.findClass(r8-map-id-1b503ce2d1eb437266e175dc68a023819023d9852a09899d29d782d634f0016f:13)
	at com.tianma.xsmscode.xp.hook.permission.PermissionManagerServiceHook34.findTargetMethod(r8-map-id-3f2985a160f9eb093eae883a8789273a9b86b1e97e6538b3cb9c0ba4c892de23:5)
	at com.tianma.xsmscode.xp.hook.permission.PermissionManagerServiceHook34.hookGrantPermissions(r8-map-id-3f2985a160f9eb093eae883a8789273a9b86b1e97e6538b3cb9c0ba4c892de23:14)
	at com.tianma.xsmscode.xp.hook.permission.PermissionManagerServiceHook34.startHook(r8-map-id-3f2985a160f9eb093eae883a8789273a9b86b1e97e6538b3cb9c0ba4c892de23:1)
	at com.tianma.xsmscode.xp.hook.permission.PermissionGranterHook.onLoadPackage(r8-map-id-3f2985a160f9eb093eae883a8789273a9b86b1e97e6538b3cb9c0ba4c892de23:38)
	at com.tianma.xsmscode.xp.HookEntry.handleLoadPackage(r8-map-id-3f2985a160f9eb093eae883a8789273a9b86b1e97e6538b3cb9c0ba4c892de23:104)
	at TInB.c.FkIe.o.fF.sFGLQ.IXposedHookLoadPackage$Wrapper.handleLoadPackage(r8-map-id-1b503ce2d1eb437266e175dc68a023819023d9852a09899d29d782d634f0016f:3)
	at TInB.c.FkIe.o.fF.sFGLQ.callbacks.XC_LoadPackage.call(r8-map-id-1b503ce2d1eb437266e175dc68a023819023d9852a09899d29d782d634f0016f:7)
	at TInB.c.FkIe.o.fF.sFGLQ.callbacks.XCallback.callAll(r8-map-id-1b503ce2d1eb437266e175dc68a023819023d9852a09899d29d782d634f0016f:27)
	at f2.before(r8-map-id-1b503ce2d1eb437266e175dc68a023819023d9852a09899d29d782d634f0016f:68)
	at java.lang.reflect.Method.invoke(Native Method)
	at j0.callback(r8-map-id-1b503ce2d1eb437266e175dc68a023819023d9852a09899d29d782d634f0016f:108)
	at LSPHooker_.startBootstrapServices(LSP)
	at com.android.server.SystemServer.run(SystemServer.java:1044)
	at com.android.server.SystemServer.main(SystemServer.java:724)
	at java.lang.reflect.Method.invoke(Native Method)
	at com.android.internal.os.RuntimeInit$MethodAndArgsCaller.run(RuntimeInit.java:569)
	at com.android.internal.os.ZygoteInit.main(ZygoteInit.java:907)
Caused by: java.lang.ClassNotFoundException: com$android$server$pm$permission$PermissionManagerServiceImpl
	at r.a(r8-map-id-1b503ce2d1eb437266e175dc68a023819023d9852a09899d29d782d634f0016f:66)
	at TInB.c.FkIe.o.fF.sFGLQ.XposedHelpers.findClass(r8-map-id-1b503ce2d1eb437266e175dc68a023819023d9852a09899d29d782d634f0016f:5)
	... 17 more
[ 2026-02-18T10:59:09.624     1000:  2573:  2573 I/LSPosed-Bridge  ] [HMA-OSS] [ INFO] 02-18 10:59:09 (HMA-XposedEntry) Hook entry
[ 2026-02-18T10:59:09.650     1000:  2573:  2573 I/LSPosed-Bridge  ] [XAudioCapture]: Hook Computer Engine!
[ 2026-02-18T10:59:09.771        0:  1123:  1123 I/LSPosedService  ] service package is not started, wait 1s.
[ 2026-02-18T10:59:10.771        0:  1123:  1123 I/LSPosedService  ] service package is not started, wait 1s.
[ 2026-02-18T10:59:11.772        0:  1123:  1123 I/LSPosedService  ] service package is not started, wait 1s.
[ 2026-02-18T10:59:12.372     1000:  2573:  2573 I/LSPosed-Bridge  ] [HMA-OSS] [DEBUG] 02-18 10:59:12 (HMA-XposedEntry) Got pms: com.android.server.pm.PackageManagerService$IPackageManagerImpl@a47177a, com.android.server.pm.PackageManagerNative@bc85b2b
[ 2026-02-18T10:59:12.373     1000:  2573:  3111 I/LSPosed-Bridge  ] [HMA-OSS] [ INFO] 02-18 10:59:12 (HMA-UserService) Initialize HMAService - Version oss-157
[ 2026-02-18T10:59:12.379     1000:  2573:  3111 I/LSPosed-Bridge  ] [HMA-OSS] [ INFO] 02-18 10:59:12 (HMA-Service) Data dir: /data/misc/hide_my_applist_ihipqqtjhsuxtuqg
[ 2026-02-18T10:59:12.387     1000:  2573:  3112 I/LSPosed-Bridge  ] [HMA-OSS] [ INFO] 02-18 10:59:12 (HMA-Service) Filter counts loaded
[ 2026-02-18T10:59:12.402     1000:  2573:  3112 I/LSPosed-Bridge  ] [HMA-OSS] [ INFO] 02-18 10:59:12 (HMA-Service) Config loaded
[ 2026-02-18T10:59:12.404     1000:  2573:  3112 I/LSPosed-Bridge  ] [HMA-OSS] [ INFO] 02-18 10:59:12 (HMA-Service) Preset cache loaded
[ 2026-02-18T10:59:12.436     1000:  2573:  3112 I/LSPosed-Bridge  ] [HMA-OSS] [ INFO] 02-18 10:59:12 (PmsHookTarget34) Load hook
[ 2026-02-18T10:59:12.442     1000:  2573:  3112 I/LSPosed-Bridge  ] [HMA-OSS] [ INFO] 02-18 10:59:12 (PlatformCompatHook) Load hook
[ 2026-02-18T10:59:12.442     1000:  2573:  3112 I/LSPosed-Bridge  ] [HMA-OSS] [ INFO] 02-18 10:59:12 (PlatformCompatHook) App data isolation enabled: true
[ 2026-02-18T10:59:12.443     1000:  2573:  3112 I/LSPosed-Bridge  ] [HMA-OSS] [ INFO] 02-18 10:59:12 (ActivityHook) Load hook
[ 2026-02-18T10:59:12.445     1000:  2573:  3112 I/LSPosed-Bridge  ] [HMA-OSS] [ INFO] 02-18 10:59:12 (AccessibilityHook) Load hook
[ 2026-02-18T10:59:12.449     1000:  2573:  3112 I/LSPosed-Bridge  ] [HMA-OSS] [ INFO] 02-18 10:59:12 (ImmHook) Load hook
[ 2026-02-18T10:59:12.455     1000:  2573:  3112 I/LSPosed-Bridge  ] [HMA-OSS] [ INFO] 02-18 10:59:12 (HMA-Service) Hooks installed
[ 2026-02-18T10:59:12.455     1000:  2573:  3112 I/LSPosed-Bridge  ] [HMA-OSS] [ INFO] 02-18 10:59:12 (HMA-Service) HMA service initialized
[ 2026-02-18T10:59:12.456     1000:  2573:  3112 I/LSPosed-Bridge  ] [HMA-OSS] [ INFO] 02-18 10:59:12 (HMA-UserService) Registered observer
[ 2026-02-18T10:59:12.456     1000:  2573:  3112 I/LSPosed-Bridge  ] [HMA-OSS] [ INFO] 02-18 10:59:12 (HMA-XposedEntry) User service started
[ 2026-02-18T10:59:12.463     1000:  2573:  3112 I/LSPosed-Bridge  ] [HMA-OSS] [ INFO] 02-18 10:59:12 (HMA-Service) All presets are loaded
[ 2026-02-18T10:59:12.896        0:  1123:  1123 I/LSPosed         ] mount dex2oat /apex/com.android.art/bin/dex2oat64
[ 2026-02-18T10:59:12.896        0:  1123:  1123 I/LSPosed         ] mount dex2oat /apex/com.android.art/bin/dex2oat32
[ 2026-02-18T10:59:12.903     1000:  2573:  3114 I/LSPosedBridge   ] binder received
[ 2026-02-18T10:59:12.904        0:  1123:  1123 I/LSPosedService  ] sent service to bridge
[ 2026-02-18T10:59:15.000        0:  3397:  3397 I/zygiskd64       ] [KSU] Unmounting root
[ 2026-02-18T10:59:15.184        0:  3423:  3423 I/zygiskd32       ] [KSU] Unmounting root
[ 2026-02-18T10:59:16.647     1000:  2573:  2573 W/LSPosed-Bridge  ] XSmsCode: SystemInputInjectorReceiver registered
[ 2026-02-18T10:59:16.647     1000:  2573:  2573 I/LSPosed-Bridge  ] XSmsCode: SystemInputInjectorReceiver registered
[ 2026-02-18T10:59:16.829     1000:  2573:  2573 I/LSPosed-Bridge  ] [DoNotTryAccessibility][W] Already Hooked Member [public long com.android.server.accessibility.AccessibilityManagerService.addClient(android.view.accessibility.IAccessibilityManagerClient,int)], this will be ignored
[ 2026-02-18T10:59:16.840     1000:  2573:  2573 I/LSPosed-Bridge  ] [DoNotTryAccessibility][W] Already Hooked Member [public java.util.List com.android.server.accessibility.AccessibilityManagerService.getEnabledAccessibilityServiceList(int,int)], this will be ignored
[ 2026-02-18T10:59:16.848     1000:  2573:  2573 I/LSPosed-Bridge  ] [DoNotTryAccessibility][W] Already Hooked Member [public android.os.Bundle android.content.ContentProvider$Transport.call(android.content.AttributionSource,java.lang.String,java.lang.String,java.lang.String,android.os.Bundle)], this will be ignored
[ 2026-02-18T10:59:17.765        0:  1123:  2969 I/LSPosedService  ] manager is not installed
[ 2026-02-18T10:59:17.765        0:  1123:  2969 W/libbinder.Binder ] Binder transaction to org.lsposed.lspd.service.ILSPosedService code 1 took 2750ms. Data bytes: 184 Reply bytes: 32 Flags: 18
[ 2026-02-18T10:59:17.767        0:  1123:  1237 I/LSPosedService  ] manager is not installed
[ 2026-02-18T10:59:17.767        0:  1123:  1237 W/libbinder.Binder ] Binder transaction to org.lsposed.lspd.service.ILSPosedService code 1 took 1409ms. Data bytes: 208 Reply bytes: 32 Flags: 18
[ 2026-02-18T10:59:17.767        0:  1123:  1242 I/LSPosedService  ] manager is not installed
[ 2026-02-18T10:59:17.767        0:  1123:  1242 W/libbinder.Binder ] Binder transaction to org.lsposed.lspd.service.ILSPosedService code 1 took 1237ms. Data bytes: 176 Reply bytes: 32 Flags: 18
[ 2026-02-18T10:59:17.767        0:  1123:  1242 E/libbinder.IPCThreadState ] binder thread pool (15 threads) starved for 916 ms
[ 2026-02-18T10:59:17.767        0:  1123:  5250 I/LSPosedService  ] manager is not installed
[ 2026-02-18T10:59:17.767        0:  1123:  5250 W/libbinder.Binder ] Binder transaction to org.lsposed.lspd.service.ILSPosedService code 1 took 1062ms. Data bytes: 208 Reply bytes: 32 Flags: 18
[ 2026-02-18T10:59:17.772        0:  1123:  5277 I/LSPosedService  ] manager is not installed
[ 2026-02-18T10:59:17.772        0:  1123:  5277 W/libbinder.Binder ] Binder transaction to org.lsposed.lspd.service.ILSPosedService code 1 took 1027ms. Data bytes: 180 Reply bytes: 32 Flags: 18
[ 2026-02-18T10:59:17.772        0:  1123:  5295 I/LSPosedService  ] manager is not installed
[ 2026-02-18T10:59:17.772        0:  1123:  5295 W/libbinder.Binder ] Binder transaction to org.lsposed.lspd.service.ILSPosedService code 1 took 1004ms. Data bytes: 176 Reply bytes: 32 Flags: 18
[ 2026-02-18T10:59:17.772        0:  1123:  5307 I/LSPosedService  ] manager is not installed
[ 2026-02-18T10:59:17.773        0:  1123:  5334 I/LSPosedService  ] manager is not installed
[ 2026-02-18T10:59:17.774        0:  1123:  1254 I/LSPosedService  ] manager is not installed
[ 2026-02-18T10:59:17.774        0:  1123:  1254 W/libbinder.Binder ] Binder transaction to android.app.IUidObserver code 2 took 2562ms. Data bytes: 72 Reply bytes: 0 Flags: 17
[ 2026-02-18T10:59:17.774        0:  1123:  1238 I/LSPosedService  ] manager is not installed
[ 2026-02-18T10:59:17.774        0:  1123:  1238 W/libbinder.Binder ] Binder transaction to org.lsposed.lspd.service.ILSPosedService code 1 took 1383ms. Data bytes: 184 Reply bytes: 32 Flags: 18
[ 2026-02-18T10:59:17.775        0:  1123:  5278 I/LSPosedService  ] manager is not installed
[ 2026-02-18T10:59:17.775        0:  1123:  5278 W/libbinder.Binder ] Binder transaction to org.lsposed.lspd.service.ILSPosedService code 1 took 1054ms. Data bytes: 172 Reply bytes: 32 Flags: 18
[ 2026-02-18T10:59:17.775        0:  1123:  5308 I/LSPosedService  ] manager is not installed
[ 2026-02-18T10:59:17.775        0:  1123:  5349 I/LSPosedService  ] manager is not installed
[ 2026-02-18T10:59:17.775        0:  1123:  5251 I/LSPosedService  ] manager is not installed
[ 2026-02-18T10:59:17.775        0:  1123:  5251 W/libbinder.Binder ] Binder transaction to org.lsposed.lspd.service.ILSPosedService code 1 took 1086ms. Data bytes: 168 Reply bytes: 32 Flags: 18
[ 2026-02-18T10:59:17.775        0:  1123:  5336 I/LSPosedService  ] manager is not installed
[ 2026-02-18T10:59:17.782        0:  1123:  5296 I/LSPosedService  ] manager is not installed
[ 2026-02-18T10:59:17.782        0:  1123:  5296 W/libbinder.Binder ] Binder transaction to org.lsposed.lspd.service.ILSPosedService code 1 took 1015ms. Data bytes: 172 Reply bytes: 32 Flags: 18
[ 2026-02-18T10:59:17.973     1001:  5297:  5297 W/LSPosed-Bridge  ] XSmsCode: SystemInputInjectorHook: hooked ActivityThread.systemMain in zygote
[ 2026-02-18T10:59:17.973     1001:  5297:  5297 I/LSPosed-Bridge  ] XSmsCode: hooked ActivityThread.systemMain in zygote
[ 2026-02-18T10:59:18.076     1001:  5297:  5297 I/LSPosed-Bridge  ] XSmsCode: SmsCode initializing
[ 2026-02-18T10:59:18.076     1001:  5297:  5297 I/LSPosed-Bridge  ] XSmsCode: Phone manufacturer: OnePlus
[ 2026-02-18T10:59:18.076     1001:  5297:  5297 I/LSPosed-Bridge  ] XSmsCode: Phone model: LE2127
[ 2026-02-18T10:59:18.076     1001:  5297:  5297 I/LSPosed-Bridge  ] XSmsCode: Android version: 16
[ 2026-02-18T10:59:18.076     1001:  5297:  5297 I/LSPosed-Bridge  ] XSmsCode: Xposed bridge version: 100
[ 2026-02-18T10:59:18.076     1001:  5297:  5297 I/LSPosed-Bridge  ] XSmsCode: SmsCode version: 3.1.1 (81)
[ 2026-02-18T10:59:18.076     1001:  5297:  5297 I/LSPosed-Bridge  ] XSmsCode: Hooking InboundSmsHandler constructor for android v34+
[ 2026-02-18T10:59:18.079     1001:  5297:  5297 I/LSPosed-Bridge  ] XSmsCode: SmsCode initialize completely
[ 2026-02-18T10:59:18.094    10437:  5309:  5309 I/LSPosedContext  ] com.keshav.capturesposed: [CaptureSposed] Hooking System UI to add and reveal quick settings tile.
[ 2026-02-18T10:59:21.037        0:  1123:  1227 I/lspd            ] Background young concurrent mark compact GC freed 26MB AllocSpace bytes, 60(4804KB) LOS objects, 46% free, 14MB/27MB, paused 15.783ms,2.169ms total 164.405ms
[ 2026-02-18T10:59:21.502        0:  1123:  1227 I/lspd            ] Background young concurrent mark compact GC freed 19MB AllocSpace bytes, 157(15MB) LOS objects, 0% free, 45MB/45MB, paused 433us,6.022ms total 289.516ms
[ 2026-02-18T10:59:21.689        0:  1123:  1227 I/lspd            ] Background concurrent mark compact GC freed 24MB AllocSpace bytes, 166(19MB) LOS objects, 75% free, 22MB/90MB, paused 3.446ms,3.230ms total 186.292ms
[ 2026-02-18T10:59:22.081        0:  1123:  1227 I/lspd            ] Background young concurrent mark compact GC freed 32MB AllocSpace bytes, 209(25MB) LOS objects, 64% free, 32MB/90MB, paused 10.850ms,2.459ms total 209.240ms
[ 2026-02-18T10:59:33.273     1000:  2573:  3112 I/LSPosed-Bridge  ] [HMA-OSS] [ INFO] 02-18 10:59:33 (PmsHookTarget34) @shouldFilterApplication: query from com.google.android.inputmethod.latin
[ 2026-02-18T10:59:33.362     1000:  2573:  3112 I/LSPosed-Bridge  ] [HMA-OSS] [ INFO] 02-18 10:59:33 (PmsHookTarget34) @shouldFilterApplication: query from com.google.android.as
[ 2026-02-18T10:59:33.524     1000:  2573:  3112 I/LSPosed-Bridge  ] [HMA-OSS] [ INFO] 02-18 10:59:33 (PmsHookTarget34) @shouldFilterApplication: query from com.google.android.gms
[ 2026-02-18T10:59:33.548     1000:  2573:  3112 I/LSPosed-Bridge  ] [HMA-OSS] [ INFO] 02-18 10:59:33 (PmsHookTarget34) @shouldFilterApplication: query from com.google.android.as
[ 2026-02-18T10:59:33.557     1000:  2573:  3112 I/LSPosed-Bridge  ] [HMA-OSS] [ INFO] 02-18 10:59:33 (PmsHookTarget34) @shouldFilterApplication: query from com.google.android.gms
[ 2026-02-18T10:59:33.566     1000:  2573:  3112 I/LSPosed-Bridge  ] [HMA-OSS] [ INFO] 02-18 10:59:33 (PmsHookTarget34) @shouldFilterApplication: query from com.google.android.as
[ 2026-02-18T10:59:33.589     1000:  2573:  3112 I/LSPosed-Bridge  ] [HMA-OSS] [ INFO] 02-18 10:59:33 (PmsHookTarget34) @shouldFilterApplication: query from com.google.android.gms
[ 2026-02-18T10:59:33.601     1000:  2573:  3112 I/LSPosed-Bridge  ] [HMA-OSS] [ INFO] 02-18 10:59:33 (PmsHookTarget34) @shouldFilterApplication: query from com.google.android.as
[ 2026-02-18T10:59:33.604     1000:  2573:  3112 I/LSPosed-Bridge  ] [HMA-OSS] [ INFO] 02-18 10:59:33 (PmsHookTarget34) @shouldFilterApplication: query from com.google.android.gms
[ 2026-02-18T10:59:33.614     1000:  2573:  3112 I/LSPosed-Bridge  ] [HMA-OSS] [ INFO] 02-18 10:59:33 (PmsHookTarget34) @shouldFilterApplication: query from com.google.android.as
[ 2026-02-18T10:59:33.616     1000:  2573:  3112 I/LSPosed-Bridge  ] [HMA-OSS] [ INFO] 02-18 10:59:33 (PmsHookTarget34) @shouldFilterApplication: query from com.google.android.gms
[ 2026-02-18T10:59:33.620     1000:  2573:  3112 I/LSPosed-Bridge  ] [HMA-OSS] [ INFO] 02-18 10:59:33 (PmsHookTarget34) @shouldFilterApplication: query from com.google.android.as
[ 2026-02-18T10:59:33.629     1000:  2573:  3112 I/LSPosed-Bridge  ] [HMA-OSS] [ INFO] 02-18 10:59:33 (PmsHookTarget34) @shouldFilterApplication: query from com.google.android.gms
[ 2026-02-18T10:59:33.632     1000:  2573:  3112 I/LSPosed-Bridge  ] [HMA-OSS] [ INFO] 02-18 10:59:33 (PmsHookTarget34) @shouldFilterApplication: query from com.google.android.as
[ 2026-02-18T10:59:33.656     1000:  2573:  3112 I/LSPosed-Bridge  ] [HMA-OSS] [ INFO] 02-18 10:59:33 (PmsHookTarget34) @shouldFilterApplication: query from com.google.android.as
[ 2026-02-18T10:59:33.660     1000:  2573:  3112 I/LSPosed-Bridge  ] [HMA-OSS] [ INFO] 02-18 10:59:33 (PmsHookTarget34) @shouldFilterApplication: query from com.google.android.gms
[ 2026-02-18T10:59:33.676     1000:  2573:  3112 I/LSPosed-Bridge  ] [HMA-OSS] [ INFO] 02-18 10:59:33 (PmsHookTarget34) @shouldFilterApplication: query from com.google.android.gms
[ 2026-02-18T10:59:33.687     1000:  2573:  3112 I/LSPosed-Bridge  ] [HMA-OSS] [ INFO] 02-18 10:59:33 (PmsHookTarget34) @shouldFilterApplication: query from com.google.android.as
[ 2026-02-18T10:59:33.696     1000:  2573:  3112 I/LSPosed-Bridge  ] [HMA-OSS] [ INFO] 02-18 10:59:33 (PmsHookTarget34) @shouldFilterApplication: query from com.google.android.gms
[ 2026-02-18T10:59:33.699     1000:  2573:  3112 I/LSPosed-Bridge  ] [HMA-OSS] [ INFO] 02-18 10:59:33 (PmsHookTarget34) @shouldFilterApplication: query from com.google.android.as
[ 2026-02-18T10:59:33.715     1000:  2573:  3112 I/LSPosed-Bridge  ] [HMA-OSS] [ INFO] 02-18 10:59:33 (PmsHookTarget34) @shouldFilterApplication: query from com.google.android.gms
[ 2026-02-18T10:59:33.716     1000:  2573:  3112 I/LSPosed-Bridge  ] [HMA-OSS] [ INFO] 02-18 10:59:33 (PmsHookTarget34) @shouldFilterApplication: query from com.google.android.as
[ 2026-02-18T10:59:33.721     1000:  2573:  3112 I/LSPosed-Bridge  ] [HMA-OSS] [ INFO] 02-18 10:59:33 (PmsHookTarget34) @shouldFilterApplication: query from com.google.android.gms
[ 2026-02-18T10:59:33.724     1000:  2573:  3112 I/LSPosed-Bridge  ] [HMA-OSS] [ INFO] 02-18 10:59:33 (PmsHookTarget34) @shouldFilterApplication: query from com.google.android.as
[ 2026-02-18T10:59:33.730     1000:  2573:  3112 I/LSPosed-Bridge  ] [HMA-OSS] [ INFO] 02-18 10:59:33 (PmsHookTarget34) @shouldFilterApplication: query from com.google.android.gms
[ 2026-02-18T10:59:33.730     1000:  2573:  3112 I/LSPosed-Bridge  ] [HMA-OSS] [ INFO] 02-18 10:59:33 (PmsHookTarget34) @shouldFilterApplication: query from com.google.android.as
[ 2026-02-18T10:59:33.730     1000:  2573:  3112 I/LSPosed-Bridge  ] [HMA-OSS] [ INFO] 02-18 10:59:33 (PmsHookTarget34) @shouldFilterApplication: query from com.google.android.as
[ 2026-02-18T10:59:33.730     1000:  2573:  3112 I/LSPosed-Bridge  ] [HMA-OSS] [ INFO] 02-18 10:59:33 (PmsHookTarget34) @shouldFilterApplication: query from com.google.android.gms
[ 2026-02-18T10:59:33.730     1000:  2573:  3112 I/LSPosed-Bridge  ] [HMA-OSS] [ INFO] 02-18 10:59:33 (PmsHookTarget34) @shouldFilterApplication: query from com.google.android.gms
[ 2026-02-18T10:59:33.740     1000:  2573:  3112 I/LSPosed-Bridge  ] [HMA-OSS] [ INFO] 02-18 10:59:33 (PmsHookTarget34) @shouldFilterApplication: query from com.google.android.as
[ 2026-02-18T10:59:33.741     1000:  2573:  3112 I/LSPosed-Bridge  ] [HMA-OSS] [ INFO] 02-18 10:59:33 (PmsHookTarget34) @shouldFilterApplication: query from com.google.android.gms
[ 2026-02-18T10:59:33.743     1000:  2573:  3112 I/LSPosed-Bridge  ] [HMA-OSS] [ INFO] 02-18 10:59:33 (PmsHookTarget34) @shouldFilterApplication: query from com.google.android.as
[ 2026-02-18T10:59:33.750     1000:  2573:  3112 I/LSPosed-Bridge  ] [HMA-OSS] [ INFO] 02-18 10:59:33 (PmsHookTarget34) @shouldFilterApplication: query from com.google.android.gms
[ 2026-02-18T10:59:33.752     1000:  2573:  3112 I/LSPosed-Bridge  ] [HMA-OSS] [ INFO] 02-18 10:59:33 (PmsHookTarget34) @shouldFilterApplication: query from com.google.android.as
[ 2026-02-18T10:59:33.762     1000:  2573:  3112 I/LSPosed-Bridge  ] [HMA-OSS] [ INFO] 02-18 10:59:33 (PmsHookTarget34) @shouldFilterApplication: query from com.google.android.gms
[ 2026-02-18T10:59:33.778     1000:  2573:  3112 I/LSPosed-Bridge  ] [HMA-OSS] [ INFO] 02-18 10:59:33 (PmsHookTarget34) @shouldFilterApplication: query from com.google.android.as
[ 2026-02-18T10:59:33.779     1000:  2573:  3112 I/LSPosed-Bridge  ] [HMA-OSS] [ INFO] 02-18 10:59:33 (PmsHookTarget34) @shouldFilterApplication: query from com.google.android.gms
[ 2026-02-18T10:59:33.780     1000:  2573:  3112 I/LSPosed-Bridge  ] [HMA-OSS] [ INFO] 02-18 10:59:33 (PmsHookTarget34) @shouldFilterApplication: query from com.google.android.as
[ 2026-02-18T10:59:33.789     1000:  2573:  3112 I/LSPosed-Bridge  ] [HMA-OSS] [ INFO] 02-18 10:59:33 (PmsHookTarget34) @shouldFilterApplication: query from com.google.android.gms
[ 2026-02-18T10:59:33.792     1000:  2573:  3112 I/LSPosed-Bridge  ] [HMA-OSS] [ INFO] 02-18 10:59:33 (PmsHookTarget34) @shouldFilterApplication: query from com.google.android.as
[ 2026-02-18T10:59:33.793     1000:  2573:  3112 I/LSPosed-Bridge  ] [HMA-OSS] [ INFO] 02-18 10:59:33 (PmsHookTarget34) @shouldFilterApplication: query from com.google.android.gms
[ 2026-02-18T10:59:33.800     1000:  2573:  3112 I/LSPosed-Bridge  ] [HMA-OSS] [ INFO] 02-18 10:59:33 (PmsHookTarget34) @shouldFilterApplication: query from com.google.android.as
[ 2026-02-18T10:59:33.801     1000:  2573:  3112 I/LSPosed-Bridge  ] [HMA-OSS] [ INFO] 02-18 10:59:33 (PmsHookTarget34) @shouldFilterApplication: query from com.google.android.gms
[ 2026-02-18T10:59:33.803     1000:  2573:  3112 I/LSPosed-Bridge  ] [HMA-OSS] [ INFO] 02-18 10:59:33 (PmsHookTarget34) @shouldFilterApplication: query from com.google.android.as
[ 2026-02-18T10:59:33.806     1000:  2573:  3112 I/LSPosed-Bridge  ] [HMA-OSS] [ INFO] 02-18 10:59:33 (PmsHookTarget34) @shouldFilterApplication: query from com.google.android.as
[ 2026-02-18T10:59:33.806     1000:  2573:  3112 I/LSPosed-Bridge  ] [HMA-OSS] [ INFO] 02-18 10:59:33 (PmsHookTarget34) @shouldFilterApplication: query from com.google.android.gms
[ 2026-02-18T10:59:33.811     1000:  2573:  3112 I/LSPosed-Bridge  ] [HMA-OSS] [ INFO] 02-18 10:59:33 (PmsHookTarget34) @shouldFilterApplication: query from com.google.android.gms
[ 2026-02-18T10:59:33.812     1000:  2573:  3112 I/LSPosed-Bridge  ] [HMA-OSS] [ INFO] 02-18 10:59:33 (PmsHookTarget34) @shouldFilterApplication: query from com.google.android.as
[ 2026-02-18T10:59:33.813     1000:  2573:  3112 I/LSPosed-Bridge  ] [HMA-OSS] [ INFO] 02-18 10:59:33 (PmsHookTarget34) @shouldFilterApplication: query from com.google.android.gms
[ 2026-02-18T10:59:33.814     1000:  2573:  3112 I/LSPosed-Bridge  ] [HMA-OSS] [ INFO] 02-18 10:59:33 (PmsHookTarget34) @shouldFilterApplication: query from com.google.android.as
[ 2026-02-18T10:59:33.819     1000:  2573:  3112 I/LSPosed-Bridge  ] [HMA-OSS] [ INFO] 02-18 10:59:33 (PmsHookTarget34) @shouldFilterApplication: query from com.google.android.gms
[ 2026-02-18T10:59:37.167        0:  8910:  8910 I/zygiskd64       ] Welcome to ReZygisk v1.0.0 Zygiskd64!
[ 2026-02-18T10:59:37.168        0:  8910:  8910 I/zygiskd-companion64 ] New companion entry.
 - Client fd: 16
[ 2026-02-18T10:59:37.168        0:  8910:  8910 I/zygiskd-companion64 ]  - Module name: "playintegrityfix"
[ 2026-02-18T10:59:37.168        0:  8910:  8910 I/zygiskd-companion64 ]  - Library fd: 6
[ 2026-02-18T10:59:37.168        0:  8910:  8910 I/zygiskd-companion64 ]  - Module entry found
[ 2026-02-18T10:59:37.168        0:  1329:  1329 I/zygiskd64       ]  - Spawned companion for "playintegrityfix": 13
[ 2026-02-18T10:59:37.168        0:  1329:  1329 I/zygiskd64       ]  - Sending companion fd socket of module "playintegrityfix"
[ 2026-02-18T10:59:37.168        0:  8910:  8910 I/zygiskd-companion64 ] New companion request.
 - Module name: playintegrityfix
 - Client fd: 6
[ 2026-02-18T10:59:37.170        0:  8910:  8912 I/zygiskd-companion64 ]  - Client fd changed after module entry
[ 2026-02-18T10:59:37.354     1000:  2573:  3112 I/LSPosed-Bridge  ] [HMA-OSS] [ INFO] 02-18 10:59:37 (PmsHookTarget34) @shouldFilterApplication: query from com.google.android.apps.wellbeing
[ 2026-02-18T10:59:38.462     1000:  2573:  3112 I/LSPosed-Bridge  ] [HMA-OSS] [ INFO] 02-18 10:59:38 (PmsHookTarget34) @shouldFilterApplication: query from com.google.android.googlequicksearchbox
[ 2026-02-18T10:59:38.735     1000:  2573:  3112 I/LSPosed-Bridge  ] [HMA-OSS] [ INFO] 02-18 10:59:38 (PmsHookTarget34) @shouldFilterApplication: query from com.google.android.as
[ 2026-02-18T10:59:39.325     1000:  2573:  3112 I/LSPosed-Bridge  ] [HMA-OSS] [ INFO] 02-18 10:59:39 (PmsHookTarget34) @shouldFilterApplication: query from com.android.vending
[ 2026-02-18T10:59:42.943     1000:  2573:  3112 I/LSPosed-Bridge  ] [HMA-OSS] [ INFO] 02-18 10:59:42 (PmsHookTarget34) @shouldFilterApplication: query from com.google.android.gms
[ 2026-02-18T10:59:47.944     1000:  2573:  3112 I/LSPosed-Bridge  ] [HMA-OSS] [ INFO] 02-18 10:59:47 (PmsHookTarget34) @shouldFilterApplication: query from com.google.android.apps.wellbeing
[ 2026-02-18T10:59:49.670        0:  1329:  1329 I/zygiskd64       ]  - Sending companion fd socket of module "playintegrityfix"
[ 2026-02-18T10:59:49.670        0:  8910:  8910 I/zygiskd-companion64 ] New companion request.
 - Module name: playintegrityfix
 - Client fd: 6
[ 2026-02-18T10:59:49.736        0:  8910: 11421 I/zygiskd-companion64 ]  - Client fd changed after module entry
[ 2026-02-18T10:59:51.839        0:  1329:  1329 I/zygiskd64       ]  - Sending companion fd socket of module "playintegrityfix"
[ 2026-02-18T10:59:51.839        0:  8910:  8910 I/zygiskd-companion64 ] New companion request.
 - Module name: playintegrityfix
 - Client fd: 6
[ 2026-02-18T10:59:51.843        0:  8910: 11638 I/zygiskd-companion64 ]  - Client fd changed after module entry
[ 2026-02-18T10:59:52.306     1000:  2573:  3112 I/LSPosed-Bridge  ] [HMA-OSS] [ INFO] 02-18 10:59:52 (PmsHookTarget34) @shouldFilterApplication: query from com.android.vending
[ 2026-02-18T10:59:54.811        0:  1329:  1329 I/zygiskd64       ]  - Sending companion fd socket of module "playintegrityfix"
[ 2026-02-18T10:59:54.811        0:  8910:  8910 I/zygiskd-companion64 ] New companion request.
 - Module name: playintegrityfix
 - Client fd: 6
[ 2026-02-18T10:59:54.818        0:  8910: 11982 I/zygiskd-companion64 ]  - Client fd changed after module entry
[ 2026-02-18T10:59:58.515     1000:  2573:  3112 I/LSPosed-Bridge  ] [HMA-OSS] [ INFO] 02-18 10:59:58 (PmsHookTarget34) @shouldFilterApplication: query from com.google.android.apps.photos
[ 2026-02-18T11:00:05.736     1000:  2573:  3112 I/LSPosed-Bridge  ] [HMA-OSS] [ INFO] 02-18 11:00:05 (PmsHookTarget34) @shouldFilterApplication: query from tv.twitch.android.app
[ 2026-02-18T11:00:08.775     1000:  2573:  3112 I/LSPosed-Bridge  ] [HMA-OSS] [ INFO] 02-18 11:00:08 (PmsHookTarget34) @shouldFilterApplication: query from com.google.android.apps.turbo
[ 2026-02-18T11:00:18.341     1000:  2573:  3112 I/LSPosed-Bridge  ] [HMA-OSS] [ INFO] 02-18 11:00:18 (PmsHookTarget34) @shouldFilterApplication: query from com.garanti.cepsubesi
[ 2026-02-18T11:00:24.523     1000:  2573:  3112 I/LSPosed-Bridge  ] [HMA-OSS] [ INFO] 02-18 11:00:24 (PmsHookTarget34) @shouldFilterApplication: query from com.google.android.inputmethod.latin
[ 2026-02-18T11:00:37.918     1000:  2573:  3112 I/LSPosed-Bridge  ] [HMA-OSS] [ INFO] 02-18 11:00:37 (PmsHookTarget34) @shouldFilterApplication: query from com.amazon.avod.thirdpartyclient
[ 2026-02-18T11:00:45.317    10500: 15781: 15781 E/LSPosed-Bridge  ] s0.d: Depended hook  failed.
	at s0.q.a(r8-map-id-24bfe6f5291ccc122a087e69cfd0ef965c57d5b189a3392a10a824e491734b78:69)
	at h1.a.h(r8-map-id-24bfe6f5291ccc122a087e69cfd0ef965c57d5b189a3392a10a824e491734b78:291)
	at s0.q.b(r8-map-id-24bfe6f5291ccc122a087e69cfd0ef965c57d5b189a3392a10a824e491734b78:35)
	at a3.a.h(r8-map-id-24bfe6f5291ccc122a087e69cfd0ef965c57d5b189a3392a10a824e491734b78:274)
	at a3.d0.beforeHookedMethod(r8-map-id-24bfe6f5291ccc122a087e69cfd0ef965c57d5b189a3392a10a824e491734b78:32)
	at TInB.c.FkIe.o.fF.sFGLQ.XC_MethodHook.callBeforeHookedMethod(r8-map-id-1b503ce2d1eb437266e175dc68a023819023d9852a09899d29d782d634f0016f:1)
	at j0.callback(r8-map-id-1b503ce2d1eb437266e175dc68a023819023d9852a09899d29d782d634f0016f:156)
	at LSPHooker_.onCreate(LSP)
	at android.app.Instrumentation.callApplicationOnCreate(Instrumentation.java:1400)
	at android.app.ActivityThread.handleBindApplication(ActivityThread.java:8145)
	at android.app.ActivityThread.-$$Nest$mhandleBindApplication(Unknown Source:0)
	at android.app.ActivityThread$H.handleMessage(ActivityThread.java:2691)
	at android.os.Handler.dispatchMessage(Handler.java:132)
	at android.os.Looper.dispatchMessage(Looper.java:333)
	at android.os.Looper.loopOnce(Looper.java:263)
	at android.os.Looper.loop(Looper.java:367)
	at android.app.ActivityThread.main(ActivityThread.java:9298)
	at java.lang.reflect.Method.invoke(Native Method)
	at com.android.internal.os.RuntimeInit$MethodAndArgsCaller.run(RuntimeInit.java:569)
	at com.android.internal.os.ZygoteInit.main(ZygoteInit.java:929)
Caused by: java.lang.NullPointerException: Attempt to invoke virtual method 'java.lang.Class java.lang.Object.getClass()' on a null object reference
	at s0.q.h(r8-map-id-24bfe6f5291ccc122a087e69cfd0ef965c57d5b189a3392a10a824e491734b78:24)
	at h1.a.d(r8-map-id-24bfe6f5291ccc122a087e69cfd0ef965c57d5b189a3392a10a824e491734b78:7)
	at h1.a.h(r8-map-id-24bfe6f5291ccc122a087e69cfd0ef965c57d5b189a3392a10a824e491734b78:22)
	at s0.q.a(r8-map-id-24bfe6f5291ccc122a087e69cfd0ef965c57d5b189a3392a10a824e491734b78:17)
	... 19 more
[ 2026-02-18T11:00:45.331    10500: 15781: 15781 E/LSPosed-Bridge  ] s0.d: Depended hook  failed.
	at s0.q.a(r8-map-id-24bfe6f5291ccc122a087e69cfd0ef965c57d5b189a3392a10a824e491734b78:69)
	at h1.a.h(r8-map-id-24bfe6f5291ccc122a087e69cfd0ef965c57d5b189a3392a10a824e491734b78:116)
	at s0.q.b(r8-map-id-24bfe6f5291ccc122a087e69cfd0ef965c57d5b189a3392a10a824e491734b78:35)
	at a3.a.h(r8-map-id-24bfe6f5291ccc122a087e69cfd0ef965c57d5b189a3392a10a824e491734b78:274)
	at a3.d0.beforeHookedMethod(r8-map-id-24bfe6f5291ccc122a087e69cfd0ef965c57d5b189a3392a10a824e491734b78:32)
	at TInB.c.FkIe.o.fF.sFGLQ.XC_MethodHook.callBeforeHookedMethod(r8-map-id-1b503ce2d1eb437266e175dc68a023819023d9852a09899d29d782d634f0016f:1)
	at j0.callback(r8-map-id-1b503ce2d1eb437266e175dc68a023819023d9852a09899d29d782d634f0016f:156)
	at LSPHooker_.onCreate(LSP)
	at android.app.Instrumentation.callApplicationOnCreate(Instrumentation.java:1400)
	at android.app.ActivityThread.handleBindApplication(ActivityThread.java:8145)
	at android.app.ActivityThread.-$$Nest$mhandleBindApplication(Unknown Source:0)
	at android.app.ActivityThread$H.handleMessage(ActivityThread.java:2691)
	at android.os.Handler.dispatchMessage(Handler.java:132)
	at android.os.Looper.dispatchMessage(Looper.java:333)
	at android.os.Looper.loopOnce(Looper.java:263)
	at android.os.Looper.loop(Looper.java:367)
	at android.app.ActivityThread.main(ActivityThread.java:9298)
	at java.lang.reflect.Method.invoke(Native Method)
	at com.android.internal.os.RuntimeInit$MethodAndArgsCaller.run(RuntimeInit.java:569)
	at com.android.internal.os.ZygoteInit.main(ZygoteInit.java:929)
Caused by: java.lang.NullPointerException: Attempt to invoke virtual method 'java.lang.Class java.lang.Object.getClass()' on a null object reference
	at s0.q.h(r8-map-id-24bfe6f5291ccc122a087e69cfd0ef965c57d5b189a3392a10a824e491734b78:24)
	at h1.a.d(r8-map-id-24bfe6f5291ccc122a087e69cfd0ef965c57d5b189a3392a10a824e491734b78:7)
	at h1.a.h(r8-map-id-24bfe6f5291ccc122a087e69cfd0ef965c57d5b189a3392a10a824e491734b78:22)
	at s0.q.a(r8-map-id-24bfe6f5291ccc122a087e69cfd0ef965c57d5b189a3392a10a824e491734b78:17)
	... 19 more
[ 2026-02-18T11:00:45.363    10500: 15781: 15781 I/LSPosed-Bridge  ] com.google.android.youtube version: 21.07.243 (1561055560)
[ 2026-02-18T11:00:48.409     1000:  2573:  3112 I/LSPosed-Bridge  ] [HMA-OSS] [ INFO] 02-18 11:00:48 (PmsHookTarget34) @shouldFilterApplication: query from com.instagram.android
[ 2026-02-18T11:00:53.214     1000:  2573:  3112 I/LSPosed-Bridge  ] [HMA-OSS] [ INFO] 02-18 11:00:53 (PmsHookTarget34) @shouldFilterApplication: query from com.looker.droidify
[ 2026-02-18T11:00:54.991     1000:  2573:  3112 I/LSPosed-Bridge  ] [HMA-OSS] [ INFO] 02-18 11:00:54 (PmsHookTarget34) @shouldFilterApplication: query from com.ingbanktr.ingmobil
[ 2026-02-18T11:00:59.884     1000:  2573:  3112 I/LSPosed-Bridge  ] [HMA-OSS] [ INFO] 02-18 11:00:59 (PmsHookTarget34) @shouldFilterApplication: query from com.google.android.inputmethod.latin
[ 2026-02-18T11:01:05.227     2000: 16565: 16565 I/LSPosed         ] Loaded manager, skipping next steps
[ 2026-02-18T11:01:06.583     1000:  2573:  3112 I/LSPosed-Bridge  ] [HMA-OSS] [ INFO] 02-18 11:01:06 (PmsHookTarget34) @shouldFilterApplication: query from com.roborock.smart
[ 2026-02-18T11:01:11.974    10906: 17729: 17729 W/LSPosed-Bridge  ] XSmsCode: SystemInputInjectorHook: hooked ActivityThread.systemMain in zygote
[ 2026-02-18T11:01:11.974    10906: 17729: 17729 I/LSPosed-Bridge  ] XSmsCode: hooked ActivityThread.systemMain in zygote
[ 2026-02-18T11:01:12.040    10906: 17729: 17729 I/LSPosed         ] New modules detected, hook preferences
[ 2026-02-18T11:01:12.042    10906: 17729: 17729 I/LSPosed-Bridge  ] XSmsCode: Hooking current Xposed module status...
[ 2026-02-18T11:01:12.474     1000:  2573:  3112 I/LSPosed-Bridge  ] [HMA-OSS] [ INFO] 02-18 11:01:12 (PmsHookTarget34) @shouldFilterApplication: query from com.google.android.inputmethod.latin
[ 2026-02-18T11:01:20.601     1000:  2573:  3112 I/LSPosed-Bridge  ] [HMA-OSS] [ INFO] 02-18 11:01:20 (PmsHookTarget34) @shouldFilterApplication: query from com.facebook.katana
[ 2026-02-18T11:01:20.935     1000:  2573:  3112 I/LSPosed-Bridge  ] [HMA-OSS] [ INFO] 02-18 11:01:20 (PmsHookTarget34) @shouldFilterApplication: query from com.facebook.orca
[ 2026-02-18T11:01:22.355     1000:  2573:  3112 I/LSPosed-Bridge  ] [HMA-OSS] [ INFO] 02-18 11:01:22 (PmsHookTarget34) @shouldFilterApplication: query from com.facebook.pages.app
[ 2026-02-18T11:01:29.291  1110101: 19332: 19332 E/AndroidRuntime  ] FATAL EXCEPTION: main
Process: com.chiller3.bcr, PID: 19332
java.lang.NullPointerException: Attempt to invoke virtual method 'java.lang.String[] android.content.res.Resources.getStringArray(int)' on a null object reference
	at android.os.GraphicsEnvironment.queryAngleChoice(GraphicsEnvironment.java:482)
	at android.os.GraphicsEnvironment.setupAngle(GraphicsEnvironment.java:671)
	at android.os.GraphicsEnvironment.setup(GraphicsEnvironment.java:148)
	at android.app.ActivityThread.setupGraphicsSupport(ActivityThread.java:7786)
	at android.app.ActivityThread.handleBindApplication(ActivityThread.java:8037)
	at android.app.ActivityThread.-$$Nest$mhandleBindApplication(Unknown Source:0)
	at android.app.ActivityThread$H.handleMessage(ActivityThread.java:2691)
	at android.os.Handler.dispatchMessage(Handler.java:132)
	at android.os.Looper.dispatchMessage(Looper.java:333)
	at android.os.Looper.loopOnce(Looper.java:263)
	at android.os.Looper.loop(Looper.java:367)
	at android.app.ActivityThread.main(ActivityThread.java:9298)
	at java.lang.reflect.Method.invoke(Native Method)
	at com.android.internal.os.RuntimeInit$MethodAndArgsCaller.run(RuntimeInit.java:569)
	at com.android.internal.os.ZygoteInit.main(ZygoteInit.java:929)
[ 2026-02-18T11:01:31.149     1000:  2573:  3112 I/LSPosed-Bridge  ] [HMA-OSS] [ INFO] 02-18 11:01:31 (PmsHookTarget34) @shouldFilterApplication: query from com.google.android.apps.turbo
[ 2026-02-18T11:01:32.227     1000:  2573:  3112 I/LSPosed-Bridge  ] [HMA-OSS] [ INFO] 02-18 11:01:32 (PmsHookTarget34) @shouldFilterApplication: query from com.google.android.inputmethod.latin
[ 2026-02-18T11:01:35.372     2000: 19877: 19877 I/LSPosed         ] Loaded manager, skipping next steps
[ 2026-02-18T11:01:42.289    10906: 20335: 20335 W/LSPosed-Bridge  ] XSmsCode: SystemInputInjectorHook: hooked ActivityThread.systemMain in zygote
[ 2026-02-18T11:01:42.290    10906: 20335: 20335 I/LSPosed-Bridge  ] XSmsCode: hooked ActivityThread.systemMain in zygote
[ 2026-02-18T11:01:45.465    10906: 20335: 20335 I/LSPosed         ] New modules detected, hook preferences
[ 2026-02-18T11:01:45.467    10906: 20335: 20335 I/LSPosed-Bridge  ] XSmsCode: Hooking current Xposed module status...
[ 2026-02-18T11:01:50.501     1000:  2573:  3112 I/LSPosed-Bridge  ] [HMA-OSS] [ INFO] 02-18 11:01:50 (PmsHookTarget34) @shouldFilterApplication: query from com.instagram.android
[ 2026-02-18T11:01:57.984        0:  1329:  1329 I/zygiskd64       ]  - Sending companion fd socket of module "playintegrityfix"
[ 2026-02-18T11:01:57.985        0:  8910:  8910 I/zygiskd-companion64 ] New companion request.
 - Module name: playintegrityfix
 - Client fd: 6
[ 2026-02-18T11:01:57.988        0:  8910: 21732 I/zygiskd-companion64 ]  - Client fd changed after module entry
[ 2026-02-18T11:03:37.757        0:  1329:  1329 I/zygiskd64       ]  - Sending companion fd socket of module "playintegrityfix"
[ 2026-02-18T11:03:37.757        0:  8910:  8910 I/zygiskd-companion64 ] New companion request.
 - Module name: playintegrityfix
 - Client fd: 6
[ 2026-02-18T11:03:37.758        0:  8910: 23914 I/zygiskd-companion64 ]  - Client fd changed after module entry
[ 2026-02-18T11:03:37.793        0:  1329:  1329 I/zygiskd64       ]  - Sending companion fd socket of module "playintegrityfix"
[ 2026-02-18T11:03:37.793        0:  8910:  8910 I/zygiskd-companion64 ] New companion request.
 - Module name: playintegrityfix
 - Client fd: 6
[ 2026-02-18T11:03:37.793        0:  8910: 23926 I/zygiskd-companion64 ]  - Client fd changed after module entry
