----part 1 start----
[ 1970-01-03T15:31:31.999        0:  1093:  1093 I/zygisk-ptrace64 ] ReZygisk v1.0.0-454-b5f0aa5-release
[ 1970-01-03T15:31:32.029        0:  1132:  1132 I/LSPosed         ] starting lspd 
[ 1970-01-03T15:31:32.034        0:  1144:  1144 I/LSPosed         ] started lspd 1143
[ 1970-01-03T15:31:32.233        0:  1143:  1143 D/AndroidRuntime  ] >>>>>> START com.android.internal.os.RuntimeInit uid 0 <<<<<<
[ 1970-01-03T15:31:32.236        0:  1143:  1143 I/lspd            ] MMAP_TRYLOCK is not supported in uffd addr:0x74076b9000 page-size:4096
[ 1970-01-03T15:31:32.236        0:  1143:  1143 I/AndroidRuntime  ] Using default boot image
[ 1970-01-03T15:31:32.237        0:  1143:  1143 I/AndroidRuntime  ] Leaving lock profiling enabled
[ 1970-01-03T15:31:32.244        0:  1143:  1143 I/lspd            ] Using CollectorTypeCMC GC.
[ 1970-01-03T15:31:32.384        0:  1143:  1143 D/nativeloader    ] InitDefaultPublicLibraries for_preload=1: libandroid.so:libaaudio.so:libamidi.so:libbinder_ndk.so:libc.so:libcamera2ndk.so:libdl.so:libEGL.so:libGLESv1_CM.so:libGLESv2.so:libGLESv3.so:libicu.so:libicui18n.so:libicuuc.so:libjnigraphics.so:liblog.so:libmediandk.so:libm.so:libnativehelper.so:libnativewindow.so:libOpenMAXAL.so:libOpenSLES.so:libRS.so:libstdc++.so:libsync.so:libvulkan.so:libwebviewchromium_plat_support.so:libz.so
[ 1970-01-03T15:31:32.424        0:  1143:  1143 D/nativeloader    ] Load libicu_jni.so using APEX ns com_android_art for caller /apex/com.android.art/javalib/core-oj.jar: ok
[ 1970-01-03T15:31:32.427        0:  1143:  1143 D/lspd            ] u_setTimeZoneFilesDirectory("/apex/com.android.tzdata/etc/tz/versioned/9/icu") succeeded. 
[ 1970-01-03T15:31:32.428        0:  1143:  1143 D/lspd            ] I18n APEX ICU file found: /apex/com.android.i18n/etc/icu/icudt76l.dat
[ 1970-01-03T15:31:32.432        0:  1143:  1143 D/nativeloader    ] Load libjavacore.so using APEX ns com_android_art for caller /apex/com.android.art/javalib/core-oj.jar: ok
[ 1970-01-03T15:31:32.435        0:  1143:  1143 D/nativeloader    ] Load libopenjdk.so using APEX ns com_android_art for caller /apex/com.android.art/javalib/core-oj.jar: ok
[ 1970-01-03T15:31:32.443        0:  1143:  1143 I/lspd            ] Priority-to-niceness mapping: 19, 16, 13, 10, 0, -2, -4, -5, -6, -8
[ 1970-01-03T15:31:32.533        0:  1143:  1143 D/nativeloader    ] Load libframework-connectivity-tiramisu-jni.so using APEX ns com_android_tethering for caller /apex/com.android.tethering/javalib/framework-connectivity-t.jar: ok
[ 1970-01-03T15:31:32.533        0:  1143:  1143 D/AndroidRuntime  ] Calling main entry org.lsposed.lspd.Main
[ 1970-01-03T15:31:32.548        0:  1143:  1143 I/LSPosedService  ] starting server...
[ 1970-01-03T15:31:32.565        0:  1143:  1143 I/LSPosedService  ] version 1.9.2-it (7467)
[ 1970-01-03T15:31:32.566        0:  1143:  1143 D/nativeloader    ] InitApexLibraries:
  com_android_art: libnativehelper.so
  com_android_i18n: libicui18n.so:libicuuc.so:libicu.so
  com_android_neuralnetworks: libneuralnetworks.so
[ 1970-01-03T15:31:32.566        0:  1143:  1143 D/nativeloader    ] InitDefaultPublicLibraries for_preload=0: libandroid.so:libaaudio.so:libamidi.so:libbinder_ndk.so:libc.so:libcamera2ndk.so:libclang_rt.hwasan-aarch64-android.so:libdl.so:libEGL.so:libGLESv1_CM.so:libGLESv2.so:libGLESv3.so:libjnigraphics.so:liblog.so:libmediandk.so:libm.so:libnativewindow.so:libOpenMAXAL.so:libOpenSLES.so:libRS.so:libstdc++.so:libsync.so:libvulkan.so:libwebviewchromium_plat_support.so:libz.so
[ 1970-01-03T15:31:32.566        0:  1143:  1143 D/nativeloader    ] Configuring clns-1 for other apk . target_sdk_version=0, uses_libraries=ALL, library_path=/system/lib64:/system_ext/lib64, permitted_path=/data:/mnt/expand
[ 1970-01-03T15:31:32.566        0:  1143:  1143 D/nativeloader    ] InitExtendedPublicLibraries: 
[ 1970-01-03T15:31:32.567        0:  1143:  1143 D/nativeloader    ] InitApexLibraries:
  
[ 1970-01-03T15:31:32.567        0:  1143:  1143 D/nativeloader    ] InitVendorPublicLibraries: libqti-perfd-client.so:libadsprpc.so:libcdsprpc.so:libsdsprpc.so:libfastcvopt.so:liblistensoundmodel2.so:libOpenCL.so:libnpu.so:libhta_hexagon_runtime.so:unnhal-acc-hta.so:libAlgoProcess.so:libancbase_rt_bokeh.so:libAncHumBokeh.so:libsnpe_loader.so:libstblur_api.so:libAncHumVideoBase.so:libmidasserviceintf.so:libAncFilter.so:libarcsoft_scbokeh_video.so:libAncHumanDoubleExposure.so:libancbase_rt_doubleexposure.so
[ 1970-01-03T15:31:32.567        0:  1143:  1143 D/nativeloader    ] InitProductPublicLibraries: 
[ 1970-01-03T15:31:32.569        0:  1143:  1143 D/nativeloader    ] Load /data/adb/modules/zygisk_lsposed/daemon.apk!/lib/arm64-v8a/libdaemon.so using isolated ns clns-1 (caller=/data/adb/modules/zygisk_lsposed/daemon.apk): ok
[ 1970-01-03T15:31:32.572        0:  1143:  1279 I/LSPosedLogcat   ] start running
[ 1970-01-03T15:31:32.572        0:  1143:  1279 I/LSPosedLogcat   ] New log file: /data/adb/lspd/log/verbose_1970-01-03T15:31:32.572758.log
[ 1970-01-03T15:31:32.573        0:  1143:  1279 I/LSPosedLogcat   ] New log file: /data/adb/lspd/log/modules_1970-01-03T15:31:32.573794.log
[ 1970-01-03T15:31:32.593        0:  1143:  1281 D/nativeloader    ] Load libjavacrypto.so using APEX ns com_android_conscrypt for caller /apex/com.android.conscrypt/javalib/conscrypt.jar: ok
[ 1970-01-03T15:31:32.594        0:  1143:  1143 W/SQLiteCompatibilityWalFlags ] Cannot read global setting sqlite_compatibility_wal_flags - Application state not available
[ 1970-01-03T15:31:32.614        0:  1143:  1143 W/OverlayConfig   ] partition_order.xml does not exist.
[ 1970-01-03T15:31:32.844        0:  1143:  1143 I/AconfigPackage  ] android.graphics.pdf.flags is mapped to com.android.mediaprovider
[ 1970-01-03T15:31:32.844        0:  1143:  1143 I/AconfigPackage  ] com.android.providers.media.flags is mapped to com.android.mediaprovider
[ 1970-01-03T15:31:32.844        0:  1143:  1143 I/AconfigPackage  ] android.graphics.pdf.flags.readonly is mapped to com.android.mediaprovider
[ 1970-01-03T15:31:32.845        0:  1143:  1143 I/AconfigPackage  ] com.android.system.virtualmachine.flags is mapped to com.android.virt
[ 1970-01-03T15:31:32.846        0:  1143:  1143 I/AconfigPackage  ] com.android.icu is mapped to com.android.i18n
[ 1970-01-03T15:31:32.847        0:  1143:  1143 I/AconfigPackage  ] com.android.bluetooth.flags is mapped to com.android.bt
[ 1970-01-03T15:31:32.847        0:  1143:  1143 I/AconfigPackage  ] com.android.nfc.module.flags is mapped to com.android.nfcservices
[ 1970-01-03T15:31:32.848        0:  1143:  1143 I/AconfigPackage  ] com.android.uwb.flags is mapped to com.android.uwb
[ 1970-01-03T15:31:32.848        0:  1143:  1143 I/AconfigPackage  ] com.android.ranging.flags is mapped to com.android.uwb
[ 1970-01-03T15:31:32.848        0:  1143:  1143 I/AconfigPackage  ] com.android.devicelock.flags is mapped to com.android.devicelock
[ 1970-01-03T15:31:32.849        0:  1143:  1143 I/AconfigPackage  ] com.android.ipsec.flags is mapped to com.android.ipsec
[ 1970-01-03T15:31:32.850        0:  1143:  1143 I/AconfigPackage  ] com.android.rkpd.flags is mapped to com.android.rkpd
[ 1970-01-03T15:31:32.851        0:  1143:  1143 I/AconfigPackage  ] com.android.media.extractor.flags is mapped to com.android.media
[ 1970-01-03T15:31:32.851        0:  1143:  1143 I/AconfigPackage  ] com.android.media.mainline.flags is mapped to com.android.media
[ 1970-01-03T15:31:32.851        0:  1143:  1143 I/AconfigPackage  ] com.android.permission.flags is mapped to com.android.permission
[ 1970-01-03T15:31:32.851        0:  1143:  1143 I/AconfigPackage  ] com.android.permissioncontroller.flags is mapped to com.android.permission
[ 1970-01-03T15:31:32.852        0:  1143:  1143 I/AconfigPackage  ] android.os.profiling is mapped to com.android.profiling
[ 1970-01-03T15:31:32.852        0:  1143:  1143 I/AconfigPackage  ] android.os.profiling.anomaly.flags is mapped to com.android.profiling
[ 1970-01-03T15:31:32.852        0:  1143:  1143 I/AconfigPackage  ] com.android.healthfitness.flags is mapped to com.android.healthfitness
[ 1970-01-03T15:31:32.853        0:  1143:  1143 I/AconfigPackage  ] com.android.org.conscrypt.flags is mapped to com.android.conscrypt
[ 1970-01-03T15:31:32.853        0:  1143:  1143 I/AconfigPackage  ] com.android.org.conscrypt.net.flags is mapped to com.android.conscrypt
[ 1970-01-03T15:31:32.853        0:  1143:  1143 I/AconfigPackage  ] com.android.appsearch.flags is mapped to com.android.appsearch
[ 1970-01-03T15:31:32.854        0:  1143:  1143 I/AconfigPackage  ] com.android.wifi.flags is mapped to com.android.wifi
[ 1970-01-03T15:31:32.854        0:  1143:  1143 I/AconfigPackage  ] android.provider.flags is mapped to com.android.configinfrastructure
[ 1970-01-03T15:31:32.854        0:  1143:  1143 I/AconfigPackage  ] com.android.server.deviceconfig is mapped to com.android.configinfrastructure
[ 1970-01-03T15:31:32.855        0:  1143:  1143 I/AconfigPackage  ] com.android.os.statsd.flags is mapped to com.android.os.statsd
[ 1970-01-03T15:31:32.856        0:  1143:  1143 I/AconfigPackage  ] com.android.cellbroadcastreceiver.flags is mapped to com.android.cellbroadcast
[ 1970-01-03T15:31:32.856        0:  1143:  1143 I/AconfigPackage  ] android.media.swcodec.flags is mapped to com.android.media.swcodec
[ 1970-01-03T15:31:32.857        0:  1143:  1143 I/AconfigPackage  ] com.android.telephony.flags is mapped to com.android.telephonycore
[ 1970-01-03T15:31:32.857        0:  1143:  1143 I/AconfigPackage  ] com.android.tethering.mainline.beta is mapped to com.android.tethering
[ 1970-01-03T15:31:32.857        0:  1143:  1143 I/AconfigPackage  ] android.net.http is mapped to com.android.tethering
[ 1970-01-03T15:31:32.857        0:  1143:  1143 I/AconfigPackage  ] com.android.tethering.readonly.flags is mapped to com.android.tethering
[ 1970-01-03T15:31:32.857        0:  1143:  1143 I/AconfigPackage  ] android.net.vcn is mapped to com.android.tethering
[ 1970-01-03T15:31:32.857        0:  1143:  1143 I/AconfigPackage  ] com.android.net.flags is mapped to com.android.tethering
[ 1970-01-03T15:31:32.857        0:  1143:  1143 I/AconfigPackage  ] com.android.tethering.beta.test is mapped to com.android.tethering
[ 1970-01-03T15:31:32.857        0:  1143:  1143 I/AconfigPackage  ] com.android.nearby.flags is mapped to com.android.tethering
[ 1970-01-03T15:31:32.857        0:  1143:  1143 I/AconfigPackage  ] com.android.net.ct.flags is mapped to com.android.tethering
[ 1970-01-03T15:31:32.857        0:  1143:  1143 I/AconfigPackage  ] com.android.net.thread.flags is mapped to com.android.tethering
[ 1970-01-03T15:31:32.858        0:  1143:  1143 I/AconfigPackage  ] com.android.adservices.ondevicepersonalization.flags is mapped to com.android.ondevicepersonalization
[ 1970-01-03T15:31:32.859        0:  1143:  1143 I/AconfigPackage  ] com.android.adservices.flags is mapped to com.android.adservices
[ 1970-01-03T15:31:32.859        0:  1143:  1143 I/AconfigPackage  ] com.android.sdksandbox.flags is mapped to com.android.adservices
[ 1970-01-03T15:31:32.859        0:  1143:  1143 I/AconfigPackage  ] com.android.adbd.flags is mapped to com.android.adbd
[ 1970-01-03T15:31:32.860        0:  1143:  1143 I/AconfigPackage  ] android.uprobestats.mainline.flags is mapped to com.android.uprobestats
[ 1970-01-03T15:31:32.862        0:  1143:  1143 I/AconfigPackage  ] com.android.art.flags is mapped to com.android.art
[ 1970-01-03T15:31:32.862        0:  1143:  1143 I/AconfigPackage  ] com.android.art.rw.flags is mapped to com.android.art
[ 1970-01-03T15:31:32.862        0:  1143:  1143 I/AconfigPackage  ] com.android.libcore is mapped to com.android.art
[ 1970-01-03T15:31:32.862        0:  1143:  1143 I/AconfigPackage  ] com.android.crashrecovery.flags is mapped to com.android.crashrecovery
[ 1970-01-03T15:31:32.865        0:  1143:  1143 E/FeatureFlagsImplExport ] android.os.flagging.AconfigStorageReadException: ERROR_PACKAGE_NOT_FOUND: package android.xr cannot be found on the device
[ 1970-01-03T15:31:32.868        0:  1143:  1143 I/LSPosedService  ] service package is not started, wait 1s.
[ 1970-01-03T15:31:33.868        0:  1143:  1143 I/LSPosedService  ] service package is not started, wait 1s.
[ 1970-01-03T15:31:33.988        0:  1325:  1325 I/LSPosed         ] starting lspd 
[ 1970-01-03T15:31:33.992        0:  1334:  1334 I/LSPosed         ] started lspd 1333
[ 2026-02-12T17:20:51.034        0:  1377:  1377 I/zygiskd64       ] Welcome to ReZygisk v1.0.0 Zygiskd64!
[ 2026-02-12T17:20:51.034        0:  1379:  1379 E/zygisk-core64   ] Retrying to connect to ReZygiskd, sleep 1s failed with 2: No such file or directory
[ 2026-02-12T17:20:51.034        0:  1377:  1377 I/zygiskd64       ] KernelSU root implementation found.
[ 2026-02-12T17:20:51.034        0:  1377:  1377 I/zygiskd64       ] Loading modules for architecture: arm64-v8a
[ 2026-02-12T17:20:51.034        0:  1377:  1377 I/zygiskd64       ] Sent root implementation and modules information to controller socket
[ 2026-02-12T17:20:51.035        0:  1093:  1093 I/zygisk-ptrace64 ] status updated: Monitor: ✅, ReZygisk 64-bit: ⚠️
[ 2026-02-12T17:20:51.055        0:  1384:  1384 I/zygiskd32       ] Welcome to ReZygisk v1.0.0 Zygiskd32!
[ 2026-02-12T17:20:51.055        0:  1386:  1386 E/zygisk-core32   ] Retrying to connect to ReZygiskd, sleep 1s failed with 2: No such file or directory
[ 2026-02-12T17:20:51.055        0:  1384:  1384 I/zygiskd32       ] KernelSU root implementation found.
[ 2026-02-12T17:20:51.055        0:  1384:  1384 I/zygiskd32       ] Loading modules for architecture: armeabi-v7a
[ 2026-02-12T17:20:51.056        0:  1384:  1384 I/zygiskd32       ] Sent root implementation and modules information to controller socket
[ 2026-02-12T17:20:51.056        0:  1093:  1093 I/zygisk-ptrace64 ] status updated: Monitor: ✅, ReZygisk 64-bit: ⚠️, ReZygisk 32-bit: ⚠️
[ 2026-02-12T17:20:51.571        0:  1143:  1143 I/LSPosedService  ] service package is not started, wait 1s.
[ 2026-02-12T17:20:52.034        0:  1379:  1379 I/zygisk-ptrace64 ] start tracing 1375 (tracer 1379)
[ 2026-02-12T17:20:52.034        0:  1379:  1379 I/zygisk-ptrace64 ] injecting /data/adb/modules/rezygisk/lib64/libzygisk.so to zygote 1375
[ 2026-02-12T17:20:52.055        0:  1386:  1386 I/zygisk-ptrace32 ] start tracing 1376 (tracer 1386)
[ 2026-02-12T17:20:52.056        0:  1386:  1386 I/zygisk-ptrace32 ] injecting /data/adb/modules/rezygisk/lib/libzygisk.so to zygote 1376
[ 2026-02-12T17:20:52.154        0:  1379:  1379 E/zygisk-elfutil64 ] Cannot load symtabs: .symtab section or its string table not found/valid.
[ 2026-02-12T17:20:52.154        0:  1379:  1379 E/zygisk-elfutil64 ] Failed to load symtabs for linear lookup of free
[ 2026-02-12T17:20:52.154        0:  1379:  1379 E/zygisk-ptrace64 ] failed to find symbol free in /system/lib64/liblog.so
[ 2026-02-12T17:20:52.154        0:  1379:  1379 E/zygisk-elfutil64 ] Cannot load symtabs: .symtab section or its string table not found/valid.
[ 2026-02-12T17:20:52.154        0:  1379:  1379 E/zygisk-elfutil64 ] Failed to load symtabs for linear lookup of free
[ 2026-02-12T17:20:52.154        0:  1379:  1379 E/zygisk-ptrace64 ] failed to find symbol free in /apex/com.android.runtime/lib64/bionic/libm.so
[ 2026-02-12T17:20:52.154        0:  1379:  1379 E/zygisk-elfutil64 ] Cannot load symtabs: .symtab section or its string table not found/valid.
[ 2026-02-12T17:20:52.155        0:  1379:  1379 E/zygisk-elfutil64 ] Failed to load symtabs for linear lookup of free
[ 2026-02-12T17:20:52.155        0:  1379:  1379 E/zygisk-ptrace64 ] failed to find symbol free in /apex/com.android.runtime/lib64/bionic/libdl.so
[ 2026-02-12T17:20:52.155        0:  1379:  1379 W/zygisk-ptrace64 ] Bypassing resolution of EH frame function: __register_frame
[ 2026-02-12T17:20:52.156        0:  1379:  1379 E/zygisk-elfutil64 ] Cannot load symtabs: .symtab section or its string table not found/valid.
[ 2026-02-12T17:20:52.156        0:  1379:  1379 E/zygisk-elfutil64 ] Failed to load symtabs for linear lookup of strncmp
[ 2026-02-12T17:20:52.156        0:  1379:  1379 E/zygisk-ptrace64 ] failed to find symbol strncmp in /system/lib64/liblog.so
[ 2026-02-12T17:20:52.156        0:  1379:  1379 E/zygisk-elfutil64 ] Cannot load symtabs: .symtab section or its string table not found/valid.
[ 2026-02-12T17:20:52.156        0:  1379:  1379 E/zygisk-elfutil64 ] Failed to load symtabs for linear lookup of strncmp
[ 2026-02-12T17:20:52.156        0:  1379:  1379 E/zygisk-ptrace64 ] failed to find symbol strncmp in /apex/com.android.runtime/lib64/bionic/libm.so
[ 2026-02-12T17:20:52.157        0:  1379:  1379 E/zygisk-elfutil64 ] Cannot load symtabs: .symtab section or its string table not found/valid.
[ 2026-02-12T17:20:52.157        0:  1379:  1379 E/zygisk-elfutil64 ] Failed to load symtabs for linear lookup of strncmp
[ 2026-02-12T17:20:52.157        0:  1379:  1379 E/zygisk-ptrace64 ] failed to find symbol strncmp in /apex/com.android.runtime/lib64/bionic/libdl.so
[ 2026-02-12T17:20:52.158        0:  1379:  1379 E/zygisk-elfutil64 ] Cannot load symtabs: .symtab section or its string table not found/valid.
[ 2026-02-12T17:20:52.158        0:  1379:  1379 E/zygisk-elfutil64 ] Failed to load symtabs for linear lookup of access
[ 2026-02-12T17:20:52.158        0:  1379:  1379 E/zygisk-ptrace64 ] failed to find symbol access in /system/lib64/liblog.so
[ 2026-02-12T17:20:52.158        0:  1379:  1379 E/zygisk-elfutil64 ] Cannot load symtabs: .symtab section or its string table not found/valid.
[ 2026-02-12T17:20:52.158        0:  1379:  1379 E/zygisk-elfutil64 ] Failed to load symtabs for linear lookup of access
[ 2026-02-12T17:20:52.158        0:  1379:  1379 E/zygisk-ptrace64 ] failed to find symbol access in /apex/com.android.runtime/lib64/bionic/libm.so
[ 2026-02-12T17:20:52.158        0:  1379:  1379 E/zygisk-elfutil64 ] Cannot load symtabs: .symtab section or its string table not found/valid.
[ 2026-02-12T17:20:52.159        0:  1379:  1379 E/zygisk-elfutil64 ] Failed to load symtabs for linear lookup of access
[ 2026-02-12T17:20:52.159        0:  1379:  1379 E/zygisk-ptrace64 ] failed to find symbol access in /apex/com.android.runtime/lib64/bionic/libdl.so
[ 2026-02-12T17:20:52.159        0:  1379:  1379 E/zygisk-elfutil64 ] Cannot load symtabs: .symtab section or its string table not found/valid.
[ 2026-02-12T17:20:52.159        0:  1379:  1379 E/zygisk-elfutil64 ] Failed to load symtabs for linear lookup of close
[ 2026-02-12T17:20:52.159        0:  1379:  1379 E/zygisk-ptrace64 ] failed to find symbol close in /system/lib64/liblog.so
[ 2026-02-12T17:20:52.159        0:  1379:  1379 E/zygisk-elfutil64 ] Cannot load symtabs: .symtab section or its string table not found/valid.
[ 2026-02-12T17:20:52.159        0:  1379:  1379 E/zygisk-elfutil64 ] Failed to load symtabs for linear lookup of close
[ 2026-02-12T17:20:52.159        0:  1379:  1379 E/zygisk-ptrace64 ] failed to find symbol close in /apex/com.android.runtime/lib64/bionic/libm.so
[ 2026-02-12T17:20:52.160        0:  1379:  1379 E/zygisk-elfutil64 ] Cannot load symtabs: .symtab section or its string table not found/valid.
[ 2026-02-12T17:20:52.160        0:  1379:  1379 E/zygisk-elfutil64 ] Failed to load symtabs for linear lookup of close
[ 2026-02-12T17:20:52.160        0:  1379:  1379 E/zygisk-ptrace64 ] failed to find symbol close in /apex/com.android.runtime/lib64/bionic/libdl.so
[ 2026-02-12T17:20:52.160        0:  1379:  1379 E/zygisk-elfutil64 ] Cannot load symtabs: .symtab section or its string table not found/valid.
[ 2026-02-12T17:20:52.160        0:  1379:  1379 E/zygisk-elfutil64 ] Failed to load symtabs for linear lookup of gettid
[ 2026-02-12T17:20:52.160        0:  1379:  1379 E/zygisk-ptrace64 ] failed to find symbol gettid in /system/lib64/liblog.so
[ 2026-02-12T17:20:52.160        0:  1379:  1379 E/zygisk-elfutil64 ] Cannot load symtabs: .symtab section or its string table not found/valid.
[ 2026-02-12T17:20:52.161        0:  1379:  1379 E/zygisk-elfutil64 ] Failed to load symtabs for linear lookup of gettid
[ 2026-02-12T17:20:52.161        0:  1379:  1379 E/zygisk-ptrace64 ] failed to find symbol gettid in /apex/com.android.runtime/lib64/bionic/libm.so
[ 2026-02-12T17:20:52.161        0:  1379:  1379 E/zygisk-elfutil64 ] Cannot load symtabs: .symtab section or its string table not found/valid.
[ 2026-02-12T17:20:52.161        0:  1379:  1379 E/zygisk-elfutil64 ] Failed to load symtabs for linear lookup of gettid
[ 2026-02-12T17:20:52.161        0:  1379:  1379 E/zygisk-ptrace64 ] failed to find symbol gettid in /apex/com.android.runtime/lib64/bionic/libdl.so
[ 2026-02-12T17:20:52.161        0:  1379:  1379 E/zygisk-elfutil64 ] Cannot load symtabs: .symtab section or its string table not found/valid.
[ 2026-02-12T17:20:52.161        0:  1379:  1379 E/zygisk-elfutil64 ] Failed to load symtabs for linear lookup of getpid
[ 2026-02-12T17:20:52.161        0:  1379:  1379 E/zygisk-ptrace64 ] failed to find symbol getpid in /system/lib64/liblog.so
[ 2026-02-12T17:20:52.162        0:  1379:  1379 E/zygisk-elfutil64 ] Cannot load symtabs: .symtab section or its string table not found/valid.
[ 2026-02-12T17:20:52.162        0:  1379:  1379 E/zygisk-elfutil64 ] Failed to load symtabs for linear lookup of getpid
[ 2026-02-12T17:20:52.162        0:  1379:  1379 E/zygisk-ptrace64 ] failed to find symbol getpid in /apex/com.android.runtime/lib64/bionic/libm.so
[ 2026-02-12T17:20:52.162        0:  1379:  1379 E/zygisk-elfutil64 ] Cannot load symtabs: .symtab section or its string table not found/valid.
[ 2026-02-12T17:20:52.162        0:  1379:  1379 E/zygisk-elfutil64 ] Failed to load symtabs for linear lookup of getpid
[ 2026-02-12T17:20:52.162        0:  1379:  1379 E/zygisk-ptrace64 ] failed to find symbol getpid in /apex/com.android.runtime/lib64/bionic/libdl.so
[ 2026-02-12T17:20:52.162        0:  1379:  1379 E/zygisk-elfutil64 ] Cannot load symtabs: .symtab section or its string table not found/valid.
[ 2026-02-12T17:20:52.162        0:  1379:  1379 E/zygisk-elfutil64 ] Failed to load symtabs for linear lookup of free
[ 2026-02-12T17:20:52.162        0:  1379:  1379 E/zygisk-ptrace64 ] failed to find symbol free in /system/lib64/liblog.so
[ 2026-02-12T17:20:52.162        0:  1379:  1379 E/zygisk-elfutil64 ] Cannot load symtabs: .symtab section or its string table not found/valid.
[ 2026-02-12T17:20:52.162        0:  1379:  1379 E/zygisk-elfutil64 ] Failed to load symtabs for linear lookup of free
[ 2026-02-12T17:20:52.162        0:  1379:  1379 E/zygisk-ptrace64 ] failed to find symbol free in /apex/com.android.runtime/lib64/bionic/libm.so
[ 2026-02-12T17:20:52.163        0:  1379:  1379 E/zygisk-elfutil64 ] Cannot load symtabs: .symtab section or its string table not found/valid.
[ 2026-02-12T17:20:52.163        0:  1379:  1379 E/zygisk-elfutil64 ] Failed to load symtabs for linear lookup of free
[ 2026-02-12T17:20:52.163        0:  1379:  1379 E/zygisk-ptrace64 ] failed to find symbol free in /apex/com.android.runtime/lib64/bionic/libdl.so
[ 2026-02-12T17:20:52.163        0:  1379:  1379 E/zygisk-elfutil64 ] Cannot load symtabs: .symtab section or its string table not found/valid.
[ 2026-02-12T17:20:52.163        0:  1379:  1379 E/zygisk-elfutil64 ] Failed to load symtabs for linear lookup of munmap
[ 2026-02-12T17:20:52.163        0:  1379:  1379 E/zygisk-ptrace64 ] failed to find symbol munmap in /system/lib64/liblog.so
[ 2026-02-12T17:20:52.163        0:  1379:  1379 E/zygisk-elfutil64 ] Cannot load symtabs: .symtab section or its string table not found/valid.
[ 2026-02-12T17:20:52.163        0:  1379:  1379 E/zygisk-elfutil64 ] Failed to load symtabs for linear lookup of munmap
[ 2026-02-12T17:20:52.163        0:  1379:  1379 E/zygisk-ptrace64 ] failed to find symbol munmap in /apex/com.android.runtime/lib64/bionic/libm.so
[ 2026-02-12T17:20:52.163        0:  1379:  1379 E/zygisk-elfutil64 ] Cannot load symtabs: .symtab section or its string table not found/valid.
[ 2026-02-12T17:20:52.163        0:  1379:  1379 E/zygisk-elfutil64 ] Failed to load symtabs for linear lookup of munmap
[ 2026-02-12T17:20:52.163        0:  1379:  1379 E/zygisk-ptrace64 ] failed to find symbol munmap in /apex/com.android.runtime/lib64/bionic/libdl.so
[ 2026-02-12T17:20:52.165        0:  1379:  1379 E/zygisk-elfutil64 ] Cannot load symtabs: .symtab section or its string table not found/valid.
[ 2026-02-12T17:20:52.165        0:  1379:  1379 E/zygisk-elfutil64 ] Failed to load symtabs for linear lookup of strcmp
[ 2026-02-12T17:20:52.165        0:  1379:  1379 E/zygisk-ptrace64 ] failed to find symbol strcmp in /system/lib64/liblog.so
[ 2026-02-12T17:20:52.165        0:  1379:  1379 E/zygisk-elfutil64 ] Cannot load symtabs: .symtab section or its string table not found/valid.
[ 2026-02-12T17:20:52.165        0:  1379:  1379 E/zygisk-elfutil64 ] Failed to load symtabs for linear lookup of strcmp
[ 2026-02-12T17:20:52.165        0:  1379:  1379 E/zygisk-ptrace64 ] failed to find symbol strcmp in /apex/com.android.runtime/lib64/bionic/libm.so
[ 2026-02-12T17:20:52.165        0:  1379:  1379 E/zygisk-elfutil64 ] Cannot load symtabs: .symtab section or its string table not found/valid.
[ 2026-02-12T17:20:52.165        0:  1379:  1379 E/zygisk-elfutil64 ] Failed to load symtabs for linear lookup of strcmp
[ 2026-02-12T17:20:52.165        0:  1379:  1379 E/zygisk-ptrace64 ] failed to find symbol strcmp in /apex/com.android.runtime/lib64/bionic/libdl.so
[ 2026-02-12T17:20:52.168        0:  1379:  1379 E/zygisk-elfutil64 ] Cannot load symtabs: .symtab section or its string table not found/valid.
[ 2026-02-12T17:20:52.168        0:  1379:  1379 E/zygisk-elfutil64 ] Failed to load symtabs for linear lookup of strstr
[ 2026-02-12T17:20:52.168        0:  1379:  1379 E/zygisk-ptrace64 ] failed to find symbol strstr in /system/lib64/liblog.so
[ 2026-02-12T17:20:52.168        0:  1379:  1379 E/zygisk-elfutil64 ] Cannot load symtabs: .symtab section or its string table not found/valid.
[ 2026-02-12T17:20:52.168        0:  1379:  1379 E/zygisk-elfutil64 ] Failed to load symtabs for linear lookup of strstr
[ 2026-02-12T17:20:52.168        0:  1379:  1379 E/zygisk-ptrace64 ] failed to find symbol strstr in /apex/com.android.runtime/lib64/bionic/libm.so
[ 2026-02-12T17:20:52.168        0:  1379:  1379 E/zygisk-elfutil64 ] Cannot load symtabs: .symtab section or its string table not found/valid.
[ 2026-02-12T17:20:52.168        0:  1379:  1379 E/zygisk-elfutil64 ] Failed to load symtabs for linear lookup of strstr
[ 2026-02-12T17:20:52.168        0:  1379:  1379 E/zygisk-ptrace64 ] failed to find symbol strstr in /apex/com.android.runtime/lib64/bionic/libdl.so
[ 2026-02-12T17:20:52.169        0:  1379:  1379 E/zygisk-elfutil64 ] Cannot load symtabs: .symtab section or its string table not found/valid.
[ 2026-02-12T17:20:52.169        0:  1379:  1379 E/zygisk-elfutil64 ] Failed to load symtabs for linear lookup of dlsym
[ 2026-02-12T17:20:52.169        0:  1379:  1379 E/zygisk-ptrace64 ] failed to find symbol dlsym in /system/lib64/liblog.so
[ 2026-02-12T17:20:52.169        0:  1379:  1379 E/zygisk-elfutil64 ] Cannot load symtabs: .symtab section or its string table not found/valid.
[ 2026-02-12T17:20:52.169        0:  1379:  1379 E/zygisk-elfutil64 ] Failed to load symtabs for linear lookup of dlsym
[ 2026-02-12T17:20:52.169        0:  1379:  1379 E/zygisk-ptrace64 ] failed to find symbol dlsym in /apex/com.android.runtime/lib64/bionic/libm.so
[ 2026-02-12T17:20:52.169        0:  1379:  1379 E/zygisk-elfutil64 ] Cannot load symtabs: .symtab section or its string table not found/valid.
[ 2026-02-12T17:20:52.169        0:  1379:  1379 E/zygisk-elfutil64 ] Failed to load symtabs for linear lookup of dlopen
[ 2026-02-12T17:20:52.169        0:  1379:  1379 E/zygisk-ptrace64 ] failed to find symbol dlopen in /system/lib64/liblog.so
[ 2026-02-12T17:20:52.169        0:  1379:  1379 E/zygisk-elfutil64 ] Cannot load symtabs: .symtab section or its string table not found/valid.
[ 2026-02-12T17:20:52.169        0:  1379:  1379 E/zygisk-elfutil64 ] Failed to load symtabs for linear lookup of dlopen
[ 2026-02-12T17:20:52.169        0:  1379:  1379 E/zygisk-ptrace64 ] failed to find symbol dlopen in /apex/com.android.runtime/lib64/bionic/libm.so
[ 2026-02-12T17:20:52.169        0:  1379:  1379 E/zygisk-elfutil64 ] Cannot load symtabs: .symtab section or its string table not found/valid.
[ 2026-02-12T17:20:52.169        0:  1379:  1379 E/zygisk-elfutil64 ] Failed to load symtabs for linear lookup of dlerror
[ 2026-02-12T17:20:52.169        0:  1379:  1379 E/zygisk-ptrace64 ] failed to find symbol dlerror in /system/lib64/liblog.so
[ 2026-02-12T17:20:52.169        0:  1379:  1379 E/zygisk-elfutil64 ] Cannot load symtabs: .symtab section or its string table not found/valid.
[ 2026-02-12T17:20:52.169        0:  1379:  1379 E/zygisk-elfutil64 ] Failed to load symtabs for linear lookup of dlerror
[ 2026-02-12T17:20:52.169        0:  1379:  1379 E/zygisk-ptrace64 ] failed to find symbol dlerror in /apex/com.android.runtime/lib64/bionic/libm.so
[ 2026-02-12T17:20:52.169        0:  1379:  1379 E/zygisk-elfutil64 ] Cannot load symtabs: .symtab section or its string table not found/valid.
[ 2026-02-12T17:20:52.169        0:  1379:  1379 E/zygisk-elfutil64 ] Failed to load symtabs for linear lookup of dlclose
[ 2026-02-12T17:20:52.169        0:  1379:  1379 E/zygisk-ptrace64 ] failed to find symbol dlclose in /system/lib64/liblog.so
[ 2026-02-12T17:20:52.169        0:  1379:  1379 E/zygisk-elfutil64 ] Cannot load symtabs: .symtab section or its string table not found/valid.
[ 2026-02-12T17:20:52.169        0:  1379:  1379 E/zygisk-elfutil64 ] Failed to load symtabs for linear lookup of dlclose
[ 2026-02-12T17:20:52.169        0:  1379:  1379 E/zygisk-ptrace64 ] failed to find symbol dlclose in /apex/com.android.runtime/lib64/bionic/libm.so
[ 2026-02-12T17:20:52.169        0:  1379:  1379 E/zygisk-elfutil64 ] Cannot load symtabs: .symtab section or its string table not found/valid.
[ 2026-02-12T17:20:52.169        0:  1379:  1379 E/zygisk-elfutil64 ] Failed to load symtabs for linear lookup of pthread_mutex_init
[ 2026-02-12T17:20:52.169        0:  1379:  1379 E/zygisk-ptrace64 ] failed to find symbol pthread_mutex_init in /system/lib64/liblog.so
[ 2026-02-12T17:20:52.169        0:  1379:  1379 E/zygisk-elfutil64 ] Cannot load symtabs: .symtab section or its string table not found/valid.
[ 2026-02-12T17:20:52.169        0:  1379:  1379 E/zygisk-elfutil64 ] Failed to load symtabs for linear lookup of pthread_mutex_init
[ 2026-02-12T17:20:52.169        0:  1379:  1379 E/zygisk-ptrace64 ] failed to find symbol pthread_mutex_init in /apex/com.android.runtime/lib64/bionic/libm.so
[ 2026-02-12T17:20:52.169        0:  1379:  1379 E/zygisk-elfutil64 ] Cannot load symtabs: .symtab section or its string table not found/valid.
[ 2026-02-12T17:20:52.169        0:  1379:  1379 E/zygisk-elfutil64 ] Failed to load symtabs for linear lookup of pthread_mutex_init
[ 2026-02-12T17:20:52.169        0:  1379:  1379 E/zygisk-ptrace64 ] failed to find symbol pthread_mutex_init in /apex/com.android.runtime/lib64/bionic/libdl.so
[ 2026-02-12T17:20:52.170        0:  1379:  1379 E/zygisk-elfutil64 ] Cannot load symtabs: .symtab section or its string table not found/valid.
[ 2026-02-12T17:20:52.170        0:  1379:  1379 E/zygisk-elfutil64 ] Failed to load symtabs for linear lookup of opendir
[ 2026-02-12T17:20:52.170        0:  1379:  1379 E/zygisk-ptrace64 ] failed to find symbol opendir in /system/lib64/liblog.so
[ 2026-02-12T17:20:52.171        0:  1379:  1379 E/zygisk-elfutil64 ] Cannot load symtabs: .symtab section or its string table not found/valid.
[ 2026-02-12T17:20:52.171        0:  1379:  1379 E/zygisk-elfutil64 ] Failed to load symtabs for linear lookup of opendir
[ 2026-02-12T17:20:52.171        0:  1379:  1379 E/zygisk-ptrace64 ] failed to find symbol opendir in /apex/com.android.runtime/lib64/bionic/libm.so
[ 2026-02-12T17:20:52.171        0:  1379:  1379 E/zygisk-elfutil64 ] Cannot load symtabs: .symtab section or its string table not found/valid.
[ 2026-02-12T17:20:52.171        0:  1379:  1379 E/zygisk-elfutil64 ] Failed to load symtabs for linear lookup of opendir
[ 2026-02-12T17:20:52.171        0:  1379:  1379 E/zygisk-ptrace64 ] failed to find symbol opendir in /apex/com.android.runtime/lib64/bionic/libdl.so
[ 2026-02-12T17:20:52.171        0:  1379:  1379 E/zygisk-elfutil64 ] Cannot load symtabs: .symtab section or its string table not found/valid.
[ 2026-02-12T17:20:52.171        0:  1379:  1379 E/zygisk-elfutil64 ] Failed to load symtabs for linear lookup of __errno
[ 2026-02-12T17:20:52.171        0:  1379:  1379 E/zygisk-ptrace64 ] failed to find symbol __errno in /system/lib64/liblog.so
[ 2026-02-12T17:20:52.171        0:  1379:  1379 E/zygisk-elfutil64 ] Cannot load symtabs: .symtab section or its string table not found/valid.
[ 2026-02-12T17:20:52.172        0:  1379:  1379 E/zygisk-elfutil64 ] Failed to load symtabs for linear lookup of __errno
[ 2026-02-12T17:20:52.172        0:  1379:  1379 E/zygisk-ptrace64 ] failed to find symbol __errno in /apex/com.android.runtime/lib64/bionic/libm.so
[ 2026-02-12T17:20:52.172        0:  1379:  1379 E/zygisk-elfutil64 ] Cannot load symtabs: .symtab section or its string table not found/valid.
[ 2026-02-12T17:20:52.172        0:  1379:  1379 E/zygisk-elfutil64 ] Failed to load symtabs for linear lookup of __errno
[ 2026-02-12T17:20:52.172        0:  1379:  1379 E/zygisk-ptrace64 ] failed to find symbol __errno in /apex/com.android.runtime/lib64/bionic/libdl.so
[ 2026-02-12T17:20:52.172        0:  1379:  1379 E/zygisk-elfutil64 ] Cannot load symtabs: .symtab section or its string table not found/valid.
[ 2026-02-12T17:20:52.172        0:  1379:  1379 E/zygisk-elfutil64 ] Failed to load symtabs for linear lookup of strerror
[ 2026-02-12T17:20:52.172        0:  1379:  1379 E/zygisk-ptrace64 ] failed to find symbol strerror in /system/lib64/liblog.so
[ 2026-02-12T17:20:52.172        0:  1379:  1379 E/zygisk-elfutil64 ] Cannot load symtabs: .symtab section or its string table not found/valid.
[ 2026-02-12T17:20:52.172        0:  1379:  1379 E/zygisk-elfutil64 ] Failed to load symtabs for linear lookup of strerror
[ 2026-02-12T17:20:52.172        0:  1379:  1379 E/zygisk-ptrace64 ] failed to find symbol strerror in /apex/com.android.runtime/lib64/bionic/libm.so
[ 2026-02-12T17:20:52.172        0:  1379:  1379 E/zygisk-elfutil64 ] Cannot load symtabs: .symtab section or its string table not found/valid.
[ 2026-02-12T17:20:52.172        0:  1379:  1379 E/zygisk-elfutil64 ] Failed to load symtabs for linear lookup of strerror
[ 2026-02-12T17:20:52.172        0:  1379:  1379 E/zygisk-ptrace64 ] failed to find symbol strerror in /apex/com.android.runtime/lib64/bionic/libdl.so
[ 2026-02-12T17:20:52.173        0:  1379:  1379 E/zygisk-elfutil64 ] Cannot load symtabs: .symtab section or its string table not found/valid.
[ 2026-02-12T17:20:52.173        0:  1379:  1379 E/zygisk-elfutil64 ] Failed to load symtabs for linear lookup of readdir
[ 2026-02-12T17:20:52.173        0:  1379:  1379 E/zygisk-ptrace64 ] failed to find symbol readdir in /system/lib64/liblog.so
[ 2026-02-12T17:20:52.173        0:  1379:  1379 E/zygisk-elfutil64 ] Cannot load symtabs: .symtab section or its string table not found/valid.
[ 2026-02-12T17:20:52.173        0:  1379:  1379 E/zygisk-elfutil64 ] Failed to load symtabs for linear lookup of readdir
[ 2026-02-12T17:20:52.173        0:  1379:  1379 E/zygisk-ptrace64 ] failed to find symbol readdir in /apex/com.android.runtime/lib64/bionic/libm.so
[ 2026-02-12T17:20:52.174        0:  1379:  1379 E/zygisk-elfutil64 ] Cannot load symtabs: .symtab section or its string table not found/valid.
[ 2026-02-12T17:20:52.174        0:  1379:  1379 E/zygisk-elfutil64 ] Failed to load symtabs for linear lookup of readdir
[ 2026-02-12T17:20:52.174        0:  1379:  1379 E/zygisk-ptrace64 ] failed to find symbol readdir in /apex/com.android.runtime/lib64/bionic/libdl.so
[ 2026-02-12T17:20:52.175        0:  1379:  1379 E/zygisk-elfutil64 ] Cannot load symtabs: .symtab section or its string table not found/valid.
[ 2026-02-12T17:20:52.175        0:  1379:  1379 E/zygisk-elfutil64 ] Failed to load symtabs for linear lookup of dirfd
[ 2026-02-12T17:20:52.175        0:  1379:  1379 E/zygisk-ptrace64 ] failed to find symbol dirfd in /system/lib64/liblog.so
[ 2026-02-12T17:20:52.175        0:  1379:  1379 E/zygisk-elfutil64 ] Cannot load symtabs: .symtab section or its string table not found/valid.
[ 2026-02-12T17:20:52.175        0:  1379:  1379 E/zygisk-elfutil64 ] Failed to load symtabs for linear lookup of dirfd
[ 2026-02-12T17:20:52.175        0:  1379:  1379 E/zygisk-ptrace64 ] failed to find symbol dirfd in /apex/com.android.runtime/lib64/bionic/libm.so
[ 2026-02-12T17:20:52.175        0:  1379:  1379 E/zygisk-elfutil64 ] Cannot load symtabs: .symtab section or its string table not found/valid.
[ 2026-02-12T17:20:52.175        0:  1379:  1379 E/zygisk-elfutil64 ] Failed to load symtabs for linear lookup of dirfd
[ 2026-02-12T17:20:52.175        0:  1379:  1379 E/zygisk-ptrace64 ] failed to find symbol dirfd in /apex/com.android.runtime/lib64/bionic/libdl.so
[ 2026-02-12T17:20:52.176        0:  1379:  1379 E/zygisk-elfutil64 ] Cannot load symtabs: .symtab section or its string table not found/valid.
[ 2026-02-12T17:20:52.176        0:  1379:  1379 E/zygisk-elfutil64 ] Failed to load symtabs for linear lookup of closedir
[ 2026-02-12T17:20:52.176        0:  1379:  1379 E/zygisk-ptrace64 ] failed to find symbol closedir in /system/lib64/liblog.so
[ 2026-02-12T17:20:52.179        0:  1379:  1379 E/zygisk-elfutil64 ] Cannot load symtabs: .symtab section or its string table not found/valid.
[ 2026-02-12T17:20:52.179        0:  1379:  1379 E/zygisk-elfutil64 ] Failed to load symtabs for linear lookup of closedir
[ 2026-02-12T17:20:52.179        0:  1379:  1379 E/zygisk-ptrace64 ] failed to find symbol closedir in /apex/com.android.runtime/lib64/bionic/libm.so
[ 2026-02-12T17:20:52.179        0:  1379:  1379 E/zygisk-elfutil64 ] Cannot load symtabs: .symtab section or its string table not found/valid.
[ 2026-02-12T17:20:52.179        0:  1379:  1379 E/zygisk-elfutil64 ] Failed to load symtabs for linear lookup of closedir
[ 2026-02-12T17:20:52.179        0:  1379:  1379 E/zygisk-ptrace64 ] failed to find symbol closedir in /apex/com.android.runtime/lib64/bionic/libdl.so
[ 2026-02-12T17:20:52.180        0:  1379:  1379 E/zygisk-elfutil64 ] Cannot load symtabs: .symtab section or its string table not found/valid.
[ 2026-02-12T17:20:52.180        0:  1379:  1379 E/zygisk-elfutil64 ] Failed to load symtabs for linear lookup of sigemptyset
[ 2026-02-12T17:20:52.180        0:  1379:  1379 E/zygisk-ptrace64 ] failed to find symbol sigemptyset in /system/lib64/liblog.so
[ 2026-02-12T17:20:52.180        0:  1379:  1379 E/zygisk-elfutil64 ] Cannot load symtabs: .symtab section or its string table not found/valid.
[ 2026-02-12T17:20:52.180        0:  1379:  1379 E/zygisk-elfutil64 ] Failed to load symtabs for linear lookup of sigemptyset
[ 2026-02-12T17:20:52.180        0:  1379:  1379 E/zygisk-ptrace64 ] failed to find symbol sigemptyset in /apex/com.android.runtime/lib64/bionic/libm.so
[ 2026-02-12T17:20:52.180        0:  1379:  1379 E/zygisk-elfutil64 ] Cannot load symtabs: .symtab section or its string table not found/valid.
[ 2026-02-12T17:20:52.180        0:  1379:  1379 E/zygisk-elfutil64 ] Failed to load symtabs for linear lookup of sigemptyset
[ 2026-02-12T17:20:52.180        0:  1379:  1379 E/zygisk-ptrace64 ] failed to find symbol sigemptyset in /apex/com.android.runtime/lib64/bionic/libdl.so
[ 2026-02-12T17:20:52.181        0:  1379:  1379 E/zygisk-elfutil64 ] Cannot load symtabs: .symtab section or its string table not found/valid.
[ 2026-02-12T17:20:52.181        0:  1379:  1379 E/zygisk-elfutil64 ] Failed to load symtabs for linear lookup of sigaddset
[ 2026-02-12T17:20:52.182        0:  1379:  1379 E/zygisk-ptrace64 ] failed to find symbol sigaddset in /system/lib64/liblog.so
[ 2026-02-12T17:20:52.182        0:  1379:  1379 E/zygisk-elfutil64 ] Cannot load symtabs: .symtab section or its string table not found/valid.
[ 2026-02-12T17:20:52.182        0:  1379:  1379 E/zygisk-elfutil64 ] Failed to load symtabs for linear lookup of sigaddset
[ 2026-02-12T17:20:52.182        0:  1379:  1379 E/zygisk-ptrace64 ] failed to find symbol sigaddset in /apex/com.android.runtime/lib64/bionic/libm.so
[ 2026-02-12T17:20:52.182        0:  1379:  1379 E/zygisk-elfutil64 ] Cannot load symtabs: .symtab section or its string table not found/valid.
[ 2026-02-12T17:20:52.182        0:  1379:  1379 E/zygisk-elfutil64 ] Failed to load symtabs for linear lookup of sigaddset
[ 2026-02-12T17:20:52.182        0:  1379:  1379 E/zygisk-ptrace64 ] failed to find symbol sigaddset in /apex/com.android.runtime/lib64/bionic/libdl.so
[ 2026-02-12T17:20:52.182        0:  1379:  1379 E/zygisk-elfutil64 ] Cannot load symtabs: .symtab section or its string table not found/valid.
[ 2026-02-12T17:20:52.182        0:  1379:  1379 E/zygisk-elfutil64 ] Failed to load symtabs for linear lookup of sigprocmask
[ 2026-02-12T17:20:52.182        0:  1379:  1379 E/zygisk-ptrace64 ] failed to find symbol sigprocmask in /system/lib64/liblog.so
[ 2026-02-12T17:20:52.182        0:  1379:  1379 E/zygisk-elfutil64 ] Cannot load symtabs: .symtab section or its string table not found/valid.
[ 2026-02-12T17:20:52.182        0:  1379:  1379 E/zygisk-elfutil64 ] Failed to load symtabs for linear lookup of sigprocmask
[ 2026-02-12T17:20:52.182        0:  1379:  1379 E/zygisk-ptrace64 ] failed to find symbol sigprocmask in /apex/com.android.runtime/lib64/bionic/libm.so
[ 2026-02-12T17:20:52.182        0:  1379:  1379 E/zygisk-elfutil64 ] Cannot load symtabs: .symtab section or its string table not found/valid.
[ 2026-02-12T17:20:52.182        0:  1379:  1379 E/zygisk-elfutil64 ] Failed to load symtabs for linear lookup of sigprocmask
[ 2026-02-12T17:20:52.182        0:  1379:  1379 E/zygisk-ptrace64 ] failed to find symbol sigprocmask in /apex/com.android.runtime/lib64/bionic/libdl.so
[ 2026-02-12T17:20:52.182        0:  1379:  1379 E/zygisk-elfutil64 ] Cannot load symtabs: .symtab section or its string table not found/valid.
[ 2026-02-12T17:20:52.182        0:  1379:  1379 E/zygisk-elfutil64 ] Failed to load symtabs for linear lookup of stat
[ 2026-02-12T17:20:52.182        0:  1379:  1379 E/zygisk-ptrace64 ] failed to find symbol stat in /system/lib64/liblog.so
[ 2026-02-12T17:20:52.183        0:  1379:  1379 E/zygisk-elfutil64 ] Cannot load symtabs: .symtab section or its string table not found/valid.
[ 2026-02-12T17:20:52.183        0:  1379:  1379 E/zygisk-elfutil64 ] Failed to load symtabs for linear lookup of stat
[ 2026-02-12T17:20:52.183        0:  1379:  1379 E/zygisk-ptrace64 ] failed to find symbol stat in /apex/com.android.runtime/lib64/bionic/libm.so
[ 2026-02-12T17:20:52.183        0:  1379:  1379 E/zygisk-elfutil64 ] Cannot load symtabs: .symtab section or its string table not found/valid.
[ 2026-02-12T17:20:52.183        0:  1379:  1379 E/zygisk-elfutil64 ] Failed to load symtabs for linear lookup of stat
[ 2026-02-12T17:20:52.183        0:  1379:  1379 E/zygisk-ptrace64 ] failed to find symbol stat in /apex/com.android.runtime/lib64/bionic/libdl.so
[ 2026-02-12T17:20:52.183        0:  1379:  1379 E/zygisk-elfutil64 ] Cannot load symtabs: .symtab section or its string table not found/valid.
[ 2026-02-12T17:20:52.183        0:  1379:  1379 E/zygisk-elfutil64 ] Failed to load symtabs for linear lookup of setenv
[ 2026-02-12T17:20:52.183        0:  1379:  1379 E/zygisk-ptrace64 ] failed to find symbol setenv in /system/lib64/liblog.so
[ 2026-02-12T17:20:52.183        0:  1379:  1379 E/zygisk-elfutil64 ] Cannot load symtabs: .symtab section or its string table not found/valid.
[ 2026-02-12T17:20:52.183        0:  1379:  1379 E/zygisk-elfutil64 ] Failed to load symtabs for linear lookup of setenv
[ 2026-02-12T17:20:52.183        0:  1379:  1379 E/zygisk-ptrace64 ] failed to find symbol setenv in /apex/com.android.runtime/lib64/bionic/libm.so
[ 2026-02-12T17:20:52.183        0:  1379:  1379 E/zygisk-elfutil64 ] Cannot load symtabs: .symtab section or its string table not found/valid.
[ 2026-02-12T17:20:52.183        0:  1379:  1379 E/zygisk-elfutil64 ] Failed to load symtabs for linear lookup of setenv
[ 2026-02-12T17:20:52.183        0:  1379:  1379 E/zygisk-ptrace64 ] failed to find symbol setenv in /apex/com.android.runtime/lib64/bionic/libdl.so
[ 2026-02-12T17:20:52.183        0:  1379:  1379 E/zygisk-elfutil64 ] Cannot load symtabs: .symtab section or its string table not found/valid.
[ 2026-02-12T17:20:52.183        0:  1379:  1379 E/zygisk-elfutil64 ] Failed to load symtabs for linear lookup of setns
[ 2026-02-12T17:20:52.183        0:  1379:  1379 E/zygisk-ptrace64 ] failed to find symbol setns in /system/lib64/liblog.so
[ 2026-02-12T17:20:52.183        0:  1379:  1379 E/zygisk-elfutil64 ] Cannot load symtabs: .symtab section or its string table not found/valid.
[ 2026-02-12T17:20:52.183        0:  1379:  1379 E/zygisk-elfutil64 ] Failed to load symtabs for linear lookup of setns
[ 2026-02-12T17:20:52.183        0:  1379:  1379 E/zygisk-ptrace64 ] failed to find symbol setns in /apex/com.android.runtime/lib64/bionic/libm.so
[ 2026-02-12T17:20:52.183        0:  1379:  1379 E/zygisk-elfutil64 ] Cannot load symtabs: .symtab section or its string table not found/valid.
[ 2026-02-12T17:20:52.183        0:  1379:  1379 E/zygisk-elfutil64 ] Failed to load symtabs for linear lookup of setns
[ 2026-02-12T17:20:52.183        0:  1379:  1379 E/zygisk-ptrace64 ] failed to find symbol setns in /apex/com.android.runtime/lib64/bionic/libdl.so
[ 2026-02-12T17:20:52.183        0:  1379:  1379 E/zygisk-elfutil64 ] Cannot load symtabs: .symtab section or its string table not found/valid.
[ 2026-02-12T17:20:52.183        0:  1379:  1379 E/zygisk-elfutil64 ] Failed to load symtabs for linear lookup of __open_2
[ 2026-02-12T17:20:52.183        0:  1379:  1379 E/zygisk-ptrace64 ] failed to find symbol __open_2 in /system/lib64/liblog.so
[ 2026-02-12T17:20:52.183        0:  1379:  1379 E/zygisk-elfutil64 ] Cannot load symtabs: .symtab section or its string table not found/valid.
[ 2026-02-12T17:20:52.185        0:  1379:  1379 E/zygisk-elfutil64 ] Failed to load symtabs for linear lookup of __open_2
[ 2026-02-12T17:20:52.185        0:  1379:  1379 E/zygisk-ptrace64 ] failed to find symbol __open_2 in /apex/com.android.runtime/lib64/bionic/libm.so
[ 2026-02-12T17:20:52.185        0:  1379:  1379 E/zygisk-elfutil64 ] Cannot load symtabs: .symtab section or its string table not found/valid.
[ 2026-02-12T17:20:52.185        0:  1379:  1379 E/zygisk-elfutil64 ] Failed to load symtabs for linear lookup of __open_2
[ 2026-02-12T17:20:52.185        0:  1379:  1379 E/zygisk-ptrace64 ] failed to find symbol __open_2 in /apex/com.android.runtime/lib64/bionic/libdl.so
[ 2026-02-12T17:20:52.185        0:  1379:  1379 E/zygisk-elfutil64 ] Cannot load symtabs: .symtab section or its string table not found/valid.
[ 2026-02-12T17:20:52.185        0:  1379:  1379 E/zygisk-elfutil64 ] Failed to load symtabs for linear lookup of pthread_mutex_destroy
[ 2026-02-12T17:20:52.185        0:  1379:  1379 E/zygisk-ptrace64 ] failed to find symbol pthread_mutex_destroy in /system/lib64/liblog.so
[ 2026-02-12T17:20:52.185        0:  1379:  1379 E/zygisk-elfutil64 ] Cannot load symtabs: .symtab section or its string table not found/valid.
[ 2026-02-12T17:20:52.185        0:  1379:  1379 E/zygisk-elfutil64 ] Failed to load symtabs for linear lookup of pthread_mutex_destroy
[ 2026-02-12T17:20:52.185        0:  1379:  1379 E/zygisk-ptrace64 ] failed to find symbol pthread_mutex_destroy in /apex/com.android.runtime/lib64/bionic/libm.so
[ 2026-02-12T17:20:52.185        0:  1379:  1379 E/zygisk-elfutil64 ] Cannot load symtabs: .symtab section or its string table not found/valid.
[ 2026-02-12T17:20:52.185        0:  1379:  1379 E/zygisk-elfutil64 ] Failed to load symtabs for linear lookup of pthread_mutex_destroy
[ 2026-02-12T17:20:52.185        0:  1379:  1379 E/zygisk-ptrace64 ] failed to find symbol pthread_mutex_destroy in /apex/com.android.runtime/lib64/bionic/libdl.so
[ 2026-02-12T17:20:52.186        0:  1379:  1379 E/zygisk-elfutil64 ] Cannot load symtabs: .symtab section or its string table not found/valid.
[ 2026-02-12T17:20:52.186        0:  1379:  1379 E/zygisk-elfutil64 ] Failed to load symtabs for linear lookup of realloc
[ 2026-02-12T17:20:52.186        0:  1379:  1379 E/zygisk-ptrace64 ] failed to find symbol realloc in /system/lib64/liblog.so
[ 2026-02-12T17:20:52.186        0:  1379:  1379 E/zygisk-elfutil64 ] Cannot load symtabs: .symtab section or its string table not found/valid.
[ 2026-02-12T17:20:52.186        0:  1379:  1379 E/zygisk-elfutil64 ] Failed to load symtabs for linear lookup of realloc
[ 2026-02-12T17:20:52.186        0:  1379:  1379 E/zygisk-ptrace64 ] failed to find symbol realloc in /apex/com.android.runtime/lib64/bionic/libm.so
[ 2026-02-12T17:20:52.186        0:  1379:  1379 E/zygisk-elfutil64 ] Cannot load symtabs: .symtab section or its string table not found/valid.
[ 2026-02-12T17:20:52.186        0:  1379:  1379 E/zygisk-elfutil64 ] Failed to load symtabs for linear lookup of realloc
[ 2026-02-12T17:20:52.186        0:  1379:  1379 E/zygisk-ptrace64 ] failed to find symbol realloc in /apex/com.android.runtime/lib64/bionic/libdl.so
[ 2026-02-12T17:20:52.186        0:  1379:  1379 E/zygisk-elfutil64 ] Cannot load symtabs: .symtab section or its string table not found/valid.
[ 2026-02-12T17:20:52.186        0:  1379:  1379 E/zygisk-elfutil64 ] Failed to load symtabs for linear lookup of strdup
[ 2026-02-12T17:20:52.186        0:  1379:  1379 E/zygisk-ptrace64 ] failed to find symbol strdup in /system/lib64/liblog.so
[ 2026-02-12T17:20:52.186        0:  1379:  1379 E/zygisk-elfutil64 ] Cannot load symtabs: .symtab section or its string table not found/valid.
[ 2026-02-12T17:20:52.186        0:  1379:  1379 E/zygisk-elfutil64 ] Failed to load symtabs for linear lookup of strdup
[ 2026-02-12T17:20:52.186        0:  1379:  1379 E/zygisk-ptrace64 ] failed to find symbol strdup in /apex/com.android.runtime/lib64/bionic/libm.so
[ 2026-02-12T17:20:52.186        0:  1379:  1379 E/zygisk-elfutil64 ] Cannot load symtabs: .symtab section or its string table not found/valid.
[ 2026-02-12T17:20:52.186        0:  1379:  1379 E/zygisk-elfutil64 ] Failed to load symtabs for linear lookup of strdup
[ 2026-02-12T17:20:52.186        0:  1379:  1379 E/zygisk-ptrace64 ] failed to find symbol strdup in /apex/com.android.runtime/lib64/bionic/libdl.so
[ 2026-02-12T17:20:52.186        0:  1379:  1379 E/zygisk-elfutil64 ] Cannot load symtabs: .symtab section or its string table not found/valid.
[ 2026-02-12T17:20:52.186        0:  1379:  1379 E/zygisk-elfutil64 ] Failed to load symtabs for linear lookup of malloc
[ 2026-02-12T17:20:52.186        0:  1379:  1379 E/zygisk-ptrace64 ] failed to find symbol malloc in /system/lib64/liblog.so
[ 2026-02-12T17:20:52.186        0:  1379:  1379 E/zygisk-elfutil64 ] Cannot load symtabs: .symtab section or its string table not found/valid.
[ 2026-02-12T17:20:52.186        0:  1379:  1379 E/zygisk-elfutil64 ] Failed to load symtabs for linear lookup of malloc
[ 2026-02-12T17:20:52.186        0:  1379:  1379 E/zygisk-ptrace64 ] failed to find symbol malloc in /apex/com.android.runtime/lib64/bionic/libm.so
[ 2026-02-12T17:20:52.188        0:  1379:  1379 E/zygisk-elfutil64 ] Cannot load symtabs: .symtab section or its string table not found/valid.
[ 2026-02-12T17:20:52.188        0:  1379:  1379 E/zygisk-elfutil64 ] Failed to load symtabs for linear lookup of malloc
[ 2026-02-12T17:20:52.188        0:  1379:  1379 E/zygisk-ptrace64 ] failed to find symbol malloc in /apex/com.android.runtime/lib64/bionic/libdl.so
[ 2026-02-12T17:20:52.188        0:  1379:  1379 E/zygisk-elfutil64 ] Cannot load symtabs: .symtab section or its string table not found/valid.
[ 2026-02-12T17:20:52.188        0:  1379:  1379 E/zygisk-elfutil64 ] Failed to load symtabs for linear lookup of regcomp
[ 2026-02-12T17:20:52.188        0:  1379:  1379 E/zygisk-ptrace64 ] failed to find symbol regcomp in /system/lib64/liblog.so
[ 2026-02-12T17:20:52.188        0:  1379:  1379 E/zygisk-elfutil64 ] Cannot load symtabs: .symtab section or its string table not found/valid.
[ 2026-02-12T17:20:52.188        0:  1379:  1379 E/zygisk-elfutil64 ] Failed to load symtabs for linear lookup of regcomp
[ 2026-02-12T17:20:52.188        0:  1379:  1379 E/zygisk-ptrace64 ] failed to find symbol regcomp in /apex/com.android.runtime/lib64/bionic/libm.so
[ 2026-02-12T17:20:52.188        0:  1379:  1379 E/zygisk-elfutil64 ] Cannot load symtabs: .symtab section or its string table not found/valid.
[ 2026-02-12T17:20:52.188        0:  1379:  1379 E/zygisk-elfutil64 ] Failed to load symtabs for linear lookup of regcomp
[ 2026-02-12T17:20:52.188        0:  1379:  1379 E/zygisk-ptrace64 ] failed to find symbol regcomp in /apex/com.android.runtime/lib64/bionic/libdl.so
[ 2026-02-12T17:20:52.188        0:  1379:  1379 E/zygisk-elfutil64 ] Cannot load symtabs: .symtab section or its string table not found/valid.
[ 2026-02-12T17:20:52.188        0:  1379:  1379 E/zygisk-elfutil64 ] Failed to load symtabs for linear lookup of pthread_mutex_lock
[ 2026-02-12T17:20:52.188        0:  1379:  1379 E/zygisk-ptrace64 ] failed to find symbol pthread_mutex_lock in /system/lib64/liblog.so
[ 2026-02-12T17:20:52.188        0:  1379:  1379 E/zygisk-elfutil64 ] Cannot load symtabs: .symtab section or its string table not found/valid.
[ 2026-02-12T17:20:52.188        0:  1379:  1379 E/zygisk-elfutil64 ] Failed to load symtabs for linear lookup of pthread_mutex_lock
[ 2026-02-12T17:20:52.188        0:  1379:  1379 E/zygisk-ptrace64 ] failed to find symbol pthread_mutex_lock in /apex/com.android.runtime/lib64/bionic/libm.so
[ 2026-02-12T17:20:52.197        0:  1379:  1379 E/zygisk-elfutil64 ] Cannot load symtabs: .symtab section or its string table not found/valid.
[ 2026-02-12T17:20:52.197        0:  1379:  1379 E/zygisk-elfutil64 ] Failed to load symtabs for linear lookup of pthread_mutex_lock
[ 2026-02-12T17:20:52.197        0:  1379:  1379 E/zygisk-ptrace64 ] failed to find symbol pthread_mutex_lock in /apex/com.android.runtime/lib64/bionic/libdl.so
[ 2026-02-12T17:20:52.197        0:  1379:  1379 E/zygisk-elfutil64 ] Cannot load symtabs: .symtab section or its string table not found/valid.
[ 2026-02-12T17:20:52.197        0:  1379:  1379 E/zygisk-elfutil64 ] Failed to load symtabs for linear lookup of pthread_mutex_unlock
[ 2026-02-12T17:20:52.197        0:  1379:  1379 E/zygisk-ptrace64 ] failed to find symbol pthread_mutex_unlock in /system/lib64/liblog.so
[ 2026-02-12T17:20:52.197        0:  1379:  1379 E/zygisk-elfutil64 ] Cannot load symtabs: .symtab section or its string table not found/valid.
[ 2026-02-12T17:20:52.197        0:  1379:  1379 E/zygisk-elfutil64 ] Failed to load symtabs for linear lookup of pthread_mutex_unlock
[ 2026-02-12T17:20:52.197        0:  1379:  1379 E/zygisk-ptrace64 ] failed to find symbol pthread_mutex_unlock in /apex/com.android.runtime/lib64/bionic/libm.so
[ 2026-02-12T17:20:52.197        0:  1379:  1379 E/zygisk-elfutil64 ] Cannot load symtabs: .symtab section or its string table not found/valid.
[ 2026-02-12T17:20:52.197        0:  1379:  1379 E/zygisk-elfutil64 ] Failed to load symtabs for linear lookup of pthread_mutex_unlock
[ 2026-02-12T17:20:52.197        0:  1379:  1379 E/zygisk-ptrace64 ] failed to find symbol pthread_mutex_unlock in /apex/com.android.runtime/lib64/bionic/libdl.so
[ 2026-02-12T17:20:52.197        0:  1379:  1379 E/zygisk-elfutil64 ] Cannot load symtabs: .symtab section or its string table not found/valid.
[ 2026-02-12T17:20:52.197        0:  1379:  1379 E/zygisk-elfutil64 ] Failed to load symtabs for linear lookup of regexec
[ 2026-02-12T17:20:52.197        0:  1379:  1379 E/zygisk-ptrace64 ] failed to find symbol regexec in /system/lib64/liblog.so
[ 2026-02-12T17:20:52.197        0:  1379:  1379 E/zygisk-elfutil64 ] Cannot load symtabs: .symtab section or its string table not found/valid.
[ 2026-02-12T17:20:52.197        0:  1379:  1379 E/zygisk-elfutil64 ] Failed to load symtabs for linear lookup of regexec
[ 2026-02-12T17:20:52.197        0:  1379:  1379 E/zygisk-ptrace64 ] failed to find symbol regexec in /apex/com.android.runtime/lib64/bionic/libm.so
[ 2026-02-12T17:20:52.198        0:  1379:  1379 E/zygisk-elfutil64 ] Cannot load symtabs: .symtab section or its string table not found/valid.
[ 2026-02-12T17:20:52.198        0:  1379:  1379 E/zygisk-elfutil64 ] Failed to load symtabs for linear lookup of regexec
[ 2026-02-12T17:20:52.198        0:  1379:  1379 E/zygisk-ptrace64 ] failed to find symbol regexec in /apex/com.android.runtime/lib64/bionic/libdl.so
[ 2026-02-12T17:20:52.198        0:  1379:  1379 E/zygisk-elfutil64 ] Cannot load symtabs: .symtab section or its string table not found/valid.
[ 2026-02-12T17:20:52.198        0:  1379:  1379 E/zygisk-elfutil64 ] Failed to load symtabs for linear lookup of regfree
[ 2026-02-12T17:20:52.198        0:  1379:  1379 E/zygisk-ptrace64 ] failed to find symbol regfree in /system/lib64/liblog.so
[ 2026-02-12T17:20:52.198        0:  1379:  1379 E/zygisk-elfutil64 ] Cannot load symtabs: .symtab section or its string table not found/valid.
[ 2026-02-12T17:20:52.198        0:  1379:  1379 E/zygisk-elfutil64 ] Failed to load symtabs for linear lookup of regfree
[ 2026-02-12T17:20:52.198        0:  1379:  1379 E/zygisk-ptrace64 ] failed to find symbol regfree in /apex/com.android.runtime/lib64/bionic/libm.so
[ 2026-02-12T17:20:52.198        0:  1379:  1379 E/zygisk-elfutil64 ] Cannot load symtabs: .symtab section or its string table not found/valid.
[ 2026-02-12T17:20:52.198        0:  1379:  1379 E/zygisk-elfutil64 ] Failed to load symtabs for linear lookup of regfree
[ 2026-02-12T17:20:52.198        0:  1379:  1379 E/zygisk-ptrace64 ] failed to find symbol regfree in /apex/com.android.runtime/lib64/bionic/libdl.so
[ 2026-02-12T17:20:52.198        0:  1379:  1379 E/zygisk-elfutil64 ] Cannot load symtabs: .symtab section or its string table not found/valid.
[ 2026-02-12T17:20:52.198        0:  1379:  1379 E/zygisk-elfutil64 ] Failed to load symtabs for linear lookup of prctl
[ 2026-02-12T17:20:52.198        0:  1379:  1379 E/zygisk-ptrace64 ] failed to find symbol prctl in /system/lib64/liblog.so
[ 2026-02-12T17:20:52.198        0:  1379:  1379 E/zygisk-elfutil64 ] Cannot load symtabs: .symtab section or its string table not found/valid.
[ 2026-02-12T17:20:52.198        0:  1379:  1379 E/zygisk-elfutil64 ] Failed to load symtabs for linear lookup of prctl
[ 2026-02-12T17:20:52.198        0:  1379:  1379 E/zygisk-ptrace64 ] failed to find symbol prctl in /apex/com.android.runtime/lib64/bionic/libm.so
[ 2026-02-12T17:20:52.199        0:  1379:  1379 E/zygisk-elfutil64 ] Cannot load symtabs: .symtab section or its string table not found/valid.
[ 2026-02-12T17:20:52.199        0:  1379:  1379 E/zygisk-elfutil64 ] Failed to load symtabs for linear lookup of prctl
[ 2026-02-12T17:20:52.199        0:  1379:  1379 E/zygisk-ptrace64 ] failed to find symbol prctl in /apex/com.android.runtime/lib64/bionic/libdl.so
[ 2026-02-12T17:20:52.200        0:  1379:  1379 E/zygisk-elfutil64 ] Cannot load symtabs: .symtab section or its string table not found/valid.
[ 2026-02-12T17:20:52.200        0:  1379:  1379 E/zygisk-elfutil64 ] Failed to load symtabs for linear lookup of syscall
[ 2026-02-12T17:20:52.200        0:  1379:  1379 E/zygisk-ptrace64 ] failed to find symbol syscall in /system/lib64/liblog.so
[ 2026-02-12T17:20:52.200        0:  1379:  1379 E/zygisk-elfutil64 ] Cannot load symtabs: .symtab section or its string table not found/valid.
[ 2026-02-12T17:20:52.200        0:  1379:  1379 E/zygisk-elfutil64 ] Failed to load symtabs for linear lookup of syscall
[ 2026-02-12T17:20:52.200        0:  1379:  1379 E/zygisk-ptrace64 ] failed to find symbol syscall in /apex/com.android.runtime/lib64/bionic/libm.so
[ 2026-02-12T17:20:52.200        0:  1379:  1379 E/zygisk-elfutil64 ] Cannot load symtabs: .symtab section or its string table not found/valid.
[ 2026-02-12T17:20:52.200        0:  1379:  1379 E/zygisk-elfutil64 ] Failed to load symtabs for linear lookup of syscall
[ 2026-02-12T17:20:52.200        0:  1379:  1379 E/zygisk-ptrace64 ] failed to find symbol syscall in /apex/com.android.runtime/lib64/bionic/libdl.so
[ 2026-02-12T17:20:52.200        0:  1379:  1379 E/zygisk-elfutil64 ] Cannot load symtabs: .symtab section or its string table not found/valid.
[ 2026-02-12T17:20:52.200        0:  1379:  1379 E/zygisk-elfutil64 ] Failed to load symtabs for linear lookup of fopen
[ 2026-02-12T17:20:52.200        0:  1379:  1379 E/zygisk-ptrace64 ] failed to find symbol fopen in /system/lib64/liblog.so
[ 2026-02-12T17:20:52.201        0:  1379:  1379 E/zygisk-elfutil64 ] Cannot load symtabs: .symtab section or its string table not found/valid.
[ 2026-02-12T17:20:52.201        0:  1379:  1379 E/zygisk-elfutil64 ] Failed to load symtabs for linear lookup of fopen
[ 2026-02-12T17:20:52.201        0:  1379:  1379 E/zygisk-ptrace64 ] failed to find symbol fopen in /apex/com.android.runtime/lib64/bionic/libm.so
[ 2026-02-12T17:20:52.201        0:  1379:  1379 E/zygisk-elfutil64 ] Cannot load symtabs: .symtab section or its string table not found/valid.
[ 2026-02-12T17:20:52.201        0:  1379:  1379 E/zygisk-elfutil64 ] Failed to load symtabs for linear lookup of fopen
[ 2026-02-12T17:20:52.201        0:  1379:  1379 E/zygisk-ptrace64 ] failed to find symbol fopen in /apex/com.android.runtime/lib64/bionic/libdl.so
[ 2026-02-12T17:20:52.201        0:  1379:  1379 E/zygisk-elfutil64 ] Cannot load symtabs: .symtab section or its string table not found/valid.
[ 2026-02-12T17:20:52.201        0:  1379:  1379 E/zygisk-elfutil64 ] Failed to load symtabs for linear lookup of fclose
[ 2026-02-12T17:20:52.201        0:  1379:  1379 E/zygisk-ptrace64 ] failed to find symbol fclose in /system/lib64/liblog.so
[ 2026-02-12T17:20:52.201        0:  1379:  1379 E/zygisk-elfutil64 ] Cannot load symtabs: .symtab section or its string table not found/valid.
[ 2026-02-12T17:20:52.201        0:  1379:  1379 E/zygisk-elfutil64 ] Failed to load symtabs for linear lookup of fclose
[ 2026-02-12T17:20:52.201        0:  1379:  1379 E/zygisk-ptrace64 ] failed to find symbol fclose in /apex/com.android.runtime/lib64/bionic/libm.so
[ 2026-02-12T17:20:52.201        0:  1379:  1379 E/zygisk-elfutil64 ] Cannot load symtabs: .symtab section or its string table not found/valid.
[ 2026-02-12T17:20:52.201        0:  1379:  1379 E/zygisk-elfutil64 ] Failed to load symtabs for linear lookup of fclose
[ 2026-02-12T17:20:52.201        0:  1379:  1379 E/zygisk-ptrace64 ] failed to find symbol fclose in /apex/com.android.runtime/lib64/bionic/libdl.so
[ 2026-02-12T17:20:52.201        0:  1379:  1379 E/zygisk-elfutil64 ] Cannot load symtabs: .symtab section or its string table not found/valid.
[ 2026-02-12T17:20:52.201        0:  1379:  1379 E/zygisk-elfutil64 ] Failed to load symtabs for linear lookup of fgets
[ 2026-02-12T17:20:52.201        0:  1379:  1379 E/zygisk-ptrace64 ] failed to find symbol fgets in /system/lib64/liblog.so
[ 2026-02-12T17:20:52.201        0:  1379:  1379 E/zygisk-elfutil64 ] Cannot load symtabs: .symtab section or its string table not found/valid.
[ 2026-02-12T17:20:52.201        0:  1379:  1379 E/zygisk-elfutil64 ] Failed to load symtabs for linear lookup of fgets
[ 2026-02-12T17:20:52.201        0:  1379:  1379 E/zygisk-ptrace64 ] failed to find symbol fgets in /apex/com.android.runtime/lib64/bionic/libm.so
[ 2026-02-12T17:20:52.201        0:  1379:  1379 E/zygisk-elfutil64 ] Cannot load symtabs: .symtab section or its string table not found/valid.
[ 2026-02-12T17:20:52.201        0:  1379:  1379 E/zygisk-elfutil64 ] Failed to load symtabs for linear lookup of fgets
[ 2026-02-12T17:20:52.201        0:  1379:  1379 E/zygisk-ptrace64 ] failed to find symbol fgets in /apex/com.android.runtime/lib64/bionic/libdl.so
[ 2026-02-12T17:20:52.202        0:  1379:  1379 E/zygisk-elfutil64 ] Cannot load symtabs: .symtab section or its string table not found/valid.
[ 2026-02-12T17:20:52.202        0:  1379:  1379 E/zygisk-elfutil64 ] Failed to load symtabs for linear lookup of read
[ 2026-02-12T17:20:52.202        0:  1379:  1379 E/zygisk-ptrace64 ] failed to find symbol read in /system/lib64/liblog.so
[ 2026-02-12T17:20:52.202        0:  1379:  1379 E/zygisk-elfutil64 ] Cannot load symtabs: .symtab section or its string table not found/valid.
[ 2026-02-12T17:20:52.202        0:  1379:  1379 E/zygisk-elfutil64 ] Failed to load symtabs for linear lookup of read
[ 2026-02-12T17:20:52.202        0:  1379:  1379 E/zygisk-ptrace64 ] failed to find symbol read in /apex/com.android.runtime/lib64/bionic/libm.so
[ 2026-02-12T17:20:52.202        0:  1379:  1379 E/zygisk-elfutil64 ] Cannot load symtabs: .symtab section or its string table not found/valid.
[ 2026-02-12T17:20:52.202        0:  1379:  1379 E/zygisk-elfutil64 ] Failed to load symtabs for linear lookup of read
[ 2026-02-12T17:20:52.203        0:  1379:  1379 E/zygisk-ptrace64 ] failed to find symbol read in /apex/com.android.runtime/lib64/bionic/libdl.so
[ 2026-02-12T17:20:52.203        0:  1379:  1379 E/zygisk-elfutil64 ] Cannot load symtabs: .symtab section or its string table not found/valid.
[ 2026-02-12T17:20:52.203        0:  1379:  1379 E/zygisk-elfutil64 ] Failed to load symtabs for linear lookup of socket
[ 2026-02-12T17:20:52.203        0:  1379:  1379 E/zygisk-ptrace64 ] failed to find symbol socket in /system/lib64/liblog.so
[ 2026-02-12T17:20:52.203        0:  1379:  1379 E/zygisk-elfutil64 ] Cannot load symtabs: .symtab section or its string table not found/valid.
[ 2026-02-12T17:20:52.203        0:  1379:  1379 E/zygisk-elfutil64 ] Failed to load symtabs for linear lookup of socket
[ 2026-02-12T17:20:52.203        0:  1379:  1379 E/zygisk-ptrace64 ] failed to find symbol socket in /apex/com.android.runtime/lib64/bionic/libm.so
[ 2026-02-12T17:20:52.203        0:  1379:  1379 E/zygisk-elfutil64 ] Cannot load symtabs: .symtab section or its string table not found/valid.
[ 2026-02-12T17:20:52.203        0:  1379:  1379 E/zygisk-elfutil64 ] Failed to load symtabs for linear lookup of socket
[ 2026-02-12T17:20:52.203        0:  1379:  1379 E/zygisk-ptrace64 ] failed to find symbol socket in /apex/com.android.runtime/lib64/bionic/libdl.so
[ 2026-02-12T17:20:52.204        0:  1379:  1379 E/zygisk-elfutil64 ] Cannot load symtabs: .symtab section or its string table not found/valid.
[ 2026-02-12T17:20:52.204        0:  1379:  1379 E/zygisk-elfutil64 ] Failed to load symtabs for linear lookup of connect
[ 2026-02-12T17:20:52.204        0:  1379:  1379 E/zygisk-ptrace64 ] failed to find symbol connect in /system/lib64/liblog.so
[ 2026-02-12T17:20:52.204        0:  1379:  1379 E/zygisk-elfutil64 ] Cannot load symtabs: .symtab section or its string table not found/valid.
[ 2026-02-12T17:20:52.204        0:  1379:  1379 E/zygisk-elfutil64 ] Failed to load symtabs for linear lookup of connect
[ 2026-02-12T17:20:52.204        0:  1379:  1379 E/zygisk-ptrace64 ] failed to find symbol connect in /apex/com.android.runtime/lib64/bionic/libm.so
[ 2026-02-12T17:20:52.204        0:  1379:  1379 E/zygisk-elfutil64 ] Cannot load symtabs: .symtab section or its string table not found/valid.
[ 2026-02-12T17:20:52.204        0:  1379:  1379 E/zygisk-elfutil64 ] Failed to load symtabs for linear lookup of connect
[ 2026-02-12T17:20:52.204        0:  1379:  1379 E/zygisk-ptrace64 ] failed to find symbol connect in /apex/com.android.runtime/lib64/bionic/libdl.so
[ 2026-02-12T17:20:52.204        0:  1379:  1379 E/zygisk-elfutil64 ] Cannot load symtabs: .symtab section or its string table not found/valid.
[ 2026-02-12T17:20:52.204        0:  1379:  1379 E/zygisk-elfutil64 ] Failed to load symtabs for linear lookup of sleep
[ 2026-02-12T17:20:52.204        0:  1379:  1379 E/zygisk-ptrace64 ] failed to find symbol sleep in /system/lib64/liblog.so
[ 2026-02-12T17:20:52.204        0:  1379:  1379 E/zygisk-elfutil64 ] Cannot load symtabs: .symtab section or its string table not found/valid.
[ 2026-02-12T17:20:52.204        0:  1379:  1379 E/zygisk-elfutil64 ] Failed to load symtabs for linear lookup of sleep
[ 2026-02-12T17:20:52.204        0:  1379:  1379 E/zygisk-ptrace64 ] failed to find symbol sleep in /apex/com.android.runtime/lib64/bionic/libm.so
[ 2026-02-12T17:20:52.204        0:  1379:  1379 E/zygisk-elfutil64 ] Cannot load symtabs: .symtab section or its string table not found/valid.
[ 2026-02-12T17:20:52.204        0:  1379:  1379 E/zygisk-elfutil64 ] Failed to load symtabs for linear lookup of sleep
[ 2026-02-12T17:20:52.204        0:  1379:  1379 E/zygisk-ptrace64 ] failed to find symbol sleep in /apex/com.android.runtime/lib64/bionic/libdl.so
[ 2026-02-12T17:20:52.204        0:  1379:  1379 E/zygisk-elfutil64 ] Cannot load symtabs: .symtab section or its string table not found/valid.
[ 2026-02-12T17:20:52.204        0:  1379:  1379 E/zygisk-elfutil64 ] Failed to load symtabs for linear lookup of __vsnprintf_chk
[ 2026-02-12T17:20:52.204        0:  1379:  1379 E/zygisk-ptrace64 ] failed to find symbol __vsnprintf_chk in /system/lib64/liblog.so
[ 2026-02-12T17:20:52.204        0:  1379:  1379 E/zygisk-elfutil64 ] Cannot load symtabs: .symtab section or its string table not found/valid.
[ 2026-02-12T17:20:52.204        0:  1379:  1379 E/zygisk-elfutil64 ] Failed to load symtabs for linear lookup of __vsnprintf_chk
[ 2026-02-12T17:20:52.204        0:  1379:  1379 E/zygisk-ptrace64 ] failed to find symbol __vsnprintf_chk in /apex/com.android.runtime/lib64/bionic/libm.so
[ 2026-02-12T17:20:52.204        0:  1379:  1379 E/zygisk-elfutil64 ] Cannot load symtabs: .symtab section or its string table not found/valid.
[ 2026-02-12T17:20:52.204        0:  1379:  1379 E/zygisk-elfutil64 ] Failed to load symtabs for linear lookup of __vsnprintf_chk
[ 2026-02-12T17:20:52.204        0:  1379:  1379 E/zygisk-ptrace64 ] failed to find symbol __vsnprintf_chk in /apex/com.android.runtime/lib64/bionic/libdl.so
[ 2026-02-12T17:20:52.204        0:  1379:  1379 E/zygisk-elfutil64 ] Cannot load symtabs: .symtab section or its string table not found/valid.
[ 2026-02-12T17:20:52.204        0:  1379:  1379 E/zygisk-elfutil64 ] Failed to load symtabs for linear lookup of __strlen_chk
[ 2026-02-12T17:20:52.204        0:  1379:  1379 E/zygisk-ptrace64 ] failed to find symbol __strlen_chk in /system/lib64/liblog.so
[ 2026-02-12T17:20:52.205        0:  1379:  1379 E/zygisk-elfutil64 ] Cannot load symtabs: .symtab section or its string table not found/valid.
[ 2026-02-12T17:20:52.205        0:  1379:  1379 E/zygisk-elfutil64 ] Failed to load symtabs for linear lookup of __strlen_chk
[ 2026-02-12T17:20:52.205        0:  1379:  1379 E/zygisk-ptrace64 ] failed to find symbol __strlen_chk in /apex/com.android.runtime/lib64/bionic/libm.so
[ 2026-02-12T17:20:52.205        0:  1379:  1379 E/zygisk-elfutil64 ] Cannot load symtabs: .symtab section or its string table not found/valid.
[ 2026-02-12T17:20:52.205        0:  1379:  1379 E/zygisk-elfutil64 ] Failed to load symtabs for linear lookup of __strlen_chk
[ 2026-02-12T17:20:52.205        0:  1379:  1379 E/zygisk-ptrace64 ] failed to find symbol __strlen_chk in /apex/com.android.runtime/lib64/bionic/libdl.so
[ 2026-02-12T17:20:52.205        0:  1379:  1379 E/zygisk-elfutil64 ] Cannot load symtabs: .symtab section or its string table not found/valid.
[ 2026-02-12T17:20:52.205        0:  1379:  1379 E/zygisk-elfutil64 ] Failed to load symtabs for linear lookup of uname
[ 2026-02-12T17:20:52.205        0:  1379:  1379 E/zygisk-ptrace64 ] failed to find symbol uname in /system/lib64/liblog.so
[ 2026-02-12T17:20:52.205        0:  1379:  1379 E/zygisk-elfutil64 ] Cannot load symtabs: .symtab section or its string table not found/valid.
[ 2026-02-12T17:20:52.205        0:  1379:  1379 E/zygisk-elfutil64 ] Failed to load symtabs for linear lookup of uname
[ 2026-02-12T17:20:52.205        0:  1379:  1379 E/zygisk-ptrace64 ] failed to find symbol uname in /apex/com.android.runtime/lib64/bionic/libm.so
[ 2026-02-12T17:20:52.205        0:  1379:  1379 E/zygisk-elfutil64 ] Cannot load symtabs: .symtab section or its string table not found/valid.
[ 2026-02-12T17:20:52.205        0:  1379:  1379 E/zygisk-elfutil64 ] Failed to load symtabs for linear lookup of uname
[ 2026-02-12T17:20:52.205        0:  1379:  1379 E/zygisk-ptrace64 ] failed to find symbol uname in /apex/com.android.runtime/lib64/bionic/libdl.so
[ 2026-02-12T17:20:52.205        0:  1379:  1379 E/zygisk-elfutil64 ] Cannot load symtabs: .symtab section or its string table not found/valid.
[ 2026-02-12T17:20:52.205        0:  1379:  1379 E/zygisk-elfutil64 ] Failed to load symtabs for linear lookup of sscanf
[ 2026-02-12T17:20:52.205        0:  1379:  1379 E/zygisk-ptrace64 ] failed to find symbol sscanf in /system/lib64/liblog.so
[ 2026-02-12T17:20:52.205        0:  1379:  1379 E/zygisk-elfutil64 ] Cannot load symtabs: .symtab section or its string table not found/valid.
[ 2026-02-12T17:20:52.205        0:  1379:  1379 E/zygisk-elfutil64 ] Failed to load symtabs for linear lookup of sscanf
[ 2026-02-12T17:20:52.205        0:  1379:  1379 E/zygisk-ptrace64 ] failed to find symbol sscanf in /apex/com.android.runtime/lib64/bionic/libm.so
[ 2026-02-12T17:20:52.207        0:  1379:  1379 E/zygisk-elfutil64 ] Cannot load symtabs: .symtab section or its string table not found/valid.
[ 2026-02-12T17:20:52.207        0:  1379:  1379 E/zygisk-elfutil64 ] Failed to load symtabs for linear lookup of sscanf
[ 2026-02-12T17:20:52.207        0:  1379:  1379 E/zygisk-ptrace64 ] failed to find symbol sscanf in /apex/com.android.runtime/lib64/bionic/libdl.so
[ 2026-02-12T17:20:52.207        0:  1379:  1379 E/zygisk-elfutil64 ] Cannot load symtabs: .symtab section or its string table not found/valid.
[ 2026-02-12T17:20:52.207        0:  1379:  1379 E/zygisk-elfutil64 ] Failed to load symtabs for linear lookup of recvmsg
[ 2026-02-12T17:20:52.207        0:  1379:  1379 E/zygisk-ptrace64 ] failed to find symbol recvmsg in /system/lib64/liblog.so
[ 2026-02-12T17:20:52.207        0:  1379:  1379 E/zygisk-elfutil64 ] Cannot load symtabs: .symtab section or its string table not found/valid.
[ 2026-02-12T17:20:52.207        0:  1379:  1379 E/zygisk-elfutil64 ] Failed to load symtabs for linear lookup of recvmsg
[ 2026-02-12T17:20:52.207        0:  1379:  1379 E/zygisk-ptrace64 ] failed to find symbol recvmsg in /apex/com.android.runtime/lib64/bionic/libm.so
[ 2026-02-12T17:20:52.207        0:  1379:  1379 E/zygisk-elfutil64 ] Cannot load symtabs: .symtab section or its string table not found/valid.
[ 2026-02-12T17:20:52.207        0:  1379:  1379 E/zygisk-elfutil64 ] Failed to load symtabs for linear lookup of recvmsg
[ 2026-02-12T17:20:52.207        0:  1379:  1379 E/zygisk-ptrace64 ] failed to find symbol recvmsg in /apex/com.android.runtime/lib64/bionic/libdl.so
[ 2026-02-12T17:20:52.207        0:  1379:  1379 E/zygisk-elfutil64 ] Cannot load symtabs: .symtab section or its string table not found/valid.
[ 2026-02-12T17:20:52.207        0:  1379:  1379 E/zygisk-elfutil64 ] Failed to load symtabs for linear lookup of __write_chk
[ 2026-02-12T17:20:52.207        0:  1379:  1379 E/zygisk-ptrace64 ] failed to find symbol __write_chk in /system/lib64/liblog.so
[ 2026-02-12T17:20:52.207        0:  1379:  1379 E/zygisk-elfutil64 ] Cannot load symtabs: .symtab section or its string table not found/valid.
[ 2026-02-12T17:20:52.208        0:  1379:  1379 E/zygisk-elfutil64 ] Failed to load symtabs for linear lookup of __write_chk
[ 2026-02-12T17:20:52.208        0:  1379:  1379 E/zygisk-ptrace64 ] failed to find symbol __write_chk in /apex/com.android.runtime/lib64/bionic/libm.so
[ 2026-02-12T17:20:52.208        0:  1379:  1379 E/zygisk-elfutil64 ] Cannot load symtabs: .symtab section or its string table not found/valid.
[ 2026-02-12T17:20:52.208        0:  1379:  1379 E/zygisk-elfutil64 ] Failed to load symtabs for linear lookup of __write_chk
[ 2026-02-12T17:20:52.208        0:  1379:  1379 E/zygisk-ptrace64 ] failed to find symbol __write_chk in /apex/com.android.runtime/lib64/bionic/libdl.so
[ 2026-02-12T17:20:52.208        0:  1379:  1379 E/zygisk-elfutil64 ] Cannot load symtabs: .symtab section or its string table not found/valid.
[ 2026-02-12T17:20:52.208        0:  1379:  1379 E/zygisk-elfutil64 ] Failed to load symtabs for linear lookup of write
[ 2026-02-12T17:20:52.208        0:  1379:  1379 E/zygisk-ptrace64 ] failed to find symbol write in /system/lib64/liblog.so
[ 2026-02-12T17:20:52.208        0:  1379:  1379 E/zygisk-elfutil64 ] Cannot load symtabs: .symtab section or its string table not found/valid.
[ 2026-02-12T17:20:52.208        0:  1379:  1379 E/zygisk-elfutil64 ] Failed to load symtabs for linear lookup of write
[ 2026-02-12T17:20:52.208        0:  1379:  1379 E/zygisk-ptrace64 ] failed to find symbol write in /apex/com.android.runtime/lib64/bionic/libm.so
[ 2026-02-12T17:20:52.208        0:  1379:  1379 E/zygisk-elfutil64 ] Cannot load symtabs: .symtab section or its string table not found/valid.
[ 2026-02-12T17:20:52.208        0:  1379:  1379 E/zygisk-elfutil64 ] Failed to load symtabs for linear lookup of write
[ 2026-02-12T17:20:52.208        0:  1379:  1379 E/zygisk-ptrace64 ] failed to find symbol write in /apex/com.android.runtime/lib64/bionic/libdl.so
[ 2026-02-12T17:20:52.208        0:  1379:  1379 E/zygisk-elfutil64 ] Cannot load symtabs: .symtab section or its string table not found/valid.
[ 2026-02-12T17:20:52.208        0:  1379:  1379 E/zygisk-elfutil64 ] Failed to load symtabs for linear lookup of __pread_chk
[ 2026-02-12T17:20:52.208        0:  1379:  1379 E/zygisk-ptrace64 ] failed to find symbol __pread_chk in /system/lib64/liblog.so
[ 2026-02-12T17:20:52.208        0:  1379:  1379 E/zygisk-elfutil64 ] Cannot load symtabs: .symtab section or its string table not found/valid.
[ 2026-02-12T17:20:52.208        0:  1379:  1379 E/zygisk-elfutil64 ] Failed to load symtabs for linear lookup of __pread_chk
[ 2026-02-12T17:20:52.208        0:  1379:  1379 E/zygisk-ptrace64 ] failed to find symbol __pread_chk in /apex/com.android.runtime/lib64/bionic/libm.so
[ 2026-02-12T17:20:52.208        0:  1379:  1379 E/zygisk-elfutil64 ] Cannot load symtabs: .symtab section or its string table not found/valid.
[ 2026-02-12T17:20:52.208        0:  1379:  1379 E/zygisk-elfutil64 ] Failed to load symtabs for linear lookup of __pread_chk
[ 2026-02-12T17:20:52.208        0:  1379:  1379 E/zygisk-ptrace64 ] failed to find symbol __pread_chk in /apex/com.android.runtime/lib64/bionic/libdl.so
[ 2026-02-12T17:20:52.208        0:  1379:  1379 E/zygisk-elfutil64 ] Cannot load symtabs: .symtab section or its string table not found/valid.
[ 2026-02-12T17:20:52.208        0:  1379:  1379 E/zygisk-elfutil64 ] Failed to load symtabs for linear lookup of pread
[ 2026-02-12T17:20:52.208        0:  1379:  1379 E/zygisk-ptrace64 ] failed to find symbol pread in /system/lib64/liblog.so
[ 2026-02-12T17:20:52.208        0:  1379:  1379 E/zygisk-elfutil64 ] Cannot load symtabs: .symtab section or its string table not found/valid.
[ 2026-02-12T17:20:52.208        0:  1379:  1379 E/zygisk-elfutil64 ] Failed to load symtabs for linear lookup of pread
[ 2026-02-12T17:20:52.209        0:  1379:  1379 E/zygisk-ptrace64 ] failed to find symbol pread in /apex/com.android.runtime/lib64/bionic/libm.so
[ 2026-02-12T17:20:52.209        0:  1379:  1379 E/zygisk-elfutil64 ] Cannot load symtabs: .symtab section or its string table not found/valid.
[ 2026-02-12T17:20:52.209        0:  1379:  1379 E/zygisk-elfutil64 ] Failed to load symtabs for linear lookup of pread
[ 2026-02-12T17:20:52.209        0:  1379:  1379 E/zygisk-ptrace64 ] failed to find symbol pread in /apex/com.android.runtime/lib64/bionic/libdl.so
[ 2026-02-12T17:20:52.209        0:  1379:  1379 E/zygisk-elfutil64 ] Cannot load symtabs: .symtab section or its string table not found/valid.
[ 2026-02-12T17:20:52.209        0:  1379:  1379 E/zygisk-elfutil64 ] Failed to load symtabs for linear lookup of __read_chk
[ 2026-02-12T17:20:52.209        0:  1379:  1379 E/zygisk-ptrace64 ] failed to find symbol __read_chk in /system/lib64/liblog.so
[ 2026-02-12T17:20:52.209        0:  1379:  1379 E/zygisk-elfutil64 ] Cannot load symtabs: .symtab section or its string table not found/valid.
[ 2026-02-12T17:20:52.209        0:  1379:  1379 E/zygisk-elfutil64 ] Failed to load symtabs for linear lookup of __read_chk
[ 2026-02-12T17:20:52.209        0:  1379:  1379 E/zygisk-ptrace64 ] failed to find symbol __read_chk in /apex/com.android.runtime/lib64/bionic/libm.so
[ 2026-02-12T17:20:52.209        0:  1379:  1379 E/zygisk-elfutil64 ] Cannot load symtabs: .symtab section or its string table not found/valid.
[ 2026-02-12T17:20:52.209        0:  1379:  1379 E/zygisk-elfutil64 ] Failed to load symtabs for linear lookup of __read_chk
[ 2026-02-12T17:20:52.209        0:  1379:  1379 E/zygisk-ptrace64 ] failed to find symbol __read_chk in /apex/com.android.runtime/lib64/bionic/libdl.so
[ 2026-02-12T17:20:52.209        0:  1379:  1379 E/zygisk-elfutil64 ] Cannot load symtabs: .symtab section or its string table not found/valid.
[ 2026-02-12T17:20:52.209        0:  1379:  1379 E/zygisk-elfutil64 ] Failed to load symtabs for linear lookup of socketpair
[ 2026-02-12T17:20:52.209        0:  1379:  1379 E/zygisk-ptrace64 ] failed to find symbol socketpair in /system/lib64/liblog.so
[ 2026-02-12T17:20:52.209        0:  1379:  1379 E/zygisk-elfutil64 ] Cannot load symtabs: .symtab section or its string table not found/valid.
[ 2026-02-12T17:20:52.209        0:  1379:  1379 E/zygisk-elfutil64 ] Failed to load symtabs for linear lookup of socketpair
[ 2026-02-12T17:20:52.209        0:  1379:  1379 E/zygisk-ptrace64 ] failed to find symbol socketpair in /apex/com.android.runtime/lib64/bionic/libm.so
[ 2026-02-12T17:20:52.210        0:  1379:  1379 E/zygisk-elfutil64 ] Cannot load symtabs: .symtab section or its string table not found/valid.
[ 2026-02-12T17:20:52.210        0:  1379:  1379 E/zygisk-elfutil64 ] Failed to load symtabs for linear lookup of socketpair
[ 2026-02-12T17:20:52.210        0:  1379:  1379 E/zygisk-ptrace64 ] failed to find symbol socketpair in /apex/com.android.runtime/lib64/bionic/libdl.so
[ 2026-02-12T17:20:52.210        0:  1379:  1379 E/zygisk-elfutil64 ] Cannot load symtabs: .symtab section or its string table not found/valid.
[ 2026-02-12T17:20:52.210        0:  1379:  1379 E/zygisk-elfutil64 ] Failed to load symtabs for linear lookup of _exit
[ 2026-02-12T17:20:52.210        0:  1379:  1379 E/zygisk-ptrace64 ] failed to find symbol _exit in /system/lib64/liblog.so
[ 2026-02-12T17:20:52.211        0:  1379:  1379 E/zygisk-elfutil64 ] Cannot load symtabs: .symtab section or its string table not found/valid.
[ 2026-02-12T17:20:52.211        0:  1379:  1379 E/zygisk-elfutil64 ] Failed to load symtabs for linear lookup of _exit
[ 2026-02-12T17:20:52.211        0:  1379:  1379 E/zygisk-ptrace64 ] failed to find symbol _exit in /apex/com.android.runtime/lib64/bionic/libm.so
[ 2026-02-12T17:20:52.211        0:  1379:  1379 E/zygisk-elfutil64 ] Cannot load symtabs: .symtab section or its string table not found/valid.
[ 2026-02-12T17:20:52.211        0:  1379:  1379 E/zygisk-elfutil64 ] Failed to load symtabs for linear lookup of _exit
[ 2026-02-12T17:20:52.211        0:  1379:  1379 E/zygisk-ptrace64 ] failed to find symbol _exit in /apex/com.android.runtime/lib64/bionic/libdl.so
[ 2026-02-12T17:20:52.211        0:  1379:  1379 E/zygisk-elfutil64 ] Cannot load symtabs: .symtab section or its string table not found/valid.
[ 2026-02-12T17:20:52.211        0:  1379:  1379 E/zygisk-elfutil64 ] Failed to load symtabs for linear lookup of fdopen
[ 2026-02-12T17:20:52.211        0:  1379:  1379 E/zygisk-ptrace64 ] failed to find symbol fdopen in /system/lib64/liblog.so
[ 2026-02-12T17:20:52.211        0:  1379:  1379 E/zygisk-elfutil64 ] Cannot load symtabs: .symtab section or its string table not found/valid.
[ 2026-02-12T17:20:52.211        0:  1379:  1379 E/zygisk-elfutil64 ] Failed to load symtabs for linear lookup of fdopen
[ 2026-02-12T17:20:52.211        0:  1379:  1379 E/zygisk-ptrace64 ] failed to find symbol fdopen in /apex/com.android.runtime/lib64/bionic/libm.so
[ 2026-02-12T17:20:52.211        0:  1379:  1379 E/zygisk-elfutil64 ] Cannot load symtabs: .symtab section or its string table not found/valid.
[ 2026-02-12T17:20:52.211        0:  1379:  1379 E/zygisk-elfutil64 ] Failed to load symtabs for linear lookup of fdopen
[ 2026-02-12T17:20:52.211        0:  1379:  1379 E/zygisk-ptrace64 ] failed to find symbol fdopen in /apex/com.android.runtime/lib64/bionic/libdl.so
[ 2026-02-12T17:20:52.211        0:  1379:  1379 E/zygisk-elfutil64 ] Cannot load symtabs: .symtab section or its string table not found/valid.
[ 2026-02-12T17:20:52.211        0:  1379:  1379 E/zygisk-elfutil64 ] Failed to load symtabs for linear lookup of calloc
[ 2026-02-12T17:20:52.211        0:  1379:  1379 E/zygisk-ptrace64 ] failed to find symbol calloc in /system/lib64/liblog.so
[ 2026-02-12T17:20:52.211        0:  1379:  1379 E/zygisk-elfutil64 ] Cannot load symtabs: .symtab section or its string table not found/valid.
[ 2026-02-12T17:20:52.211        0:  1379:  1379 E/zygisk-elfutil64 ] Failed to load symtabs for linear lookup of calloc
[ 2026-02-12T17:20:52.211        0:  1379:  1379 E/zygisk-ptrace64 ] failed to find symbol calloc in /apex/com.android.runtime/lib64/bionic/libm.so
[ 2026-02-12T17:20:52.211        0:  1379:  1379 E/zygisk-elfutil64 ] Cannot load symtabs: .symtab section or its string table not found/valid.
[ 2026-02-12T17:20:52.211        0:  1379:  1379 E/zygisk-elfutil64 ] Failed to load symtabs for linear lookup of calloc
[ 2026-02-12T17:20:52.211        0:  1379:  1379 E/zygisk-ptrace64 ] failed to find symbol calloc in /apex/com.android.runtime/lib64/bionic/libdl.so
[ 2026-02-12T17:20:52.211        0:  1379:  1379 E/zygisk-elfutil64 ] Cannot load symtabs: .symtab section or its string table not found/valid.
[ 2026-02-12T17:20:52.211        0:  1379:  1379 E/zygisk-elfutil64 ] Failed to load symtabs for linear lookup of waitpid
[ 2026-02-12T17:20:52.211        0:  1379:  1379 E/zygisk-ptrace64 ] failed to find symbol waitpid in /system/lib64/liblog.so
[ 2026-02-12T17:20:52.212        0:  1379:  1379 E/zygisk-elfutil64 ] Cannot load symtabs: .symtab section or its string table not found/valid.
[ 2026-02-12T17:20:52.212        0:  1379:  1379 E/zygisk-elfutil64 ] Failed to load symtabs for linear lookup of waitpid
[ 2026-02-12T17:20:52.212        0:  1379:  1379 E/zygisk-ptrace64 ] failed to find symbol waitpid in /apex/com.android.runtime/lib64/bionic/libm.so
[ 2026-02-12T17:20:52.212        0:  1379:  1379 E/zygisk-elfutil64 ] Cannot load symtabs: .symtab section or its string table not found/valid.
[ 2026-02-12T17:20:52.212        0:  1379:  1379 E/zygisk-elfutil64 ] Failed to load symtabs for linear lookup of waitpid
[ 2026-02-12T17:20:52.212        0:  1379:  1379 E/zygisk-ptrace64 ] failed to find symbol waitpid in /apex/com.android.runtime/lib64/bionic/libdl.so
[ 2026-02-12T17:20:52.212        0:  1379:  1379 E/zygisk-elfutil64 ] Cannot load symtabs: .symtab section or its string table not found/valid.
[ 2026-02-12T17:20:52.212        0:  1379:  1379 E/zygisk-elfutil64 ] Failed to load symtabs for linear lookup of mprotect
[ 2026-02-12T17:20:52.212        0:  1379:  1379 E/zygisk-ptrace64 ] failed to find symbol mprotect in /system/lib64/liblog.so
[ 2026-02-12T17:20:52.212        0:  1379:  1379 E/zygisk-elfutil64 ] Cannot load symtabs: .symtab section or its string table not found/valid.
[ 2026-02-12T17:20:52.212        0:  1379:  1379 E/zygisk-elfutil64 ] Failed to load symtabs for linear lookup of mprotect
[ 2026-02-12T17:20:52.212        0:  1379:  1379 E/zygisk-ptrace64 ] failed to find symbol mprotect in /apex/com.android.runtime/lib64/bionic/libm.so
[ 2026-02-12T17:20:52.212        0:  1379:  1379 E/zygisk-elfutil64 ] Cannot load symtabs: .symtab section or its string table not found/valid.
[ 2026-02-12T17:20:52.212        0:  1379:  1379 E/zygisk-elfutil64 ] Failed to load symtabs for linear lookup of mprotect
[ 2026-02-12T17:20:52.212        0:  1379:  1379 E/zygisk-ptrace64 ] failed to find symbol mprotect in /apex/com.android.runtime/lib64/bionic/libdl.so
[ 2026-02-12T17:20:52.212        0:  1379:  1379 E/zygisk-elfutil64 ] Cannot load symtabs: .symtab section or its string table not found/valid.
[ 2026-02-12T17:20:52.212        0:  1379:  1379 E/zygisk-elfutil64 ] Failed to load symtabs for linear lookup of sendmsg
[ 2026-02-12T17:20:52.212        0:  1379:  1379 E/zygisk-ptrace64 ] failed to find symbol sendmsg in /system/lib64/liblog.so
[ 2026-02-12T17:20:52.212        0:  1379:  1379 E/zygisk-elfutil64 ] Cannot load symtabs: .symtab section or its string table not found/valid.
[ 2026-02-12T17:20:52.212        0:  1379:  1379 E/zygisk-elfutil64 ] Failed to load symtabs for linear lookup of sendmsg
[ 2026-02-12T17:20:52.212        0:  1379:  1379 E/zygisk-ptrace64 ] failed to find symbol sendmsg in /apex/com.android.runtime/lib64/bionic/libm.so
[ 2026-02-12T17:20:52.212        0:  1379:  1379 E/zygisk-elfutil64 ] Cannot load symtabs: .symtab section or its string table not found/valid.
[ 2026-02-12T17:20:52.212        0:  1379:  1379 E/zygisk-elfutil64 ] Failed to load symtabs for linear lookup of sendmsg
[ 2026-02-12T17:20:52.212        0:  1379:  1379 E/zygisk-ptrace64 ] failed to find symbol sendmsg in /apex/com.android.runtime/lib64/bionic/libdl.so
[ 2026-02-12T17:20:52.212        0:  1379:  1379 E/zygisk-elfutil64 ] Cannot load symtabs: .symtab section or its string table not found/valid.
[ 2026-02-12T17:20:52.212        0:  1379:  1379 E/zygisk-elfutil64 ] Failed to load symtabs for linear lookup of qsort
[ 2026-02-12T17:20:52.212        0:  1379:  1379 E/zygisk-ptrace64 ] failed to find symbol qsort in /system/lib64/liblog.so
[ 2026-02-12T17:20:52.214        0:  1379:  1379 E/zygisk-elfutil64 ] Cannot load symtabs: .symtab section or its string table not found/valid.
[ 2026-02-12T17:20:52.214        0:  1379:  1379 E/zygisk-elfutil64 ] Failed to load symtabs for linear lookup of qsort
[ 2026-02-12T17:20:52.214        0:  1379:  1379 E/zygisk-ptrace64 ] failed to find symbol qsort in /apex/com.android.runtime/lib64/bionic/libm.so
[ 2026-02-12T17:20:52.214        0:  1379:  1379 E/zygisk-elfutil64 ] Cannot load symtabs: .symtab section or its string table not found/valid.
[ 2026-02-12T17:20:52.214        0:  1379:  1379 E/zygisk-elfutil64 ] Failed to load symtabs for linear lookup of qsort
[ 2026-02-12T17:20:52.214        0:  1379:  1379 E/zygisk-ptrace64 ] failed to find symbol qsort in /apex/com.android.runtime/lib64/bionic/libdl.so
[ 2026-02-12T17:20:52.214        0:  1379:  1379 E/zygisk-elfutil64 ] Cannot load symtabs: .symtab section or its string table not found/valid.
[ 2026-02-12T17:20:52.214        0:  1379:  1379 E/zygisk-elfutil64 ] Failed to load symtabs for linear lookup of getpagesize
[ 2026-02-12T17:20:52.214        0:  1379:  1379 E/zygisk-ptrace64 ] failed to find symbol getpagesize in /system/lib64/liblog.so
[ 2026-02-12T17:20:52.214        0:  1379:  1379 E/zygisk-elfutil64 ] Cannot load symtabs: .symtab section or its string table not found/valid.
[ 2026-02-12T17:20:52.214        0:  1379:  1379 E/zygisk-elfutil64 ] Failed to load symtabs for linear lookup of getpagesize
[ 2026-02-12T17:20:52.214        0:  1379:  1379 E/zygisk-ptrace64 ] failed to find symbol getpagesize in /apex/com.android.runtime/lib64/bionic/libm.so
[ 2026-02-12T17:20:52.214        0:  1379:  1379 E/zygisk-elfutil64 ] Cannot load symtabs: .symtab section or its string table not found/valid.
[ 2026-02-12T17:20:52.214        0:  1379:  1379 E/zygisk-elfutil64 ] Failed to load symtabs for linear lookup of getpagesize
[ 2026-02-12T17:20:52.214        0:  1379:  1379 E/zygisk-ptrace64 ] failed to find symbol getpagesize in /apex/com.android.runtime/lib64/bionic/libdl.so
[ 2026-02-12T17:20:52.214        0:  1379:  1379 E/zygisk-elfutil64 ] Cannot load symtabs: .symtab section or its string table not found/valid.
[ 2026-02-12T17:20:52.214        0:  1379:  1379 E/zygisk-elfutil64 ] Failed to load symtabs for linear lookup of vsnprintf
[ 2026-02-12T17:20:52.214        0:  1379:  1379 E/zygisk-ptrace64 ] failed to find symbol vsnprintf in /system/lib64/liblog.so
[ 2026-02-12T17:20:52.214        0:  1379:  1379 E/zygisk-elfutil64 ] Cannot load symtabs: .symtab section or its string table not found/valid.
[ 2026-02-12T17:20:52.214        0:  1379:  1379 E/zygisk-elfutil64 ] Failed to load symtabs for linear lookup of vsnprintf
[ 2026-02-12T17:20:52.214        0:  1379:  1379 E/zygisk-ptrace64 ] failed to find symbol vsnprintf in /apex/com.android.runtime/lib64/bionic/libm.so
[ 2026-02-12T17:20:52.214        0:  1379:  1379 E/zygisk-elfutil64 ] Cannot load symtabs: .symtab section or its string table not found/valid.
[ 2026-02-12T17:20:52.214        0:  1379:  1379 E/zygisk-elfutil64 ] Failed to load symtabs for linear lookup of vsnprintf
[ 2026-02-12T17:20:52.214        0:  1379:  1379 E/zygisk-ptrace64 ] failed to find symbol vsnprintf in /apex/com.android.runtime/lib64/bionic/libdl.so
[ 2026-02-12T17:20:52.214        0:  1379:  1379 E/zygisk-elfutil64 ] Cannot load symtabs: .symtab section or its string table not found/valid.
[ 2026-02-12T17:20:52.214        0:  1379:  1379 E/zygisk-elfutil64 ] Failed to load symtabs for linear lookup of fstat
[ 2026-02-12T17:20:52.214        0:  1379:  1379 E/zygisk-ptrace64 ] failed to find symbol fstat in /system/lib64/liblog.so
[ 2026-02-12T17:20:52.214        0:  1379:  1379 E/zygisk-elfutil64 ] Cannot load symtabs: .symtab section or its string table not found/valid.
[ 2026-02-12T17:20:52.214        0:  1379:  1379 E/zygisk-elfutil64 ] Failed to load symtabs for linear lookup of fstat
[ 2026-02-12T17:20:52.214        0:  1379:  1379 E/zygisk-ptrace64 ] failed to find symbol fstat in /apex/com.android.runtime/lib64/bionic/libm.so
[ 2026-02-12T17:20:52.215        0:  1379:  1379 E/zygisk-elfutil64 ] Cannot load symtabs: .symtab section or its string table not found/valid.
[ 2026-02-12T17:20:52.215        0:  1379:  1379 E/zygisk-elfutil64 ] Failed to load symtabs for linear lookup of fstat
[ 2026-02-12T17:20:52.215        0:  1379:  1379 E/zygisk-ptrace64 ] failed to find symbol fstat in /apex/com.android.runtime/lib64/bionic/libdl.so
[ 2026-02-12T17:20:52.215        0:  1379:  1379 E/zygisk-elfutil64 ] Cannot load symtabs: .symtab section or its string table not found/valid.
[ 2026-02-12T17:20:52.215        0:  1379:  1379 E/zygisk-elfutil64 ] Failed to load symtabs for linear lookup of dl_iterate_phdr
[ 2026-02-12T17:20:52.215        0:  1379:  1379 E/zygisk-ptrace64 ] failed to find symbol dl_iterate_phdr in /system/lib64/liblog.so
[ 2026-02-12T17:20:52.215        0:  1379:  1379 E/zygisk-elfutil64 ] Cannot load symtabs: .symtab section or its string table not found/valid.
[ 2026-02-12T17:20:52.215        0:  1379:  1379 E/zygisk-elfutil64 ] Failed to load symtabs for linear lookup of dl_iterate_phdr
[ 2026-02-12T17:20:52.215        0:  1379:  1379 E/zygisk-ptrace64 ] failed to find symbol dl_iterate_phdr in /apex/com.android.runtime/lib64/bionic/libm.so
[ 2026-02-12T17:20:52.215        0:  1379:  1379 E/zygisk-elfutil64 ] Cannot load symtabs: .symtab section or its string table not found/valid.
[ 2026-02-12T17:20:52.215        0:  1379:  1379 E/zygisk-elfutil64 ] Failed to load symtabs for linear lookup of getauxval
[ 2026-02-12T17:20:52.215        0:  1379:  1379 E/zygisk-ptrace64 ] failed to find symbol getauxval in /system/lib64/liblog.so
[ 2026-02-12T17:20:52.215        0:  1379:  1379 E/zygisk-elfutil64 ] Cannot load symtabs: .symtab section or its string table not found/valid.
[ 2026-02-12T17:20:52.215        0:  1379:  1379 E/zygisk-elfutil64 ] Failed to load symtabs for linear lookup of getauxval
[ 2026-02-12T17:20:52.215        0:  1379:  1379 E/zygisk-ptrace64 ] failed to find symbol getauxval in /apex/com.android.runtime/lib64/bionic/libm.so
[ 2026-02-12T17:20:52.215        0:  1379:  1379 E/zygisk-elfutil64 ] Cannot load symtabs: .symtab section or its string table not found/valid.
[ 2026-02-12T17:20:52.215        0:  1379:  1379 E/zygisk-elfutil64 ] Failed to load symtabs for linear lookup of getauxval
[ 2026-02-12T17:20:52.215        0:  1379:  1379 E/zygisk-ptrace64 ] failed to find symbol getauxval in /apex/com.android.runtime/lib64/bionic/libdl.so
[ 2026-02-12T17:20:52.215        0:  1379:  1379 W/zygisk-ptrace64 ] Bypassing resolution of EH frame function: __deregister_frame
[ 2026-02-12T17:20:52.215        0:  1379:  1379 W/zygisk-ptrace64 ] Bypassing resolution of EH frame function: __register_frame
[ 2026-02-12T17:20:52.215        0:  1379:  1379 E/zygisk-elfutil64 ] Cannot load symtabs: .symtab section or its string table not found/valid.
[ 2026-02-12T17:20:52.215        0:  1379:  1379 E/zygisk-elfutil64 ] Failed to load symtabs for linear lookup of mmap
[ 2026-02-12T17:20:52.215        0:  1379:  1379 E/zygisk-ptrace64 ] failed to find symbol mmap in /system/lib64/liblog.so
[ 2026-02-12T17:20:52.215        0:  1379:  1379 E/zygisk-elfutil64 ] Cannot load symtabs: .symtab section or its string table not found/valid.
[ 2026-02-12T17:20:52.215        0:  1379:  1379 E/zygisk-elfutil64 ] Failed to load symtabs for linear lookup of mmap
[ 2026-02-12T17:20:52.215        0:  1379:  1379 E/zygisk-ptrace64 ] failed to find symbol mmap in /apex/com.android.runtime/lib64/bionic/libm.so
[ 2026-02-12T17:20:52.215        0:  1379:  1379 E/zygisk-elfutil64 ] Cannot load symtabs: .symtab section or its string table not found/valid.
[ 2026-02-12T17:20:52.215        0:  1379:  1379 E/zygisk-elfutil64 ] Failed to load symtabs for linear lookup of mmap
[ 2026-02-12T17:20:52.215        0:  1379:  1379 E/zygisk-ptrace64 ] failed to find symbol mmap in /apex/com.android.runtime/lib64/bionic/libdl.so
[ 2026-02-12T17:20:52.216        0:  1379:  1379 E/zygisk-elfutil64 ] Cannot load symtabs: .symtab section or its string table not found/valid.
[ 2026-02-12T17:20:52.216        0:  1379:  1379 E/zygisk-elfutil64 ] Failed to load symtabs for linear lookup of sysconf
[ 2026-02-12T17:20:52.216        0:  1379:  1379 E/zygisk-ptrace64 ] failed to find symbol sysconf in /system/lib64/liblog.so
[ 2026-02-12T17:20:52.216        0:  1379:  1379 E/zygisk-elfutil64 ] Cannot load symtabs: .symtab section or its string table not found/valid.
[ 2026-02-12T17:20:52.216        0:  1379:  1379 E/zygisk-elfutil64 ] Failed to load symtabs for linear lookup of sysconf
[ 2026-02-12T17:20:52.217        0:  1379:  1379 E/zygisk-ptrace64 ] failed to find symbol sysconf in /apex/com.android.runtime/lib64/bionic/libm.so
[ 2026-02-12T17:20:52.217        0:  1379:  1379 E/zygisk-elfutil64 ] Cannot load symtabs: .symtab section or its string table not found/valid.
[ 2026-02-12T17:20:52.217        0:  1379:  1379 E/zygisk-elfutil64 ] Failed to load symtabs for linear lookup of sysconf
[ 2026-02-12T17:20:52.217        0:  1379:  1379 E/zygisk-ptrace64 ] failed to find symbol sysconf in /apex/com.android.runtime/lib64/bionic/libdl.so
[ 2026-02-12T17:20:52.217        0:  1379:  1379 E/zygisk-elfutil64 ] Cannot load symtabs: .symtab section or its string table not found/valid.
[ 2026-02-12T17:20:52.217        0:  1379:  1379 E/zygisk-elfutil64 ] Failed to load symtabs for linear lookup of abort
[ 2026-02-12T17:20:52.217        0:  1379:  1379 E/zygisk-ptrace64 ] failed to find symbol abort in /system/lib64/liblog.so
[ 2026-02-12T17:20:52.217        0:  1379:  1379 E/zygisk-elfutil64 ] Cannot load symtabs: .symtab section or its string table not found/valid.
[ 2026-02-12T17:20:52.217        0:  1379:  1379 E/zygisk-elfutil64 ] Failed to load symtabs for linear lookup of abort
[ 2026-02-12T17:20:52.217        0:  1379:  1379 E/zygisk-ptrace64 ] failed to find symbol abort in /apex/com.android.runtime/lib64/bionic/libm.so
[ 2026-02-12T17:20:52.217        0:  1379:  1379 E/zygisk-elfutil64 ] Cannot load symtabs: .symtab section or its string table not found/valid.
[ 2026-02-12T17:20:52.217        0:  1379:  1379 E/zygisk-elfutil64 ] Failed to load symtabs for linear lookup of abort
[ 2026-02-12T17:20:52.217        0:  1379:  1379 E/zygisk-ptrace64 ] failed to find symbol abort in /apex/com.android.runtime/lib64/bionic/libdl.so
[ 2026-02-12T17:20:52.218        0:  1379:  1379 E/zygisk-elfutil64 ] Cannot load symtabs: .symtab section or its string table not found/valid.
[ 2026-02-12T17:20:52.218        0:  1379:  1379 E/zygisk-elfutil64 ] Failed to load symtabs for linear lookup of pthread_once
[ 2026-02-12T17:20:52.218        0:  1379:  1379 E/zygisk-ptrace64 ] failed to find symbol pthread_once in /system/lib64/liblog.so
[ 2026-02-12T17:20:52.218        0:  1379:  1379 E/zygisk-elfutil64 ] Cannot load symtabs: .symtab section or its string table not found/valid.
[ 2026-02-12T17:20:52.218        0:  1379:  1379 E/zygisk-elfutil64 ] Failed to load symtabs for linear lookup of pthread_once
[ 2026-02-12T17:20:52.218        0:  1379:  1379 E/zygisk-ptrace64 ] failed to find symbol pthread_once in /apex/com.android.runtime/lib64/bionic/libm.so
[ 2026-02-12T17:20:52.218        0:  1379:  1379 E/zygisk-elfutil64 ] Cannot load symtabs: .symtab section or its string table not found/valid.
[ 2026-02-12T17:20:52.218        0:  1379:  1379 E/zygisk-elfutil64 ] Failed to load symtabs for linear lookup of pthread_once
[ 2026-02-12T17:20:52.218        0:  1379:  1379 E/zygisk-ptrace64 ] failed to find symbol pthread_once in /apex/com.android.runtime/lib64/bionic/libdl.so
[ 2026-02-12T17:20:52.218        0:  1379:  1379 E/zygisk-elfutil64 ] Cannot load symtabs: .symtab section or its string table not found/valid.
[ 2026-02-12T17:20:52.218        0:  1379:  1379 E/zygisk-elfutil64 ] Failed to load symtabs for linear lookup of pthread_getspecific
[ 2026-02-12T17:20:52.218        0:  1379:  1379 E/zygisk-ptrace64 ] failed to find symbol pthread_getspecific in /system/lib64/liblog.so
[ 2026-02-12T17:20:52.218        0:  1379:  1379 E/zygisk-elfutil64 ] Cannot load symtabs: .symtab section or its string table not found/valid.
[ 2026-02-12T17:20:52.218        0:  1379:  1379 E/zygisk-elfutil64 ] Failed to load symtabs for linear lookup of pthread_getspecific
[ 2026-02-12T17:20:52.218        0:  1379:  1379 E/zygisk-ptrace64 ] failed to find symbol pthread_getspecific in /apex/com.android.runtime/lib64/bionic/libm.so
[ 2026-02-12T17:20:52.218        0:  1379:  1379 E/zygisk-elfutil64 ] Cannot load symtabs: .symtab section or its string table not found/valid.
[ 2026-02-12T17:20:52.218        0:  1379:  1379 E/zygisk-elfutil64 ] Failed to load symtabs for linear lookup of pthread_getspecific
[ 2026-02-12T17:20:52.218        0:  1379:  1379 E/zygisk-ptrace64 ] failed to find symbol pthread_getspecific in /apex/com.android.runtime/lib64/bionic/libdl.so
[ 2026-02-12T17:20:52.218        0:  1379:  1379 E/zygisk-elfutil64 ] Cannot load symtabs: .symtab section or its string table not found/valid.
[ 2026-02-12T17:20:52.218        0:  1379:  1379 E/zygisk-elfutil64 ] Failed to load symtabs for linear lookup of pthread_key_create
[ 2026-02-12T17:20:52.218        0:  1379:  1379 E/zygisk-ptrace64 ] failed to find symbol pthread_key_create in /system/lib64/liblog.so
[ 2026-02-12T17:20:52.218        0:  1379:  1379 E/zygisk-elfutil64 ] Cannot load symtabs: .symtab section or its string table not found/valid.
[ 2026-02-12T17:20:52.218        0:  1379:  1379 E/zygisk-elfutil64 ] Failed to load symtabs for linear lookup of pthread_key_create
[ 2026-02-12T17:20:52.218        0:  1379:  1379 E/zygisk-ptrace64 ] failed to find symbol pthread_key_create in /apex/com.android.runtime/lib64/bionic/libm.so
[ 2026-02-12T17:20:52.218        0:  1379:  1379 E/zygisk-elfutil64 ] Cannot load symtabs: .symtab section or its string table not found/valid.
[ 2026-02-12T17:20:52.218        0:  1379:  1379 E/zygisk-elfutil64 ] Failed to load symtabs for linear lookup of pthread_key_create
[ 2026-02-12T17:20:52.218        0:  1379:  1379 E/zygisk-ptrace64 ] failed to find symbol pthread_key_create in /apex/com.android.runtime/lib64/bionic/libdl.so
[ 2026-02-12T17:20:52.218        0:  1379:  1379 E/zygisk-elfutil64 ] Cannot load symtabs: .symtab section or its string table not found/valid.
[ 2026-02-12T17:20:52.218        0:  1379:  1379 E/zygisk-elfutil64 ] Failed to load symtabs for linear lookup of posix_memalign
[ 2026-02-12T17:20:52.218        0:  1379:  1379 E/zygisk-ptrace64 ] failed to find symbol posix_memalign in /system/lib64/liblog.so
[ 2026-02-12T17:20:52.218        0:  1379:  1379 E/zygisk-elfutil64 ] Cannot load symtabs: .symtab section or its string table not found/valid.
[ 2026-02-12T17:20:52.218        0:  1379:  1379 E/zygisk-elfutil64 ] Failed to load symtabs for linear lookup of posix_memalign
[ 2026-02-12T17:20:52.218        0:  1379:  1379 E/zygisk-ptrace64 ] failed to find symbol posix_memalign in /apex/com.android.runtime/lib64/bionic/libm.so
[ 2026-02-12T17:20:52.218        0:  1379:  1379 E/zygisk-elfutil64 ] Cannot load symtabs: .symtab section or its string table not found/valid.
[ 2026-02-12T17:20:52.218        0:  1379:  1379 E/zygisk-elfutil64 ] Failed to load symtabs for linear lookup of posix_memalign
[ 2026-02-12T17:20:52.218        0:  1379:  1379 E/zygisk-ptrace64 ] failed to find symbol posix_memalign in /apex/com.android.runtime/lib64/bionic/libdl.so
[ 2026-02-12T17:20:52.219        0:  1379:  1379 E/zygisk-elfutil64 ] Cannot load symtabs: .symtab section or its string table not found/valid.
[ 2026-02-12T17:20:52.219        0:  1379:  1379 E/zygisk-elfutil64 ] Failed to load symtabs for linear lookup of pthread_setspecific
[ 2026-02-12T17:20:52.219        0:  1379:  1379 E/zygisk-ptrace64 ] failed to find symbol pthread_setspecific in /system/lib64/liblog.so
[ 2026-02-12T17:20:52.219        0:  1379:  1379 E/zygisk-elfutil64 ] Cannot load symtabs: .symtab section or its string table not found/valid.
[ 2026-02-12T17:20:52.219        0:  1379:  1379 E/zygisk-elfutil64 ] Failed to load symtabs for linear lookup of pthread_setspecific
[ 2026-02-12T17:20:52.219        0:  1379:  1379 E/zygisk-ptrace64 ] failed to find symbol pthread_setspecific in /apex/com.android.runtime/lib64/bionic/libm.so
[ 2026-02-12T17:20:52.219        0:  1379:  1379 E/zygisk-elfutil64 ] Cannot load symtabs: .symtab section or its string table not found/valid.
[ 2026-02-12T17:20:52.219        0:  1379:  1379 E/zygisk-elfutil64 ] Failed to load symtabs for linear lookup of pthread_setspecific
[ 2026-02-12T17:20:52.219        0:  1379:  1379 E/zygisk-ptrace64 ] failed to find symbol pthread_setspecific in /apex/com.android.runtime/lib64/bionic/libdl.so
[ 2026-02-12T17:20:52.219        0:  1379:  1379 E/zygisk-elfutil64 ] Cannot load symtabs: .symtab section or its string table not found/valid.
[ 2026-02-12T17:20:52.219        0:  1379:  1379 E/zygisk-elfutil64 ] Failed to load symtabs for linear lookup of strlen
[ 2026-02-12T17:20:52.219        0:  1379:  1379 E/zygisk-ptrace64 ] failed to find symbol strlen in /system/lib64/liblog.so
[ 2026-02-12T17:20:52.219        0:  1379:  1379 E/zygisk-elfutil64 ] Cannot load symtabs: .symtab section or its string table not found/valid.
[ 2026-02-12T17:20:52.219        0:  1379:  1379 E/zygisk-elfutil64 ] Failed to load symtabs for linear lookup of strlen
[ 2026-02-12T17:20:52.220        0:  1379:  1379 E/zygisk-ptrace64 ] failed to find symbol strlen in /apex/com.android.runtime/lib64/bionic/libm.so
[ 2026-02-12T17:20:52.220        0:  1379:  1379 E/zygisk-elfutil64 ] Cannot load symtabs: .symtab section or its string table not found/valid.
[ 2026-02-12T17:20:52.220        0:  1379:  1379 E/zygisk-elfutil64 ] Failed to load symtabs for linear lookup of strlen
[ 2026-02-12T17:20:52.220        0:  1379:  1379 E/zygisk-ptrace64 ] failed to find symbol strlen in /apex/com.android.runtime/lib64/bionic/libdl.so
[ 2026-02-12T17:20:52.220        0:  1379:  1379 E/zygisk-elfutil64 ] Cannot load symtabs: .symtab section or its string table not found/valid.
[ 2026-02-12T17:20:52.220        0:  1379:  1379 E/zygisk-elfutil64 ] Failed to load symtabs for linear lookup of memmove
[ 2026-02-12T17:20:52.220        0:  1379:  1379 E/zygisk-ptrace64 ] failed to find symbol memmove in /system/lib64/liblog.so
[ 2026-02-12T17:20:52.220        0:  1379:  1379 E/zygisk-elfutil64 ] Cannot load symtabs: .symtab section or its string table not found/valid.
[ 2026-02-12T17:20:52.220        0:  1379:  1379 E/zygisk-elfutil64 ] Failed to load symtabs for linear lookup of memmove
[ 2026-02-12T17:20:52.220        0:  1379:  1379 E/zygisk-ptrace64 ] failed to find symbol memmove in /apex/com.android.runtime/lib64/bionic/libm.so
[ 2026-02-12T17:20:52.220        0:  1379:  1379 E/zygisk-elfutil64 ] Cannot load symtabs: .symtab section or its string table not found/valid.
[ 2026-02-12T17:20:52.221        0:  1379:  1379 E/zygisk-elfutil64 ] Failed to load symtabs for linear lookup of memmove
[ 2026-02-12T17:20:52.221        0:  1379:  1379 E/zygisk-ptrace64 ] failed to find symbol memmove in /apex/com.android.runtime/lib64/bionic/libdl.so
[ 2026-02-12T17:20:52.221        0:  1379:  1379 E/zygisk-elfutil64 ] Cannot load symtabs: .symtab section or its string table not found/valid.
[ 2026-02-12T17:20:52.221        0:  1379:  1379 E/zygisk-elfutil64 ] Failed to load symtabs for linear lookup of memset
[ 2026-02-12T17:20:52.221        0:  1379:  1379 E/zygisk-ptrace64 ] failed to find symbol memset in /system/lib64/liblog.so
[ 2026-02-12T17:20:52.221        0:  1379:  1379 E/zygisk-elfutil64 ] Cannot load symtabs: .symtab section or its string table not found/valid.
[ 2026-02-12T17:20:52.221        0:  1379:  1379 E/zygisk-elfutil64 ] Failed to load symtabs for linear lookup of memset
[ 2026-02-12T17:20:52.221        0:  1379:  1379 E/zygisk-ptrace64 ] failed to find symbol memset in /apex/com.android.runtime/lib64/bionic/libm.so
[ 2026-02-12T17:20:52.221        0:  1379:  1379 E/zygisk-elfutil64 ] Cannot load symtabs: .symtab section or its string table not found/valid.
[ 2026-02-12T17:20:52.221        0:  1379:  1379 E/zygisk-elfutil64 ] Failed to load symtabs for linear lookup of memset
[ 2026-02-12T17:20:52.221        0:  1379:  1379 E/zygisk-ptrace64 ] failed to find symbol memset in /apex/com.android.runtime/lib64/bionic/libdl.so
[ 2026-02-12T17:20:52.221        0:  1379:  1379 E/zygisk-elfutil64 ] Cannot load symtabs: .symtab section or its string table not found/valid.
[ 2026-02-12T17:20:52.221        0:  1379:  1379 E/zygisk-elfutil64 ] Failed to load symtabs for linear lookup of __stack_chk_fail
[ 2026-02-12T17:20:52.221        0:  1379:  1379 E/zygisk-ptrace64 ] failed to find symbol __stack_chk_fail in /system/lib64/liblog.so
[ 2026-02-12T17:20:52.221        0:  1379:  1379 E/zygisk-elfutil64 ] Cannot load symtabs: .symtab section or its string table not found/valid.
[ 2026-02-12T17:20:52.221        0:  1379:  1379 E/zygisk-elfutil64 ] Failed to load symtabs for linear lookup of __stack_chk_fail
[ 2026-02-12T17:20:52.221        0:  1379:  1379 E/zygisk-ptrace64 ] failed to find symbol __stack_chk_fail in /apex/com.android.runtime/lib64/bionic/libm.so
[ 2026-02-12T17:20:52.221        0:  1379:  1379 E/zygisk-elfutil64 ] Cannot load symtabs: .symtab section or its string table not found/valid.
[ 2026-02-12T17:20:52.221        0:  1379:  1379 E/zygisk-elfutil64 ] Failed to load symtabs for linear lookup of __stack_chk_fail
[ 2026-02-12T17:20:52.221        0:  1379:  1379 E/zygisk-ptrace64 ] failed to find symbol __stack_chk_fail in /apex/com.android.runtime/lib64/bionic/libdl.so
[ 2026-02-12T17:20:52.221        0:  1379:  1379 E/zygisk-elfutil64 ] Cannot load symtabs: .symtab section or its string table not found/valid.
[ 2026-02-12T17:20:52.221        0:  1379:  1379 E/zygisk-elfutil64 ] Failed to load symtabs for linear lookup of memcpy
[ 2026-02-12T17:20:52.221        0:  1379:  1379 E/zygisk-ptrace64 ] failed to find symbol memcpy in /system/lib64/liblog.so
[ 2026-02-12T17:20:52.221        0:  1379:  1379 E/zygisk-elfutil64 ] Cannot load symtabs: .symtab section or its string table not found/valid.
[ 2026-02-12T17:20:52.221        0:  1379:  1379 E/zygisk-elfutil64 ] Failed to load symtabs for linear lookup of memcpy
[ 2026-02-12T17:20:52.221        0:  1379:  1379 E/zygisk-ptrace64 ] failed to find symbol memcpy in /apex/com.android.runtime/lib64/bionic/libm.so
[ 2026-02-12T17:20:52.221        0:  1379:  1379 E/zygisk-elfutil64 ] Cannot load symtabs: .symtab section or its string table not found/valid.
[ 2026-02-12T17:20:52.221        0:  1379:  1379 E/zygisk-elfutil64 ] Failed to load symtabs for linear lookup of memcpy
[ 2026-02-12T17:20:52.221        0:  1379:  1379 E/zygisk-ptrace64 ] failed to find symbol memcpy in /apex/com.android.runtime/lib64/bionic/libdl.so
[ 2026-02-12T17:20:52.223        0:  1379:  1379 I/zygisk-ptrace64 ] remote mapped /data/adb/modules/rezygisk/lib64/libzygisk.so at 0x73508d0000 (size 118784), entry 0x73508d3b54
[ 2026-02-12T17:20:52.229        0:  1379:  1379 I/zygisk-ptrace64 ] process 1375 stopped by SIGCHLD, continue
[ 2026-02-12T17:20:52.299        0:  1093:  1093 I/zygisk-ptrace64 ] Received Zygote64 injected command
[ 2026-02-12T17:20:52.299        0:  1093:  1093 I/zygisk-ptrace64 ] status updated: Monitor: ✅, ReZygisk 64-bit: ✅, ReZygisk 32-bit: ⚠️
[ 2026-02-12T17:20:52.398        0:  1386:  1386 E/zygisk-elfutil32 ] Cannot load symtabs: .symtab section or its string table not found/valid.
[ 2026-02-12T17:20:52.398        0:  1386:  1386 E/zygisk-elfutil32 ] Failed to load symtabs for linear lookup of free
[ 2026-02-12T17:20:52.398        0:  1386:  1386 E/zygisk-ptrace32 ] failed to find symbol free in /system/lib/liblog.so
[ 2026-02-12T17:20:52.398        0:  1386:  1386 E/zygisk-elfutil32 ] Cannot load symtabs: .symtab section or its string table not found/valid.
[ 2026-02-12T17:20:52.398        0:  1386:  1386 E/zygisk-elfutil32 ] Failed to load symtabs for linear lookup of free
[ 2026-02-12T17:20:52.398        0:  1386:  1386 E/zygisk-ptrace32 ] failed to find symbol free in /apex/com.android.runtime/lib/bionic/libm.so
[ 2026-02-12T17:20:52.398        0:  1386:  1386 E/zygisk-elfutil32 ] Cannot load symtabs: .symtab section or its string table not found/valid.
[ 2026-02-12T17:20:52.398        0:  1386:  1386 E/zygisk-elfutil32 ] Failed to load symtabs for linear lookup of free
[ 2026-02-12T17:20:52.398        0:  1386:  1386 E/zygisk-ptrace32 ] failed to find symbol free in /apex/com.android.runtime/lib/bionic/libdl.so
[ 2026-02-12T17:20:52.399        0:  1386:  1386 E/zygisk-elfutil32 ] Cannot load symtabs: .symtab section or its string table not found/valid.
[ 2026-02-12T17:20:52.399        0:  1386:  1386 E/zygisk-elfutil32 ] Failed to load symtabs for linear lookup of __stack_chk_guard
[ 2026-02-12T17:20:52.399        0:  1386:  1386 E/zygisk-ptrace32 ] failed to find symbol __stack_chk_guard in /system/lib/liblog.so
[ 2026-02-12T17:20:52.399        0:  1386:  1386 E/zygisk-elfutil32 ] Cannot load symtabs: .symtab section or its string table not found/valid.
[ 2026-02-12T17:20:52.399        0:  1386:  1386 E/zygisk-elfutil32 ] Failed to load symtabs for linear lookup of __stack_chk_guard
[ 2026-02-12T17:20:52.399        0:  1386:  1386 E/zygisk-ptrace32 ] failed to find symbol __stack_chk_guard in /apex/com.android.runtime/lib/bionic/libm.so
[ 2026-02-12T17:20:52.399        0:  1386:  1386 E/zygisk-elfutil32 ] Cannot load symtabs: .symtab section or its string table not found/valid.
[ 2026-02-12T17:20:52.399        0:  1386:  1386 E/zygisk-elfutil32 ] Failed to load symtabs for linear lookup of __stack_chk_guard
[ 2026-02-12T17:20:52.399        0:  1386:  1386 E/zygisk-ptrace32 ] failed to find symbol __stack_chk_guard in /apex/com.android.runtime/lib/bionic/libdl.so
[ 2026-02-12T17:20:52.399        0:  1386:  1386 E/zygisk-elfutil32 ] Cannot load symtabs: .symtab section or its string table not found/valid.
[ 2026-02-12T17:20:52.399        0:  1386:  1386 E/zygisk-elfutil32 ] Failed to load symtabs for linear lookup of strncmp
[ 2026-02-12T17:20:52.399        0:  1386:  1386 E/zygisk-ptrace32 ] failed to find symbol strncmp in /system/lib/liblog.so
[ 2026-02-12T17:20:52.399        0:  1386:  1386 E/zygisk-elfutil32 ] Cannot load symtabs: .symtab section or its string table not found/valid.
[ 2026-02-12T17:20:52.399        0:  1386:  1386 E/zygisk-elfutil32 ] Failed to load symtabs for linear lookup of strncmp
[ 2026-02-12T17:20:52.399        0:  1386:  1386 E/zygisk-ptrace32 ] failed to find symbol strncmp in /apex/com.android.runtime/lib/bionic/libm.so
[ 2026-02-12T17:20:52.399        0:  1386:  1386 E/zygisk-elfutil32 ] Cannot load symtabs: .symtab section or its string table not found/valid.
[ 2026-02-12T17:20:52.399        0:  1386:  1386 E/zygisk-elfutil32 ] Failed to load symtabs for linear lookup of strncmp
[ 2026-02-12T17:20:52.399        0:  1386:  1386 E/zygisk-ptrace32 ] failed to find symbol strncmp in /apex/com.android.runtime/lib/bionic/libdl.so
[ 2026-02-12T17:20:52.399        0:  1386:  1386 E/zygisk-elfutil32 ] Cannot load symtabs: .symtab section or its string table not found/valid.
[ 2026-02-12T17:20:52.399        0:  1386:  1386 E/zygisk-elfutil32 ] Failed to load symtabs for linear lookup of access
[ 2026-02-12T17:20:52.399        0:  1386:  1386 E/zygisk-ptrace32 ] failed to find symbol access in /system/lib/liblog.so
[ 2026-02-12T17:20:52.399        0:  1386:  1386 E/zygisk-elfutil32 ] Cannot load symtabs: .symtab section or its string table not found/valid.
[ 2026-02-12T17:20:52.399        0:  1386:  1386 E/zygisk-elfutil32 ] Failed to load symtabs for linear lookup of access
[ 2026-02-12T17:20:52.399        0:  1386:  1386 E/zygisk-ptrace32 ] failed to find symbol access in /apex/com.android.runtime/lib/bionic/libm.so
[ 2026-02-12T17:20:52.399        0:  1386:  1386 E/zygisk-elfutil32 ] Cannot load symtabs: .symtab section or its string table not found/valid.
[ 2026-02-12T17:20:52.399        0:  1386:  1386 E/zygisk-elfutil32 ] Failed to load symtabs for linear lookup of access
[ 2026-02-12T17:20:52.399        0:  1386:  1386 E/zygisk-ptrace32 ] failed to find symbol access in /apex/com.android.runtime/lib/bionic/libdl.so
[ 2026-02-12T17:20:52.399        0:  1386:  1386 E/zygisk-elfutil32 ] Cannot load symtabs: .symtab section or its string table not found/valid.
[ 2026-02-12T17:20:52.399        0:  1386:  1386 E/zygisk-elfutil32 ] Failed to load symtabs for linear lookup of close
[ 2026-02-12T17:20:52.399        0:  1386:  1386 E/zygisk-ptrace32 ] failed to find symbol close in /system/lib/liblog.so
[ 2026-02-12T17:20:52.399        0:  1386:  1386 E/zygisk-elfutil32 ] Cannot load symtabs: .symtab section or its string table not found/valid.
[ 2026-02-12T17:20:52.399        0:  1386:  1386 E/zygisk-elfutil32 ] Failed to load symtabs for linear lookup of close
[ 2026-02-12T17:20:52.400        0:  1386:  1386 E/zygisk-ptrace32 ] failed to find symbol close in /apex/com.android.runtime/lib/bionic/libm.so
[ 2026-02-12T17:20:52.400        0:  1386:  1386 E/zygisk-elfutil32 ] Cannot load symtabs: .symtab section or its string table not found/valid.
[ 2026-02-12T17:20:52.400        0:  1386:  1386 E/zygisk-elfutil32 ] Failed to load symtabs for linear lookup of close
[ 2026-02-12T17:20:52.400        0:  1386:  1386 E/zygisk-ptrace32 ] failed to find symbol close in /apex/com.android.runtime/lib/bionic/libdl.so
[ 2026-02-12T17:20:52.400        0:  1386:  1386 E/zygisk-elfutil32 ] Cannot load symtabs: .symtab section or its string table not found/valid.
[ 2026-02-12T17:20:52.400        0:  1386:  1386 E/zygisk-elfutil32 ] Failed to load symtabs for linear lookup of gettid
[ 2026-02-12T17:20:52.400        0:  1386:  1386 E/zygisk-ptrace32 ] failed to find symbol gettid in /system/lib/liblog.so
[ 2026-02-12T17:20:52.400        0:  1386:  1386 E/zygisk-elfutil32 ] Cannot load symtabs: .symtab section or its string table not found/valid.
[ 2026-02-12T17:20:52.400        0:  1386:  1386 E/zygisk-elfutil32 ] Failed to load symtabs for linear lookup of gettid
[ 2026-02-12T17:20:52.400        0:  1386:  1386 E/zygisk-ptrace32 ] failed to find symbol gettid in /apex/com.android.runtime/lib/bionic/libm.so
[ 2026-02-12T17:20:52.400        0:  1386:  1386 E/zygisk-elfutil32 ] Cannot load symtabs: .symtab section or its string table not found/valid.
[ 2026-02-12T17:20:52.400        0:  1386:  1386 E/zygisk-elfutil32 ] Failed to load symtabs for linear lookup of gettid
[ 2026-02-12T17:20:52.400        0:  1386:  1386 E/zygisk-ptrace32 ] failed to find symbol gettid in /apex/com.android.runtime/lib/bionic/libdl.so
[ 2026-02-12T17:20:52.400        0:  1386:  1386 E/zygisk-elfutil32 ] Cannot load symtabs: .symtab section or its string table not found/valid.
[ 2026-02-12T17:20:52.400        0:  1386:  1386 E/zygisk-elfutil32 ] Failed to load symtabs for linear lookup of getpid
[ 2026-02-12T17:20:52.400        0:  1386:  1386 E/zygisk-ptrace32 ] failed to find symbol getpid in /system/lib/liblog.so
[ 2026-02-12T17:20:52.400        0:  1386:  1386 E/zygisk-elfutil32 ] Cannot load symtabs: .symtab section or its string table not found/valid.
[ 2026-02-12T17:20:52.400        0:  1386:  1386 E/zygisk-elfutil32 ] Failed to load symtabs for linear lookup of getpid
[ 2026-02-12T17:20:52.400        0:  1386:  1386 E/zygisk-ptrace32 ] failed to find symbol getpid in /apex/com.android.runtime/lib/bionic/libm.so
[ 2026-02-12T17:20:52.400        0:  1386:  1386 E/zygisk-elfutil32 ] Cannot load symtabs: .symtab section or its string table not found/valid.
[ 2026-02-12T17:20:52.400        0:  1386:  1386 E/zygisk-elfutil32 ] Failed to load symtabs for linear lookup of getpid
[ 2026-02-12T17:20:52.400        0:  1386:  1386 E/zygisk-ptrace32 ] failed to find symbol getpid in /apex/com.android.runtime/lib/bionic/libdl.so
[ 2026-02-12T17:20:52.400        0:  1386:  1386 E/zygisk-elfutil32 ] Cannot load symtabs: .symtab section or its string table not found/valid.
[ 2026-02-12T17:20:52.400        0:  1386:  1386 E/zygisk-elfutil32 ] Failed to load symtabs for linear lookup of free
[ 2026-02-12T17:20:52.400        0:  1386:  1386 E/zygisk-ptrace32 ] failed to find symbol free in /system/lib/liblog.so
[ 2026-02-12T17:20:52.400        0:  1386:  1386 E/zygisk-elfutil32 ] Cannot load symtabs: .symtab section or its string table not found/valid.
[ 2026-02-12T17:20:52.400        0:  1386:  1386 E/zygisk-elfutil32 ] Failed to load symtabs for linear lookup of free
[ 2026-02-12T17:20:52.400        0:  1386:  1386 E/zygisk-ptrace32 ] failed to find symbol free in /apex/com.android.runtime/lib/bionic/libm.so
[ 2026-02-12T17:20:52.400        0:  1386:  1386 E/zygisk-elfutil32 ] Cannot load symtabs: .symtab section or its string table not found/valid.
[ 2026-02-12T17:20:52.400        0:  1386:  1386 E/zygisk-elfutil32 ] Failed to load symtabs for linear lookup of free
[ 2026-02-12T17:20:52.400        0:  1386:  1386 E/zygisk-ptrace32 ] failed to find symbol free in /apex/com.android.runtime/lib/bionic/libdl.so
[ 2026-02-12T17:20:52.401        0:  1386:  1386 E/zygisk-elfutil32 ] Cannot load symtabs: .symtab section or its string table not found/valid.
[ 2026-02-12T17:20:52.401        0:  1386:  1386 E/zygisk-elfutil32 ] Failed to load symtabs for linear lookup of munmap
[ 2026-02-12T17:20:52.401        0:  1386:  1386 E/zygisk-ptrace32 ] failed to find symbol munmap in /system/lib/liblog.so
[ 2026-02-12T17:20:52.401        0:  1386:  1386 E/zygisk-elfutil32 ] Cannot load symtabs: .symtab section or its string table not found/valid.
[ 2026-02-12T17:20:52.401        0:  1386:  1386 E/zygisk-elfutil32 ] Failed to load symtabs for linear lookup of munmap
[ 2026-02-12T17:20:52.401        0:  1386:  1386 E/zygisk-ptrace32 ] failed to find symbol munmap in /apex/com.android.runtime/lib/bionic/libm.so
[ 2026-02-12T17:20:52.401        0:  1386:  1386 E/zygisk-elfutil32 ] Cannot load symtabs: .symtab section or its string table not found/valid.
[ 2026-02-12T17:20:52.401        0:  1386:  1386 E/zygisk-elfutil32 ] Failed to load symtabs for linear lookup of munmap
[ 2026-02-12T17:20:52.401        0:  1386:  1386 E/zygisk-ptrace32 ] failed to find symbol munmap in /apex/com.android.runtime/lib/bionic/libdl.so
[ 2026-02-12T17:20:52.401        0:  1386:  1386 E/zygisk-elfutil32 ] Cannot load symtabs: .symtab section or its string table not found/valid.
[ 2026-02-12T17:20:52.401        0:  1386:  1386 E/zygisk-elfutil32 ] Failed to load symtabs for linear lookup of strcmp
[ 2026-02-12T17:20:52.401        0:  1386:  1386 E/zygisk-ptrace32 ] failed to find symbol strcmp in /system/lib/liblog.so
[ 2026-02-12T17:20:52.401        0:  1386:  1386 E/zygisk-elfutil32 ] Cannot load symtabs: .symtab section or its string table not found/valid.
[ 2026-02-12T17:20:52.401        0:  1386:  1386 E/zygisk-elfutil32 ] Failed to load symtabs for linear lookup of strcmp
[ 2026-02-12T17:20:52.401        0:  1386:  1386 E/zygisk-ptrace32 ] failed to find symbol strcmp in /apex/com.android.runtime/lib/bionic/libm.so
[ 2026-02-12T17:20:52.401        0:  1386:  1386 E/zygisk-elfutil32 ] Cannot load symtabs: .symtab section or its string table not found/valid.
[ 2026-02-12T17:20:52.401        0:  1386:  1386 E/zygisk-elfutil32 ] Failed to load symtabs for linear lookup of strcmp
[ 2026-02-12T17:20:52.401        0:  1386:  1386 E/zygisk-ptrace32 ] failed to find symbol strcmp in /apex/com.android.runtime/lib/bionic/libdl.so
[ 2026-02-12T17:20:52.401        0:  1386:  1386 E/zygisk-elfutil32 ] Cannot load symtabs: .symtab section or its string table not found/valid.
[ 2026-02-12T17:20:52.401        0:  1386:  1386 E/zygisk-elfutil32 ] Failed to load symtabs for linear lookup of strstr
[ 2026-02-12T17:20:52.401        0:  1386:  1386 E/zygisk-ptrace32 ] failed to find symbol strstr in /system/lib/liblog.so
[ 2026-02-12T17:20:52.401        0:  1386:  1386 E/zygisk-elfutil32 ] Cannot load symtabs: .symtab section or its string table not found/valid.
[ 2026-02-12T17:20:52.401        0:  1386:  1386 E/zygisk-elfutil32 ] Failed to load symtabs for linear lookup of strstr
[ 2026-02-12T17:20:52.401        0:  1386:  1386 E/zygisk-ptrace32 ] failed to find symbol strstr in /apex/com.android.runtime/lib/bionic/libm.so
[ 2026-02-12T17:20:52.401        0:  1386:  1386 E/zygisk-elfutil32 ] Cannot load symtabs: .symtab section or its string table not found/valid.
[ 2026-02-12T17:20:52.401        0:  1386:  1386 E/zygisk-elfutil32 ] Failed to load symtabs for linear lookup of strstr
[ 2026-02-12T17:20:52.401        0:  1386:  1386 E/zygisk-ptrace32 ] failed to find symbol strstr in /apex/com.android.runtime/lib/bionic/libdl.so
[ 2026-02-12T17:20:52.401        0:  1386:  1386 E/zygisk-elfutil32 ] Cannot load symtabs: .symtab section or its string table not found/valid.
[ 2026-02-12T17:20:52.401        0:  1386:  1386 E/zygisk-elfutil32 ] Failed to load symtabs for linear lookup of dlsym
[ 2026-02-12T17:20:52.401        0:  1386:  1386 E/zygisk-ptrace32 ] failed to find symbol dlsym in /system/lib/liblog.so
[ 2026-02-12T17:20:52.401        0:  1386:  1386 E/zygisk-elfutil32 ] Cannot load symtabs: .symtab section or its string table not found/valid.
[ 2026-02-12T17:20:52.401        0:  1386:  1386 E/zygisk-elfutil32 ] Failed to load symtabs for linear lookup of dlsym
[ 2026-02-12T17:20:52.401        0:  1386:  1386 E/zygisk-ptrace32 ] failed to find symbol dlsym in /apex/com.android.runtime/lib/bionic/libm.so
[ 2026-02-12T17:20:52.402        0:  1386:  1386 E/zygisk-elfutil32 ] Cannot load symtabs: .symtab section or its string table not found/valid.
[ 2026-02-12T17:20:52.402        0:  1386:  1386 E/zygisk-elfutil32 ] Failed to load symtabs for linear lookup of dlopen
[ 2026-02-12T17:20:52.402        0:  1386:  1386 E/zygisk-ptrace32 ] failed to find symbol dlopen in /system/lib/liblog.so
[ 2026-02-12T17:20:52.402        0:  1386:  1386 E/zygisk-elfutil32 ] Cannot load symtabs: .symtab section or its string table not found/valid.
[ 2026-02-12T17:20:52.402        0:  1386:  1386 E/zygisk-elfutil32 ] Failed to load symtabs for linear lookup of dlopen
[ 2026-02-12T17:20:52.402        0:  1386:  1386 E/zygisk-ptrace32 ] failed to find symbol dlopen in /apex/com.android.runtime/lib/bionic/libm.so
[ 2026-02-12T17:20:52.402        0:  1386:  1386 E/zygisk-elfutil32 ] Cannot load symtabs: .symtab section or its string table not found/valid.
[ 2026-02-12T17:20:52.402        0:  1386:  1386 E/zygisk-elfutil32 ] Failed to load symtabs for linear lookup of dlerror
[ 2026-02-12T17:20:52.402        0:  1386:  1386 E/zygisk-ptrace32 ] failed to find symbol dlerror in /system/lib/liblog.so
[ 2026-02-12T17:20:52.402        0:  1386:  1386 E/zygisk-elfutil32 ] Cannot load symtabs: .symtab section or its string table not found/valid.
[ 2026-02-12T17:20:52.402        0:  1386:  1386 E/zygisk-elfutil32 ] Failed to load symtabs for linear lookup of dlerror
[ 2026-02-12T17:20:52.402        0:  1386:  1386 E/zygisk-ptrace32 ] failed to find symbol dlerror in /apex/com.android.runtime/lib/bionic/libm.so
[ 2026-02-12T17:20:52.402        0:  1386:  1386 E/zygisk-elfutil32 ] Cannot load symtabs: .symtab section or its string table not found/valid.
[ 2026-02-12T17:20:52.402        0:  1386:  1386 E/zygisk-elfutil32 ] Failed to load symtabs for linear lookup of dlclose
[ 2026-02-12T17:20:52.402        0:  1386:  1386 E/zygisk-ptrace32 ] failed to find symbol dlclose in /system/lib/liblog.so
[ 2026-02-12T17:20:52.402        0:  1386:  1386 E/zygisk-elfutil32 ] Cannot load symtabs: .symtab section or its string table not found/valid.
[ 2026-02-12T17:20:52.402        0:  1386:  1386 E/zygisk-elfutil32 ] Failed to load symtabs for linear lookup of dlclose
[ 2026-02-12T17:20:52.402        0:  1386:  1386 E/zygisk-ptrace32 ] failed to find symbol dlclose in /apex/com.android.runtime/lib/bionic/libm.so
[ 2026-02-12T17:20:52.402        0:  1386:  1386 E/zygisk-elfutil32 ] Cannot load symtabs: .symtab section or its string table not found/valid.
[ 2026-02-12T17:20:52.402        0:  1386:  1386 E/zygisk-elfutil32 ] Failed to load symtabs for linear lookup of pthread_mutex_init
[ 2026-02-12T17:20:52.402        0:  1386:  1386 E/zygisk-ptrace32 ] failed to find symbol pthread_mutex_init in /system/lib/liblog.so
[ 2026-02-12T17:20:52.402        0:  1386:  1386 E/zygisk-elfutil32 ] Cannot load symtabs: .symtab section or its string table not found/valid.
[ 2026-02-12T17:20:52.402        0:  1386:  1386 E/zygisk-elfutil32 ] Failed to load symtabs for linear lookup of pthread_mutex_init
[ 2026-02-12T17:20:52.402        0:  1386:  1386 E/zygisk-ptrace32 ] failed to find symbol pthread_mutex_init in /apex/com.android.runtime/lib/bionic/libm.so
[ 2026-02-12T17:20:52.402        0:  1386:  1386 E/zygisk-elfutil32 ] Cannot load symtabs: .symtab section or its string table not found/valid.
[ 2026-02-12T17:20:52.402        0:  1386:  1386 E/zygisk-elfutil32 ] Failed to load symtabs for linear lookup of pthread_mutex_init
[ 2026-02-12T17:20:52.402        0:  1386:  1386 E/zygisk-ptrace32 ] failed to find symbol pthread_mutex_init in /apex/com.android.runtime/lib/bionic/libdl.so
[ 2026-02-12T17:20:52.402        0:  1386:  1386 E/zygisk-elfutil32 ] Cannot load symtabs: .symtab section or its string table not found/valid.
[ 2026-02-12T17:20:52.402        0:  1386:  1386 E/zygisk-elfutil32 ] Failed to load symtabs for linear lookup of opendir
[ 2026-02-12T17:20:52.402        0:  1386:  1386 E/zygisk-ptrace32 ] failed to find symbol opendir in /system/lib/liblog.so
[ 2026-02-12T17:20:52.402        0:  1386:  1386 E/zygisk-elfutil32 ] Cannot load symtabs: .symtab section or its string table not found/valid.
[ 2026-02-12T17:20:52.402        0:  1386:  1386 E/zygisk-elfutil32 ] Failed to load symtabs for linear lookup of opendir
[ 2026-02-12T17:20:52.402        0:  1386:  1386 E/zygisk-ptrace32 ] failed to find symbol opendir in /apex/com.android.runtime/lib/bionic/libm.so
[ 2026-02-12T17:20:52.402        0:  1386:  1386 E/zygisk-elfutil32 ] Cannot load symtabs: .symtab section or its string table not found/valid.
[ 2026-02-12T17:20:52.402        0:  1386:  1386 E/zygisk-elfutil32 ] Failed to load symtabs for linear lookup of opendir
[ 2026-02-12T17:20:52.402        0:  1386:  1386 E/zygisk-ptrace32 ] failed to find symbol opendir in /apex/com.android.runtime/lib/bionic/libdl.so
[ 2026-02-12T17:20:52.403        0:  1386:  1386 E/zygisk-elfutil32 ] Cannot load symtabs: .symtab section or its string table not found/valid.
[ 2026-02-12T17:20:52.403        0:  1386:  1386 E/zygisk-elfutil32 ] Failed to load symtabs for linear lookup of __errno
[ 2026-02-12T17:20:52.403        0:  1386:  1386 E/zygisk-ptrace32 ] failed to find symbol __errno in /system/lib/liblog.so
[ 2026-02-12T17:20:52.403        0:  1386:  1386 E/zygisk-elfutil32 ] Cannot load symtabs: .symtab section or its string table not found/valid.
[ 2026-02-12T17:20:52.403        0:  1386:  1386 E/zygisk-elfutil32 ] Failed to load symtabs for linear lookup of __errno
[ 2026-02-12T17:20:52.403        0:  1386:  1386 E/zygisk-ptrace32 ] failed to find symbol __errno in /apex/com.android.runtime/lib/bionic/libm.so
[ 2026-02-12T17:20:52.403        0:  1386:  1386 E/zygisk-elfutil32 ] Cannot load symtabs: .symtab section or its string table not found/valid.
[ 2026-02-12T17:20:52.403        0:  1386:  1386 E/zygisk-elfutil32 ] Failed to load symtabs for linear lookup of __errno
[ 2026-02-12T17:20:52.403        0:  1386:  1386 E/zygisk-ptrace32 ] failed to find symbol __errno in /apex/com.android.runtime/lib/bionic/libdl.so
[ 2026-02-12T17:20:52.403        0:  1386:  1386 E/zygisk-elfutil32 ] Cannot load symtabs: .symtab section or its string table not found/valid.
[ 2026-02-12T17:20:52.403        0:  1386:  1386 E/zygisk-elfutil32 ] Failed to load symtabs for linear lookup of strerror
[ 2026-02-12T17:20:52.403        0:  1386:  1386 E/zygisk-ptrace32 ] failed to find symbol strerror in /system/lib/liblog.so
[ 2026-02-12T17:20:52.403        0:  1386:  1386 E/zygisk-elfutil32 ] Cannot load symtabs: .symtab section or its string table not found/valid.
[ 2026-02-12T17:20:52.403        0:  1386:  1386 E/zygisk-elfutil32 ] Failed to load symtabs for linear lookup of strerror
[ 2026-02-12T17:20:52.403        0:  1386:  1386 E/zygisk-ptrace32 ] failed to find symbol strerror in /apex/com.android.runtime/lib/bionic/libm.so
[ 2026-02-12T17:20:52.403        0:  1386:  1386 E/zygisk-elfutil32 ] Cannot load symtabs: .symtab section or its string table not found/valid.
[ 2026-02-12T17:20:52.403        0:  1386:  1386 E/zygisk-elfutil32 ] Failed to load symtabs for linear lookup of strerror
[ 2026-02-12T17:20:52.403        0:  1386:  1386 E/zygisk-ptrace32 ] failed to find symbol strerror in /apex/com.android.runtime/lib/bionic/libdl.so
[ 2026-02-12T17:20:52.403        0:  1386:  1386 E/zygisk-elfutil32 ] Cannot load symtabs: .symtab section or its string table not found/valid.
[ 2026-02-12T17:20:52.403        0:  1386:  1386 E/zygisk-elfutil32 ] Failed to load symtabs for linear lookup of readdir
[ 2026-02-12T17:20:52.403        0:  1386:  1386 E/zygisk-ptrace32 ] failed to find symbol readdir in /system/lib/liblog.so
[ 2026-02-12T17:20:52.403        0:  1386:  1386 E/zygisk-elfutil32 ] Cannot load symtabs: .symtab section or its string table not found/valid.
[ 2026-02-12T17:20:52.403        0:  1386:  1386 E/zygisk-elfutil32 ] Failed to load symtabs for linear lookup of readdir
[ 2026-02-12T17:20:52.403        0:  1386:  1386 E/zygisk-ptrace32 ] failed to find symbol readdir in /apex/com.android.runtime/lib/bionic/libm.so
[ 2026-02-12T17:20:52.404        0:  1386:  1386 E/zygisk-elfutil32 ] Cannot load symtabs: .symtab section or its string table not found/valid.
[ 2026-02-12T17:20:52.404        0:  1386:  1386 E/zygisk-elfutil32 ] Failed to load symtabs for linear lookup of readdir
[ 2026-02-12T17:20:52.404        0:  1386:  1386 E/zygisk-ptrace32 ] failed to find symbol readdir in /apex/com.android.runtime/lib/bionic/libdl.so
[ 2026-02-12T17:20:52.404        0:  1386:  1386 E/zygisk-elfutil32 ] Cannot load symtabs: .symtab section or its string table not found/valid.
[ 2026-02-12T17:20:52.404        0:  1386:  1386 E/zygisk-elfutil32 ] Failed to load symtabs for linear lookup of dirfd
[ 2026-02-12T17:20:52.404        0:  1386:  1386 E/zygisk-ptrace32 ] failed to find symbol dirfd in /system/lib/liblog.so
[ 2026-02-12T17:20:52.405        0:  1386:  1386 E/zygisk-elfutil32 ] Cannot load symtabs: .symtab section or its string table not found/valid.
[ 2026-02-12T17:20:52.405        0:  1386:  1386 E/zygisk-elfutil32 ] Failed to load symtabs for linear lookup of dirfd
[ 2026-02-12T17:20:52.405        0:  1386:  1386 E/zygisk-ptrace32 ] failed to find symbol dirfd in /apex/com.android.runtime/lib/bionic/libm.so
[ 2026-02-12T17:20:52.406        0:  1386:  1386 E/zygisk-elfutil32 ] Cannot load symtabs: .symtab section or its string table not found/valid.
[ 2026-02-12T17:20:52.406        0:  1386:  1386 E/zygisk-elfutil32 ] Failed to load symtabs for linear lookup of dirfd
[ 2026-02-12T17:20:52.406        0:  1386:  1386 E/zygisk-ptrace32 ] failed to find symbol dirfd in /apex/com.android.runtime/lib/bionic/libdl.so
[ 2026-02-12T17:20:52.406        0:  1386:  1386 E/zygisk-elfutil32 ] Cannot load symtabs: .symtab section or its string table not found/valid.
[ 2026-02-12T17:20:52.406        0:  1386:  1386 E/zygisk-elfutil32 ] Failed to load symtabs for linear lookup of closedir
[ 2026-02-12T17:20:52.406        0:  1386:  1386 E/zygisk-ptrace32 ] failed to find symbol closedir in /system/lib/liblog.so
[ 2026-02-12T17:20:52.406        0:  1386:  1386 E/zygisk-elfutil32 ] Cannot load symtabs: .symtab section or its string table not found/valid.
[ 2026-02-12T17:20:52.406        0:  1386:  1386 E/zygisk-elfutil32 ] Failed to load symtabs for linear lookup of closedir
[ 2026-02-12T17:20:52.406        0:  1386:  1386 E/zygisk-ptrace32 ] failed to find symbol closedir in /apex/com.android.runtime/lib/bionic/libm.so
[ 2026-02-12T17:20:52.406        0:  1386:  1386 E/zygisk-elfutil32 ] Cannot load symtabs: .symtab section or its string table not found/valid.
[ 2026-02-12T17:20:52.406        0:  1386:  1386 E/zygisk-elfutil32 ] Failed to load symtabs for linear lookup of closedir
[ 2026-02-12T17:20:52.406        0:  1386:  1386 E/zygisk-ptrace32 ] failed to find symbol closedir in /apex/com.android.runtime/lib/bionic/libdl.so
[ 2026-02-12T17:20:52.407        0:  1386:  1386 E/zygisk-elfutil32 ] Cannot load symtabs: .symtab section or its string table not found/valid.
[ 2026-02-12T17:20:52.407        0:  1386:  1386 E/zygisk-elfutil32 ] Failed to load symtabs for linear lookup of sigemptyset
[ 2026-02-12T17:20:52.407        0:  1386:  1386 E/zygisk-ptrace32 ] failed to find symbol sigemptyset in /system/lib/liblog.so
[ 2026-02-12T17:20:52.407        0:  1386:  1386 E/zygisk-elfutil32 ] Cannot load symtabs: .symtab section or its string table not found/valid.
[ 2026-02-12T17:20:52.407        0:  1386:  1386 E/zygisk-elfutil32 ] Failed to load symtabs for linear lookup of sigemptyset
[ 2026-02-12T17:20:52.407        0:  1386:  1386 E/zygisk-ptrace32 ] failed to find symbol sigemptyset in /apex/com.android.runtime/lib/bionic/libm.so
[ 2026-02-12T17:20:52.407        0:  1386:  1386 E/zygisk-elfutil32 ] Cannot load symtabs: .symtab section or its string table not found/valid.
[ 2026-02-12T17:20:52.407        0:  1386:  1386 E/zygisk-elfutil32 ] Failed to load symtabs for linear lookup of sigemptyset
[ 2026-02-12T17:20:52.407        0:  1386:  1386 E/zygisk-ptrace32 ] failed to find symbol sigemptyset in /apex/com.android.runtime/lib/bionic/libdl.so
[ 2026-02-12T17:20:52.407        0:  1386:  1386 E/zygisk-elfutil32 ] Cannot load symtabs: .symtab section or its string table not found/valid.
[ 2026-02-12T17:20:52.407        0:  1386:  1386 E/zygisk-elfutil32 ] Failed to load symtabs for linear lookup of sigaddset
[ 2026-02-12T17:20:52.407        0:  1386:  1386 E/zygisk-ptrace32 ] failed to find symbol sigaddset in /system/lib/liblog.so
[ 2026-02-12T17:20:52.408        0:  1386:  1386 E/zygisk-elfutil32 ] Cannot load symtabs: .symtab section or its string table not found/valid.
[ 2026-02-12T17:20:52.408        0:  1386:  1386 E/zygisk-elfutil32 ] Failed to load symtabs for linear lookup of sigaddset
[ 2026-02-12T17:20:52.408        0:  1386:  1386 E/zygisk-ptrace32 ] failed to find symbol sigaddset in /apex/com.android.runtime/lib/bionic/libm.so
[ 2026-02-12T17:20:52.408        0:  1386:  1386 E/zygisk-elfutil32 ] Cannot load symtabs: .symtab section or its string table not found/valid.
[ 2026-02-12T17:20:52.408        0:  1386:  1386 E/zygisk-elfutil32 ] Failed to load symtabs for linear lookup of sigaddset
[ 2026-02-12T17:20:52.408        0:  1386:  1386 E/zygisk-ptrace32 ] failed to find symbol sigaddset in /apex/com.android.runtime/lib/bionic/libdl.so
[ 2026-02-12T17:20:52.408        0:  1386:  1386 E/zygisk-elfutil32 ] Cannot load symtabs: .symtab section or its string table not found/valid.
[ 2026-02-12T17:20:52.408        0:  1386:  1386 E/zygisk-elfutil32 ] Failed to load symtabs for linear lookup of sigprocmask
[ 2026-02-12T17:20:52.408        0:  1386:  1386 E/zygisk-ptrace32 ] failed to find symbol sigprocmask in /system/lib/liblog.so
[ 2026-02-12T17:20:52.408        0:  1386:  1386 E/zygisk-elfutil32 ] Cannot load symtabs: .symtab section or its string table not found/valid.
[ 2026-02-12T17:20:52.408        0:  1386:  1386 E/zygisk-elfutil32 ] Failed to load symtabs for linear lookup of sigprocmask
[ 2026-02-12T17:20:52.408        0:  1386:  1386 E/zygisk-ptrace32 ] failed to find symbol sigprocmask in /apex/com.android.runtime/lib/bionic/libm.so
[ 2026-02-12T17:20:52.408        0:  1386:  1386 E/zygisk-elfutil32 ] Cannot load symtabs: .symtab section or its string table not found/valid.
[ 2026-02-12T17:20:52.408        0:  1386:  1386 E/zygisk-elfutil32 ] Failed to load symtabs for linear lookup of sigprocmask
[ 2026-02-12T17:20:52.408        0:  1386:  1386 E/zygisk-ptrace32 ] failed to find symbol sigprocmask in /apex/com.android.runtime/lib/bionic/libdl.so
[ 2026-02-12T17:20:52.409        0:  1386:  1386 E/zygisk-elfutil32 ] Cannot load symtabs: .symtab section or its string table not found/valid.
[ 2026-02-12T17:20:52.409        0:  1386:  1386 E/zygisk-elfutil32 ] Failed to load symtabs for linear lookup of stat
[ 2026-02-12T17:20:52.409        0:  1386:  1386 E/zygisk-ptrace32 ] failed to find symbol stat in /system/lib/liblog.so
[ 2026-02-12T17:20:52.409        0:  1386:  1386 E/zygisk-elfutil32 ] Cannot load symtabs: .symtab section or its string table not found/valid.
[ 2026-02-12T17:20:52.409        0:  1386:  1386 E/zygisk-elfutil32 ] Failed to load symtabs for linear lookup of stat
[ 2026-02-12T17:20:52.409        0:  1386:  1386 E/zygisk-ptrace32 ] failed to find symbol stat in /apex/com.android.runtime/lib/bionic/libm.so
[ 2026-02-12T17:20:52.409        0:  1386:  1386 E/zygisk-elfutil32 ] Cannot load symtabs: .symtab section or its string table not found/valid.
[ 2026-02-12T17:20:52.409        0:  1386:  1386 E/zygisk-elfutil32 ] Failed to load symtabs for linear lookup of stat
[ 2026-02-12T17:20:52.409        0:  1386:  1386 E/zygisk-ptrace32 ] failed to find symbol stat in /apex/com.android.runtime/lib/bionic/libdl.so
[ 2026-02-12T17:20:52.409        0:  1386:  1386 E/zygisk-elfutil32 ] Cannot load symtabs: .symtab section or its string table not found/valid.
[ 2026-02-12T17:20:52.409        0:  1386:  1386 E/zygisk-elfutil32 ] Failed to load symtabs for linear lookup of setenv
[ 2026-02-12T17:20:52.409        0:  1386:  1386 E/zygisk-ptrace32 ] failed to find symbol setenv in /system/lib/liblog.so
[ 2026-02-12T17:20:52.410        0:  1386:  1386 E/zygisk-elfutil32 ] Cannot load symtabs: .symtab section or its string table not found/valid.
[ 2026-02-12T17:20:52.410        0:  1386:  1386 E/zygisk-elfutil32 ] Failed to load symtabs for linear lookup of setenv
[ 2026-02-12T17:20:52.410        0:  1386:  1386 E/zygisk-ptrace32 ] failed to find symbol setenv in /apex/com.android.runtime/lib/bionic/libm.so
[ 2026-02-12T17:20:52.410        0:  1386:  1386 E/zygisk-elfutil32 ] Cannot load symtabs: .symtab section or its string table not found/valid.
[ 2026-02-12T17:20:52.410        0:  1386:  1386 E/zygisk-elfutil32 ] Failed to load symtabs for linear lookup of setenv
[ 2026-02-12T17:20:52.410        0:  1386:  1386 E/zygisk-ptrace32 ] failed to find symbol setenv in /apex/com.android.runtime/lib/bionic/libdl.so
[ 2026-02-12T17:20:52.410        0:  1386:  1386 E/zygisk-elfutil32 ] Cannot load symtabs: .symtab section or its string table not found/valid.
[ 2026-02-12T17:20:52.410        0:  1386:  1386 E/zygisk-elfutil32 ] Failed to load symtabs for linear lookup of setns
[ 2026-02-12T17:20:52.410        0:  1386:  1386 E/zygisk-ptrace32 ] failed to find symbol setns in /system/lib/liblog.so
[ 2026-02-12T17:20:52.411        0:  1386:  1386 E/zygisk-elfutil32 ] Cannot load symtabs: .symtab section or its string table not found/valid.
[ 2026-02-12T17:20:52.411        0:  1386:  1386 E/zygisk-elfutil32 ] Failed to load symtabs for linear lookup of setns
[ 2026-02-12T17:20:52.411        0:  1386:  1386 E/zygisk-ptrace32 ] failed to find symbol setns in /apex/com.android.runtime/lib/bionic/libm.so
[ 2026-02-12T17:20:52.411        0:  1386:  1386 E/zygisk-elfutil32 ] Cannot load symtabs: .symtab section or its string table not found/valid.
[ 2026-02-12T17:20:52.411        0:  1386:  1386 E/zygisk-elfutil32 ] Failed to load symtabs for linear lookup of setns
[ 2026-02-12T17:20:52.411        0:  1386:  1386 E/zygisk-ptrace32 ] failed to find symbol setns in /apex/com.android.runtime/lib/bionic/libdl.so
[ 2026-02-12T17:20:52.411        0:  1386:  1386 E/zygisk-elfutil32 ] Cannot load symtabs: .symtab section or its string table not found/valid.
[ 2026-02-12T17:20:52.411        0:  1386:  1386 E/zygisk-elfutil32 ] Failed to load symtabs for linear lookup of __open_2
[ 2026-02-12T17:20:52.411        0:  1386:  1386 E/zygisk-ptrace32 ] failed to find symbol __open_2 in /system/lib/liblog.so
[ 2026-02-12T17:20:52.411        0:  1386:  1386 E/zygisk-elfutil32 ] Cannot load symtabs: .symtab section or its string table not found/valid.
[ 2026-02-12T17:20:52.411        0:  1386:  1386 E/zygisk-elfutil32 ] Failed to load symtabs for linear lookup of __open_2
[ 2026-02-12T17:20:52.411        0:  1386:  1386 E/zygisk-ptrace32 ] failed to find symbol __open_2 in /apex/com.android.runtime/lib/bionic/libm.so
[ 2026-02-12T17:20:52.411        0:  1386:  1386 E/zygisk-elfutil32 ] Cannot load symtabs: .symtab section or its string table not found/valid.
[ 2026-02-12T17:20:52.411        0:  1386:  1386 E/zygisk-elfutil32 ] Failed to load symtabs for linear lookup of __open_2
[ 2026-02-12T17:20:52.411        0:  1386:  1386 E/zygisk-ptrace32 ] failed to find symbol __open_2 in /apex/com.android.runtime/lib/bionic/libdl.so
[ 2026-02-12T17:20:52.412        0:  1386:  1386 E/zygisk-elfutil32 ] Cannot load symtabs: .symtab section or its string table not found/valid.
[ 2026-02-12T17:20:52.412        0:  1386:  1386 E/zygisk-elfutil32 ] Failed to load symtabs for linear lookup of pthread_mutex_destroy
[ 2026-02-12T17:20:52.412        0:  1386:  1386 E/zygisk-ptrace32 ] failed to find symbol pthread_mutex_destroy in /system/lib/liblog.so
[ 2026-02-12T17:20:52.412        0:  1386:  1386 E/zygisk-elfutil32 ] Cannot load symtabs: .symtab section or its string table not found/valid.
[ 2026-02-12T17:20:52.412        0:  1386:  1386 E/zygisk-elfutil32 ] Failed to load symtabs for linear lookup of pthread_mutex_destroy
[ 2026-02-12T17:20:52.412        0:  1386:  1386 E/zygisk-ptrace32 ] failed to find symbol pthread_mutex_destroy in /apex/com.android.runtime/lib/bionic/libm.so
[ 2026-02-12T17:20:52.412        0:  1386:  1386 E/zygisk-elfutil32 ] Cannot load symtabs: .symtab section or its string table not found/valid.
[ 2026-02-12T17:20:52.412        0:  1386:  1386 E/zygisk-elfutil32 ] Failed to load symtabs for linear lookup of pthread_mutex_destroy
[ 2026-02-12T17:20:52.412        0:  1386:  1386 E/zygisk-ptrace32 ] failed to find symbol pthread_mutex_destroy in /apex/com.android.runtime/lib/bionic/libdl.so
[ 2026-02-12T17:20:52.412        0:  1386:  1386 E/zygisk-elfutil32 ] Cannot load symtabs: .symtab section or its string table not found/valid.
[ 2026-02-12T17:20:52.412        0:  1386:  1386 E/zygisk-elfutil32 ] Failed to load symtabs for linear lookup of realloc
[ 2026-02-12T17:20:52.412        0:  1386:  1386 E/zygisk-ptrace32 ] failed to find symbol realloc in /system/lib/liblog.so
[ 2026-02-12T17:20:52.413        0:  1386:  1386 E/zygisk-elfutil32 ] Cannot load symtabs: .symtab section or its string table not found/valid.
[ 2026-02-12T17:20:52.413        0:  1386:  1386 E/zygisk-elfutil32 ] Failed to load symtabs for linear lookup of realloc
[ 2026-02-12T17:20:52.413        0:  1386:  1386 E/zygisk-ptrace32 ] failed to find symbol realloc in /apex/com.android.runtime/lib/bionic/libm.so
[ 2026-02-12T17:20:52.413        0:  1386:  1386 E/zygisk-elfutil32 ] Cannot load symtabs: .symtab section or its string table not found/valid.
[ 2026-02-12T17:20:52.413        0:  1386:  1386 E/zygisk-elfutil32 ] Failed to load symtabs for linear lookup of realloc
[ 2026-02-12T17:20:52.413        0:  1386:  1386 E/zygisk-ptrace32 ] failed to find symbol realloc in /apex/com.android.runtime/lib/bionic/libdl.so
[ 2026-02-12T17:20:52.413        0:  1386:  1386 E/zygisk-elfutil32 ] Cannot load symtabs: .symtab section or its string table not found/valid.
[ 2026-02-12T17:20:52.413        0:  1386:  1386 E/zygisk-elfutil32 ] Failed to load symtabs for linear lookup of strdup
[ 2026-02-12T17:20:52.413        0:  1386:  1386 E/zygisk-ptrace32 ] failed to find symbol strdup in /system/lib/liblog.so
[ 2026-02-12T17:20:52.413        0:  1386:  1386 E/zygisk-elfutil32 ] Cannot load symtabs: .symtab section or its string table not found/valid.
[ 2026-02-12T17:20:52.413        0:  1386:  1386 E/zygisk-elfutil32 ] Failed to load symtabs for linear lookup of strdup
[ 2026-02-12T17:20:52.413        0:  1386:  1386 E/zygisk-ptrace32 ] failed to find symbol strdup in /apex/com.android.runtime/lib/bionic/libm.so
[ 2026-02-12T17:20:52.413        0:  1386:  1386 E/zygisk-elfutil32 ] Cannot load symtabs: .symtab section or its string table not found/valid.
[ 2026-02-12T17:20:52.414        0:  1386:  1386 E/zygisk-elfutil32 ] Failed to load symtabs for linear lookup of strdup
[ 2026-02-12T17:20:52.414        0:  1386:  1386 E/zygisk-ptrace32 ] failed to find symbol strdup in /apex/com.android.runtime/lib/bionic/libdl.so
[ 2026-02-12T17:20:52.414        0:  1386:  1386 E/zygisk-elfutil32 ] Cannot load symtabs: .symtab section or its string table not found/valid.
[ 2026-02-12T17:20:52.414        0:  1386:  1386 E/zygisk-elfutil32 ] Failed to load symtabs for linear lookup of malloc
[ 2026-02-12T17:20:52.414        0:  1386:  1386 E/zygisk-ptrace32 ] failed to find symbol malloc in /system/lib/liblog.so
[ 2026-02-12T17:20:52.414        0:  1386:  1386 E/zygisk-elfutil32 ] Cannot load symtabs: .symtab section or its string table not found/valid.
[ 2026-02-12T17:20:52.414        0:  1386:  1386 E/zygisk-elfutil32 ] Failed to load symtabs for linear lookup of malloc
[ 2026-02-12T17:20:52.414        0:  1386:  1386 E/zygisk-ptrace32 ] failed to find symbol malloc in /apex/com.android.runtime/lib/bionic/libm.so
[ 2026-02-12T17:20:52.414        0:  1386:  1386 E/zygisk-elfutil32 ] Cannot load symtabs: .symtab section or its string table not found/valid.
[ 2026-02-12T17:20:52.414        0:  1386:  1386 E/zygisk-elfutil32 ] Failed to load symtabs for linear lookup of malloc
[ 2026-02-12T17:20:52.414        0:  1386:  1386 E/zygisk-ptrace32 ] failed to find symbol malloc in /apex/com.android.runtime/lib/bionic/libdl.so
[ 2026-02-12T17:20:52.415        0:  1386:  1386 E/zygisk-elfutil32 ] Cannot load symtabs: .symtab section or its string table not found/valid.
[ 2026-02-12T17:20:52.415        0:  1386:  1386 E/zygisk-elfutil32 ] Failed to load symtabs for linear lookup of regcomp
[ 2026-02-12T17:20:52.415        0:  1386:  1386 E/zygisk-ptrace32 ] failed to find symbol regcomp in /system/lib/liblog.so
[ 2026-02-12T17:20:52.415        0:  1386:  1386 E/zygisk-elfutil32 ] Cannot load symtabs: .symtab section or its string table not found/valid.
[ 2026-02-12T17:20:52.415        0:  1386:  1386 E/zygisk-elfutil32 ] Failed to load symtabs for linear lookup of regcomp
[ 2026-02-12T17:20:52.415        0:  1386:  1386 E/zygisk-ptrace32 ] failed to find symbol regcomp in /apex/com.android.runtime/lib/bionic/libm.so
[ 2026-02-12T17:20:52.415        0:  1386:  1386 E/zygisk-elfutil32 ] Cannot load symtabs: .symtab section or its string table not found/valid.
[ 2026-02-12T17:20:52.415        0:  1386:  1386 E/zygisk-elfutil32 ] Failed to load symtabs for linear lookup of regcomp
[ 2026-02-12T17:20:52.415        0:  1386:  1386 E/zygisk-ptrace32 ] failed to find symbol regcomp in /apex/com.android.runtime/lib/bionic/libdl.so
[ 2026-02-12T17:20:52.416        0:  1386:  1386 E/zygisk-elfutil32 ] Cannot load symtabs: .symtab section or its string table not found/valid.
[ 2026-02-12T17:20:52.416        0:  1386:  1386 E/zygisk-elfutil32 ] Failed to load symtabs for linear lookup of pthread_mutex_lock
[ 2026-02-12T17:20:52.416        0:  1386:  1386 E/zygisk-ptrace32 ] failed to find symbol pthread_mutex_lock in /system/lib/liblog.so
[ 2026-02-12T17:20:52.416        0:  1386:  1386 E/zygisk-elfutil32 ] Cannot load symtabs: .symtab section or its string table not found/valid.
[ 2026-02-12T17:20:52.416        0:  1386:  1386 E/zygisk-elfutil32 ] Failed to load symtabs for linear lookup of pthread_mutex_lock
[ 2026-02-12T17:20:52.416        0:  1386:  1386 E/zygisk-ptrace32 ] failed to find symbol pthread_mutex_lock in /apex/com.android.runtime/lib/bionic/libm.so
[ 2026-02-12T17:20:52.416        0:  1386:  1386 E/zygisk-elfutil32 ] Cannot load symtabs: .symtab section or its string table not found/valid.
[ 2026-02-12T17:20:52.416        0:  1386:  1386 E/zygisk-elfutil32 ] Failed to load symtabs for linear lookup of pthread_mutex_lock
[ 2026-02-12T17:20:52.416        0:  1386:  1386 E/zygisk-ptrace32 ] failed to find symbol pthread_mutex_lock in /apex/com.android.runtime/lib/bionic/libdl.so
[ 2026-02-12T17:20:52.416        0:  1386:  1386 E/zygisk-elfutil32 ] Cannot load symtabs: .symtab section or its string table not found/valid.
[ 2026-02-12T17:20:52.416        0:  1386:  1386 E/zygisk-elfutil32 ] Failed to load symtabs for linear lookup of pthread_mutex_unlock
[ 2026-02-12T17:20:52.416        0:  1386:  1386 E/zygisk-ptrace32 ] failed to find symbol pthread_mutex_unlock in /system/lib/liblog.so
[ 2026-02-12T17:20:52.416        0:  1386:  1386 E/zygisk-elfutil32 ] Cannot load symtabs: .symtab section or its string table not found/valid.
[ 2026-02-12T17:20:52.416        0:  1386:  1386 E/zygisk-elfutil32 ] Failed to load symtabs for linear lookup of pthread_mutex_unlock
[ 2026-02-12T17:20:52.416        0:  1386:  1386 E/zygisk-ptrace32 ] failed to find symbol pthread_mutex_unlock in /apex/com.android.runtime/lib/bionic/libm.so
[ 2026-02-12T17:20:52.417        0:  1386:  1386 E/zygisk-elfutil32 ] Cannot load symtabs: .symtab section or its string table not found/valid.
[ 2026-02-12T17:20:52.417        0:  1386:  1386 E/zygisk-elfutil32 ] Failed to load symtabs for linear lookup of pthread_mutex_unlock
[ 2026-02-12T17:20:52.417        0:  1386:  1386 E/zygisk-ptrace32 ] failed to find symbol pthread_mutex_unlock in /apex/com.android.runtime/lib/bionic/libdl.so
[ 2026-02-12T17:20:52.417        0:  1386:  1386 E/zygisk-elfutil32 ] Cannot load symtabs: .symtab section or its string table not found/valid.
[ 2026-02-12T17:20:52.417        0:  1386:  1386 E/zygisk-elfutil32 ] Failed to load symtabs for linear lookup of regexec
[ 2026-02-12T17:20:52.417        0:  1386:  1386 E/zygisk-ptrace32 ] failed to find symbol regexec in /system/lib/liblog.so
[ 2026-02-12T17:20:52.417        0:  1386:  1386 E/zygisk-elfutil32 ] Cannot load symtabs: .symtab section or its string table not found/valid.
[ 2026-02-12T17:20:52.417        0:  1386:  1386 E/zygisk-elfutil32 ] Failed to load symtabs for linear lookup of regexec
[ 2026-02-12T17:20:52.417        0:  1386:  1386 E/zygisk-ptrace32 ] failed to find symbol regexec in /apex/com.android.runtime/lib/bionic/libm.so
[ 2026-02-12T17:20:52.417        0:  1386:  1386 E/zygisk-elfutil32 ] Cannot load symtabs: .symtab section or its string table not found/valid.
[ 2026-02-12T17:20:52.417        0:  1386:  1386 E/zygisk-elfutil32 ] Failed to load symtabs for linear lookup of regexec
[ 2026-02-12T17:20:52.417        0:  1386:  1386 E/zygisk-ptrace32 ] failed to find symbol regexec in /apex/com.android.runtime/lib/bionic/libdl.so
[ 2026-02-12T17:20:52.418        0:  1386:  1386 E/zygisk-elfutil32 ] Cannot load symtabs: .symtab section or its string table not found/valid.
[ 2026-02-12T17:20:52.418        0:  1386:  1386 E/zygisk-elfutil32 ] Failed to load symtabs for linear lookup of regfree
[ 2026-02-12T17:20:52.418        0:  1386:  1386 E/zygisk-ptrace32 ] failed to find symbol regfree in /system/lib/liblog.so
[ 2026-02-12T17:20:52.418        0:  1386:  1386 E/zygisk-elfutil32 ] Cannot load symtabs: .symtab section or its string table not found/valid.
[ 2026-02-12T17:20:52.418        0:  1386:  1386 E/zygisk-elfutil32 ] Failed to load symtabs for linear lookup of regfree
[ 2026-02-12T17:20:52.418        0:  1386:  1386 E/zygisk-ptrace32 ] failed to find symbol regfree in /apex/com.android.runtime/lib/bionic/libm.so
[ 2026-02-12T17:20:52.418        0:  1386:  1386 E/zygisk-elfutil32 ] Cannot load symtabs: .symtab section or its string table not found/valid.
[ 2026-02-12T17:20:52.418        0:  1386:  1386 E/zygisk-elfutil32 ] Failed to load symtabs for linear lookup of regfree
[ 2026-02-12T17:20:52.418        0:  1386:  1386 E/zygisk-ptrace32 ] failed to find symbol regfree in /apex/com.android.runtime/lib/bionic/libdl.so
[ 2026-02-12T17:20:52.418        0:  1386:  1386 E/zygisk-elfutil32 ] Cannot load symtabs: .symtab section or its string table not found/valid.
[ 2026-02-12T17:20:52.418        0:  1386:  1386 E/zygisk-elfutil32 ] Failed to load symtabs for linear lookup of prctl
[ 2026-02-12T17:20:52.418        0:  1386:  1386 E/zygisk-ptrace32 ] failed to find symbol prctl in /system/lib/liblog.so
[ 2026-02-12T17:20:52.419        0:  1386:  1386 E/zygisk-elfutil32 ] Cannot load symtabs: .symtab section or its string table not found/valid.
[ 2026-02-12T17:20:52.419        0:  1386:  1386 E/zygisk-elfutil32 ] Failed to load symtabs for linear lookup of prctl
[ 2026-02-12T17:20:52.419        0:  1386:  1386 E/zygisk-ptrace32 ] failed to find symbol prctl in /apex/com.android.runtime/lib/bionic/libm.so
[ 2026-02-12T17:20:52.419        0:  1386:  1386 E/zygisk-elfutil32 ] Cannot load symtabs: .symtab section or its string table not found/valid.
[ 2026-02-12T17:20:52.419        0:  1386:  1386 E/zygisk-elfutil32 ] Failed to load symtabs for linear lookup of prctl
[ 2026-02-12T17:20:52.419        0:  1386:  1386 E/zygisk-ptrace32 ] failed to find symbol prctl in /apex/com.android.runtime/lib/bionic/libdl.so
[ 2026-02-12T17:20:52.419        0:  1386:  1386 E/zygisk-elfutil32 ] Cannot load symtabs: .symtab section or its string table not found/valid.
[ 2026-02-12T17:20:52.419        0:  1386:  1386 E/zygisk-elfutil32 ] Failed to load symtabs for linear lookup of syscall
[ 2026-02-12T17:20:52.419        0:  1386:  1386 E/zygisk-ptrace32 ] failed to find symbol syscall in /system/lib/liblog.so
[ 2026-02-12T17:20:52.419        0:  1386:  1386 E/zygisk-elfutil32 ] Cannot load symtabs: .symtab section or its string table not found/valid.
[ 2026-02-12T17:20:52.419        0:  1386:  1386 E/zygisk-elfutil32 ] Failed to load symtabs for linear lookup of syscall
[ 2026-02-12T17:20:52.419        0:  1386:  1386 E/zygisk-ptrace32 ] failed to find symbol syscall in /apex/com.android.runtime/lib/bionic/libm.so
[ 2026-02-12T17:20:52.420        0:  1386:  1386 E/zygisk-elfutil32 ] Cannot load symtabs: .symtab section or its string table not found/valid.
[ 2026-02-12T17:20:52.420        0:  1386:  1386 E/zygisk-elfutil32 ] Failed to load symtabs for linear lookup of syscall
[ 2026-02-12T17:20:52.420        0:  1386:  1386 E/zygisk-ptrace32 ] failed to find symbol syscall in /apex/com.android.runtime/lib/bionic/libdl.so
[ 2026-02-12T17:20:52.420        0:  1386:  1386 E/zygisk-elfutil32 ] Cannot load symtabs: .symtab section or its string table not found/valid.
[ 2026-02-12T17:20:52.420        0:  1386:  1386 E/zygisk-elfutil32 ] Failed to load symtabs for linear lookup of fopen
[ 2026-02-12T17:20:52.420        0:  1386:  1386 E/zygisk-ptrace32 ] failed to find symbol fopen in /system/lib/liblog.so
[ 2026-02-12T17:20:52.420        0:  1386:  1386 E/zygisk-elfutil32 ] Cannot load symtabs: .symtab section or its string table not found/valid.
[ 2026-02-12T17:20:52.420        0:  1386:  1386 E/zygisk-elfutil32 ] Failed to load symtabs for linear lookup of fopen
[ 2026-02-12T17:20:52.420        0:  1386:  1386 E/zygisk-ptrace32 ] failed to find symbol fopen in /apex/com.android.runtime/lib/bionic/libm.so
[ 2026-02-12T17:20:52.420        0:  1386:  1386 E/zygisk-elfutil32 ] Cannot load symtabs: .symtab section or its string table not found/valid.
[ 2026-02-12T17:20:52.420        0:  1386:  1386 E/zygisk-elfutil32 ] Failed to load symtabs for linear lookup of fopen
[ 2026-02-12T17:20:52.420        0:  1386:  1386 E/zygisk-ptrace32 ] failed to find symbol fopen in /apex/com.android.runtime/lib/bionic/libdl.so
[ 2026-02-12T17:20:52.421        0:  1386:  1386 E/zygisk-elfutil32 ] Cannot load symtabs: .symtab section or its string table not found/valid.
[ 2026-02-12T17:20:52.421        0:  1386:  1386 E/zygisk-elfutil32 ] Failed to load symtabs for linear lookup of fclose
[ 2026-02-12T17:20:52.421        0:  1386:  1386 E/zygisk-ptrace32 ] failed to find symbol fclose in /system/lib/liblog.so
[ 2026-02-12T17:20:52.421        0:  1386:  1386 E/zygisk-elfutil32 ] Cannot load symtabs: .symtab section or its string table not found/valid.
[ 2026-02-12T17:20:52.421        0:  1386:  1386 E/zygisk-elfutil32 ] Failed to load symtabs for linear lookup of fclose
[ 2026-02-12T17:20:52.421        0:  1386:  1386 E/zygisk-ptrace32 ] failed to find symbol fclose in /apex/com.android.runtime/lib/bionic/libm.so
[ 2026-02-12T17:20:52.421        0:  1386:  1386 E/zygisk-elfutil32 ] Cannot load symtabs: .symtab section or its string table not found/valid.
[ 2026-02-12T17:20:52.421        0:  1386:  1386 E/zygisk-elfutil32 ] Failed to load symtabs for linear lookup of fclose
[ 2026-02-12T17:20:52.421        0:  1386:  1386 E/zygisk-ptrace32 ] failed to find symbol fclose in /apex/com.android.runtime/lib/bionic/libdl.so
[ 2026-02-12T17:20:52.421        0:  1386:  1386 E/zygisk-elfutil32 ] Cannot load symtabs: .symtab section or its string table not found/valid.
[ 2026-02-12T17:20:52.421        0:  1386:  1386 E/zygisk-elfutil32 ] Failed to load symtabs for linear lookup of fgets
[ 2026-02-12T17:20:52.421        0:  1386:  1386 E/zygisk-ptrace32 ] failed to find symbol fgets in /system/lib/liblog.so
[ 2026-02-12T17:20:52.421        0:  1386:  1386 E/zygisk-elfutil32 ] Cannot load symtabs: .symtab section or its string table not found/valid.
[ 2026-02-12T17:20:52.421        0:  1386:  1386 E/zygisk-elfutil32 ] Failed to load symtabs for linear lookup of fgets
[ 2026-02-12T17:20:52.422        0:  1386:  1386 E/zygisk-ptrace32 ] failed to find symbol fgets in /apex/com.android.runtime/lib/bionic/libm.so
[ 2026-02-12T17:20:52.422        0:  1386:  1386 E/zygisk-elfutil32 ] Cannot load symtabs: .symtab section or its string table not found/valid.
[ 2026-02-12T17:20:52.422        0:  1386:  1386 E/zygisk-elfutil32 ] Failed to load symtabs for linear lookup of fgets
[ 2026-02-12T17:20:52.422        0:  1386:  1386 E/zygisk-ptrace32 ] failed to find symbol fgets in /apex/com.android.runtime/lib/bionic/libdl.so
[ 2026-02-12T17:20:52.422        0:  1386:  1386 E/zygisk-elfutil32 ] Cannot load symtabs: .symtab section or its string table not found/valid.
[ 2026-02-12T17:20:52.422        0:  1386:  1386 E/zygisk-elfutil32 ] Failed to load symtabs for linear lookup of read
[ 2026-02-12T17:20:52.422        0:  1386:  1386 E/zygisk-ptrace32 ] failed to find symbol read in /system/lib/liblog.so
[ 2026-02-12T17:20:52.422        0:  1386:  1386 E/zygisk-elfutil32 ] Cannot load symtabs: .symtab section or its string table not found/valid.
[ 2026-02-12T17:20:52.422        0:  1386:  1386 E/zygisk-elfutil32 ] Failed to load symtabs for linear lookup of read
[ 2026-02-12T17:20:52.422        0:  1386:  1386 E/zygisk-ptrace32 ] failed to find symbol read in /apex/com.android.runtime/lib/bionic/libm.so
[ 2026-02-12T17:20:52.422        0:  1386:  1386 E/zygisk-elfutil32 ] Cannot load symtabs: .symtab section or its string table not found/valid.
[ 2026-02-12T17:20:52.422        0:  1386:  1386 E/zygisk-elfutil32 ] Failed to load symtabs for linear lookup of read
[ 2026-02-12T17:20:52.422        0:  1386:  1386 E/zygisk-ptrace32 ] failed to find symbol read in /apex/com.android.runtime/lib/bionic/libdl.so
[ 2026-02-12T17:20:52.423        0:  1386:  1386 E/zygisk-elfutil32 ] Cannot load symtabs: .symtab section or its string table not found/valid.
[ 2026-02-12T17:20:52.423        0:  1386:  1386 E/zygisk-elfutil32 ] Failed to load symtabs for linear lookup of memcmp
[ 2026-02-12T17:20:52.423        0:  1386:  1386 E/zygisk-ptrace32 ] failed to find symbol memcmp in /system/lib/liblog.so
[ 2026-02-12T17:20:52.423        0:  1386:  1386 E/zygisk-elfutil32 ] Cannot load symtabs: .symtab section or its string table not found/valid.
[ 2026-02-12T17:20:52.423        0:  1386:  1386 E/zygisk-elfutil32 ] Failed to load symtabs for linear lookup of memcmp
[ 2026-02-12T17:20:52.423        0:  1386:  1386 E/zygisk-ptrace32 ] failed to find symbol memcmp in /apex/com.android.runtime/lib/bionic/libm.so
[ 2026-02-12T17:20:52.423        0:  1386:  1386 E/zygisk-elfutil32 ] Cannot load symtabs: .symtab section or its string table not found/valid.
[ 2026-02-12T17:20:52.423        0:  1386:  1386 E/zygisk-elfutil32 ] Failed to load symtabs for linear lookup of memcmp
[ 2026-02-12T17:20:52.423        0:  1386:  1386 E/zygisk-ptrace32 ] failed to find symbol memcmp in /apex/com.android.runtime/lib/bionic/libdl.so
[ 2026-02-12T17:20:52.423        0:  1386:  1386 E/zygisk-elfutil32 ] Cannot load symtabs: .symtab section or its string table not found/valid.
[ 2026-02-12T17:20:52.423        0:  1386:  1386 E/zygisk-elfutil32 ] Failed to load symtabs for linear lookup of socket
[ 2026-02-12T17:20:52.423        0:  1386:  1386 E/zygisk-ptrace32 ] failed to find symbol socket in /system/lib/liblog.so
[ 2026-02-12T17:20:52.424        0:  1386:  1386 E/zygisk-elfutil32 ] Cannot load symtabs: .symtab section or its string table not found/valid.
[ 2026-02-12T17:20:52.424        0:  1386:  1386 E/zygisk-elfutil32 ] Failed to load symtabs for linear lookup of socket
[ 2026-02-12T17:20:52.424        0:  1386:  1386 E/zygisk-ptrace32 ] failed to find symbol socket in /apex/com.android.runtime/lib/bionic/libm.so
[ 2026-02-12T17:20:52.424        0:  1386:  1386 E/zygisk-elfutil32 ] Cannot load symtabs: .symtab section or its string table not found/valid.
[ 2026-02-12T17:20:52.424        0:  1386:  1386 E/zygisk-elfutil32 ] Failed to load symtabs for linear lookup of socket
[ 2026-02-12T17:20:52.424        0:  1386:  1386 E/zygisk-ptrace32 ] failed to find symbol socket in /apex/com.android.runtime/lib/bionic/libdl.so
[ 2026-02-12T17:20:52.425        0:  1386:  1386 E/zygisk-elfutil32 ] Cannot load symtabs: .symtab section or its string table not found/valid.
[ 2026-02-12T17:20:52.425        0:  1386:  1386 E/zygisk-elfutil32 ] Failed to load symtabs for linear lookup of connect
[ 2026-02-12T17:20:52.425        0:  1386:  1386 E/zygisk-ptrace32 ] failed to find symbol connect in /system/lib/liblog.so
[ 2026-02-12T17:20:52.425        0:  1386:  1386 E/zygisk-elfutil32 ] Cannot load symtabs: .symtab section or its string table not found/valid.
[ 2026-02-12T17:20:52.425        0:  1386:  1386 E/zygisk-elfutil32 ] Failed to load symtabs for linear lookup of connect
[ 2026-02-12T17:20:52.425        0:  1386:  1386 E/zygisk-ptrace32 ] failed to find symbol connect in /apex/com.android.runtime/lib/bionic/libm.so
[ 2026-02-12T17:20:52.425        0:  1386:  1386 E/zygisk-elfutil32 ] Cannot load symtabs: .symtab section or its string table not found/valid.
[ 2026-02-12T17:20:52.425        0:  1386:  1386 E/zygisk-elfutil32 ] Failed to load symtabs for linear lookup of connect
[ 2026-02-12T17:20:52.425        0:  1386:  1386 E/zygisk-ptrace32 ] failed to find symbol connect in /apex/com.android.runtime/lib/bionic/libdl.so
[ 2026-02-12T17:20:52.426        0:  1386:  1386 E/zygisk-elfutil32 ] Cannot load symtabs: .symtab section or its string table not found/valid.
[ 2026-02-12T17:20:52.426        0:  1386:  1386 E/zygisk-elfutil32 ] Failed to load symtabs for linear lookup of sleep
[ 2026-02-12T17:20:52.426        0:  1386:  1386 E/zygisk-ptrace32 ] failed to find symbol sleep in /system/lib/liblog.so
[ 2026-02-12T17:20:52.426        0:  1386:  1386 E/zygisk-elfutil32 ] Cannot load symtabs: .symtab section or its string table not found/valid.
[ 2026-02-12T17:20:52.426        0:  1386:  1386 E/zygisk-elfutil32 ] Failed to load symtabs for linear lookup of sleep
[ 2026-02-12T17:20:52.426        0:  1386:  1386 E/zygisk-ptrace32 ] failed to find symbol sleep in /apex/com.android.runtime/lib/bionic/libm.so
[ 2026-02-12T17:20:52.426        0:  1386:  1386 E/zygisk-elfutil32 ] Cannot load symtabs: .symtab section or its string table not found/valid.
[ 2026-02-12T17:20:52.426        0:  1386:  1386 E/zygisk-elfutil32 ] Failed to load symtabs for linear lookup of sleep
[ 2026-02-12T17:20:52.426        0:  1386:  1386 E/zygisk-ptrace32 ] failed to find symbol sleep in /apex/com.android.runtime/lib/bionic/libdl.so
[ 2026-02-12T17:20:52.427        0:  1386:  1386 E/zygisk-elfutil32 ] Cannot load symtabs: .symtab section or its string table not found/valid.
[ 2026-02-12T17:20:52.427        0:  1386:  1386 E/zygisk-elfutil32 ] Failed to load symtabs for linear lookup of __vsnprintf_chk
[ 2026-02-12T17:20:52.427        0:  1386:  1386 E/zygisk-ptrace32 ] failed to find symbol __vsnprintf_chk in /system/lib/liblog.so
[ 2026-02-12T17:20:52.427        0:  1386:  1386 E/zygisk-elfutil32 ] Cannot load symtabs: .symtab section or its string table not found/valid.
[ 2026-02-12T17:20:52.427        0:  1386:  1386 E/zygisk-elfutil32 ] Failed to load symtabs for linear lookup of __vsnprintf_chk
[ 2026-02-12T17:20:52.427        0:  1386:  1386 E/zygisk-ptrace32 ] failed to find symbol __vsnprintf_chk in /apex/com.android.runtime/lib/bionic/libm.so
[ 2026-02-12T17:20:52.428        0:  1386:  1386 E/zygisk-elfutil32 ] Cannot load symtabs: .symtab section or its string table not found/valid.
[ 2026-02-12T17:20:52.428        0:  1386:  1386 E/zygisk-elfutil32 ] Failed to load symtabs for linear lookup of __vsnprintf_chk
[ 2026-02-12T17:20:52.428        0:  1386:  1386 E/zygisk-ptrace32 ] failed to find symbol __vsnprintf_chk in /apex/com.android.runtime/lib/bionic/libdl.so
[ 2026-02-12T17:20:52.428        0:  1386:  1386 E/zygisk-elfutil32 ] Cannot load symtabs: .symtab section or its string table not found/valid.
[ 2026-02-12T17:20:52.428        0:  1386:  1386 E/zygisk-elfutil32 ] Failed to load symtabs for linear lookup of __strlen_chk
[ 2026-02-12T17:20:52.428        0:  1386:  1386 E/zygisk-ptrace32 ] failed to find symbol __strlen_chk in /system/lib/liblog.so
[ 2026-02-12T17:20:52.428        0:  1386:  1386 E/zygisk-elfutil32 ] Cannot load symtabs: .symtab section or its string table not found/valid.
[ 2026-02-12T17:20:52.428        0:  1386:  1386 E/zygisk-elfutil32 ] Failed to load symtabs for linear lookup of __strlen_chk
[ 2026-02-12T17:20:52.429        0:  1386:  1386 E/zygisk-ptrace32 ] failed to find symbol __strlen_chk in /apex/com.android.runtime/lib/bionic/libm.so
[ 2026-02-12T17:20:52.429        0:  1386:  1386 E/zygisk-elfutil32 ] Cannot load symtabs: .symtab section or its string table not found/valid.
[ 2026-02-12T17:20:52.429        0:  1386:  1386 E/zygisk-elfutil32 ] Failed to load symtabs for linear lookup of __strlen_chk
[ 2026-02-12T17:20:52.429        0:  1386:  1386 E/zygisk-ptrace32 ] failed to find symbol __strlen_chk in /apex/com.android.runtime/lib/bionic/libdl.so
[ 2026-02-12T17:20:52.429        0:  1386:  1386 E/zygisk-elfutil32 ] Cannot load symtabs: .symtab section or its string table not found/valid.
[ 2026-02-12T17:20:52.429        0:  1386:  1386 E/zygisk-elfutil32 ] Failed to load symtabs for linear lookup of uname
[ 2026-02-12T17:20:52.429        0:  1386:  1386 E/zygisk-ptrace32 ] failed to find symbol uname in /system/lib/liblog.so
[ 2026-02-12T17:20:52.429        0:  1386:  1386 E/zygisk-elfutil32 ] Cannot load symtabs: .symtab section or its string table not found/valid.
[ 2026-02-12T17:20:52.429        0:  1386:  1386 E/zygisk-elfutil32 ] Failed to load symtabs for linear lookup of uname
[ 2026-02-12T17:20:52.429        0:  1386:  1386 E/zygisk-ptrace32 ] failed to find symbol uname in /apex/com.android.runtime/lib/bionic/libm.so
[ 2026-02-12T17:20:52.429        0:  1386:  1386 E/zygisk-elfutil32 ] Cannot load symtabs: .symtab section or its string table not found/valid.
[ 2026-02-12T17:20:52.429        0:  1386:  1386 E/zygisk-elfutil32 ] Failed to load symtabs for linear lookup of uname
[ 2026-02-12T17:20:52.429        0:  1386:  1386 E/zygisk-ptrace32 ] failed to find symbol uname in /apex/com.android.runtime/lib/bionic/libdl.so
[ 2026-02-12T17:20:52.429        0:  1386:  1386 E/zygisk-elfutil32 ] Cannot load symtabs: .symtab section or its string table not found/valid.
[ 2026-02-12T17:20:52.429        0:  1386:  1386 E/zygisk-elfutil32 ] Failed to load symtabs for linear lookup of sscanf
[ 2026-02-12T17:20:52.429        0:  1386:  1386 E/zygisk-ptrace32 ] failed to find symbol sscanf in /system/lib/liblog.so
[ 2026-02-12T17:20:52.429        0:  1386:  1386 E/zygisk-elfutil32 ] Cannot load symtabs: .symtab section or its string table not found/valid.
[ 2026-02-12T17:20:52.429        0:  1386:  1386 E/zygisk-elfutil32 ] Failed to load symtabs for linear lookup of sscanf
[ 2026-02-12T17:20:52.429        0:  1386:  1386 E/zygisk-ptrace32 ] failed to find symbol sscanf in /apex/com.android.runtime/lib/bionic/libm.so
[ 2026-02-12T17:20:52.429        0:  1386:  1386 E/zygisk-elfutil32 ] Cannot load symtabs: .symtab section or its string table not found/valid.
[ 2026-02-12T17:20:52.429        0:  1386:  1386 E/zygisk-elfutil32 ] Failed to load symtabs for linear lookup of sscanf
[ 2026-02-12T17:20:52.429        0:  1386:  1386 E/zygisk-ptrace32 ] failed to find symbol sscanf in /apex/com.android.runtime/lib/bionic/libdl.so
[ 2026-02-12T17:20:52.430        0:  1386:  1386 E/zygisk-elfutil32 ] Cannot load symtabs: .symtab section or its string table not found/valid.
[ 2026-02-12T17:20:52.430        0:  1386:  1386 E/zygisk-elfutil32 ] Failed to load symtabs for linear lookup of recvmsg
[ 2026-02-12T17:20:52.430        0:  1386:  1386 E/zygisk-ptrace32 ] failed to find symbol recvmsg in /system/lib/liblog.so
[ 2026-02-12T17:20:52.430        0:  1386:  1386 E/zygisk-elfutil32 ] Cannot load symtabs: .symtab section or its string table not found/valid.
[ 2026-02-12T17:20:52.430        0:  1386:  1386 E/zygisk-elfutil32 ] Failed to load symtabs for linear lookup of recvmsg
[ 2026-02-12T17:20:52.430        0:  1386:  1386 E/zygisk-ptrace32 ] failed to find symbol recvmsg in /apex/com.android.runtime/lib/bionic/libm.so
[ 2026-02-12T17:20:52.430        0:  1386:  1386 E/zygisk-elfutil32 ] Cannot load symtabs: .symtab section or its string table not found/valid.
[ 2026-02-12T17:20:52.430        0:  1386:  1386 E/zygisk-elfutil32 ] Failed to load symtabs for linear lookup of recvmsg
[ 2026-02-12T17:20:52.430        0:  1386:  1386 E/zygisk-ptrace32 ] failed to find symbol recvmsg in /apex/com.android.runtime/lib/bionic/libdl.so
[ 2026-02-12T17:20:52.430        0:  1386:  1386 E/zygisk-elfutil32 ] Cannot load symtabs: .symtab section or its string table not found/valid.
[ 2026-02-12T17:20:52.430        0:  1386:  1386 E/zygisk-elfutil32 ] Failed to load symtabs for linear lookup of __write_chk
[ 2026-02-12T17:20:52.430        0:  1386:  1386 E/zygisk-ptrace32 ] failed to find symbol __write_chk in /system/lib/liblog.so
[ 2026-02-12T17:20:52.430        0:  1386:  1386 E/zygisk-elfutil32 ] Cannot load symtabs: .symtab section or its string table not found/valid.
[ 2026-02-12T17:20:52.430        0:  1386:  1386 E/zygisk-elfutil32 ] Failed to load symtabs for linear lookup of __write_chk
[ 2026-02-12T17:20:52.430        0:  1386:  1386 E/zygisk-ptrace32 ] failed to find symbol __write_chk in /apex/com.android.runtime/lib/bionic/libm.so
[ 2026-02-12T17:20:52.430        0:  1386:  1386 E/zygisk-elfutil32 ] Cannot load symtabs: .symtab section or its string table not found/valid.
[ 2026-02-12T17:20:52.430        0:  1386:  1386 E/zygisk-elfutil32 ] Failed to load symtabs for linear lookup of __write_chk
[ 2026-02-12T17:20:52.430        0:  1386:  1386 E/zygisk-ptrace32 ] failed to find symbol __write_chk in /apex/com.android.runtime/lib/bionic/libdl.so
[ 2026-02-12T17:20:52.431        0:  1386:  1386 E/zygisk-elfutil32 ] Cannot load symtabs: .symtab section or its string table not found/valid.
[ 2026-02-12T17:20:52.431        0:  1386:  1386 E/zygisk-elfutil32 ] Failed to load symtabs for linear lookup of write
[ 2026-02-12T17:20:52.431        0:  1386:  1386 E/zygisk-ptrace32 ] failed to find symbol write in /system/lib/liblog.so
[ 2026-02-12T17:20:52.431        0:  1386:  1386 E/zygisk-elfutil32 ] Cannot load symtabs: .symtab section or its string table not found/valid.
[ 2026-02-12T17:20:52.431        0:  1386:  1386 E/zygisk-elfutil32 ] Failed to load symtabs for linear lookup of write
[ 2026-02-12T17:20:52.431        0:  1386:  1386 E/zygisk-ptrace32 ] failed to find symbol write in /apex/com.android.runtime/lib/bionic/libm.so
[ 2026-02-12T17:20:52.431        0:  1386:  1386 E/zygisk-elfutil32 ] Cannot load symtabs: .symtab section or its string table not found/valid.
[ 2026-02-12T17:20:52.431        0:  1386:  1386 E/zygisk-elfutil32 ] Failed to load symtabs for linear lookup of write
[ 2026-02-12T17:20:52.431        0:  1386:  1386 E/zygisk-ptrace32 ] failed to find symbol write in /apex/com.android.runtime/lib/bionic/libdl.so
[ 2026-02-12T17:20:52.433        0:  1386:  1386 E/zygisk-elfutil32 ] Cannot load symtabs: .symtab section or its string table not found/valid.
[ 2026-02-12T17:20:52.433        0:  1386:  1386 E/zygisk-elfutil32 ] Failed to load symtabs for linear lookup of __pread_chk
[ 2026-02-12T17:20:52.433        0:  1386:  1386 E/zygisk-ptrace32 ] failed to find symbol __pread_chk in /system/lib/liblog.so
[ 2026-02-12T17:20:52.433        0:  1386:  1386 E/zygisk-elfutil32 ] Cannot load symtabs: .symtab section or its string table not found/valid.
[ 2026-02-12T17:20:52.433        0:  1386:  1386 E/zygisk-elfutil32 ] Failed to load symtabs for linear lookup of __pread_chk
[ 2026-02-12T17:20:52.433        0:  1386:  1386 E/zygisk-ptrace32 ] failed to find symbol __pread_chk in /apex/com.android.runtime/lib/bionic/libm.so
[ 2026-02-12T17:20:52.434        0:  1386:  1386 E/zygisk-elfutil32 ] Cannot load symtabs: .symtab section or its string table not found/valid.
[ 2026-02-12T17:20:52.434        0:  1386:  1386 E/zygisk-elfutil32 ] Failed to load symtabs for linear lookup of __pread_chk
[ 2026-02-12T17:20:52.434        0:  1386:  1386 E/zygisk-ptrace32 ] failed to find symbol __pread_chk in /apex/com.android.runtime/lib/bionic/libdl.so
[ 2026-02-12T17:20:52.435        0:  1386:  1386 E/zygisk-elfutil32 ] Cannot load symtabs: .symtab section or its string table not found/valid.
[ 2026-02-12T17:20:52.435        0:  1386:  1386 E/zygisk-elfutil32 ] Failed to load symtabs for linear lookup of pread
[ 2026-02-12T17:20:52.435        0:  1386:  1386 E/zygisk-ptrace32 ] failed to find symbol pread in /system/lib/liblog.so
[ 2026-02-12T17:20:52.437        0:  1386:  1386 E/zygisk-elfutil32 ] Cannot load symtabs: .symtab section or its string table not found/valid.
[ 2026-02-12T17:20:52.437        0:  1386:  1386 E/zygisk-elfutil32 ] Failed to load symtabs for linear lookup of pread
[ 2026-02-12T17:20:52.437        0:  1386:  1386 E/zygisk-ptrace32 ] failed to find symbol pread in /apex/com.android.runtime/lib/bionic/libm.so
[ 2026-02-12T17:20:52.437        0:  1386:  1386 E/zygisk-elfutil32 ] Cannot load symtabs: .symtab section or its string table not found/valid.
[ 2026-02-12T17:20:52.437        0:  1386:  1386 E/zygisk-elfutil32 ] Failed to load symtabs for linear lookup of pread
[ 2026-02-12T17:20:52.437        0:  1386:  1386 E/zygisk-ptrace32 ] failed to find symbol pread in /apex/com.android.runtime/lib/bionic/libdl.so
[ 2026-02-12T17:20:52.438        0:  1386:  1386 E/zygisk-elfutil32 ] Cannot load symtabs: .symtab section or its string table not found/valid.
[ 2026-02-12T17:20:52.438        0:  1386:  1386 E/zygisk-elfutil32 ] Failed to load symtabs for linear lookup of __read_chk
[ 2026-02-12T17:20:52.438        0:  1386:  1386 E/zygisk-ptrace32 ] failed to find symbol __read_chk in /system/lib/liblog.so
[ 2026-02-12T17:20:52.438        0:  1386:  1386 E/zygisk-elfutil32 ] Cannot load symtabs: .symtab section or its string table not found/valid.
[ 2026-02-12T17:20:52.438        0:  1386:  1386 E/zygisk-elfutil32 ] Failed to load symtabs for linear lookup of __read_chk
[ 2026-02-12T17:20:52.438        0:  1386:  1386 E/zygisk-ptrace32 ] failed to find symbol __read_chk in /apex/com.android.runtime/lib/bionic/libm.so
[ 2026-02-12T17:20:52.439        0:  1386:  1386 E/zygisk-elfutil32 ] Cannot load symtabs: .symtab section or its string table not found/valid.
[ 2026-02-12T17:20:52.439        0:  1386:  1386 E/zygisk-elfutil32 ] Failed to load symtabs for linear lookup of __read_chk
[ 2026-02-12T17:20:52.439        0:  1386:  1386 E/zygisk-ptrace32 ] failed to find symbol __read_chk in /apex/com.android.runtime/lib/bionic/libdl.so
[ 2026-02-12T17:20:52.440        0:  1386:  1386 E/zygisk-elfutil32 ] Cannot load symtabs: .symtab section or its string table not found/valid.
[ 2026-02-12T17:20:52.440        0:  1386:  1386 E/zygisk-elfutil32 ] Failed to load symtabs for linear lookup of socketpair
[ 2026-02-12T17:20:52.440        0:  1386:  1386 E/zygisk-ptrace32 ] failed to find symbol socketpair in /system/lib/liblog.so
[ 2026-02-12T17:20:52.440        0:  1386:  1386 E/zygisk-elfutil32 ] Cannot load symtabs: .symtab section or its string table not found/valid.
[ 2026-02-12T17:20:52.440        0:  1386:  1386 E/zygisk-elfutil32 ] Failed to load symtabs for linear lookup of socketpair
[ 2026-02-12T17:20:52.440        0:  1386:  1386 E/zygisk-ptrace32 ] failed to find symbol socketpair in /apex/com.android.runtime/lib/bionic/libm.so
[ 2026-02-12T17:20:52.440        0:  1386:  1386 E/zygisk-elfutil32 ] Cannot load symtabs: .symtab section or its string table not found/valid.
[ 2026-02-12T17:20:52.440        0:  1386:  1386 E/zygisk-elfutil32 ] Failed to load symtabs for linear lookup of socketpair
[ 2026-02-12T17:20:52.440        0:  1386:  1386 E/zygisk-ptrace32 ] failed to find symbol socketpair in /apex/com.android.runtime/lib/bionic/libdl.so
[ 2026-02-12T17:20:52.441        0:  1386:  1386 E/zygisk-elfutil32 ] Cannot load symtabs: .symtab section or its string table not found/valid.
[ 2026-02-12T17:20:52.441        0:  1386:  1386 E/zygisk-elfutil32 ] Failed to load symtabs for linear lookup of _exit
[ 2026-02-12T17:20:52.441        0:  1386:  1386 E/zygisk-ptrace32 ] failed to find symbol _exit in /system/lib/liblog.so
[ 2026-02-12T17:20:52.442        0:  1386:  1386 E/zygisk-elfutil32 ] Cannot load symtabs: .symtab section or its string table not found/valid.
[ 2026-02-12T17:20:52.442        0:  1386:  1386 E/zygisk-elfutil32 ] Failed to load symtabs for linear lookup of _exit
[ 2026-02-12T17:20:52.442        0:  1386:  1386 E/zygisk-ptrace32 ] failed to find symbol _exit in /apex/com.android.runtime/lib/bionic/libm.so
[ 2026-02-12T17:20:52.442        0:  1386:  1386 E/zygisk-elfutil32 ] Cannot load symtabs: .symtab section or its string table not found/valid.
[ 2026-02-12T17:20:52.442        0:  1386:  1386 E/zygisk-elfutil32 ] Failed to load symtabs for linear lookup of _exit
[ 2026-02-12T17:20:52.442        0:  1386:  1386 E/zygisk-ptrace32 ] failed to find symbol _exit in /apex/com.android.runtime/lib/bionic/libdl.so
[ 2026-02-12T17:20:52.442        0:  1386:  1386 E/zygisk-elfutil32 ] Cannot load symtabs: .symtab section or its string table not found/valid.
[ 2026-02-12T17:20:52.442        0:  1386:  1386 E/zygisk-elfutil32 ] Failed to load symtabs for linear lookup of fdopen
[ 2026-02-12T17:20:52.442        0:  1386:  1386 E/zygisk-ptrace32 ] failed to find symbol fdopen in /system/lib/liblog.so
[ 2026-02-12T17:20:52.442        0:  1386:  1386 E/zygisk-elfutil32 ] Cannot load symtabs: .symtab section or its string table not found/valid.
[ 2026-02-12T17:20:52.442        0:  1386:  1386 E/zygisk-elfutil32 ] Failed to load symtabs for linear lookup of fdopen
[ 2026-02-12T17:20:52.442        0:  1386:  1386 E/zygisk-ptrace32 ] failed to find symbol fdopen in /apex/com.android.runtime/lib/bionic/libm.so
[ 2026-02-12T17:20:52.443        0:  1386:  1386 E/zygisk-elfutil32 ] Cannot load symtabs: .symtab section or its string table not found/valid.
[ 2026-02-12T17:20:52.443        0:  1386:  1386 E/zygisk-elfutil32 ] Failed to load symtabs for linear lookup of fdopen
[ 2026-02-12T17:20:52.443        0:  1386:  1386 E/zygisk-ptrace32 ] failed to find symbol fdopen in /apex/com.android.runtime/lib/bionic/libdl.so
[ 2026-02-12T17:20:52.443        0:  1386:  1386 E/zygisk-elfutil32 ] Cannot load symtabs: .symtab section or its string table not found/valid.
[ 2026-02-12T17:20:52.443        0:  1386:  1386 E/zygisk-elfutil32 ] Failed to load symtabs for linear lookup of calloc
[ 2026-02-12T17:20:52.443        0:  1386:  1386 E/zygisk-ptrace32 ] failed to find symbol calloc in /system/lib/liblog.so
[ 2026-02-12T17:20:52.443        0:  1386:  1386 E/zygisk-elfutil32 ] Cannot load symtabs: .symtab section or its string table not found/valid.
[ 2026-02-12T17:20:52.443        0:  1386:  1386 E/zygisk-elfutil32 ] Failed to load symtabs for linear lookup of calloc
[ 2026-02-12T17:20:52.443        0:  1386:  1386 E/zygisk-ptrace32 ] failed to find symbol calloc in /apex/com.android.runtime/lib/bionic/libm.so
[ 2026-02-12T17:20:52.443        0:  1386:  1386 E/zygisk-elfutil32 ] Cannot load symtabs: .symtab section or its string table not found/valid.
[ 2026-02-12T17:20:52.443        0:  1386:  1386 E/zygisk-elfutil32 ] Failed to load symtabs for linear lookup of calloc
[ 2026-02-12T17:20:52.443        0:  1386:  1386 E/zygisk-ptrace32 ] failed to find symbol calloc in /apex/com.android.runtime/lib/bionic/libdl.so
[ 2026-02-12T17:20:52.444        0:  1386:  1386 E/zygisk-elfutil32 ] Cannot load symtabs: .symtab section or its string table not found/valid.
[ 2026-02-12T17:20:52.444        0:  1386:  1386 E/zygisk-elfutil32 ] Failed to load symtabs for linear lookup of waitpid
[ 2026-02-12T17:20:52.444        0:  1386:  1386 E/zygisk-ptrace32 ] failed to find symbol waitpid in /system/lib/liblog.so
[ 2026-02-12T17:20:52.446        0:  1386:  1386 E/zygisk-elfutil32 ] Cannot load symtabs: .symtab section or its string table not found/valid.
[ 2026-02-12T17:20:52.446        0:  1386:  1386 E/zygisk-elfutil32 ] Failed to load symtabs for linear lookup of waitpid
[ 2026-02-12T17:20:52.446        0:  1386:  1386 E/zygisk-ptrace32 ] failed to find symbol waitpid in /apex/com.android.runtime/lib/bionic/libm.so
[ 2026-02-12T17:20:52.447        0:  1386:  1386 E/zygisk-elfutil32 ] Cannot load symtabs: .symtab section or its string table not found/valid.
[ 2026-02-12T17:20:52.447        0:  1386:  1386 E/zygisk-elfutil32 ] Failed to load symtabs for linear lookup of waitpid
[ 2026-02-12T17:20:52.447        0:  1386:  1386 E/zygisk-ptrace32 ] failed to find symbol waitpid in /apex/com.android.runtime/lib/bionic/libdl.so
[ 2026-02-12T17:20:52.447        0:  1386:  1386 E/zygisk-elfutil32 ] Cannot load symtabs: .symtab section or its string table not found/valid.
[ 2026-02-12T17:20:52.447        0:  1386:  1386 E/zygisk-elfutil32 ] Failed to load symtabs for linear lookup of mprotect
[ 2026-02-12T17:20:52.447        0:  1386:  1386 E/zygisk-ptrace32 ] failed to find symbol mprotect in /system/lib/liblog.so
[ 2026-02-12T17:20:52.448        0:  1386:  1386 E/zygisk-elfutil32 ] Cannot load symtabs: .symtab section or its string table not found/valid.
[ 2026-02-12T17:20:52.448        0:  1386:  1386 E/zygisk-elfutil32 ] Failed to load symtabs for linear lookup of mprotect
[ 2026-02-12T17:20:52.448        0:  1386:  1386 E/zygisk-ptrace32 ] failed to find symbol mprotect in /apex/com.android.runtime/lib/bionic/libm.so
[ 2026-02-12T17:20:52.448        0:  1386:  1386 E/zygisk-elfutil32 ] Cannot load symtabs: .symtab section or its string table not found/valid.
[ 2026-02-12T17:20:52.448        0:  1386:  1386 E/zygisk-elfutil32 ] Failed to load symtabs for linear lookup of mprotect
[ 2026-02-12T17:20:52.448        0:  1386:  1386 E/zygisk-ptrace32 ] failed to find symbol mprotect in /apex/com.android.runtime/lib/bionic/libdl.so
[ 2026-02-12T17:20:52.450        0:  1386:  1386 E/zygisk-elfutil32 ] Cannot load symtabs: .symtab section or its string table not found/valid.
[ 2026-02-12T17:20:52.450        0:  1386:  1386 E/zygisk-elfutil32 ] Failed to load symtabs for linear lookup of sendmsg
[ 2026-02-12T17:20:52.450        0:  1386:  1386 E/zygisk-ptrace32 ] failed to find symbol sendmsg in /system/lib/liblog.so
[ 2026-02-12T17:20:52.450        0:  1386:  1386 E/zygisk-elfutil32 ] Cannot load symtabs: .symtab section or its string table not found/valid.
[ 2026-02-12T17:20:52.450        0:  1386:  1386 E/zygisk-elfutil32 ] Failed to load symtabs for linear lookup of sendmsg
[ 2026-02-12T17:20:52.450        0:  1386:  1386 E/zygisk-ptrace32 ] failed to find symbol sendmsg in /apex/com.android.runtime/lib/bionic/libm.so
[ 2026-02-12T17:20:52.450        0:  1386:  1386 E/zygisk-elfutil32 ] Cannot load symtabs: .symtab section or its string table not found/valid.
[ 2026-02-12T17:20:52.450        0:  1386:  1386 E/zygisk-elfutil32 ] Failed to load symtabs for linear lookup of sendmsg
[ 2026-02-12T17:20:52.450        0:  1386:  1386 E/zygisk-ptrace32 ] failed to find symbol sendmsg in /apex/com.android.runtime/lib/bionic/libdl.so
[ 2026-02-12T17:20:52.450        0:  1386:  1386 E/zygisk-elfutil32 ] Cannot load symtabs: .symtab section or its string table not found/valid.
[ 2026-02-12T17:20:52.450        0:  1386:  1386 E/zygisk-elfutil32 ] Failed to load symtabs for linear lookup of qsort
[ 2026-02-12T17:20:52.450        0:  1386:  1386 E/zygisk-ptrace32 ] failed to find symbol qsort in /system/lib/liblog.so
[ 2026-02-12T17:20:52.450        0:  1386:  1386 E/zygisk-elfutil32 ] Cannot load symtabs: .symtab section or its string table not found/valid.
[ 2026-02-12T17:20:52.450        0:  1386:  1386 E/zygisk-elfutil32 ] Failed to load symtabs for linear lookup of qsort
[ 2026-02-12T17:20:52.450        0:  1386:  1386 E/zygisk-ptrace32 ] failed to find symbol qsort in /apex/com.android.runtime/lib/bionic/libm.so
[ 2026-02-12T17:20:52.450        0:  1386:  1386 E/zygisk-elfutil32 ] Cannot load symtabs: .symtab section or its string table not found/valid.
[ 2026-02-12T17:20:52.450        0:  1386:  1386 E/zygisk-elfutil32 ] Failed to load symtabs for linear lookup of qsort
[ 2026-02-12T17:20:52.450        0:  1386:  1386 E/zygisk-ptrace32 ] failed to find symbol qsort in /apex/com.android.runtime/lib/bionic/libdl.so
[ 2026-02-12T17:20:52.450        0:  1386:  1386 E/zygisk-elfutil32 ] Cannot load symtabs: .symtab section or its string table not found/valid.
[ 2026-02-12T17:20:52.450        0:  1386:  1386 E/zygisk-elfutil32 ] Failed to load symtabs for linear lookup of getpagesize
[ 2026-02-12T17:20:52.450        0:  1386:  1386 E/zygisk-ptrace32 ] failed to find symbol getpagesize in /system/lib/liblog.so
[ 2026-02-12T17:20:52.450        0:  1386:  1386 E/zygisk-elfutil32 ] Cannot load symtabs: .symtab section or its string table not found/valid.
[ 2026-02-12T17:20:52.450        0:  1386:  1386 E/zygisk-elfutil32 ] Failed to load symtabs for linear lookup of getpagesize
[ 2026-02-12T17:20:52.450        0:  1386:  1386 E/zygisk-ptrace32 ] failed to find symbol getpagesize in /apex/com.android.runtime/lib/bionic/libm.so
[ 2026-02-12T17:20:52.450        0:  1386:  1386 E/zygisk-elfutil32 ] Cannot load symtabs: .symtab section or its string table not found/valid.
[ 2026-02-12T17:20:52.450        0:  1386:  1386 E/zygisk-elfutil32 ] Failed to load symtabs for linear lookup of getpagesize
[ 2026-02-12T17:20:52.450        0:  1386:  1386 E/zygisk-ptrace32 ] failed to find symbol getpagesize in /apex/com.android.runtime/lib/bionic/libdl.so
[ 2026-02-12T17:20:52.450        0:  1386:  1386 E/zygisk-elfutil32 ] Cannot load symtabs: .symtab section or its string table not found/valid.
[ 2026-02-12T17:20:52.450        0:  1386:  1386 E/zygisk-elfutil32 ] Failed to load symtabs for linear lookup of fstat
[ 2026-02-12T17:20:52.450        0:  1386:  1386 E/zygisk-ptrace32 ] failed to find symbol fstat in /system/lib/liblog.so
[ 2026-02-12T17:20:52.451        0:  1386:  1386 E/zygisk-elfutil32 ] Cannot load symtabs: .symtab section or its string table not found/valid.
[ 2026-02-12T17:20:52.451        0:  1386:  1386 E/zygisk-elfutil32 ] Failed to load symtabs for linear lookup of fstat
[ 2026-02-12T17:20:52.451        0:  1386:  1386 E/zygisk-ptrace32 ] failed to find symbol fstat in /apex/com.android.runtime/lib/bionic/libm.so
[ 2026-02-12T17:20:52.451        0:  1386:  1386 E/zygisk-elfutil32 ] Cannot load symtabs: .symtab section or its string table not found/valid.
[ 2026-02-12T17:20:52.451        0:  1386:  1386 E/zygisk-elfutil32 ] Failed to load symtabs for linear lookup of fstat
[ 2026-02-12T17:20:52.451        0:  1386:  1386 E/zygisk-ptrace32 ] failed to find symbol fstat in /apex/com.android.runtime/lib/bionic/libdl.so
[ 2026-02-12T17:20:52.451        0:  1386:  1386 E/zygisk-elfutil32 ] Cannot load symtabs: .symtab section or its string table not found/valid.
[ 2026-02-12T17:20:52.451        0:  1386:  1386 E/zygisk-elfutil32 ] Failed to load symtabs for linear lookup of dl_iterate_phdr
[ 2026-02-12T17:20:52.451        0:  1386:  1386 E/zygisk-ptrace32 ] failed to find symbol dl_iterate_phdr in /system/lib/liblog.so
[ 2026-02-12T17:20:52.451        0:  1386:  1386 E/zygisk-elfutil32 ] Cannot load symtabs: .symtab section or its string table not found/valid.
[ 2026-02-12T17:20:52.451        0:  1386:  1386 E/zygisk-elfutil32 ] Failed to load symtabs for linear lookup of dl_iterate_phdr
[ 2026-02-12T17:20:52.451        0:  1386:  1386 E/zygisk-ptrace32 ] failed to find symbol dl_iterate_phdr in /apex/com.android.runtime/lib/bionic/libm.so
[ 2026-02-12T17:20:52.451        0:  1386:  1386 E/zygisk-elfutil32 ] Cannot load symtabs: .symtab section or its string table not found/valid.
[ 2026-02-12T17:20:52.451        0:  1386:  1386 E/zygisk-elfutil32 ] Failed to load symtabs for linear lookup of getauxval
[ 2026-02-12T17:20:52.451        0:  1386:  1386 E/zygisk-ptrace32 ] failed to find symbol getauxval in /system/lib/liblog.so
[ 2026-02-12T17:20:52.451        0:  1386:  1386 E/zygisk-elfutil32 ] Cannot load symtabs: .symtab section or its string table not found/valid.
[ 2026-02-12T17:20:52.451        0:  1386:  1386 E/zygisk-elfutil32 ] Failed to load symtabs for linear lookup of getauxval
[ 2026-02-12T17:20:52.451        0:  1386:  1386 E/zygisk-ptrace32 ] failed to find symbol getauxval in /apex/com.android.runtime/lib/bionic/libm.so
[ 2026-02-12T17:20:52.451        0:  1386:  1386 E/zygisk-elfutil32 ] Cannot load symtabs: .symtab section or its string table not found/valid.
[ 2026-02-12T17:20:52.451        0:  1386:  1386 E/zygisk-elfutil32 ] Failed to load symtabs for linear lookup of getauxval
[ 2026-02-12T17:20:52.451        0:  1386:  1386 E/zygisk-ptrace32 ] failed to find symbol getauxval in /apex/com.android.runtime/lib/bionic/libdl.so
[ 2026-02-12T17:20:52.451        0:  1386:  1386 W/zygisk-ptrace32 ] Bypassing resolution of EH frame function: __deregister_frame
[ 2026-02-12T17:20:52.451        0:  1386:  1386 E/zygisk-elfutil32 ] Cannot load symtabs: .symtab section or its string table not found/valid.
[ 2026-02-12T17:20:52.451        0:  1386:  1386 E/zygisk-elfutil32 ] Failed to load symtabs for linear lookup of mmap
[ 2026-02-12T17:20:52.451        0:  1386:  1386 E/zygisk-ptrace32 ] failed to find symbol mmap in /system/lib/liblog.so
[ 2026-02-12T17:20:52.451        0:  1386:  1386 E/zygisk-elfutil32 ] Cannot load symtabs: .symtab section or its string table not found/valid.
[ 2026-02-12T17:20:52.451        0:  1386:  1386 E/zygisk-elfutil32 ] Failed to load symtabs for linear lookup of mmap
[ 2026-02-12T17:20:52.451        0:  1386:  1386 E/zygisk-ptrace32 ] failed to find symbol mmap in /apex/com.android.runtime/lib/bionic/libm.so
[ 2026-02-12T17:20:52.453        0:  1386:  1386 E/zygisk-elfutil32 ] Cannot load symtabs: .symtab section or its string table not found/valid.
[ 2026-02-12T17:20:52.453        0:  1386:  1386 E/zygisk-elfutil32 ] Failed to load symtabs for linear lookup of mmap
[ 2026-02-12T17:20:52.453        0:  1386:  1386 E/zygisk-ptrace32 ] failed to find symbol mmap in /apex/com.android.runtime/lib/bionic/libdl.so
[ 2026-02-12T17:20:52.453        0:  1386:  1386 E/zygisk-elfutil32 ] Cannot load symtabs: .symtab section or its string table not found/valid.
[ 2026-02-12T17:20:52.453        0:  1386:  1386 E/zygisk-elfutil32 ] Failed to load symtabs for linear lookup of sysconf
[ 2026-02-12T17:20:52.453        0:  1386:  1386 E/zygisk-ptrace32 ] failed to find symbol sysconf in /system/lib/liblog.so
[ 2026-02-12T17:20:52.453        0:  1386:  1386 E/zygisk-elfutil32 ] Cannot load symtabs: .symtab section or its string table not found/valid.
[ 2026-02-12T17:20:52.453        0:  1386:  1386 E/zygisk-elfutil32 ] Failed to load symtabs for linear lookup of sysconf
[ 2026-02-12T17:20:52.453        0:  1386:  1386 E/zygisk-ptrace32 ] failed to find symbol sysconf in /apex/com.android.runtime/lib/bionic/libm.so
[ 2026-02-12T17:20:52.453        0:  1386:  1386 E/zygisk-elfutil32 ] Cannot load symtabs: .symtab section or its string table not found/valid.
[ 2026-02-12T17:20:52.453        0:  1386:  1386 E/zygisk-elfutil32 ] Failed to load symtabs for linear lookup of sysconf
[ 2026-02-12T17:20:52.453        0:  1386:  1386 E/zygisk-ptrace32 ] failed to find symbol sysconf in /apex/com.android.runtime/lib/bionic/libdl.so
[ 2026-02-12T17:20:52.453        0:  1386:  1386 E/zygisk-elfutil32 ] Cannot load symtabs: .symtab section or its string table not found/valid.
[ 2026-02-12T17:20:52.453        0:  1386:  1386 E/zygisk-elfutil32 ] Failed to load symtabs for linear lookup of abort
[ 2026-02-12T17:20:52.453        0:  1386:  1386 E/zygisk-ptrace32 ] failed to find symbol abort in /system/lib/liblog.so
[ 2026-02-12T17:20:52.453        0:  1386:  1386 E/zygisk-elfutil32 ] Cannot load symtabs: .symtab section or its string table not found/valid.
[ 2026-02-12T17:20:52.453        0:  1386:  1386 E/zygisk-elfutil32 ] Failed to load symtabs for linear lookup of abort
[ 2026-02-12T17:20:52.453        0:  1386:  1386 E/zygisk-ptrace32 ] failed to find symbol abort in /apex/com.android.runtime/lib/bionic/libm.so
[ 2026-02-12T17:20:52.453        0:  1386:  1386 E/zygisk-elfutil32 ] Cannot load symtabs: .symtab section or its string table not found/valid.
[ 2026-02-12T17:20:52.453        0:  1386:  1386 E/zygisk-elfutil32 ] Failed to load symtabs for linear lookup of abort
[ 2026-02-12T17:20:52.453        0:  1386:  1386 E/zygisk-ptrace32 ] failed to find symbol abort in /apex/com.android.runtime/lib/bionic/libdl.so
[ 2026-02-12T17:20:52.453        0:  1386:  1386 E/zygisk-elfutil32 ] Cannot load symtabs: .symtab section or its string table not found/valid.
[ 2026-02-12T17:20:52.453        0:  1386:  1386 E/zygisk-elfutil32 ] Failed to load symtabs for linear lookup of pthread_once
[ 2026-02-12T17:20:52.453        0:  1386:  1386 E/zygisk-ptrace32 ] failed to find symbol pthread_once in /system/lib/liblog.so
[ 2026-02-12T17:20:52.453        0:  1386:  1386 E/zygisk-elfutil32 ] Cannot load symtabs: .symtab section or its string table not found/valid.
[ 2026-02-12T17:20:52.453        0:  1386:  1386 E/zygisk-elfutil32 ] Failed to load symtabs for linear lookup of pthread_once
[ 2026-02-12T17:20:52.453        0:  1386:  1386 E/zygisk-ptrace32 ] failed to find symbol pthread_once in /apex/com.android.runtime/lib/bionic/libm.so
[ 2026-02-12T17:20:52.454        0:  1386:  1386 E/zygisk-elfutil32 ] Cannot load symtabs: .symtab section or its string table not found/valid.
[ 2026-02-12T17:20:52.454        0:  1386:  1386 E/zygisk-elfutil32 ] Failed to load symtabs for linear lookup of pthread_once
[ 2026-02-12T17:20:52.454        0:  1386:  1386 E/zygisk-ptrace32 ] failed to find symbol pthread_once in /apex/com.android.runtime/lib/bionic/libdl.so
[ 2026-02-12T17:20:52.454        0:  1386:  1386 E/zygisk-elfutil32 ] Cannot load symtabs: .symtab section or its string table not found/valid.
[ 2026-02-12T17:20:52.454        0:  1386:  1386 E/zygisk-elfutil32 ] Failed to load symtabs for linear lookup of pthread_getspecific
[ 2026-02-12T17:20:52.454        0:  1386:  1386 E/zygisk-ptrace32 ] failed to find symbol pthread_getspecific in /system/lib/liblog.so
[ 2026-02-12T17:20:52.454        0:  1386:  1386 E/zygisk-elfutil32 ] Cannot load symtabs: .symtab section or its string table not found/valid.
[ 2026-02-12T17:20:52.454        0:  1386:  1386 E/zygisk-elfutil32 ] Failed to load symtabs for linear lookup of pthread_getspecific
[ 2026-02-12T17:20:52.454        0:  1386:  1386 E/zygisk-ptrace32 ] failed to find symbol pthread_getspecific in /apex/com.android.runtime/lib/bionic/libm.so
[ 2026-02-12T17:20:52.454        0:  1386:  1386 E/zygisk-elfutil32 ] Cannot load symtabs: .symtab section or its string table not found/valid.
[ 2026-02-12T17:20:52.454        0:  1386:  1386 E/zygisk-elfutil32 ] Failed to load symtabs for linear lookup of pthread_getspecific
[ 2026-02-12T17:20:52.454        0:  1386:  1386 E/zygisk-ptrace32 ] failed to find symbol pthread_getspecific in /apex/com.android.runtime/lib/bionic/libdl.so
[ 2026-02-12T17:20:52.454        0:  1386:  1386 E/zygisk-elfutil32 ] Cannot load symtabs: .symtab section or its string table not found/valid.
[ 2026-02-12T17:20:52.454        0:  1386:  1386 E/zygisk-elfutil32 ] Failed to load symtabs for linear lookup of pthread_key_create
[ 2026-02-12T17:20:52.454        0:  1386:  1386 E/zygisk-ptrace32 ] failed to find symbol pthread_key_create in /system/lib/liblog.so
[ 2026-02-12T17:20:52.454        0:  1386:  1386 E/zygisk-elfutil32 ] Cannot load symtabs: .symtab section or its string table not found/valid.
[ 2026-02-12T17:20:52.454        0:  1386:  1386 E/zygisk-elfutil32 ] Failed to load symtabs for linear lookup of pthread_key_create
[ 2026-02-12T17:20:52.454        0:  1386:  1386 E/zygisk-ptrace32 ] failed to find symbol pthread_key_create in /apex/com.android.runtime/lib/bionic/libm.so
[ 2026-02-12T17:20:52.454        0:  1386:  1386 E/zygisk-elfutil32 ] Cannot load symtabs: .symtab section or its string table not found/valid.
[ 2026-02-12T17:20:52.454        0:  1386:  1386 E/zygisk-elfutil32 ] Failed to load symtabs for linear lookup of pthread_key_create
[ 2026-02-12T17:20:52.454        0:  1386:  1386 E/zygisk-ptrace32 ] failed to find symbol pthread_key_create in /apex/com.android.runtime/lib/bionic/libdl.so
[ 2026-02-12T17:20:52.454        0:  1386:  1386 E/zygisk-elfutil32 ] Cannot load symtabs: .symtab section or its string table not found/valid.
[ 2026-02-12T17:20:52.454        0:  1386:  1386 E/zygisk-elfutil32 ] Failed to load symtabs for linear lookup of posix_memalign
[ 2026-02-12T17:20:52.454        0:  1386:  1386 E/zygisk-ptrace32 ] failed to find symbol posix_memalign in /system/lib/liblog.so
[ 2026-02-12T17:20:52.454        0:  1386:  1386 E/zygisk-elfutil32 ] Cannot load symtabs: .symtab section or its string table not found/valid.
[ 2026-02-12T17:20:52.454        0:  1386:  1386 E/zygisk-elfutil32 ] Failed to load symtabs for linear lookup of posix_memalign
[ 2026-02-12T17:20:52.454        0:  1386:  1386 E/zygisk-ptrace32 ] failed to find symbol posix_memalign in /apex/com.android.runtime/lib/bionic/libm.so
[ 2026-02-12T17:20:52.454        0:  1386:  1386 E/zygisk-elfutil32 ] Cannot load symtabs: .symtab section or its string table not found/valid.
[ 2026-02-12T17:20:52.454        0:  1386:  1386 E/zygisk-elfutil32 ] Failed to load symtabs for linear lookup of posix_memalign
[ 2026-02-12T17:20:52.454        0:  1386:  1386 E/zygisk-ptrace32 ] failed to find symbol posix_memalign in /apex/com.android.runtime/lib/bionic/libdl.so
[ 2026-02-12T17:20:52.454        0:  1386:  1386 E/zygisk-elfutil32 ] Cannot load symtabs: .symtab section or its string table not found/valid.
[ 2026-02-12T17:20:52.454        0:  1386:  1386 E/zygisk-elfutil32 ] Failed to load symtabs for linear lookup of pthread_setspecific
[ 2026-02-12T17:20:52.454        0:  1386:  1386 E/zygisk-ptrace32 ] failed to find symbol pthread_setspecific in /system/lib/liblog.so
[ 2026-02-12T17:20:52.455        0:  1386:  1386 E/zygisk-elfutil32 ] Cannot load symtabs: .symtab section or its string table not found/valid.
[ 2026-02-12T17:20:52.455        0:  1386:  1386 E/zygisk-elfutil32 ] Failed to load symtabs for linear lookup of pthread_setspecific
[ 2026-02-12T17:20:52.455        0:  1386:  1386 E/zygisk-ptrace32 ] failed to find symbol pthread_setspecific in /apex/com.android.runtime/lib/bionic/libm.so
[ 2026-02-12T17:20:52.455        0:  1386:  1386 E/zygisk-elfutil32 ] Cannot load symtabs: .symtab section or its string table not found/valid.
[ 2026-02-12T17:20:52.455        0:  1386:  1386 E/zygisk-elfutil32 ] Failed to load symtabs for linear lookup of pthread_setspecific
[ 2026-02-12T17:20:52.455        0:  1386:  1386 E/zygisk-ptrace32 ] failed to find symbol pthread_setspecific in /apex/com.android.runtime/lib/bionic/libdl.so
[ 2026-02-12T17:20:52.455        0:  1386:  1386 E/zygisk-elfutil32 ] Cannot load symtabs: .symtab section or its string table not found/valid.
[ 2026-02-12T17:20:52.455        0:  1386:  1386 E/zygisk-elfutil32 ] Failed to load symtabs for linear lookup of __aeabi_memcpy
[ 2026-02-12T17:20:52.455        0:  1386:  1386 E/zygisk-ptrace32 ] failed to find symbol __aeabi_memcpy in /system/lib/liblog.so
[ 2026-02-12T17:20:52.455        0:  1386:  1386 E/zygisk-elfutil32 ] Cannot load symtabs: .symtab section or its string table not found/valid.
[ 2026-02-12T17:20:52.455        0:  1386:  1386 E/zygisk-elfutil32 ] Failed to load symtabs for linear lookup of __aeabi_memcpy
[ 2026-02-12T17:20:52.455        0:  1386:  1386 E/zygisk-ptrace32 ] failed to find symbol __aeabi_memcpy in /apex/com.android.runtime/lib/bionic/libm.so
[ 2026-02-12T17:20:52.455        0:  1386:  1386 E/zygisk-elfutil32 ] Cannot load symtabs: .symtab section or its string table not found/valid.
[ 2026-02-12T17:20:52.455        0:  1386:  1386 E/zygisk-elfutil32 ] Failed to load symtabs for linear lookup of __aeabi_memcpy
[ 2026-02-12T17:20:52.455        0:  1386:  1386 E/zygisk-ptrace32 ] failed to find symbol __aeabi_memcpy in /apex/com.android.runtime/lib/bionic/libdl.so
[ 2026-02-12T17:20:52.455        0:  1386:  1386 E/zygisk-elfutil32 ] Cannot load symtabs: .symtab section or its string table not found/valid.
[ 2026-02-12T17:20:52.455        0:  1386:  1386 E/zygisk-elfutil32 ] Failed to load symtabs for linear lookup of __aeabi_memcpy4
[ 2026-02-12T17:20:52.455        0:  1386:  1386 E/zygisk-ptrace32 ] failed to find symbol __aeabi_memcpy4 in /system/lib/liblog.so
[ 2026-02-12T17:20:52.455        0:  1386:  1386 E/zygisk-elfutil32 ] Cannot load symtabs: .symtab section or its string table not found/valid.
[ 2026-02-12T17:20:52.455        0:  1386:  1386 E/zygisk-elfutil32 ] Failed to load symtabs for linear lookup of __aeabi_memcpy4
[ 2026-02-12T17:20:52.455        0:  1386:  1386 E/zygisk-ptrace32 ] failed to find symbol __aeabi_memcpy4 in /apex/com.android.runtime/lib/bionic/libm.so
[ 2026-02-12T17:20:52.455        0:  1386:  1386 E/zygisk-elfutil32 ] Cannot load symtabs: .symtab section or its string table not found/valid.
[ 2026-02-12T17:20:52.455        0:  1386:  1386 E/zygisk-elfutil32 ] Failed to load symtabs for linear lookup of __aeabi_memcpy4
[ 2026-02-12T17:20:52.455        0:  1386:  1386 E/zygisk-ptrace32 ] failed to find symbol __aeabi_memcpy4 in /apex/com.android.runtime/lib/bionic/libdl.so
[ 2026-02-12T17:20:52.455        0:  1386:  1386 E/zygisk-elfutil32 ] Cannot load symtabs: .symtab section or its string table not found/valid.
[ 2026-02-12T17:20:52.455        0:  1386:  1386 E/zygisk-elfutil32 ] Failed to load symtabs for linear lookup of __aeabi_memmove
[ 2026-02-12T17:20:52.455        0:  1386:  1386 E/zygisk-ptrace32 ] failed to find symbol __aeabi_memmove in /system/lib/liblog.so
[ 2026-02-12T17:20:52.455        0:  1386:  1386 E/zygisk-elfutil32 ] Cannot load symtabs: .symtab section or its string table not found/valid.
[ 2026-02-12T17:20:52.455        0:  1386:  1386 E/zygisk-elfutil32 ] Failed to load symtabs for linear lookup of __aeabi_memmove
[ 2026-02-12T17:20:52.455        0:  1386:  1386 E/zygisk-ptrace32 ] failed to find symbol __aeabi_memmove in /apex/com.android.runtime/lib/bionic/libm.so
[ 2026-02-12T17:20:52.455        0:  1386:  1386 E/zygisk-elfutil32 ] Cannot load symtabs: .symtab section or its string table not found/valid.
[ 2026-02-12T17:20:52.455        0:  1386:  1386 E/zygisk-elfutil32 ] Failed to load symtabs for linear lookup of __aeabi_memmove
[ 2026-02-12T17:20:52.455        0:  1386:  1386 E/zygisk-ptrace32 ] failed to find symbol __aeabi_memmove in /apex/com.android.runtime/lib/bionic/libdl.so
[ 2026-02-12T17:20:52.455        0:  1386:  1386 E/zygisk-elfutil32 ] Cannot load symtabs: .symtab section or its string table not found/valid.
[ 2026-02-12T17:20:52.455        0:  1386:  1386 E/zygisk-elfutil32 ] Failed to load symtabs for linear lookup of __aeabi_memclr
[ 2026-02-12T17:20:52.456        0:  1386:  1386 E/zygisk-ptrace32 ] failed to find symbol __aeabi_memclr in /system/lib/liblog.so
[ 2026-02-12T17:20:52.456        0:  1386:  1386 E/zygisk-elfutil32 ] Cannot load symtabs: .symtab section or its string table not found/valid.
[ 2026-02-12T17:20:52.456        0:  1386:  1386 E/zygisk-elfutil32 ] Failed to load symtabs for linear lookup of __aeabi_memclr
[ 2026-02-12T17:20:52.456        0:  1386:  1386 E/zygisk-ptrace32 ] failed to find symbol __aeabi_memclr in /apex/com.android.runtime/lib/bionic/libm.so
[ 2026-02-12T17:20:52.456        0:  1386:  1386 E/zygisk-elfutil32 ] Cannot load symtabs: .symtab section or its string table not found/valid.
[ 2026-02-12T17:20:52.456        0:  1386:  1386 E/zygisk-elfutil32 ] Failed to load symtabs for linear lookup of __aeabi_memclr
[ 2026-02-12T17:20:52.456        0:  1386:  1386 E/zygisk-ptrace32 ] failed to find symbol __aeabi_memclr in /apex/com.android.runtime/lib/bionic/libdl.so
[ 2026-02-12T17:20:52.458        0:  1386:  1386 E/zygisk-elfutil32 ] Cannot load symtabs: .symtab section or its string table not found/valid.
[ 2026-02-12T17:20:52.458        0:  1386:  1386 E/zygisk-elfutil32 ] Failed to load symtabs for linear lookup of __aeabi_memclr4
[ 2026-02-12T17:20:52.458        0:  1386:  1386 E/zygisk-ptrace32 ] failed to find symbol __aeabi_memclr4 in /system/lib/liblog.so
[ 2026-02-12T17:20:52.458        0:  1386:  1386 E/zygisk-elfutil32 ] Cannot load symtabs: .symtab section or its string table not found/valid.
[ 2026-02-12T17:20:52.458        0:  1386:  1386 E/zygisk-elfutil32 ] Failed to load symtabs for linear lookup of __aeabi_memclr4
[ 2026-02-12T17:20:52.458        0:  1386:  1386 E/zygisk-ptrace32 ] failed to find symbol __aeabi_memclr4 in /apex/com.android.runtime/lib/bionic/libm.so
[ 2026-02-12T17:20:52.458        0:  1386:  1386 E/zygisk-elfutil32 ] Cannot load symtabs: .symtab section or its string table not found/valid.
[ 2026-02-12T17:20:52.458        0:  1386:  1386 E/zygisk-elfutil32 ] Failed to load symtabs for linear lookup of __aeabi_memclr4
[ 2026-02-12T17:20:52.458        0:  1386:  1386 E/zygisk-ptrace32 ] failed to find symbol __aeabi_memclr4 in /apex/com.android.runtime/lib/bionic/libdl.so
[ 2026-02-12T17:20:52.458        0:  1386:  1386 E/zygisk-elfutil32 ] Cannot load symtabs: .symtab section or its string table not found/valid.
[ 2026-02-12T17:20:52.458        0:  1386:  1386 E/zygisk-elfutil32 ] Failed to load symtabs for linear lookup of __aeabi_memclr8
[ 2026-02-12T17:20:52.458        0:  1386:  1386 E/zygisk-ptrace32 ] failed to find symbol __aeabi_memclr8 in /system/lib/liblog.so
[ 2026-02-12T17:20:52.459        0:  1386:  1386 E/zygisk-elfutil32 ] Cannot load symtabs: .symtab section or its string table not found/valid.
[ 2026-02-12T17:20:52.459        0:  1386:  1386 E/zygisk-elfutil32 ] Failed to load symtabs for linear lookup of __aeabi_memclr8
[ 2026-02-12T17:20:52.459        0:  1386:  1386 E/zygisk-ptrace32 ] failed to find symbol __aeabi_memclr8 in /apex/com.android.runtime/lib/bionic/libm.so
[ 2026-02-12T17:20:52.459        0:  1386:  1386 E/zygisk-elfutil32 ] Cannot load symtabs: .symtab section or its string table not found/valid.
[ 2026-02-12T17:20:52.459        0:  1386:  1386 E/zygisk-elfutil32 ] Failed to load symtabs for linear lookup of __aeabi_memclr8
[ 2026-02-12T17:20:52.459        0:  1386:  1386 E/zygisk-ptrace32 ] failed to find symbol __aeabi_memclr8 in /apex/com.android.runtime/lib/bionic/libdl.so
[ 2026-02-12T17:20:52.459        0:  1386:  1386 E/zygisk-elfutil32 ] Cannot load symtabs: .symtab section or its string table not found/valid.
[ 2026-02-12T17:20:52.459        0:  1386:  1386 E/zygisk-elfutil32 ] Failed to load symtabs for linear lookup of strlen
[ 2026-02-12T17:20:52.459        0:  1386:  1386 E/zygisk-ptrace32 ] failed to find symbol strlen in /system/lib/liblog.so
[ 2026-02-12T17:20:52.459        0:  1386:  1386 E/zygisk-elfutil32 ] Cannot load symtabs: .symtab section or its string table not found/valid.
[ 2026-02-12T17:20:52.459        0:  1386:  1386 E/zygisk-elfutil32 ] Failed to load symtabs for linear lookup of strlen
[ 2026-02-12T17:20:52.459        0:  1386:  1386 E/zygisk-ptrace32 ] failed to find symbol strlen in /apex/com.android.runtime/lib/bionic/libm.so
[ 2026-02-12T17:20:52.459        0:  1386:  1386 E/zygisk-elfutil32 ] Cannot load symtabs: .symtab section or its string table not found/valid.
[ 2026-02-12T17:20:52.459        0:  1386:  1386 E/zygisk-elfutil32 ] Failed to load symtabs for linear lookup of strlen
[ 2026-02-12T17:20:52.459        0:  1386:  1386 E/zygisk-ptrace32 ] failed to find symbol strlen in /apex/com.android.runtime/lib/bionic/libdl.so
[ 2026-02-12T17:20:52.459        0:  1386:  1386 E/zygisk-elfutil32 ] Cannot load symtabs: .symtab section or its string table not found/valid.
[ 2026-02-12T17:20:52.459        0:  1386:  1386 E/zygisk-elfutil32 ] Failed to load symtabs for linear lookup of __stack_chk_fail
[ 2026-02-12T17:20:52.459        0:  1386:  1386 E/zygisk-ptrace32 ] failed to find symbol __stack_chk_fail in /system/lib/liblog.so
[ 2026-02-12T17:20:52.459        0:  1386:  1386 E/zygisk-elfutil32 ] Cannot load symtabs: .symtab section or its string table not found/valid.
[ 2026-02-12T17:20:52.459        0:  1386:  1386 E/zygisk-elfutil32 ] Failed to load symtabs for linear lookup of __stack_chk_fail
[ 2026-02-12T17:20:52.459        0:  1386:  1386 E/zygisk-ptrace32 ] failed to find symbol __stack_chk_fail in /apex/com.android.runtime/lib/bionic/libm.so
[ 2026-02-12T17:20:52.459        0:  1386:  1386 E/zygisk-elfutil32 ] Cannot load symtabs: .symtab section or its string table not found/valid.
[ 2026-02-12T17:20:52.459        0:  1386:  1386 E/zygisk-elfutil32 ] Failed to load symtabs for linear lookup of __stack_chk_fail
[ 2026-02-12T17:20:52.459        0:  1386:  1386 E/zygisk-ptrace32 ] failed to find symbol __stack_chk_fail in /apex/com.android.runtime/lib/bionic/libdl.so
[ 2026-02-12T17:20:52.501        0:  1386:  1386 I/zygisk-ptrace32 ] remote mapped /data/adb/modules/rezygisk/lib/libzygisk.so at 0xeb4a7000 (size 73728), entry 0xeb4a9e61
[ 2026-02-12T17:20:52.512        0:  1386:  1386 I/zygisk-ptrace32 ] process 1376 stopped by SIGCHLD, continue
[ 2026-02-12T17:20:52.518        0:  1093:  1093 I/zygisk-ptrace64 ] Received Zygote32 injected command
[ 2026-02-12T17:20:52.518        0:  1093:  1093 I/zygisk-ptrace64 ] status updated: Monitor: ✅, ReZygisk 64-bit: ✅, ReZygisk 32-bit: ✅
[ 2026-02-12T17:20:52.573        0:  1143:  1143 I/LSPosedService  ] service package is not started, wait 1s.
[ 2026-02-12T17:20:53.582        0:  1143:  1143 I/LSPosedService  ] service package is not started, wait 1s.
[ 2026-02-12T17:20:54.012        0:  2663:  2663 I/zygiskd64       ] Welcome to ReZygisk v1.0.0 Zygiskd64!
[ 2026-02-12T17:20:54.013        0:  2663:  2663 I/zygiskd-companion64 ] New companion entry.
 - Client fd: 12
[ 2026-02-12T17:20:54.013        0:  2663:  2663 I/zygiskd-companion64 ]  - Module name: "zygisk_lsposed"
[ 2026-02-12T17:20:54.013        0:  2663:  2663 I/zygiskd-companion64 ]  - Library fd: 6
[ 2026-02-12T17:20:54.015        0:  2663:  2663 I/zygiskd-companion64 ]  - Module entry found
[ 2026-02-12T17:20:54.015        0:  1377:  1377 I/zygiskd64       ]  - Spawned companion for "zygisk_lsposed": 11
[ 2026-02-12T17:20:54.015        0:  1377:  1377 I/zygiskd64       ]  - Sending companion fd socket of module "zygisk_lsposed"
[ 2026-02-12T17:20:54.015        0:  2663:  2663 I/zygiskd-companion64 ] New companion request.
 - Module name: zygisk_lsposed
 - Client fd: 6
[ 2026-02-12T17:20:54.016        0:  1143:  1281 I/LSPosedService  ] LSPSystemServerService: starting new bridge
[ 2026-02-12T17:20:54.583        0:  1143:  1143 I/LSPosedService  ] service package is not started, wait 1s.
[ 2026-02-12T17:20:55.583        0:  1143:  1143 I/LSPosedService  ] service package is not started, wait 1s.
[ 2026-02-12T17:20:56.585        0:  1143:  1143 I/LSPosedService  ] service package is not started, wait 1s.
[ 2026-02-12T17:20:56.956        0:  1143:  1291 W/libbinder.Binder ] Binder transaction to org.lsposed.lspd.service.ILSPApplicationService code 1 took 1928ms. Data bytes: 112 Reply bytes: 13972 Flags: 18
[ 2026-02-12T17:20:57.586        0:  1143:  1143 I/LSPosedService  ] service package is not started, wait 1s.
[ 2026-02-12T17:20:58.004        0:  1143:  1261 W/lspd            ] userfaultfd: MOVE ioctl seems unsupported: Success
[ 2026-02-12T17:20:58.587        0:  1143:  1143 I/LSPosedService  ] service package is not started, wait 1s.
[ 2026-02-12T17:20:58.708        0:  1143:  1291 W/libbinder.Binder ] Binder transaction to org.lsposed.lspd.service.ILSPApplicationService code 2 took 1524ms. Data bytes: 112 Reply bytes: 3612 Flags: 18
[ 2026-02-12T17:20:58.730     1000:  2656:  2656 I/LSPosed-Bridge  ] DisableAltTab: AltTabHook success!
[ 2026-02-12T17:20:58.731     1000:  2656:  2656 E/LSPosed-Bridge  ] XSmsCode: Failed to hook PermissionManagerService
wJUF.MG.bUOsL.Ow.FfYsA.XposedHelpers$ClassNotFoundError: java.lang.ClassNotFoundException: com$android$server$pm$permission$PermissionManagerServiceImpl
	at wJUF.MG.bUOsL.Ow.FfYsA.XposedHelpers.findClass(r8-map-id-1b503ce2d1eb437266e175dc68a023819023d9852a09899d29d782d634f0016f:13)
	at w3.g.c(Unknown Source:4)
	at w3.g.d(Unknown Source:8)
	at w3.g.e(Unknown Source:0)
	at w3.b.d(Unknown Source:31)
	at com.tianma.xsmscode.xp.HookEntry.handleLoadPackage(Unknown Source:24)
	at wJUF.MG.bUOsL.Ow.FfYsA.IXposedHookLoadPackage$Wrapper.handleLoadPackage(r8-map-id-1b503ce2d1eb437266e175dc68a023819023d9852a09899d29d782d634f0016f:3)
	at wJUF.MG.bUOsL.Ow.FfYsA.callbacks.XC_LoadPackage.call(r8-map-id-1b503ce2d1eb437266e175dc68a023819023d9852a09899d29d782d634f0016f:7)
	at wJUF.MG.bUOsL.Ow.FfYsA.callbacks.XCallback.callAll(r8-map-id-1b503ce2d1eb437266e175dc68a023819023d9852a09899d29d782d634f0016f:27)
	at f2.before(r8-map-id-1b503ce2d1eb437266e175dc68a023819023d9852a09899d29d782d634f0016f:68)
	at java.lang.reflect.Method.invoke(Native Method)
	at j0.callback(r8-map-id-1b503ce2d1eb437266e175dc68a023819023d9852a09899d29d782d634f0016f:108)
	at LSPHooker_.startBootstrapServices(LSP)
	at com.android.server.SystemServer.run(SystemServer.java:1044)
	at com.android.server.SystemServer.main(SystemServer.java:724)
	at java.lang.reflect.Method.invoke(Native Method)
	at com.android.internal.os.RuntimeInit$MethodAndArgsCaller.run(RuntimeInit.java:569)
	at com.android.internal.os.ZygoteInit.main(ZygoteInit.java:907)
Caused by: java.lang.ClassNotFoundException: com$android$server$pm$permission$PermissionManagerServiceImpl
	at r.a(r8-map-id-1b503ce2d1eb437266e175dc68a023819023d9852a09899d29d782d634f0016f:66)
	at wJUF.MG.bUOsL.Ow.FfYsA.XposedHelpers.findClass(r8-map-id-1b503ce2d1eb437266e175dc68a023819023d9852a09899d29d782d634f0016f:5)
	... 17 more
[ 2026-02-12T17:20:58.752     1000:  2656:  2656 I/LSPosed-Bridge  ] [XAudioCapture]: Hook Computer Engine!
[ 2026-02-12T17:20:58.778     1000:  2656:  2656 E/LSPosed-Bridge  ] wJUF.MG.bUOsL.Ow.FfYsA.XposedHelpers$ClassNotFoundError: java.lang.ClassNotFoundException: com$android$server$am$ProcessStateRecord
	at wJUF.MG.bUOsL.Ow.FfYsA.XposedHelpers.findClass(r8-map-id-1b503ce2d1eb437266e175dc68a023819023d9852a09899d29d782d634f0016f:13)
	at wJUF.MG.bUOsL.Ow.FfYsA.XposedHelpers.findAndHookConstructor(r8-map-id-1b503ce2d1eb437266e175dc68a023819023d9852a09899d29d782d634f0016f:8)
	at ru.bluecat.android.xposed.mods.appsettings.hooks.Core.handleLoadPackage(Unknown Source:164)
	at wJUF.MG.bUOsL.Ow.FfYsA.IXposedHookLoadPackage$Wrapper.handleLoadPackage(r8-map-id-1b503ce2d1eb437266e175dc68a023819023d9852a09899d29d782d634f0016f:3)
	at wJUF.MG.bUOsL.Ow.FfYsA.callbacks.XC_LoadPackage.call(r8-map-id-1b503ce2d1eb437266e175dc68a023819023d9852a09899d29d782d634f0016f:7)
	at wJUF.MG.bUOsL.Ow.FfYsA.callbacks.XCallback.callAll(r8-map-id-1b503ce2d1eb437266e175dc68a023819023d9852a09899d29d782d634f0016f:27)
	at f2.before(r8-map-id-1b503ce2d1eb437266e175dc68a023819023d9852a09899d29d782d634f0016f:68)
	at java.lang.reflect.Method.invoke(Native Method)
	at j0.callback(r8-map-id-1b503ce2d1eb437266e175dc68a023819023d9852a09899d29d782d634f0016f:108)
	at LSPHooker_.startBootstrapServices(LSP)
	at com.android.server.SystemServer.run(SystemServer.java:1044)
	at com.android.server.SystemServer.main(SystemServer.java:724)
	at java.lang.reflect.Method.invoke(Native Method)
	at com.android.internal.os.RuntimeInit$MethodAndArgsCaller.run(RuntimeInit.java:569)
	at com.android.internal.os.ZygoteInit.main(ZygoteInit.java:907)
Caused by: java.lang.ClassNotFoundException: com$android$server$am$ProcessStateRecord
	at r.a(r8-map-id-1b503ce2d1eb437266e175dc68a023819023d9852a09899d29d782d634f0016f:66)
	at wJUF.MG.bUOsL.Ow.FfYsA.XposedHelpers.findClass(r8-map-id-1b503ce2d1eb437266e175dc68a023819023d9852a09899d29d782d634f0016f:5)
	... 14 more
[ 2026-02-12T17:20:58.781     1000:  2656:  2656 E/LSPosed-Bridge  ] java.lang.NoSuchMethodError: com.android.server.notification.NotificationManagerService#enqueueNotificationInternal(java.lang.String,java.lang.String,int,int,java.lang.String,int,android.app.Notification,int)#exact
	at wJUF.MG.bUOsL.Ow.FfYsA.XposedHelpers.lambda$findMethodExact$3(r8-map-id-1b503ce2d1eb437266e175dc68a023819023d9852a09899d29d782d634f0016f:7)
	at wJUF.MG.bUOsL.Ow.FfYsA.XposedHelpers.e(r8-map-id-1b503ce2d1eb437266e175dc68a023819023d9852a09899d29d782d634f0016f:1)
	at wJUF.MG.bUOsL.Ow.FfYsA.c.get(r8-map-id-1b503ce2d1eb437266e175dc68a023819023d9852a09899d29d782d634f0016f:8)
	at java.util.Optional.orElseThrow(Optional.java:403)
	at wJUF.MG.bUOsL.Ow.FfYsA.XposedHelpers.findMethodExact(r8-map-id-1b503ce2d1eb437266e175dc68a023819023d9852a09899d29d782d634f0016f:5)
	at wJUF.MG.bUOsL.Ow.FfYsA.XposedHelpers.findAndHookMethod(r8-map-id-1b503ce2d1eb437266e175dc68a023819023d9852a09899d29d782d634f0016f:3)
	at wJUF.MG.bUOsL.Ow.FfYsA.XposedHelpers.findAndHookMethod(r8-map-id-1b503ce2d1eb437266e175dc68a023819023d9852a09899d29d782d634f0016f:8)
	at ru.bluecat.android.xposed.mods.appsettings.hooks.Core.handleLoadPackage(Unknown Source:293)
	at wJUF.MG.bUOsL.Ow.FfYsA.IXposedHookLoadPackage$Wrapper.handleLoadPackage(r8-map-id-1b503ce2d1eb437266e175dc68a023819023d9852a09899d29d782d634f0016f:3)
	at wJUF.MG.bUOsL.Ow.FfYsA.callbacks.XC_LoadPackage.call(r8-map-id-1b503ce2d1eb437266e175dc68a023819023d9852a09899d29d782d634f0016f:7)
	at wJUF.MG.bUOsL.Ow.FfYsA.callbacks.XCallback.callAll(r8-map-id-1b503ce2d1eb437266e175dc68a023819023d9852a09899d29d782d634f0016f:27)
	at f2.before(r8-map-id-1b503ce2d1eb437266e175dc68a023819023d9852a09899d29d782d634f0016f:68)
	at java.lang.reflect.Method.invoke(Native Method)
	at j0.callback(r8-map-id-1b503ce2d1eb437266e175dc68a023819023d9852a09899d29d782d634f0016f:108)
	at LSPHooker_.startBootstrapServices(LSP)
	at com.android.server.SystemServer.run(SystemServer.java:1044)
	at com.android.server.SystemServer.main(SystemServer.java:724)
	at java.lang.reflect.Method.invoke(Native Method)
	at com.android.internal.os.RuntimeInit$MethodAndArgsCaller.run(RuntimeInit.java:569)
	at com.android.internal.os.ZygoteInit.main(ZygoteInit.java:907)
[ 2026-02-12T17:20:58.782     1000:  2656:  2656 E/LSPosed-Bridge  ] wJUF.MG.bUOsL.Ow.FfYsA.XposedHelpers$ClassNotFoundError: java.lang.ClassNotFoundException: com$android$server$pm$permission$PermissionManagerServiceImpl
	at wJUF.MG.bUOsL.Ow.FfYsA.XposedHelpers.findClass(r8-map-id-1b503ce2d1eb437266e175dc68a023819023d9852a09899d29d782d634f0016f:13)
	at ru.bluecat.android.xposed.mods.appsettings.hooks.Core.handleLoadPackage(Unknown Source:328)
	at wJUF.MG.bUOsL.Ow.FfYsA.IXposedHookLoadPackage$Wrapper.handleLoadPackage(r8-map-id-1b503ce2d1eb437266e175dc68a023819023d9852a09899d29d782d634f0016f:3)
	at wJUF.MG.bUOsL.Ow.FfYsA.callbacks.XC_LoadPackage.call(r8-map-id-1b503ce2d1eb437266e175dc68a023819023d9852a09899d29d782d634f0016f:7)
	at wJUF.MG.bUOsL.Ow.FfYsA.callbacks.XCallback.callAll(r8-map-id-1b503ce2d1eb437266e175dc68a023819023d9852a09899d29d782d634f0016f:27)
	at f2.before(r8-map-id-1b503ce2d1eb437266e175dc68a023819023d9852a09899d29d782d634f0016f:68)
	at java.lang.reflect.Method.invoke(Native Method)
	at j0.callback(r8-map-id-1b503ce2d1eb437266e175dc68a023819023d9852a09899d29d782d634f0016f:108)
	at LSPHooker_.startBootstrapServices(LSP)
	at com.android.server.SystemServer.run(SystemServer.java:1044)
	at com.android.server.SystemServer.main(SystemServer.java:724)
	at java.lang.reflect.Method.invoke(Native Method)
	at com.android.internal.os.RuntimeInit$MethodAndArgsCaller.run(RuntimeInit.java:569)
	at com.android.internal.os.ZygoteInit.main(ZygoteInit.java:907)
Caused by: java.lang.ClassNotFoundException: com$android$server$pm$permission$PermissionManagerServiceImpl
	at r.a(r8-map-id-1b503ce2d1eb437266e175dc68a023819023d9852a09899d29d782d634f0016f:66)
	at wJUF.MG.bUOsL.Ow.FfYsA.XposedHelpers.findClass(r8-map-id-1b503ce2d1eb437266e175dc68a023819023d9852a09899d29d782d634f0016f:5)
	... 13 more
[ 2026-02-12T17:20:58.782     1000:  2656:  2656 I/LSPosed-Bridge  ] XLua.XLua Loaded android:1000
[ 2026-02-12T17:20:58.789     1000:  2656:  2656 I/LSPosed-Bridge  ] [HMA-OSS] [ INFO] 02-12 17:20:58 (HMA-XposedEntry) Hook entry
[ 2026-02-12T17:20:59.587        0:  1143:  1143 I/LSPosedService  ] service package is not started, wait 1s.
[ 2026-02-12T17:21:00.588        0:  1143:  1143 I/LSPosedService  ] service package is not started, wait 1s.
[ 2026-02-12T17:21:01.588        0:  1143:  1143 I/LSPosedService  ] service package is not started, wait 1s.
[ 2026-02-12T17:21:02.588        0:  1143:  1143 I/LSPosedService  ] service package is not started, wait 1s.
[ 2026-02-12T17:21:03.589        0:  1143:  1143 I/LSPosedService  ] service package is not started, wait 1s.
[ 2026-02-12T17:21:03.790     1000:  2656:  2656 I/LSPosed-Bridge  ] [HMA-OSS] [DEBUG] 02-12 17:21:03 (HMA-XposedEntry) Got pms: com.android.server.pm.PackageManagerService$IPackageManagerImpl@1810c77, com.android.server.pm.PackageManagerNative@c8c0e4
[ 2026-02-12T17:21:03.791     1000:  2656:  3255 I/LSPosed-Bridge  ] [HMA-OSS] [ INFO] 02-12 17:21:03 (HMA-UserService) Initialize HMAService - Version oss-154
[ 2026-02-12T17:21:03.797     1000:  2656:  3255 I/LSPosed-Bridge  ] [HMA-OSS] [ INFO] 02-12 17:21:03 (HMA-Service) Data dir: /data/misc/hide_my_applist_ihipqqtjhsuxtuqg
[ 2026-02-12T17:21:03.805     1000:  2656:  3256 I/LSPosed-Bridge  ] [HMA-OSS] [ INFO] 02-12 17:21:03 (HMA-Service) Filter counts loaded
[ 2026-02-12T17:21:03.817     1000:  2656:  3256 I/LSPosed-Bridge  ] [HMA-OSS] [ INFO] 02-12 17:21:03 (HMA-Service) Config loaded
[ 2026-02-12T17:21:03.818     1000:  2656:  3256 I/LSPosed-Bridge  ] [HMA-OSS] [ INFO] 02-12 17:21:03 (HMA-Service) Preset cache loaded
[ 2026-02-12T17:21:03.846     1000:  2656:  3256 I/LSPosed-Bridge  ] [HMA-OSS] [ INFO] 02-12 17:21:03 (PmsHookTarget34) Load hook
[ 2026-02-12T17:21:03.949     1000:  2656:  3256 I/LSPosed-Bridge  ] [HMA-OSS] [ INFO] 02-12 17:21:03 (PlatformCompatHook) Load hook
[ 2026-02-12T17:21:03.949     1000:  2656:  3256 I/LSPosed-Bridge  ] [HMA-OSS] [ INFO] 02-12 17:21:03 (PlatformCompatHook) App data isolation enabled: true
[ 2026-02-12T17:21:03.950     1000:  2656:  3256 I/LSPosed-Bridge  ] [HMA-OSS] [ INFO] 02-12 17:21:03 (ActivityHook) Load hook
[ 2026-02-12T17:21:03.953     1000:  2656:  3256 I/LSPosed-Bridge  ] [HMA-OSS] [ INFO] 02-12 17:21:03 (AccessibilityHook) Load hook
[ 2026-02-12T17:21:03.958     1000:  2656:  3256 I/LSPosed-Bridge  ] [HMA-OSS] [ INFO] 02-12 17:21:03 (ImmHook) Load hook
[ 2026-02-12T17:21:03.964     1000:  2656:  3256 I/LSPosed-Bridge  ] [HMA-OSS] [ INFO] 02-12 17:21:03 (HMA-Service) Hooks installed
[ 2026-02-12T17:21:03.964     1000:  2656:  3256 I/LSPosed-Bridge  ] [HMA-OSS] [ INFO] 02-12 17:21:03 (HMA-Service) HMA service initialized
[ 2026-02-12T17:21:03.966     1000:  2656:  3256 I/LSPosed-Bridge  ] [HMA-OSS] [ INFO] 02-12 17:21:03 (HMA-UserService) Registered observer
[ 2026-02-12T17:21:03.967     1000:  2656:  3256 I/LSPosed-Bridge  ] [HMA-OSS] [ INFO] 02-12 17:21:03 (HMA-XposedEntry) User service started
[ 2026-02-12T17:21:03.968     1000:  2656:  3256 I/LSPosed-Bridge  ] [HMA-OSS] [ INFO] 02-12 17:21:03 (HMA-Service) All presets are loaded
[ 2026-02-12T17:21:04.149     1000:  2656:  2656 I/LSPosed-Bridge  ] XLua.XLua Loaded com.android.providers.settings:1000
[ 2026-02-12T17:21:04.358     1000:  2656:  2656 I/LSPosed-Bridge  ] XLua.XLua Loaded org.lineageos.lineagesettings:1000
[ 2026-02-12T17:21:04.377     1000:  2656:  2656 I/LSPosed-Bridge  ] XLua.XLua Loaded com.android.server.telecom:1000
[ 2026-02-12T17:21:04.737        0:  1143:  1143 I/LSPosed         ] mount dex2oat /apex/com.android.art/bin/dex2oat64
[ 2026-02-12T17:21:04.737        0:  1143:  1143 I/LSPosed         ] mount dex2oat /apex/com.android.art/bin/dex2oat32
[ 2026-02-12T17:21:04.755     1000:  2656:  3257 I/LSPosedBridge   ] binder received
[ 2026-02-12T17:21:04.755        0:  1143:  1143 I/LSPosedService  ] sent service to bridge
[ 2026-02-12T17:21:05.515     1000:  2656:  2656 I/LSPosed-Bridge  ] XLua.XLua Preparing system
[ 2026-02-12T17:21:05.551     1000:  2656:  2656 I/LSPosed-Bridge  ] [XLua.DatabasePathUtil] Found Database Folder! Using Folder [/data/misc/xplex-a526e8b3-3ae2-4f8d-8b54-fe972be49b3d] as XPL-EX base Folder for Databases!
[ 2026-02-12T17:21:05.565     1000:  2656:  2656 I/LSPosed-Bridge  ] [XLua.DatabasePathUtil] Database Folder=/data/misc/xplex-a526e8b3-3ae2-4f8d-8b54-fe972be49b3d/xlua.db Database Name=xlua.db Parent Directory=/data/misc/xplex-a526e8b3-3ae2-4f8d-8b54-fe972be49b3d Open Flag=true Is Open=true
[ 2026-02-12T17:21:05.566     1000:  2656:  2656 I/LSPosed-Bridge  ] Opened Database, Database=Database: /data/misc/xplex-a526e8b3-3ae2-4f8d-8b54-fe972be49b3d/xlua.db Is Open: true
[ 2026-02-12T17:21:05.566     1000:  2656:  2656 I/LSPosed-Bridge  ] Resetting Database (xl), Set Database to null: false
[ 2026-02-12T17:21:05.567     1000:  2656:  2656 I/LSPosed-Bridge  ] Error Renaming Hook ID, Old:TelephonyManager/getDeviceId  NewTelephonyManager.getDeviceId  Error:android.database.sqlite.SQLiteException: no such table: assignment (code 1 SQLITE_ERROR): , while compiling: UPDATE assignment SET hook=? WHERE hook = ?
[ 2026-02-12T17:21:05.567     1000:  2656:  2656 I/LSPosed-Bridge  ] Error Renaming Hook ID, Old:TelephonyManager/getDeviceId/slot  NewTelephonyManager.getDeviceId/slot  Error:android.database.sqlite.SQLiteException: no such table: assignment (code 1 SQLITE_ERROR): , while compiling: UPDATE assignment SET hook=? WHERE hook = ?
[ 2026-02-12T17:21:05.567     1000:  2656:  2656 I/LSPosed-Bridge  ] Error Renaming Hook ID, Old:TelephonyManager/getGroupIdLevel1  NewTelephonyManager.getGroupIdLevel1  Error:android.database.sqlite.SQLiteException: no such table: assignment (code 1 SQLITE_ERROR): , while compiling: UPDATE assignment SET hook=? WHERE hook = ?
[ 2026-02-12T17:21:05.567     1000:  2656:  2656 I/LSPosed-Bridge  ] Error Renaming Hook ID, Old:TelephonyManager/getImei  NewTelephonyManager.getImei  Error:android.database.sqlite.SQLiteException: no such table: assignment (code 1 SQLITE_ERROR): , while compiling: UPDATE assignment SET hook=? WHERE hook = ?
[ 2026-02-12T17:21:05.567     1000:  2656:  2656 I/LSPosed-Bridge  ] Error Renaming Hook ID, Old:TelephonyManager/getImei/slot  NewTelephonyManager.getImei/slot  Error:android.database.sqlite.SQLiteException: no such table: assignment (code 1 SQLITE_ERROR): , while compiling: UPDATE assignment SET hook=? WHERE hook = ?
[ 2026-02-12T17:21:05.567     1000:  2656:  2656 I/LSPosed-Bridge  ] Error Renaming Hook ID, Old:TelephonyManager/getLine1Number  NewTelephonyManager.getLine1Number  Error:android.database.sqlite.SQLiteException: no such table: assignment (code 1 SQLITE_ERROR): , while compiling: UPDATE assignment SET hook=? WHERE hook = ?
[ 2026-02-12T17:21:05.567     1000:  2656:  2656 I/LSPosed-Bridge  ] Error Renaming Hook ID, Old:TelephonyManager/getMeid  NewTelephonyManager.getMeid  Error:android.database.sqlite.SQLiteException: no such table: assignment (code 1 SQLITE_ERROR): , while compiling: UPDATE assignment SET hook=? WHERE hook = ?
[ 2026-02-12T17:21:05.568     1000:  2656:  2656 I/LSPosed-Bridge  ] Error Renaming Hook ID, Old:TelephonyManager/getMeid/slot  NewTelephonyManager.getMeid/slot  Error:android.database.sqlite.SQLiteException: no such table: assignment (code 1 SQLITE_ERROR): , while compiling: UPDATE assignment SET hook=? WHERE hook = ?
[ 2026-02-12T17:21:05.568     1000:  2656:  2656 I/LSPosed-Bridge  ] Error Renaming Hook ID, Old:TelephonyManager/getNetworkSpecifier  NewTelephonyManager.getNetworkSpecifier  Error:android.database.sqlite.SQLiteException: no such table: assignment (code 1 SQLITE_ERROR): , while compiling: UPDATE assignment SET hook=? WHERE hook = ?
[ 2026-02-12T17:21:05.568     1000:  2656:  2656 I/LSPosed-Bridge  ] Error Renaming Hook ID, Old:TelephonyManager/getSimSerialNumber  NewTelephonyManager.getSimSerialNumber  Error:android.database.sqlite.SQLiteException: no such table: assignment (code 1 SQLITE_ERROR): , while compiling: UPDATE assignment SET hook=? WHERE hook = ?
[ 2026-02-12T17:21:05.568     1000:  2656:  2656 I/LSPosed-Bridge  ] Error Renaming Hook ID, Old:TelephonyManager/getSubscriberId  NewTelephonyManager.getSubscriberId  Error:android.database.sqlite.SQLiteException: no such table: assignment (code 1 SQLITE_ERROR): , while compiling: UPDATE assignment SET hook=? WHERE hook = ?
[ 2026-02-12T17:21:05.568     1000:  2656:  2656 I/LSPosed-Bridge  ] Error Renaming Hook ID, Old:TelephonyManager/getVoiceMailAlphaTag  NewTelephonyManager.getVoiceMailAlphaTag  Error:android.database.sqlite.SQLiteException: no such table: assignment (code 1 SQLITE_ERROR): , while compiling: UPDATE assignment SET hook=? WHERE hook = ?
[ 2026-02-12T17:21:05.568     1000:  2656:  2656 I/LSPosed-Bridge  ] Error Renaming Hook ID, Old:TelephonyManager/getVoiceMailNumber  NewTelephonyManager.getVoiceMailNumber  Error:android.database.sqlite.SQLiteException: no such table: assignment (code 1 SQLITE_ERROR): , while compiling: UPDATE assignment SET hook=? WHERE hook = ?
[ 2026-02-12T17:21:05.568     1000:  2656:  2656 I/LSPosed-Bridge  ] Error Renaming Hook ID, Old:Settings.Secure.getString  NewSettings.Secure.getString/android_id  Error:android.database.sqlite.SQLiteException: no such table: assignment (code 1 SQLITE_ERROR): , while compiling: UPDATE assignment SET hook=? WHERE hook = ?
[ 2026-02-12T17:21:05.568     1000:  2656:  2656 I/LSPosed-Bridge  ] Error Renaming Hook ID, Old:SystemProperties.get  NewSystemProperties.get/serial  Error:android.database.sqlite.SQLiteException: no such table: assignment (code 1 SQLITE_ERROR): , while compiling: UPDATE assignment SET hook=? WHERE hook = ?
[ 2026-02-12T17:21:05.569     1000:  2656:  2656 I/LSPosed-Bridge  ] Error Renaming Hook ID, Old:SystemProperties.get/default  NewSystemProperties.get.default/serial  Error:android.database.sqlite.SQLiteException: no such table: assignment (code 1 SQLITE_ERROR): , while compiling: UPDATE assignment SET hook=? WHERE hook = ?
[ 2026-02-12T17:21:05.569     1000:  2656:  2656 I/LSPosed-Bridge  ] [ı][XLua.XLegacyCore]Initializing Hooks from JSONs, Cache [0::0] Total Count=(0) Cycles=(0) Clear Cache=true Database=Database: /data/misc/xplex-a526e8b3-3ae2-4f8d-8b54-fe972be49b3d/xlua.db
Is Open: true
[ 2026-02-12T17:21:05.570     1000:  2656:  2656 I/LSPosed-Bridge  ] [ı][XLua.XHookJsonUtils]Reading All Apk (/data/app/~~zyuOLPr-3ONZ3s907JZXrQ==/eu.faircode.xlua-ZcJM_D_aeIvVBZFAdpwC8Q==/base.apk) JSON [hooks.json] Scripts from Assets to Serialize as Hooks!
[ 2026-02-12T17:21:07.115        0:  3540:  3540 I/zygiskd64       ] [KSU] Unmounting root
[ 2026-02-12T17:21:07.221        0:  3553:  3553 I/zygiskd32       ] [KSU] Unmounting root
[ 2026-02-12T17:21:08.911     1000:  2656:  2656 I/LSPosed-Bridge  ] XLua.XLua System ready
[ 2026-02-12T17:21:09.134     1000:  2656:  2656 I/LSPosed-Bridge  ] XLua.XLua Loaded com.android.location.fused:1000
[ 2026-02-12T17:21:09.181     1000:  2656:  2656 I/LSPosed-Bridge  ] [DoNotTryAccessibility][W] Already Hooked Member [public long com.android.server.accessibility.AccessibilityManagerService.addClient(android.view.accessibility.IAccessibilityManagerClient,int)], this will be ignored
[ 2026-02-12T17:21:09.199     1000:  2656:  2656 I/LSPosed-Bridge  ] [DoNotTryAccessibility][W] Already Hooked Member [public java.util.List com.android.server.accessibility.AccessibilityManagerService.getEnabledAccessibilityServiceList(int,int)], this will be ignored
[ 2026-02-12T17:21:09.207     1000:  2656:  2656 I/LSPosed-Bridge  ] [DoNotTryAccessibility][W] Already Hooked Member [public android.os.Bundle android.content.ContentProvider$Transport.call(android.content.AttributionSource,java.lang.String,java.lang.String,java.lang.String,android.os.Bundle)], this will be ignored
[ 2026-02-12T17:21:09.778        0:  1143:  3191 I/LSPosedService  ] manager is not installed
[ 2026-02-12T17:21:09.778        0:  1143:  3191 W/libbinder.Binder ] Binder transaction to org.lsposed.lspd.service.ILSPosedService code 1 took 2648ms. Data bytes: 184 Reply bytes: 32 Flags: 18
[ 2026-02-12T17:21:09.779        0:  1143:  1288 I/LSPosedService  ] manager is not installed
[ 2026-02-12T17:21:09.779        0:  1143:  1288 W/libbinder.Binder ] Binder transaction to org.lsposed.lspd.service.ILSPosedService code 1 took 1327ms. Data bytes: 208 Reply bytes: 32 Flags: 18
[ 2026-02-12T17:21:09.780        0:  1143:  1265 I/LSPosedService  ] manager is not installed
[ 2026-02-12T17:21:09.780        0:  1143:  1265 E/libbinder.IPCThreadState ] binder thread pool (15 threads) starved for 567 ms
[ 2026-02-12T17:21:09.780        0:  1143:  5356 I/LSPosedService  ] manager is not installed
[ 2026-02-12T17:21:09.780        0:  1143:  5387 I/LSPosedService  ] manager is not installed
[ 2026-02-12T17:21:09.787        0:  1143:  5413 I/LSPosedService  ] manager is not installed
[ 2026-02-12T17:21:09.788        0:  1143:  5435 I/LSPosedService  ] manager is not installed
[ 2026-02-12T17:21:09.788        0:  1143:  5470 I/LSPosedService  ] manager is not installed
[ 2026-02-12T17:21:09.788        0:  1143:  1291 I/LSPosedService  ] manager is not installed
[ 2026-02-12T17:21:09.788        0:  1143:  1291 W/libbinder.Binder ] Binder transaction to android.app.IUidObserver code 2 took 2525ms. Data bytes: 72 Reply bytes: 0 Flags: 17
[ 2026-02-12T17:21:09.789        0:  1143:  1275 I/LSPosedService  ] manager is not installed
[ 2026-02-12T17:21:09.789        0:  1143:  1275 W/libbinder.Binder ] Binder transaction to org.lsposed.lspd.service.ILSPosedService code 1 took 1050ms. Data bytes: 184 Reply bytes: 32 Flags: 18
[ 2026-02-12T17:21:09.789        0:  1143:  5355 I/LSPosedService  ] manager is not installed
[ 2026-02-12T17:21:09.796        0:  1143:  5411 I/LSPosedService  ] manager is not installed
[ 2026-02-12T17:21:09.797        0:  1143:  5467 I/LSPosedService  ] manager is not installed
[ 2026-02-12T17:21:09.799        0:  1143:  1266 I/LSPosedService  ] manager is not installed
[ 2026-02-12T17:21:09.801        0:  1143:  5433 I/LSPosedService  ] manager is not installed
[ 2026-02-12T17:21:09.802        0:  1143:  5385 I/LSPosedService  ] manager is not installed
[ 2026-02-12T17:21:10.072    10437:  5423:  5423 I/LSPosedContext  ] com.keshav.capturesposed: [CaptureSposed] Hooking System UI to add and reveal quick settings tile.
[ 2026-02-12T17:21:10.125     1001:  5414:  5414 I/LSPosed-Bridge  ] XSmsCode: SmsCode initializing
[ 2026-02-12T17:21:10.125     1001:  5414:  5414 I/LSPosed-Bridge  ] XSmsCode: Phone manufacturer: OnePlus
[ 2026-02-12T17:21:10.125     1001:  5414:  5414 I/LSPosed-Bridge  ] XSmsCode: Phone model: LE2127
[ 2026-02-12T17:21:10.125     1001:  5414:  5414 I/LSPosed-Bridge  ] XSmsCode: Android version: 16
[ 2026-02-12T17:21:10.125     1001:  5414:  5414 I/LSPosed-Bridge  ] XSmsCode: Xposed bridge version: 100
[ 2026-02-12T17:21:10.125     1001:  5414:  5414 I/LSPosed-Bridge  ] XSmsCode: SmsCode version: 2.5.1 (52)
[ 2026-02-12T17:21:10.125     1001:  5414:  5414 I/LSPosed-Bridge  ] XSmsCode: Hooking InboundSmsHandler constructor for android v34+
[ 2026-02-12T17:21:10.128     1001:  5414:  5414 I/LSPosed-Bridge  ] XSmsCode: SmsCode initialize completely
[ 2026-02-12T17:21:13.325        0:  1143:  1261 I/lspd            ] Background young concurrent mark compact GC freed 23MB AllocSpace bytes, 4(492KB) LOS objects, 67% free, 9749KB/29MB, paused 14.390ms,529us total 62.120ms
[ 2026-02-12T17:21:13.557        0:  1143:  1261 W/lspd            ] Suspending all threads took: 6.976ms
[ 2026-02-12T17:21:13.645        0:  1143:  1261 I/lspd            ] Background young concurrent mark compact GC freed 19MB AllocSpace bytes, 151(13MB) LOS objects, 29% free, 20MB/29MB, paused 10.838ms,1.474ms total 230.278ms
[ 2026-02-12T17:21:13.759        0:  1143:  1261 I/lspd            ] Background young concurrent mark compact GC freed 7840KB AllocSpace bytes, 40(2920KB) LOS objects, 24% free, 22MB/29MB, paused 4.513ms,1.134ms total 112.183ms
[ 2026-02-12T17:21:13.907        0:  1143:  1261 W/lspd            ] Suspending all threads took: 8.409ms
[ 2026-02-12T17:21:13.953        0:  1143:  1261 I/lspd            ] Background concurrent mark compact GC freed 18MB AllocSpace bytes, 154(20MB) LOS objects, 75% free, 17MB/71MB, paused 10.417ms,4.469ms total 193.358ms
[ 2026-02-12T17:21:14.213        0:  1143:  1261 I/lspd            ] Background young concurrent mark compact GC freed 20MB AllocSpace bytes, 157(15MB) LOS objects, 61% free, 27MB/71MB, paused 3.912ms,1.305ms total 141.677ms
[ 2026-02-12T17:21:14.496        0:  1143:  1261 I/lspd            ] Background concurrent mark compact GC freed 29MB AllocSpace bytes, 143(21MB) LOS objects, 75% free, 16MB/67MB, paused 2.325ms,17.773ms total 166.684ms
[ 2026-02-12T17:23:54.717     1000:  2656:  3256 I/LSPosed-Bridge  ] [HMA-OSS] [ INFO] 02-12 17:23:54 (PmsHookTarget34) @shouldFilterApplication: query from com.google.android.inputmethod.latin
[ 2026-02-12T17:23:55.646        0:  8095:  8095 I/zygiskd64       ] Welcome to ReZygisk v1.0.0 Zygiskd64!
[ 2026-02-12T17:23:55.651        0:  8095:  8095 I/zygiskd-companion64 ] New companion entry.
 - Client fd: 16
[ 2026-02-12T17:23:55.651        0:  8095:  8095 I/zygiskd-companion64 ]  - Module name: "playintegrityfix"
[ 2026-02-12T17:23:55.651        0:  8095:  8095 I/zygiskd-companion64 ]  - Library fd: 6
[ 2026-02-12T17:23:55.652        0:  8095:  8095 I/zygiskd-companion64 ]  - Module entry found
[ 2026-02-12T17:23:55.652        0:  1377:  1377 I/zygiskd64       ]  - Spawned companion for "playintegrityfix": 13
[ 2026-02-12T17:23:55.652        0:  1377:  1377 I/zygiskd64       ]  - Sending companion fd socket of module "playintegrityfix"
[ 2026-02-12T17:23:55.652        0:  8095:  8095 I/zygiskd-companion64 ] New companion request.
 - Module name: playintegrityfix
 - Client fd: 6
[ 2026-02-12T17:23:55.664        0:  8095:  8103 I/zygiskd-companion64 ]  - Client fd changed after module entry
[ 2026-02-12T17:23:56.263     1000:  2656:  3256 I/LSPosed-Bridge  ] [HMA-OSS] [ INFO] 02-12 17:23:56 (PmsHookTarget34) @shouldFilterApplication: query from com.google.android.as
[ 2026-02-12T17:23:56.277     1000:  2656:  3256 I/LSPosed-Bridge  ] [HMA-OSS] [ INFO] 02-12 17:23:56 (PmsHookTarget34) @shouldFilterApplication: query from com.google.android.gms
[ 2026-02-12T17:23:56.283     1000:  2656:  3256 I/LSPosed-Bridge  ] [HMA-OSS] [ INFO] 02-12 17:23:56 (PmsHookTarget34) @shouldFilterApplication: query from com.google.android.as
[ 2026-02-12T17:23:56.285     1000:  2656:  3256 I/LSPosed-Bridge  ] [HMA-OSS] [ INFO] 02-12 17:23:56 (PmsHookTarget34) @shouldFilterApplication: query from com.google.android.gms
[ 2026-02-12T17:23:56.288     1000:  2656:  3256 I/LSPosed-Bridge  ] [HMA-OSS] [ INFO] 02-12 17:23:56 (PmsHookTarget34) @shouldFilterApplication: query from com.google.android.as
[ 2026-02-12T17:23:56.290     1000:  2656:  3256 I/LSPosed-Bridge  ] [HMA-OSS] [ INFO] 02-12 17:23:56 (PmsHookTarget34) @shouldFilterApplication: query from com.google.android.gms
[ 2026-02-12T17:23:56.296     1000:  2656:  3256 I/LSPosed-Bridge  ] [HMA-OSS] [ INFO] 02-12 17:23:56 (PmsHookTarget34) @shouldFilterApplication: query from com.google.android.as
[ 2026-02-12T17:23:56.302     1000:  2656:  3256 I/LSPosed-Bridge  ] [HMA-OSS] [ INFO] 02-12 17:23:56 (PmsHookTarget34) @shouldFilterApplication: query from com.google.android.gms
[ 2026-02-12T17:23:56.307     1000:  2656:  3256 I/LSPosed-Bridge  ] [HMA-OSS] [ INFO] 02-12 17:23:56 (PmsHookTarget34) @shouldFilterApplication: query from com.google.android.as
[ 2026-02-12T17:23:56.310     1000:  2656:  3256 I/LSPosed-Bridge  ] [HMA-OSS] [ INFO] 02-12 17:23:56 (PmsHookTarget34) @shouldFilterApplication: query from com.google.android.gms
[ 2026-02-12T17:23:56.329     1000:  2656:  3256 I/LSPosed-Bridge  ] [HMA-OSS] [ INFO] 02-12 17:23:56 (PmsHookTarget34) @shouldFilterApplication: query from com.google.android.as
[ 2026-02-12T17:23:56.332     1000:  2656:  3256 I/LSPosed-Bridge  ] [HMA-OSS] [ INFO] 02-12 17:23:56 (PmsHookTarget34) @shouldFilterApplication: query from com.google.android.gms
[ 2026-02-12T17:23:56.339     1000:  2656:  3256 I/LSPosed-Bridge  ] [HMA-OSS] [ INFO] 02-12 17:23:56 (PmsHookTarget34) @shouldFilterApplication: query from com.google.android.as
[ 2026-02-12T17:23:56.342     1000:  2656:  3256 I/LSPosed-Bridge  ] [HMA-OSS] [ INFO] 02-12 17:23:56 (PmsHookTarget34) @shouldFilterApplication: query from com.google.android.gms
[ 2026-02-12T17:23:56.342     1000:  2656:  3256 I/LSPosed-Bridge  ] [HMA-OSS] [ INFO] 02-12 17:23:56 (PmsHookTarget34) @shouldFilterApplication: query from com.google.android.as
[ 2026-02-12T17:23:56.344     1000:  2656:  3256 I/LSPosed-Bridge  ] [HMA-OSS] [ INFO] 02-12 17:23:56 (PmsHookTarget34) @shouldFilterApplication: query from com.google.android.gms
[ 2026-02-12T17:23:56.346     1000:  2656:  3256 I/LSPosed-Bridge  ] [HMA-OSS] [ INFO] 02-12 17:23:56 (PmsHookTarget34) @shouldFilterApplication: query from com.google.android.as
[ 2026-02-12T17:23:56.357     1000:  2656:  3256 I/LSPosed-Bridge  ] [HMA-OSS] [ INFO] 02-12 17:23:56 (PmsHookTarget34) @shouldFilterApplication: query from com.google.android.gms
[ 2026-02-12T17:23:56.361     1000:  2656:  3256 I/LSPosed-Bridge  ] [HMA-OSS] [ INFO] 02-12 17:23:56 (PmsHookTarget34) @shouldFilterApplication: query from com.google.android.as
[ 2026-02-12T17:23:56.362     1000:  2656:  3256 I/LSPosed-Bridge  ] [HMA-OSS] [ INFO] 02-12 17:23:56 (PmsHookTarget34) @shouldFilterApplication: query from com.google.android.as
[ 2026-02-12T17:23:56.363     1000:  2656:  3256 I/LSPosed-Bridge  ] [HMA-OSS] [ INFO] 02-12 17:23:56 (PmsHookTarget34) @shouldFilterApplication: query from com.google.android.gms
[ 2026-02-12T17:23:56.364     1000:  2656:  3256 I/LSPosed-Bridge  ] [HMA-OSS] [ INFO] 02-12 17:23:56 (PmsHookTarget34) @shouldFilterApplication: query from com.google.android.gms
[ 2026-02-12T17:23:56.368     1000:  2656:  3256 I/LSPosed-Bridge  ] [HMA-OSS] [ INFO] 02-12 17:23:56 (PmsHookTarget34) @shouldFilterApplication: query from com.google.android.as
[ 2026-02-12T17:23:56.407     1000:  2656:  3256 I/LSPosed-Bridge  ] [HMA-OSS] [ INFO] 02-12 17:23:56 (PmsHookTarget34) @shouldFilterApplication: query from com.google.android.as
[ 2026-02-12T17:23:56.407     1000:  2656:  3256 I/LSPosed-Bridge  ] [HMA-OSS] [ INFO] 02-12 17:23:56 (PmsHookTarget34) @shouldFilterApplication: query from com.google.android.gms
[ 2026-02-12T17:23:56.407     1000:  2656:  3256 I/LSPosed-Bridge  ] [HMA-OSS] [ INFO] 02-12 17:23:56 (PmsHookTarget34) @shouldFilterApplication: query from com.google.android.gms
[ 2026-02-12T17:23:56.410     1000:  2656:  3256 I/LSPosed-Bridge  ] [HMA-OSS] [ INFO] 02-12 17:23:56 (PmsHookTarget34) @shouldFilterApplication: query from com.google.android.as
[ 2026-02-12T17:23:56.414     1000:  2656:  3256 I/LSPosed-Bridge  ] [HMA-OSS] [ INFO] 02-12 17:23:56 (PmsHookTarget34) @shouldFilterApplication: query from com.google.android.gms
[ 2026-02-12T17:23:56.419     1000:  2656:  3256 I/LSPosed-Bridge  ] [HMA-OSS] [ INFO] 02-12 17:23:56 (PmsHookTarget34) @shouldFilterApplication: query from com.google.android.as
[ 2026-02-12T17:23:56.425     1000:  2656:  3256 I/LSPosed-Bridge  ] [HMA-OSS] [ INFO] 02-12 17:23:56 (PmsHookTarget34) @shouldFilterApplication: query from com.google.android.as
[ 2026-02-12T17:23:56.425     1000:  2656:  3256 I/LSPosed-Bridge  ] [HMA-OSS] [ INFO] 02-12 17:23:56 (PmsHookTarget34) @shouldFilterApplication: query from com.google.android.gms
[ 2026-02-12T17:23:56.445     1000:  2656:  3256 I/LSPosed-Bridge  ] [HMA-OSS] [ INFO] 02-12 17:23:56 (PmsHookTarget34) @shouldFilterApplication: query from com.google.android.as
[ 2026-02-12T17:23:56.445     1000:  2656:  3256 I/LSPosed-Bridge  ] [HMA-OSS] [ INFO] 02-12 17:23:56 (PmsHookTarget34) @shouldFilterApplication: query from com.google.android.gms
[ 2026-02-12T17:23:56.449     1000:  2656:  3256 I/LSPosed-Bridge  ] [HMA-OSS] [ INFO] 02-12 17:23:56 (PmsHookTarget34) @shouldFilterApplication: query from com.google.android.gms
[ 2026-02-12T17:23:56.450     1000:  2656:  3256 I/LSPosed-Bridge  ] [HMA-OSS] [ INFO] 02-12 17:23:56 (PmsHookTarget34) @shouldFilterApplication: query from com.google.android.as
[ 2026-02-12T17:23:56.466     1000:  2656:  3256 I/LSPosed-Bridge  ] [HMA-OSS] [ INFO] 02-12 17:23:56 (PmsHookTarget34) @shouldFilterApplication: query from com.google.android.gms
[ 2026-02-12T17:23:56.470     1000:  2656:  3256 I/LSPosed-Bridge  ] [HMA-OSS] [ INFO] 02-12 17:23:56 (PmsHookTarget34) @shouldFilterApplication: query from com.google.android.as
[ 2026-02-12T17:23:56.475     1000:  2656:  3256 I/LSPosed-Bridge  ] [HMA-OSS] [ INFO] 02-12 17:23:56 (PmsHookTarget34) @shouldFilterApplication: query from com.google.android.gms
[ 2026-02-12T17:23:56.475     1000:  2656:  3256 I/LSPosed-Bridge  ] [HMA-OSS] [ INFO] 02-12 17:23:56 (PmsHookTarget34) @shouldFilterApplication: query from com.google.android.as
[ 2026-02-12T17:23:56.489     1000:  2656:  3256 I/LSPosed-Bridge  ] [HMA-OSS] [ INFO] 02-12 17:23:56 (PmsHookTarget34) @shouldFilterApplication: query from com.google.android.gms
[ 2026-02-12T17:23:56.510     1000:  2656:  3256 I/LSPosed-Bridge  ] [HMA-OSS] [ INFO] 02-12 17:23:56 (PmsHookTarget34) @shouldFilterApplication: query from com.google.android.as
[ 2026-02-12T17:23:56.529     1000:  2656:  3256 I/LSPosed-Bridge  ] [HMA-OSS] [ INFO] 02-12 17:23:56 (PmsHookTarget34) @shouldFilterApplication: query from com.google.android.gms
[ 2026-02-12T17:23:56.535     1000:  2656:  3256 I/LSPosed-Bridge  ] [HMA-OSS] [ INFO] 02-12 17:23:56 (PmsHookTarget34) @shouldFilterApplication: query from com.google.android.as
[ 2026-02-12T17:23:56.541     1000:  2656:  3256 I/LSPosed-Bridge  ] [HMA-OSS] [ INFO] 02-12 17:23:56 (PmsHookTarget34) @shouldFilterApplication: query from com.google.android.gms
[ 2026-02-12T17:23:56.542     1000:  2656:  3256 I/LSPosed-Bridge  ] [HMA-OSS] [ INFO] 02-12 17:23:56 (PmsHookTarget34) @shouldFilterApplication: query from com.google.android.as
[ 2026-02-12T17:23:56.544     1000:  2656:  3256 I/LSPosed-Bridge  ] [HMA-OSS] [ INFO] 02-12 17:23:56 (PmsHookTarget34) @shouldFilterApplication: query from com.google.android.gms
[ 2026-02-12T17:23:56.548     1000:  2656:  3256 I/LSPosed-Bridge  ] [HMA-OSS] [ INFO] 02-12 17:23:56 (PmsHookTarget34) @shouldFilterApplication: query from com.google.android.as
[ 2026-02-12T17:23:56.586     1000:  2656:  3256 I/LSPosed-Bridge  ] [HMA-OSS] [ INFO] 02-12 17:23:56 (PmsHookTarget34) @shouldFilterApplication: query from com.google.android.gms
[ 2026-02-12T17:23:56.590     1000:  2656:  3256 I/LSPosed-Bridge  ] [HMA-OSS] [ INFO] 02-12 17:23:56 (PmsHookTarget34) @shouldFilterApplication: query from com.google.android.as
[ 2026-02-12T17:23:56.596     1000:  2656:  3256 I/LSPosed-Bridge  ] [HMA-OSS] [ INFO] 02-12 17:23:56 (PmsHookTarget34) @shouldFilterApplication: query from com.google.android.gms
[ 2026-02-12T17:23:56.603     1000:  2656:  3256 I/LSPosed-Bridge  ] [HMA-OSS] [ INFO] 02-12 17:23:56 (PmsHookTarget34) @shouldFilterApplication: query from com.google.android.as
[ 2026-02-12T17:23:56.616     1000:  2656:  3256 I/LSPosed-Bridge  ] [HMA-OSS] [ INFO] 02-12 17:23:56 (PmsHookTarget34) @shouldFilterApplication: query from com.google.android.gms
[ 2026-02-12T17:23:56.618     1000:  2656:  3256 I/LSPosed-Bridge  ] [HMA-OSS] [ INFO] 02-12 17:23:56 (PmsHookTarget34) @shouldFilterApplication: query from com.google.android.as
[ 2026-02-12T17:23:56.629     1000:  2656:  3256 I/LSPosed-Bridge  ] [HMA-OSS] [ INFO] 02-12 17:23:56 (PmsHookTarget34) @shouldFilterApplication: query from com.google.android.gms
[ 2026-02-12T17:23:56.635     1000:  2656:  3256 I/LSPosed-Bridge  ] [HMA-OSS] [ INFO] 02-12 17:23:56 (PmsHookTarget34) @shouldFilterApplication: query from com.google.android.as
[ 2026-02-12T17:23:56.643     1000:  2656:  3256 I/LSPosed-Bridge  ] [HMA-OSS] [ INFO] 02-12 17:23:56 (PmsHookTarget34) @shouldFilterApplication: query from com.google.android.gms
[ 2026-02-12T17:23:56.643     1000:  2656:  3256 I/LSPosed-Bridge  ] [HMA-OSS] [ INFO] 02-12 17:23:56 (PmsHookTarget34) @shouldFilterApplication: query from com.google.android.as
[ 2026-02-12T17:23:56.648     1000:  2656:  3256 I/LSPosed-Bridge  ] [HMA-OSS] [ INFO] 02-12 17:23:56 (PmsHookTarget34) @shouldFilterApplication: query from com.google.android.gms
[ 2026-02-12T17:23:56.698     1000:  2656:  3256 I/LSPosed-Bridge  ] [HMA-OSS] [ INFO] 02-12 17:23:56 (PmsHookTarget34) @shouldFilterApplication: query from com.google.android.as
[ 2026-02-12T17:23:56.703     1000:  2656:  3256 I/LSPosed-Bridge  ] [HMA-OSS] [ INFO] 02-12 17:23:56 (PmsHookTarget34) @shouldFilterApplication: query from com.google.android.gms
[ 2026-02-12T17:23:56.732     1000:  2656:  3256 I/LSPosed-Bridge  ] [HMA-OSS] [ INFO] 02-12 17:23:56 (PmsHookTarget34) @shouldFilterApplication: query from com.google.android.as
[ 2026-02-12T17:23:56.734     1000:  2656:  3256 I/LSPosed-Bridge  ] [HMA-OSS] [ INFO] 02-12 17:23:56 (PmsHookTarget34) @shouldFilterApplication: query from com.google.android.gms
[ 2026-02-12T17:23:56.747     1000:  2656:  3256 I/LSPosed-Bridge  ] [HMA-OSS] [ INFO] 02-12 17:23:56 (PmsHookTarget34) @shouldFilterApplication: query from com.google.android.as
[ 2026-02-12T17:23:56.748     1000:  2656:  3256 I/LSPosed-Bridge  ] [HMA-OSS] [ INFO] 02-12 17:23:56 (PmsHookTarget34) @shouldFilterApplication: query from com.google.android.gms
[ 2026-02-12T17:23:56.762     1000:  2656:  3256 I/LSPosed-Bridge  ] [HMA-OSS] [ INFO] 02-12 17:23:56 (PmsHookTarget34) @shouldFilterApplication: query from com.google.android.as
[ 2026-02-12T17:23:56.762     1000:  2656:  3256 I/LSPosed-Bridge  ] [HMA-OSS] [ INFO] 02-12 17:23:56 (PmsHookTarget34) @shouldFilterApplication: query from com.google.android.gms
[ 2026-02-12T17:23:56.762     1000:  2656:  3256 I/LSPosed-Bridge  ] [HMA-OSS] [ INFO] 02-12 17:23:56 (PmsHookTarget34) @shouldFilterApplication: query from com.google.android.as
[ 2026-02-12T17:23:56.763     1000:  2656:  3256 I/LSPosed-Bridge  ] [HMA-OSS] [ INFO] 02-12 17:23:56 (PmsHookTarget34) @shouldFilterApplication: query from com.google.android.gms
[ 2026-02-12T17:23:56.774     1000:  2656:  3256 I/LSPosed-Bridge  ] [HMA-OSS] [ INFO] 02-12 17:23:56 (PmsHookTarget34) @shouldFilterApplication: query from com.google.android.as
[ 2026-02-12T17:23:56.781     1000:  2656:  3256 I/LSPosed-Bridge  ] [HMA-OSS] [ INFO] 02-12 17:23:56 (PmsHookTarget34) @shouldFilterApplication: query from com.google.android.gms
[ 2026-02-12T17:23:56.783     1000:  2656:  3256 I/LSPosed-Bridge  ] [HMA-OSS] [ INFO] 02-12 17:23:56 (PmsHookTarget34) @shouldFilterApplication: query from com.google.android.gms
[ 2026-02-12T17:23:56.783     1000:  2656:  3256 I/LSPosed-Bridge  ] [HMA-OSS] [ INFO] 02-12 17:23:56 (PmsHookTarget34) @shouldFilterApplication: query from com.google.android.as
[ 2026-02-12T17:23:56.786     1000:  2656:  3256 I/LSPosed-Bridge  ] [HMA-OSS] [ INFO] 02-12 17:23:56 (PmsHookTarget34) @shouldFilterApplication: query from com.google.android.as
[ 2026-02-12T17:23:56.789     1000:  2656:  3256 I/LSPosed-Bridge  ] [HMA-OSS] [ INFO] 02-12 17:23:56 (PmsHookTarget34) @shouldFilterApplication: query from com.google.android.gms
[ 2026-02-12T17:23:56.794     1000:  2656:  3256 I/LSPosed-Bridge  ] [HMA-OSS] [ INFO] 02-12 17:23:56 (PmsHookTarget34) @shouldFilterApplication: query from com.google.android.as
[ 2026-02-12T17:23:59.477        0:  1377:  1377 I/zygiskd64       ]  - Sending companion fd socket of module "playintegrityfix"
[ 2026-02-12T17:23:59.477        0:  8095:  8095 I/zygiskd-companion64 ] New companion request.
 - Module name: playintegrityfix
 - Client fd: 6
[ 2026-02-12T17:23:59.479        0:  8095:  9415 I/zygiskd-companion64 ]  - Client fd changed after module entry
[ 2026-02-12T17:24:01.563     1000:  2656:  3256 I/LSPosed-Bridge  ] [HMA-OSS] [ INFO] 02-12 17:24:01 (PmsHookTarget34) @shouldFilterApplication: query from com.google.android.googlequicksearchbox
[ 2026-02-12T17:24:01.975     1000:  2656:  3256 I/LSPosed-Bridge  ] [HMA-OSS] [ INFO] 02-12 17:24:01 (PmsHookTarget34) @shouldFilterApplication: query from com.android.vending
[ 2026-02-12T17:24:02.280     1000:  2656:  3256 I/LSPosed-Bridge  ] [HMA-OSS] [ INFO] 02-12 17:24:02 (PmsHookTarget34) @shouldFilterApplication: query from com.google.android.as
[ 2026-02-12T17:24:04.766     1000:  2656:  3256 I/LSPosed-Bridge  ] [HMA-OSS] [ INFO] 02-12 17:24:04 (PmsHookTarget34) @shouldFilterApplication: query from com.google.android.apps.photos
[ 2026-02-12T17:24:06.384     1000:  2656:  3256 I/LSPosed-Bridge  ] [HMA-OSS] [ INFO] 02-12 17:24:06 (PmsHookTarget34) @shouldFilterApplication: query from com.google.android.gms
[ 2026-02-12T17:24:11.597     1000:  2656:  3256 I/LSPosed-Bridge  ] [HMA-OSS] [ INFO] 02-12 17:24:11 (PmsHookTarget34) @shouldFilterApplication: query from com.google.android.apps.wellbeing
[ 2026-02-12T17:24:13.039        0:  1377:  1377 I/zygiskd64       ]  - Sending companion fd socket of module "playintegrityfix"
[ 2026-02-12T17:24:13.039        0:  8095:  8095 I/zygiskd-companion64 ] New companion request.
 - Module name: playintegrityfix
 - Client fd: 6
[ 2026-02-12T17:24:13.046        0:  8095: 11738 I/zygiskd-companion64 ]  - Client fd changed after module entry
[ 2026-02-12T17:24:14.481        0:  1377:  1377 I/zygiskd64       ]  - Sending companion fd socket of module "playintegrityfix"
[ 2026-02-12T17:24:14.481        0:  8095:  8095 I/zygiskd-companion64 ] New companion request.
 - Module name: playintegrityfix
 - Client fd: 6
[ 2026-02-12T17:24:14.565        0:  8095: 11861 I/zygiskd-companion64 ]  - Client fd changed after module entry
[ 2026-02-12T17:24:15.436     1000:  2656:  3256 I/LSPosed-Bridge  ] [HMA-OSS] [ INFO] 02-12 17:24:15 (PmsHookTarget34) @shouldFilterApplication: query from com.android.vending
[ 2026-02-12T17:24:16.087     1000:  2656:  3256 I/LSPosed-Bridge  ] [HMA-OSS] [ INFO] 02-12 17:24:16 (PmsHookTarget34) @shouldFilterApplication: query from com.google.android.apps.wellbeing
[ 2026-02-12T17:24:34.638     1000:  2656:  3256 I/LSPosed-Bridge  ] [HMA-OSS] [ INFO] 02-12 17:24:34 (PmsHookTarget34) @shouldFilterApplication: query from com.garanti.cepsubesi
[ 2026-02-12T17:24:42.856     1000:  2656:  3256 I/LSPosed-Bridge  ] [HMA-OSS] [ INFO] 02-12 17:24:42 (PmsHookTarget34) @shouldFilterApplication: query from com.google.android.apps.docs
[ 2026-02-12T17:24:43.113     1000:  2656:  3256 I/LSPosed-Bridge  ] [HMA-OSS] [ INFO] 02-12 17:24:43 (PmsHookTarget34) @shouldFilterApplication: query from com.google.android.apps.chromecast.app
[ 2026-02-12T17:24:54.148     1000:  2656:  3256 I/LSPosed-Bridge  ] [HMA-OSS] [ INFO] 02-12 17:24:54 (PmsHookTarget34) @shouldFilterApplication: query from com.amazon.avod.thirdpartyclient
[ 2026-02-12T17:25:04.670     1000:  2656:  3256 I/LSPosed-Bridge  ] [HMA-OSS] [ INFO] 02-12 17:25:04 (PmsHookTarget34) @shouldFilterApplication: query from com.google.android.gm
[ 2026-02-12T17:25:07.087    10500: 15522: 15522 E/LSPosed-Bridge  ] s0.d: Depended hook  failed.
	at s0.q.a(r8-map-id-24bfe6f5291ccc122a087e69cfd0ef965c57d5b189a3392a10a824e491734b78:69)
	at h1.a.h(r8-map-id-24bfe6f5291ccc122a087e69cfd0ef965c57d5b189a3392a10a824e491734b78:291)
	at s0.q.b(r8-map-id-24bfe6f5291ccc122a087e69cfd0ef965c57d5b189a3392a10a824e491734b78:35)
	at a3.a.h(r8-map-id-24bfe6f5291ccc122a087e69cfd0ef965c57d5b189a3392a10a824e491734b78:274)
	at a3.d0.beforeHookedMethod(r8-map-id-24bfe6f5291ccc122a087e69cfd0ef965c57d5b189a3392a10a824e491734b78:32)
	at wJUF.MG.bUOsL.Ow.FfYsA.XC_MethodHook.callBeforeHookedMethod(r8-map-id-1b503ce2d1eb437266e175dc68a023819023d9852a09899d29d782d634f0016f:1)
	at j0.callback(r8-map-id-1b503ce2d1eb437266e175dc68a023819023d9852a09899d29d782d634f0016f:156)
	at LSPHooker_.onCreate(LSP)
	at android.app.Instrumentation.callApplicationOnCreate(Instrumentation.java:1400)
	at android.app.ActivityThread.handleBindApplication(ActivityThread.java:8145)
	at android.app.ActivityThread.-$$Nest$mhandleBindApplication(Unknown Source:0)
	at android.app.ActivityThread$H.handleMessage(ActivityThread.java:2691)
	at android.os.Handler.dispatchMessage(Handler.java:132)
	at android.os.Looper.dispatchMessage(Looper.java:333)
	at android.os.Looper.loopOnce(Looper.java:263)
	at android.os.Looper.loop(Looper.java:367)
	at android.app.ActivityThread.main(ActivityThread.java:9298)
	at java.lang.reflect.Method.invoke(Native Method)
	at com.android.internal.os.RuntimeInit$MethodAndArgsCaller.run(RuntimeInit.java:569)
	at com.android.internal.os.ZygoteInit.main(ZygoteInit.java:929)
Caused by: java.lang.NullPointerException: Attempt to invoke virtual method 'java.lang.Class java.lang.Object.getClass()' on a null object reference
	at s0.q.h(r8-map-id-24bfe6f5291ccc122a087e69cfd0ef965c57d5b189a3392a10a824e491734b78:24)
	at h1.a.d(r8-map-id-24bfe6f5291ccc122a087e69cfd0ef965c57d5b189a3392a10a824e491734b78:7)
	at h1.a.h(r8-map-id-24bfe6f5291ccc122a087e69cfd0ef965c57d5b189a3392a10a824e491734b78:22)
	at s0.q.a(r8-map-id-24bfe6f5291ccc122a087e69cfd0ef965c57d5b189a3392a10a824e491734b78:17)
	... 19 more
[ 2026-02-12T17:25:07.099    10500: 15522: 15522 E/LSPosed-Bridge  ] s0.d: Depended hook  failed.
	at s0.q.a(r8-map-id-24bfe6f5291ccc122a087e69cfd0ef965c57d5b189a3392a10a824e491734b78:69)
	at h1.a.h(r8-map-id-24bfe6f5291ccc122a087e69cfd0ef965c57d5b189a3392a10a824e491734b78:116)
	at s0.q.b(r8-map-id-24bfe6f5291ccc122a087e69cfd0ef965c57d5b189a3392a10a824e491734b78:35)
	at a3.a.h(r8-map-id-24bfe6f5291ccc122a087e69cfd0ef965c57d5b189a3392a10a824e491734b78:274)
	at a3.d0.beforeHookedMethod(r8-map-id-24bfe6f5291ccc122a087e69cfd0ef965c57d5b189a3392a10a824e491734b78:32)
	at wJUF.MG.bUOsL.Ow.FfYsA.XC_MethodHook.callBeforeHookedMethod(r8-map-id-1b503ce2d1eb437266e175dc68a023819023d9852a09899d29d782d634f0016f:1)
	at j0.callback(r8-map-id-1b503ce2d1eb437266e175dc68a023819023d9852a09899d29d782d634f0016f:156)
	at LSPHooker_.onCreate(LSP)
	at android.app.Instrumentation.callApplicationOnCreate(Instrumentation.java:1400)
	at android.app.ActivityThread.handleBindApplication(ActivityThread.java:8145)
	at android.app.ActivityThread.-$$Nest$mhandleBindApplication(Unknown Source:0)
	at android.app.ActivityThread$H.handleMessage(ActivityThread.java:2691)
	at android.os.Handler.dispatchMessage(Handler.java:132)
	at android.os.Looper.dispatchMessage(Looper.java:333)
	at android.os.Looper.loopOnce(Looper.java:263)
	at android.os.Looper.loop(Looper.java:367)
	at android.app.ActivityThread.main(ActivityThread.java:9298)
	at java.lang.reflect.Method.invoke(Native Method)
	at com.android.internal.os.RuntimeInit$MethodAndArgsCaller.run(RuntimeInit.java:569)
	at com.android.internal.os.ZygoteInit.main(ZygoteInit.java:929)
Caused by: java.lang.NullPointerException: Attempt to invoke virtual method 'java.lang.Class java.lang.Object.getClass()' on a null object reference
	at s0.q.h(r8-map-id-24bfe6f5291ccc122a087e69cfd0ef965c57d5b189a3392a10a824e491734b78:24)
	at h1.a.d(r8-map-id-24bfe6f5291ccc122a087e69cfd0ef965c57d5b189a3392a10a824e491734b78:7)
	at h1.a.h(r8-map-id-24bfe6f5291ccc122a087e69cfd0ef965c57d5b189a3392a10a824e491734b78:22)
	at s0.q.a(r8-map-id-24bfe6f5291ccc122a087e69cfd0ef965c57d5b189a3392a10a824e491734b78:17)
	... 19 more
[ 2026-02-12T17:25:07.166    10500: 15522: 15522 I/LSPosed-Bridge  ] com.google.android.youtube version: 21.07.240 (1561055536)
[ 2026-02-12T17:25:09.539     1000:  2656:  3256 I/LSPosed-Bridge  ] [HMA-OSS] [ INFO] 02-12 17:25:09 (PmsHookTarget34) @shouldFilterApplication: query from com.instagram.android
[ 2026-02-12T17:25:11.264     1000:  2656:  3256 I/LSPosed-Bridge  ] [HMA-OSS] [ INFO] 02-12 17:25:11 (PmsHookTarget34) @shouldFilterApplication: query from com.looker.droidify
[ 2026-02-12T17:25:11.614     1000:  2656:  3256 I/LSPosed-Bridge  ] [HMA-OSS] [ INFO] 02-12 17:25:11 (PmsHookTarget34) @shouldFilterApplication: query from com.ingbanktr.ingmobil
[ 2026-02-12T17:25:14.729     1000:  2656:  3256 I/LSPosed-Bridge  ] [HMA-OSS] [ INFO] 02-12 17:25:14 (PmsHookTarget34) @shouldFilterApplication: query from com.google.android.inputmethod.latin
[ 2026-02-12T17:25:18.692     1000:  2656:  3256 I/LSPosed-Bridge  ] [HMA-OSS] [ INFO] 02-12 17:25:18 (PmsHookTarget34) @shouldFilterApplication: query from com.roborock.smart
[ 2026-02-12T17:25:21.453    10482: 16469: 16469 E/AndroidRuntime  ] FATAL EXCEPTION: main
Process: com.rifsxd.ksunext, PID: 16469
java.io.FileNotFoundException: Cannot open fifo
	at q8.g.a(r8-map-id-5acfb2c52941f8e819fadc6d60fb38fb61a1a3652891213de3df77dd21554ab7:114)
	at r8.a.a(r8-map-id-5acfb2c52941f8e819fadc6d60fb38fb61a1a3652891213de3df77dd21554ab7:1)
	at l4.k.M(r8-map-id-5acfb2c52941f8e819fadc6d60fb38fb61a1a3652891213de3df77dd21554ab7:130)
	at g2.v0.k(r8-map-id-5acfb2c52941f8e819fadc6d60fb38fb61a1a3652891213de3df77dd21554ab7:205)
	at j9.a.l(r8-map-id-5acfb2c52941f8e819fadc6d60fb38fb61a1a3652891213de3df77dd21554ab7:9)
	at ba.g0.run(r8-map-id-5acfb2c52941f8e819fadc6d60fb38fb61a1a3652891213de3df77dd21554ab7:115)
	at a4.a.run(r8-map-id-5acfb2c52941f8e819fadc6d60fb38fb61a1a3652891213de3df77dd21554ab7:136)
	at ia.j.run(r8-map-id-5acfb2c52941f8e819fadc6d60fb38fb61a1a3652891213de3df77dd21554ab7:3)
	at ia.a.run(r8-map-id-5acfb2c52941f8e819fadc6d60fb38fb61a1a3652891213de3df77dd21554ab7:88)
	Suppressed: ga.e: [g2.e2@165e8a3, u0.e@657e7a0, b0{Cancelling}@1c08f59, y0@280571e]
Caused by: java.util.concurrent.TimeoutException
	at java.util.concurrent.FutureTask.get(FutureTask.java:204)
	at q8.g.a(r8-map-id-5acfb2c52941f8e819fadc6d60fb38fb61a1a3652891213de3df77dd21554ab7:76)
	... 8 more
[ 2026-02-12T17:25:31.981    10482: 17249: 17507 I/KernelSU        ] Module runAction result: q8.k@f33e9ad
[ 2026-02-12T17:25:32.812     2000: 17907: 17907 I/LSPosed         ] Loaded manager, skipping next steps
[ 2026-02-12T17:25:34.188        0:  1143:  5385 W/libbinder.Binder ] Binder transaction to org.lsposed.lspd.ILSPManagerService code 3 took 1099ms. Data bytes: 96 Reply bytes: 67656 Flags: 18
[ 2026-02-12T17:25:39.283     1000:  2656:  3256 I/LSPosed-Bridge  ] [HMA-OSS] [ INFO] 02-12 17:25:39 (PmsHookTarget34) @shouldFilterApplication: query from com.facebook.katana
[ 2026-02-12T17:25:39.767     1000:  2656:  3256 I/LSPosed-Bridge  ] [HMA-OSS] [ INFO] 02-12 17:25:39 (PmsHookTarget34) @shouldFilterApplication: query from com.facebook.orca
[ 2026-02-12T17:25:40.061     1000:  2656:  3256 I/LSPosed-Bridge  ] [HMA-OSS] [ INFO] 02-12 17:25:40 (PmsHookTarget34) @shouldFilterApplication: query from com.facebook.pages.app
[ 2026-02-12T17:26:04.029    10500: 15522: 15960 E/LSPosed-Bridge  ] java.lang.NullPointerException: Attempt to invoke virtual method 'java.lang.Class java.lang.Object.getClass()' on a null object reference
	at m2.k.h(r8-map-id-24bfe6f5291ccc122a087e69cfd0ef965c57d5b189a3392a10a824e491734b78:435)
	at s0.g.beforeHookedMethod(r8-map-id-24bfe6f5291ccc122a087e69cfd0ef965c57d5b189a3392a10a824e491734b78:50)
	at wJUF.MG.bUOsL.Ow.FfYsA.XC_MethodHook.callBeforeHookedMethod(r8-map-id-1b503ce2d1eb437266e175dc68a023819023d9852a09899d29d782d634f0016f:1)
	at j0.callback(r8-map-id-1b503ce2d1eb437266e175dc68a023819023d9852a09899d29d782d634f0016f:156)
	at LSPHooker_.onFailed(LSP)
	at asrk.onFailed(PG:12)
	at bpey.onFailed(PG:3)
	at bmpx.run(PG:308)
	at auan.execute(PG:1)
	at org.chromium.net.impl.CronetUrlRequest.onNativeAdapterDestroyed(PG:76)
[ 2026-02-12T17:26:04.140    10500: 15522: 15960 E/LSPosed-Bridge  ] java.lang.NullPointerException: Attempt to invoke virtual method 'java.lang.Class java.lang.Object.getClass()' on a null object reference
	at m2.k.h(r8-map-id-24bfe6f5291ccc122a087e69cfd0ef965c57d5b189a3392a10a824e491734b78:435)
	at s0.g.beforeHookedMethod(r8-map-id-24bfe6f5291ccc122a087e69cfd0ef965c57d5b189a3392a10a824e491734b78:50)
	at wJUF.MG.bUOsL.Ow.FfYsA.XC_MethodHook.callBeforeHookedMethod(r8-map-id-1b503ce2d1eb437266e175dc68a023819023d9852a09899d29d782d634f0016f:1)
	at j0.callback(r8-map-id-1b503ce2d1eb437266e175dc68a023819023d9852a09899d29d782d634f0016f:156)
	at LSPHooker_.onFailed(LSP)
	at asrk.onFailed(PG:12)
	at bpey.onFailed(PG:3)
	at bmpx.run(PG:308)
	at auan.execute(PG:1)
	at org.chromium.net.impl.CronetUrlRequest.onNativeAdapterDestroyed(PG:76)
[ 2026-02-12T17:26:04.199    10500: 15522: 15960 E/LSPosed-Bridge  ] java.lang.NullPointerException: Attempt to invoke virtual method 'java.lang.Class java.lang.Object.getClass()' on a null object reference
	at m2.k.h(r8-map-id-24bfe6f5291ccc122a087e69cfd0ef965c57d5b189a3392a10a824e491734b78:435)
	at s0.g.beforeHookedMethod(r8-map-id-24bfe6f5291ccc122a087e69cfd0ef965c57d5b189a3392a10a824e491734b78:50)
	at wJUF.MG.bUOsL.Ow.FfYsA.XC_MethodHook.callBeforeHookedMethod(r8-map-id-1b503ce2d1eb437266e175dc68a023819023d9852a09899d29d782d634f0016f:1)
	at j0.callback(r8-map-id-1b503ce2d1eb437266e175dc68a023819023d9852a09899d29d782d634f0016f:156)
	at LSPHooker_.onFailed(LSP)
	at asrk.onFailed(PG:12)
	at bpey.onFailed(PG:3)
	at bmpx.run(PG:308)
	at auan.execute(PG:1)
	at org.chromium.net.impl.CronetUrlRequest.onNativeAdapterDestroyed(PG:76)
[ 2026-02-12T17:26:06.175    10500: 15522: 15960 E/LSPosed-Bridge  ] java.lang.NullPointerException: Attempt to invoke virtual method 'java.lang.Class java.lang.Object.getClass()' on a null object reference
	at m2.k.h(r8-map-id-24bfe6f5291ccc122a087e69cfd0ef965c57d5b189a3392a10a824e491734b78:435)
	at s0.g.beforeHookedMethod(r8-map-id-24bfe6f5291ccc122a087e69cfd0ef965c57d5b189a3392a10a824e491734b78:50)
	at wJUF.MG.bUOsL.Ow.FfYsA.XC_MethodHook.callBeforeHookedMethod(r8-map-id-1b503ce2d1eb437266e175dc68a023819023d9852a09899d29d782d634f0016f:1)
	at j0.callback(r8-map-id-1b503ce2d1eb437266e175dc68a023819023d9852a09899d29d782d634f0016f:156)
	at LSPHooker_.onFailed(LSP)
	at asrk.onFailed(PG:12)
	at bpey.onFailed(PG:3)
	at bmpx.run(PG:308)
	at auan.execute(PG:1)
	at org.chromium.net.impl.CronetUrlRequest.onNativeAdapterDestroyed(PG:76)
[ 2026-02-12T17:26:07.689     1000:  2656:  3256 I/LSPosed-Bridge  ] [HMA-OSS] [ INFO] 02-12 17:26:07 (PmsHookTarget34) @shouldFilterApplication: query from com.instagram.android
[ 2026-02-12T17:26:07.705    10500: 15522: 15960 E/LSPosed-Bridge  ] java.lang.NullPointerException: Attempt to invoke virtual method 'java.lang.Class java.lang.Object.getClass()' on a null object reference
	at m2.k.h(r8-map-id-24bfe6f5291ccc122a087e69cfd0ef965c57d5b189a3392a10a824e491734b78:435)
	at s0.g.beforeHookedMethod(r8-map-id-24bfe6f5291ccc122a087e69cfd0ef965c57d5b189a3392a10a824e491734b78:50)
	at wJUF.MG.bUOsL.Ow.FfYsA.XC_MethodHook.callBeforeHookedMethod(r8-map-id-1b503ce2d1eb437266e175dc68a023819023d9852a09899d29d782d634f0016f:1)
	at j0.callback(r8-map-id-1b503ce2d1eb437266e175dc68a023819023d9852a09899d29d782d634f0016f:156)
	at LSPHooker_.onFailed(LSP)
	at asrk.onFailed(PG:12)
	at bpey.onFailed(PG:3)
	at bmpx.run(PG:308)
	at auan.execute(PG:1)
	at org.chromium.net.impl.CronetUrlRequest.onNativeAdapterDestroyed(PG:76)
[ 2026-02-12T17:26:12.513    10482: 17249: 17508 I/KernelSU        ] Module runAction result: q8.k@377622b
[ 2026-02-12T17:26:15.891    10500: 15522: 15960 E/LSPosed-Bridge  ] java.lang.NullPointerException: Attempt to invoke virtual method 'java.lang.Class java.lang.Object.getClass()' on a null object reference
	at m2.k.h(r8-map-id-24bfe6f5291ccc122a087e69cfd0ef965c57d5b189a3392a10a824e491734b78:435)
	at s0.g.beforeHookedMethod(r8-map-id-24bfe6f5291ccc122a087e69cfd0ef965c57d5b189a3392a10a824e491734b78:50)
	at wJUF.MG.bUOsL.Ow.FfYsA.XC_MethodHook.callBeforeHookedMethod(r8-map-id-1b503ce2d1eb437266e175dc68a023819023d9852a09899d29d782d634f0016f:1)
	at j0.callback(r8-map-id-1b503ce2d1eb437266e175dc68a023819023d9852a09899d29d782d634f0016f:156)
	at LSPHooker_.onFailed(LSP)
	at asrk.onFailed(PG:12)
	at bpey.onFailed(PG:3)
	at bmpx.run(PG:308)
	at auan.execute(PG:1)
	at org.chromium.net.impl.CronetUrlRequest.onNativeAdapterDestroyed(PG:76)
[ 2026-02-12T17:26:17.161    10500: 15522: 15960 E/LSPosed-Bridge  ] java.lang.NullPointerException: Attempt to invoke virtual method 'java.lang.Class java.lang.Object.getClass()' on a null object reference
	at m2.k.h(r8-map-id-24bfe6f5291ccc122a087e69cfd0ef965c57d5b189a3392a10a824e491734b78:435)
	at s0.g.beforeHookedMethod(r8-map-id-24bfe6f5291ccc122a087e69cfd0ef965c57d5b189a3392a10a824e491734b78:50)
	at wJUF.MG.bUOsL.Ow.FfYsA.XC_MethodHook.callBeforeHookedMethod(r8-map-id-1b503ce2d1eb437266e175dc68a023819023d9852a09899d29d782d634f0016f:1)
	at j0.callback(r8-map-id-1b503ce2d1eb437266e175dc68a023819023d9852a09899d29d782d634f0016f:156)
	at LSPHooker_.onFailed(LSP)
	at asrk.onFailed(PG:12)
	at bpey.onFailed(PG:3)
	at bmpx.run(PG:308)
	at auan.execute(PG:1)
	at org.chromium.net.impl.CronetUrlRequest.onNativeAdapterDestroyed(PG:76)
[ 2026-02-12T17:26:17.705        0:  1377:  1377 I/zygiskd64       ]  - Sending companion fd socket of module "playintegrityfix"
[ 2026-02-12T17:26:17.705        0:  8095:  8095 I/zygiskd-companion64 ] New companion request.
 - Module name: playintegrityfix
 - Client fd: 6
[ 2026-02-12T17:26:17.750        0:  8095: 21966 I/zygiskd-companion64 ]  - Client fd changed after module entry
[ 2026-02-12T17:26:20.547    10500: 15522: 15960 E/LSPosed-Bridge  ] java.lang.NullPointerException: Attempt to invoke virtual method 'java.lang.Class java.lang.Object.getClass()' on a null object reference
	at m2.k.h(r8-map-id-24bfe6f5291ccc122a087e69cfd0ef965c57d5b189a3392a10a824e491734b78:435)
	at s0.g.beforeHookedMethod(r8-map-id-24bfe6f5291ccc122a087e69cfd0ef965c57d5b189a3392a10a824e491734b78:50)
	at wJUF.MG.bUOsL.Ow.FfYsA.XC_MethodHook.callBeforeHookedMethod(r8-map-id-1b503ce2d1eb437266e175dc68a023819023d9852a09899d29d782d634f0016f:1)
	at j0.callback(r8-map-id-1b503ce2d1eb437266e175dc68a023819023d9852a09899d29d782d634f0016f:156)
	at LSPHooker_.onFailed(LSP)
	at asrk.onFailed(PG:12)
	at bpey.onFailed(PG:3)
	at bmpx.run(PG:308)
	at auan.execute(PG:1)
	at org.chromium.net.impl.CronetUrlRequest.onNativeAdapterDestroyed(PG:76)
[ 2026-02-12T17:26:25.184    10500: 15522: 15960 E/LSPosed-Bridge  ] java.lang.NullPointerException: Attempt to invoke virtual method 'java.lang.Class java.lang.Object.getClass()' on a null object reference
	at m2.k.h(r8-map-id-24bfe6f5291ccc122a087e69cfd0ef965c57d5b189a3392a10a824e491734b78:435)
	at s0.g.beforeHookedMethod(r8-map-id-24bfe6f5291ccc122a087e69cfd0ef965c57d5b189a3392a10a824e491734b78:50)
	at wJUF.MG.bUOsL.Ow.FfYsA.XC_MethodHook.callBeforeHookedMethod(r8-map-id-1b503ce2d1eb437266e175dc68a023819023d9852a09899d29d782d634f0016f:1)
	at j0.callback(r8-map-id-1b503ce2d1eb437266e175dc68a023819023d9852a09899d29d782d634f0016f:156)
	at LSPHooker_.onFailed(LSP)
	at asrk.onFailed(PG:12)
	at bpey.onFailed(PG:3)
	at bmpx.run(PG:308)
	at auan.execute(PG:1)
	at org.chromium.net.impl.CronetUrlRequest.onNativeAdapterDestroyed(PG:76)
[ 2026-02-12T17:26:29.280    10482: 20370: 22760 I/KernelSU        ] Module runAction result: q8.k@1f0c6df
[ 2026-02-12T17:26:29.447     2000: 21407: 21407 I/LSPosed         ] Loaded manager, skipping next steps
[ 2026-02-12T17:26:31.438        0:  1143:  5411 W/libbinder.Binder ] Binder transaction to org.lsposed.lspd.ILSPManagerService code 3 took 1215ms. Data bytes: 96 Reply bytes: 67656 Flags: 18
[ 2026-02-12T17:26:38.028    10500: 15522: 15960 E/LSPosed-Bridge  ] java.lang.NullPointerException: Attempt to invoke virtual method 'java.lang.Class java.lang.Object.getClass()' on a null object reference
	at m2.k.h(r8-map-id-24bfe6f5291ccc122a087e69cfd0ef965c57d5b189a3392a10a824e491734b78:435)
	at s0.g.beforeHookedMethod(r8-map-id-24bfe6f5291ccc122a087e69cfd0ef965c57d5b189a3392a10a824e491734b78:50)
	at wJUF.MG.bUOsL.Ow.FfYsA.XC_MethodHook.callBeforeHookedMethod(r8-map-id-1b503ce2d1eb437266e175dc68a023819023d9852a09899d29d782d634f0016f:1)
	at j0.callback(r8-map-id-1b503ce2d1eb437266e175dc68a023819023d9852a09899d29d782d634f0016f:156)
	at LSPHooker_.onFailed(LSP)
	at asrk.onFailed(PG:12)
	at bpey.onFailed(PG:3)
	at bmpx.run(PG:308)
	at auan.execute(PG:1)
	at org.chromium.net.impl.CronetUrlRequest.onNativeAdapterDestroyed(PG:76)
[ 2026-02-12T17:26:53.391     1000:  2656:  3256 I/LSPosed-Bridge  ] [HMA-OSS] [ INFO] 02-12 17:26:53 (PmsHookTarget34) @shouldFilterApplication: query from com.google.android.apps.turbo
[ 2026-02-12T17:27:02.436    10500: 15522: 15960 E/LSPosed-Bridge  ] java.lang.NullPointerException: Attempt to invoke virtual method 'java.lang.Class java.lang.Object.getClass()' on a null object reference
	at m2.k.h(r8-map-id-24bfe6f5291ccc122a087e69cfd0ef965c57d5b189a3392a10a824e491734b78:435)
	at s0.g.beforeHookedMethod(r8-map-id-24bfe6f5291ccc122a087e69cfd0ef965c57d5b189a3392a10a824e491734b78:50)
	at wJUF.MG.bUOsL.Ow.FfYsA.XC_MethodHook.callBeforeHookedMethod(r8-map-id-1b503ce2d1eb437266e175dc68a023819023d9852a09899d29d782d634f0016f:1)
	at j0.callback(r8-map-id-1b503ce2d1eb437266e175dc68a023819023d9852a09899d29d782d634f0016f:156)
	at LSPHooker_.onFailed(LSP)
	at asrk.onFailed(PG:12)
	at bpey.onFailed(PG:3)
	at bmpx.run(PG:308)
	at auan.execute(PG:1)
	at org.chromium.net.impl.CronetUrlRequest.onNativeAdapterDestroyed(PG:76)
[ 2026-02-12T17:27:10.082     1000:  2656:  3256 I/LSPosed-Bridge  ] [HMA-OSS] [ INFO] 02-12 17:27:10 (PmsHookTarget34) @shouldFilterApplication: query from com.reveny.nativecheck
[ 2026-02-12T17:27:10.249     1000:  2656:  3256 I/LSPosed-Bridge  ] [HMA-OSS] [ INFO] 02-12 17:27:10 (PmsHookTarget34) @shouldFilterApplication: query from com.google.android.inputmethod.latin
[ 2026-02-12T17:27:14.234     1000:  2656:  3256 I/LSPosed-Bridge  ] [HMA-OSS] [ INFO] 02-12 17:27:14 (PmsHookTarget34) @getArchivedPackageInternal: query from com.reveny.nativecheck
[ 2026-02-12T17:27:34.417     1000:  2656:  3256 I/LSPosed-Bridge  ] [HMA-OSS] [ INFO] 02-12 17:27:34 (PmsHookTarget34) @shouldFilterApplication: query from com.rem01gaming.disclosure
[ 2026-02-12T17:27:34.482     1000:  2656:  3256 I/LSPosed-Bridge  ] [HMA-OSS] [ INFO] 02-12 17:27:34 (PmsHookTarget34) @shouldFilterApplication: query from com.rem01gaming.disclosure
[ 2026-02-12T17:27:34.482     1000:  2656:  3256 I/LSPosed-Bridge  ] [HMA-OSS] [ INFO] 02-12 17:27:34 (PmsHookTarget34) @shouldFilterApplication: query from com.google.android.inputmethod.latin
[ 2026-02-12T17:27:52.804    10500: 25318: 25318 E/LSPosed-Bridge  ] s0.d: Depended hook  failed.
	at s0.q.a(r8-map-id-24bfe6f5291ccc122a087e69cfd0ef965c57d5b189a3392a10a824e491734b78:69)
	at h1.a.h(r8-map-id-24bfe6f5291ccc122a087e69cfd0ef965c57d5b189a3392a10a824e491734b78:291)
	at s0.q.b(r8-map-id-24bfe6f5291ccc122a087e69cfd0ef965c57d5b189a3392a10a824e491734b78:35)
	at a3.a.h(r8-map-id-24bfe6f5291ccc122a087e69cfd0ef965c57d5b189a3392a10a824e491734b78:274)
	at a3.d0.beforeHookedMethod(r8-map-id-24bfe6f5291ccc122a087e69cfd0ef965c57d5b189a3392a10a824e491734b78:32)
	at wJUF.MG.bUOsL.Ow.FfYsA.XC_MethodHook.callBeforeHookedMethod(r8-map-id-1b503ce2d1eb437266e175dc68a023819023d9852a09899d29d782d634f0016f:1)
	at j0.callback(r8-map-id-1b503ce2d1eb437266e175dc68a023819023d9852a09899d29d782d634f0016f:156)
	at LSPHooker_.onCreate(LSP)
	at android.app.Instrumentation.callApplicationOnCreate(Instrumentation.java:1400)
	at android.app.ActivityThread.handleBindApplication(ActivityThread.java:8145)
	at android.app.ActivityThread.-$$Nest$mhandleBindApplication(Unknown Source:0)
	at android.app.ActivityThread$H.handleMessage(ActivityThread.java:2691)
	at android.os.Handler.dispatchMessage(Handler.java:132)
	at android.os.Looper.dispatchMessage(Looper.java:333)
	at android.os.Looper.loopOnce(Looper.java:263)
	at android.os.Looper.loop(Looper.java:367)
	at android.app.ActivityThread.main(ActivityThread.java:9298)
	at java.lang.reflect.Method.invoke(Native Method)
	at com.android.internal.os.RuntimeInit$MethodAndArgsCaller.run(RuntimeInit.java:569)
	at com.android.internal.os.ZygoteInit.main(ZygoteInit.java:929)
Caused by: java.lang.NullPointerException: Attempt to invoke virtual method 'java.lang.Class java.lang.Object.getClass()' on a null object reference
	at s0.q.h(r8-map-id-24bfe6f5291ccc122a087e69cfd0ef965c57d5b189a3392a10a824e491734b78:24)
	at h1.a.d(r8-map-id-24bfe6f5291ccc122a087e69cfd0ef965c57d5b189a3392a10a824e491734b78:7)
	at h1.a.h(r8-map-id-24bfe6f5291ccc122a087e69cfd0ef965c57d5b189a3392a10a824e491734b78:22)
	at s0.q.a(r8-map-id-24bfe6f5291ccc122a087e69cfd0ef965c57d5b189a3392a10a824e491734b78:17)
	... 19 more
[ 2026-02-12T17:27:52.818    10500: 25318: 25318 E/LSPosed-Bridge  ] s0.d: Depended hook  failed.
	at s0.q.a(r8-map-id-24bfe6f5291ccc122a087e69cfd0ef965c57d5b189a3392a10a824e491734b78:69)
	at h1.a.h(r8-map-id-24bfe6f5291ccc122a087e69cfd0ef965c57d5b189a3392a10a824e491734b78:116)
	at s0.q.b(r8-map-id-24bfe6f5291ccc122a087e69cfd0ef965c57d5b189a3392a10a824e491734b78:35)
	at a3.a.h(r8-map-id-24bfe6f5291ccc122a087e69cfd0ef965c57d5b189a3392a10a824e491734b78:274)
	at a3.d0.beforeHookedMethod(r8-map-id-24bfe6f5291ccc122a087e69cfd0ef965c57d5b189a3392a10a824e491734b78:32)
	at wJUF.MG.bUOsL.Ow.FfYsA.XC_MethodHook.callBeforeHookedMethod(r8-map-id-1b503ce2d1eb437266e175dc68a023819023d9852a09899d29d782d634f0016f:1)
	at j0.callback(r8-map-id-1b503ce2d1eb437266e175dc68a023819023d9852a09899d29d782d634f0016f:156)
	at LSPHooker_.onCreate(LSP)
	at android.app.Instrumentation.callApplicationOnCreate(Instrumentation.java:1400)
	at android.app.ActivityThread.handleBindApplication(ActivityThread.java:8145)
	at android.app.ActivityThread.-$$Nest$mhandleBindApplication(Unknown Source:0)
	at android.app.ActivityThread$H.handleMessage(ActivityThread.java:2691)
	at android.os.Handler.dispatchMessage(Handler.java:132)
	at android.os.Looper.dispatchMessage(Looper.java:333)
	at android.os.Looper.loopOnce(Looper.java:263)
	at android.os.Looper.loop(Looper.java:367)
	at android.app.ActivityThread.main(ActivityThread.java:9298)
	at java.lang.reflect.Method.invoke(Native Method)
	at com.android.internal.os.RuntimeInit$MethodAndArgsCaller.run(RuntimeInit.java:569)
	at com.android.internal.os.ZygoteInit.main(ZygoteInit.java:929)
Caused by: java.lang.NullPointerException: Attempt to invoke virtual method 'java.lang.Class java.lang.Object.getClass()' on a null object reference
	at s0.q.h(r8-map-id-24bfe6f5291ccc122a087e69cfd0ef965c57d5b189a3392a10a824e491734b78:24)
	at h1.a.d(r8-map-id-24bfe6f5291ccc122a087e69cfd0ef965c57d5b189a3392a10a824e491734b78:7)
	at h1.a.h(r8-map-id-24bfe6f5291ccc122a087e69cfd0ef965c57d5b189a3392a10a824e491734b78:22)
	at s0.q.a(r8-map-id-24bfe6f5291ccc122a087e69cfd0ef965c57d5b189a3392a10a824e491734b78:17)
	... 19 more
[ 2026-02-12T17:27:52.842    10500: 25318: 25318 I/LSPosed-Bridge  ] com.google.android.youtube version: 21.07.240 (1561055536)
[ 2026-02-12T17:27:57.226     1000:  2656:  3256 I/LSPosed-Bridge  ] [HMA-OSS] [ INFO] 02-12 17:27:57 (PmsHookTarget34) @shouldFilterApplication: query from com.google.android.apps.turbo
[ 2026-02-12T17:28:36.252     1000:  2656:  3256 I/LSPosed-Bridge  ] [HMA-OSS] [ INFO] 02-12 17:28:36 (PmsHookTarget34) @shouldFilterApplication: query from com.google.android.inputmethod.latin
[ 2026-02-12T17:28:40.602        0:  1377:  1377 I/zygiskd64       ]  - Sending companion fd socket of module "playintegrityfix"
[ 2026-02-12T17:28:40.612        0:  8095:  8095 I/zygiskd-companion64 ] New companion request.
 - Module name: playintegrityfix
 - Client fd: 6
[ 2026-02-12T17:28:40.614        0:  8095: 27348 I/zygiskd-companion64 ]  - Client fd changed after module entry
[ 2026-02-12T17:28:41.235        0:  1377:  1377 I/zygiskd64       ]  - Sending companion fd socket of module "playintegrityfix"
[ 2026-02-12T17:28:41.235        0:  8095:  8095 I/zygiskd-companion64 ] New companion request.
 - Module name: playintegrityfix
 - Client fd: 6
[ 2026-02-12T17:28:41.238        0:  8095: 27425 I/zygiskd-companion64 ]  - Client fd changed after module entry
[ 2026-02-12T17:28:41.359     1000:  2656:  3256 I/LSPosed-Bridge  ] [HMA-OSS] [ INFO] 02-12 17:28:41 (PmsHookTarget34) @shouldFilterApplication: query from com.zhenxi.hunter
[ 2026-02-12T17:28:51.530     1000:  2656:  3256 I/LSPosed-Bridge  ] [HMA-OSS] [ INFO] 02-12 17:28:51 (PmsHookTarget34) @shouldFilterApplication: query from com.google.android.inputmethod.latin
[ 2026-02-12T17:31:11.005    10500: 25318: 25434 E/LSPosed-Bridge  ] java.lang.NullPointerException: Attempt to invoke virtual method 'java.lang.Class java.lang.Object.getClass()' on a null object reference
	at m2.k.h(r8-map-id-24bfe6f5291ccc122a087e69cfd0ef965c57d5b189a3392a10a824e491734b78:435)
	at s0.g.beforeHookedMethod(r8-map-id-24bfe6f5291ccc122a087e69cfd0ef965c57d5b189a3392a10a824e491734b78:50)
	at wJUF.MG.bUOsL.Ow.FfYsA.XC_MethodHook.callBeforeHookedMethod(r8-map-id-1b503ce2d1eb437266e175dc68a023819023d9852a09899d29d782d634f0016f:1)
	at j0.callback(r8-map-id-1b503ce2d1eb437266e175dc68a023819023d9852a09899d29d782d634f0016f:156)
	at LSPHooker_.onFailed(LSP)
	at asrk.onFailed(PG:12)
	at bpey.onFailed(PG:3)
	at bmpx.run(PG:308)
	at auan.execute(PG:1)
	at org.chromium.net.impl.CronetUrlRequest.onNativeAdapterDestroyed(PG:76)
