----part 1 start----
[ 1970-01-02T11:22:12.593        0:  1052:  1052 I/zygisk-ptrace64 ] ReZygisk v1.0.0-454-b5f0aa5-release
[ 1970-01-02T11:22:12.623        0:  1091:  1091 I/LSPosed         ] starting lspd 
[ 1970-01-02T11:22:12.627        0:  1103:  1103 I/LSPosed         ] started lspd 1102
[ 1970-01-02T11:22:12.795        0:  1102:  1102 D/AndroidRuntime  ] >>>>>> START com.android.internal.os.RuntimeInit uid 0 <<<<<<
[ 1970-01-02T11:22:12.798        0:  1102:  1102 I/lspd            ] MMAP_TRYLOCK is not supported in uffd addr:0x7f1060a000 page-size:4096
[ 1970-01-02T11:22:12.799        0:  1102:  1102 I/AndroidRuntime  ] Using default boot image
[ 1970-01-02T11:22:12.799        0:  1102:  1102 I/AndroidRuntime  ] Leaving lock profiling enabled
[ 1970-01-02T11:22:12.808        0:  1102:  1102 I/lspd            ] Using CollectorTypeCMC GC.
[ 1970-01-02T11:22:12.925        0:  1102:  1102 D/nativeloader    ] InitDefaultPublicLibraries for_preload=1: libandroid.so:libaaudio.so:libamidi.so:libbinder_ndk.so:libc.so:libcamera2ndk.so:libdl.so:libEGL.so:libGLESv1_CM.so:libGLESv2.so:libGLESv3.so:libicu.so:libicui18n.so:libicuuc.so:libjnigraphics.so:liblog.so:libmediandk.so:libm.so:libnativehelper.so:libnativewindow.so:libOpenMAXAL.so:libOpenSLES.so:libRS.so:libstdc++.so:libsync.so:libvulkan.so:libwebviewchromium_plat_support.so:libz.so
[ 1970-01-02T11:22:12.960        0:  1102:  1102 D/nativeloader    ] Load libicu_jni.so using APEX ns com_android_art for caller /apex/com.android.art/javalib/core-oj.jar: ok
[ 1970-01-02T11:22:12.963        0:  1102:  1102 D/lspd            ] u_setTimeZoneFilesDirectory("/apex/com.android.tzdata/etc/tz/versioned/9/icu") succeeded. 
[ 1970-01-02T11:22:12.964        0:  1102:  1102 D/lspd            ] I18n APEX ICU file found: /apex/com.android.i18n/etc/icu/icudt76l.dat
[ 1970-01-02T11:22:12.968        0:  1102:  1102 D/nativeloader    ] Load libjavacore.so using APEX ns com_android_art for caller /apex/com.android.art/javalib/core-oj.jar: ok
[ 1970-01-02T11:22:12.972        0:  1102:  1102 D/nativeloader    ] Load libopenjdk.so using APEX ns com_android_art for caller /apex/com.android.art/javalib/core-oj.jar: ok
[ 1970-01-02T11:22:12.982        0:  1102:  1102 I/lspd            ] Priority-to-niceness mapping: 19, 16, 13, 10, 0, -2, -4, -5, -6, -8
[ 1970-01-02T11:22:13.044        0:  1102:  1102 D/nativeloader    ] Load libframework-connectivity-tiramisu-jni.so using APEX ns com_android_tethering for caller /apex/com.android.tethering/javalib/framework-connectivity-t.jar: ok
[ 1970-01-02T11:22:13.044        0:  1102:  1102 D/AndroidRuntime  ] Calling main entry org.lsposed.lspd.Main
[ 1970-01-02T11:22:13.060        0:  1102:  1102 I/LSPosedService  ] starting server...
[ 1970-01-02T11:22:13.075        0:  1102:  1102 I/LSPosedService  ] version 1.9.2-it (7467)
[ 1970-01-02T11:22:13.075        0:  1102:  1102 D/nativeloader    ] InitApexLibraries:
  com_android_art: libnativehelper.so
  com_android_i18n: libicui18n.so:libicuuc.so:libicu.so
  com_android_neuralnetworks: libneuralnetworks.so
[ 1970-01-02T11:22:13.075        0:  1102:  1102 D/nativeloader    ] InitDefaultPublicLibraries for_preload=0: libandroid.so:libaaudio.so:libamidi.so:libbinder_ndk.so:libc.so:libcamera2ndk.so:libclang_rt.hwasan-aarch64-android.so:libdl.so:libEGL.so:libGLESv1_CM.so:libGLESv2.so:libGLESv3.so:libjnigraphics.so:liblog.so:libmediandk.so:libm.so:libnativewindow.so:libOpenMAXAL.so:libOpenSLES.so:libRS.so:libstdc++.so:libsync.so:libvulkan.so:libwebviewchromium_plat_support.so:libz.so
[ 1970-01-02T11:22:13.075        0:  1102:  1102 D/nativeloader    ] Configuring clns-1 for other apk . target_sdk_version=0, uses_libraries=ALL, library_path=/system/lib64:/system_ext/lib64, permitted_path=/data:/mnt/expand
[ 1970-01-02T11:22:13.076        0:  1102:  1102 D/nativeloader    ] InitExtendedPublicLibraries: 
[ 1970-01-02T11:22:13.076        0:  1102:  1102 D/nativeloader    ] InitApexLibraries:
  
[ 1970-01-02T11:22:13.076        0:  1102:  1102 D/nativeloader    ] InitVendorPublicLibraries: libqti-perfd-client.so:libadsprpc.so:libcdsprpc.so:libsdsprpc.so:libfastcvopt.so:liblistensoundmodel2.so:libOpenCL.so:libnpu.so:libhta_hexagon_runtime.so:unnhal-acc-hta.so:libAlgoProcess.so:libancbase_rt_bokeh.so:libAncHumBokeh.so:libsnpe_loader.so:libstblur_api.so:libAncHumVideoBase.so:libmidasserviceintf.so:libAncFilter.so:libarcsoft_scbokeh_video.so:libAncHumanDoubleExposure.so:libancbase_rt_doubleexposure.so
[ 1970-01-02T11:22:13.076        0:  1102:  1102 D/nativeloader    ] InitProductPublicLibraries: 
[ 1970-01-02T11:22:13.078        0:  1102:  1102 D/nativeloader    ] Load /data/adb/modules/zygisk_lsposed/daemon.apk!/lib/arm64-v8a/libdaemon.so using isolated ns clns-1 (caller=/data/adb/modules/zygisk_lsposed/daemon.apk): ok
[ 1970-01-02T11:22:13.081        0:  1102:  1231 I/LSPosedLogcat   ] start running
[ 1970-01-02T11:22:13.082        0:  1102:  1231 I/LSPosedLogcat   ] New log file: /data/adb/lspd/log/verbose_1970-01-02T11:22:13.082154.log
[ 1970-01-02T11:22:13.083        0:  1102:  1231 I/LSPosedLogcat   ] New log file: /data/adb/lspd/log/modules_1970-01-02T11:22:13.08377.log
[ 1970-01-02T11:22:13.087        0:  1102:  1102 W/SQLiteCompatibilityWalFlags ] Cannot read global setting sqlite_compatibility_wal_flags - Application state not available
[ 1970-01-02T11:22:13.111        0:  1102:  1234 D/nativeloader    ] Load libjavacrypto.so using APEX ns com_android_conscrypt for caller /apex/com.android.conscrypt/javalib/conscrypt.jar: ok
[ 1970-01-02T11:22:13.121        0:  1102:  1102 W/OverlayConfig   ] partition_order.xml does not exist.
[ 1970-01-02T11:22:13.352        0:  1102:  1102 I/AconfigPackage  ] android.graphics.pdf.flags is mapped to com.android.mediaprovider
[ 1970-01-02T11:22:13.352        0:  1102:  1102 I/AconfigPackage  ] com.android.providers.media.flags is mapped to com.android.mediaprovider
[ 1970-01-02T11:22:13.352        0:  1102:  1102 I/AconfigPackage  ] android.graphics.pdf.flags.readonly is mapped to com.android.mediaprovider
[ 1970-01-02T11:22:13.353        0:  1102:  1102 I/AconfigPackage  ] com.android.system.virtualmachine.flags is mapped to com.android.virt
[ 1970-01-02T11:22:13.354        0:  1102:  1102 I/AconfigPackage  ] com.android.icu is mapped to com.android.i18n
[ 1970-01-02T11:22:13.356        0:  1102:  1102 I/AconfigPackage  ] com.android.bluetooth.flags is mapped to com.android.bt
[ 1970-01-02T11:22:13.356        0:  1102:  1102 I/AconfigPackage  ] com.android.nfc.module.flags is mapped to com.android.nfcservices
[ 1970-01-02T11:22:13.357        0:  1102:  1102 I/AconfigPackage  ] com.android.uwb.flags is mapped to com.android.uwb
[ 1970-01-02T11:22:13.357        0:  1102:  1102 I/AconfigPackage  ] com.android.ranging.flags is mapped to com.android.uwb
[ 1970-01-02T11:22:13.357        0:  1102:  1102 I/AconfigPackage  ] com.android.devicelock.flags is mapped to com.android.devicelock
[ 1970-01-02T11:22:13.358        0:  1102:  1102 I/AconfigPackage  ] com.android.ipsec.flags is mapped to com.android.ipsec
[ 1970-01-02T11:22:13.359        0:  1102:  1102 I/AconfigPackage  ] com.android.rkpd.flags is mapped to com.android.rkpd
[ 1970-01-02T11:22:13.359        0:  1102:  1102 I/AconfigPackage  ] com.android.media.extractor.flags is mapped to com.android.media
[ 1970-01-02T11:22:13.359        0:  1102:  1102 I/AconfigPackage  ] com.android.media.mainline.flags is mapped to com.android.media
[ 1970-01-02T11:22:13.360        0:  1102:  1102 I/AconfigPackage  ] com.android.permission.flags is mapped to com.android.permission
[ 1970-01-02T11:22:13.360        0:  1102:  1102 I/AconfigPackage  ] com.android.permissioncontroller.flags is mapped to com.android.permission
[ 1970-01-02T11:22:13.361        0:  1102:  1102 I/AconfigPackage  ] android.os.profiling is mapped to com.android.profiling
[ 1970-01-02T11:22:13.361        0:  1102:  1102 I/AconfigPackage  ] android.os.profiling.anomaly.flags is mapped to com.android.profiling
[ 1970-01-02T11:22:13.362        0:  1102:  1102 I/AconfigPackage  ] com.android.healthfitness.flags is mapped to com.android.healthfitness
[ 1970-01-02T11:22:13.363        0:  1102:  1102 I/AconfigPackage  ] com.android.org.conscrypt.flags is mapped to com.android.conscrypt
[ 1970-01-02T11:22:13.363        0:  1102:  1102 I/AconfigPackage  ] com.android.org.conscrypt.net.flags is mapped to com.android.conscrypt
[ 1970-01-02T11:22:13.363        0:  1102:  1102 I/AconfigPackage  ] com.android.appsearch.flags is mapped to com.android.appsearch
[ 1970-01-02T11:22:13.364        0:  1102:  1102 I/AconfigPackage  ] com.android.wifi.flags is mapped to com.android.wifi
[ 1970-01-02T11:22:13.364        0:  1102:  1102 I/AconfigPackage  ] android.provider.flags is mapped to com.android.configinfrastructure
[ 1970-01-02T11:22:13.364        0:  1102:  1102 I/AconfigPackage  ] com.android.server.deviceconfig is mapped to com.android.configinfrastructure
[ 1970-01-02T11:22:13.365        0:  1102:  1102 I/AconfigPackage  ] com.android.os.statsd.flags is mapped to com.android.os.statsd
[ 1970-01-02T11:22:13.365        0:  1102:  1102 I/AconfigPackage  ] com.android.cellbroadcastreceiver.flags is mapped to com.android.cellbroadcast
[ 1970-01-02T11:22:13.366        0:  1102:  1102 I/AconfigPackage  ] android.media.swcodec.flags is mapped to com.android.media.swcodec
[ 1970-01-02T11:22:13.367        0:  1102:  1102 I/AconfigPackage  ] com.android.telephony.flags is mapped to com.android.telephonycore
[ 1970-01-02T11:22:13.368        0:  1102:  1102 I/AconfigPackage  ] com.android.tethering.mainline.beta is mapped to com.android.tethering
[ 1970-01-02T11:22:13.368        0:  1102:  1102 I/AconfigPackage  ] android.net.http is mapped to com.android.tethering
[ 1970-01-02T11:22:13.368        0:  1102:  1102 I/AconfigPackage  ] com.android.tethering.readonly.flags is mapped to com.android.tethering
[ 1970-01-02T11:22:13.368        0:  1102:  1102 I/AconfigPackage  ] android.net.vcn is mapped to com.android.tethering
[ 1970-01-02T11:22:13.368        0:  1102:  1102 I/AconfigPackage  ] com.android.net.flags is mapped to com.android.tethering
[ 1970-01-02T11:22:13.368        0:  1102:  1102 I/AconfigPackage  ] com.android.tethering.beta.test is mapped to com.android.tethering
[ 1970-01-02T11:22:13.368        0:  1102:  1102 I/AconfigPackage  ] com.android.nearby.flags is mapped to com.android.tethering
[ 1970-01-02T11:22:13.368        0:  1102:  1102 I/AconfigPackage  ] com.android.net.ct.flags is mapped to com.android.tethering
[ 1970-01-02T11:22:13.368        0:  1102:  1102 I/AconfigPackage  ] com.android.net.thread.flags is mapped to com.android.tethering
[ 1970-01-02T11:22:13.368        0:  1102:  1102 I/AconfigPackage  ] com.android.adservices.ondevicepersonalization.flags is mapped to com.android.ondevicepersonalization
[ 1970-01-02T11:22:13.369        0:  1102:  1102 I/AconfigPackage  ] com.android.adservices.flags is mapped to com.android.adservices
[ 1970-01-02T11:22:13.369        0:  1102:  1102 I/AconfigPackage  ] com.android.sdksandbox.flags is mapped to com.android.adservices
[ 1970-01-02T11:22:13.370        0:  1102:  1102 I/AconfigPackage  ] com.android.adbd.flags is mapped to com.android.adbd
[ 1970-01-02T11:22:13.371        0:  1102:  1102 I/AconfigPackage  ] android.uprobestats.mainline.flags is mapped to com.android.uprobestats
[ 1970-01-02T11:22:13.371        0:  1102:  1102 I/AconfigPackage  ] com.android.art.flags is mapped to com.android.art
[ 1970-01-02T11:22:13.371        0:  1102:  1102 I/AconfigPackage  ] com.android.art.rw.flags is mapped to com.android.art
[ 1970-01-02T11:22:13.371        0:  1102:  1102 I/AconfigPackage  ] com.android.libcore is mapped to com.android.art
[ 1970-01-02T11:22:13.372        0:  1102:  1102 I/AconfigPackage  ] com.android.crashrecovery.flags is mapped to com.android.crashrecovery
[ 1970-01-02T11:22:13.373        0:  1102:  1102 E/FeatureFlagsImplExport ] android.os.flagging.AconfigStorageReadException: ERROR_PACKAGE_NOT_FOUND: package android.xr cannot be found on the device
[ 1970-01-02T11:22:13.376        0:  1102:  1102 I/LSPosedService  ] service package is not started, wait 1s.
[ 1970-01-02T11:22:14.376        0:  1102:  1102 I/LSPosedService  ] service package is not started, wait 1s.
[ 1970-01-02T11:22:14.547        0:  1283:  1283 I/LSPosed         ] starting lspd 
[ 1970-01-02T11:22:14.551        0:  1292:  1292 I/LSPosed         ] started lspd 1291
[ 2026-02-11T13:11:32.043        0:  1338:  1338 E/zygisk-core64   ] Retrying to connect to ReZygiskd, sleep 1s failed with 2: No such file or directory
[ 2026-02-11T13:11:32.044        0:  1336:  1336 I/zygiskd64       ] Welcome to ReZygisk v1.0.0 Zygiskd64!
[ 2026-02-11T13:11:32.044        0:  1336:  1336 I/zygiskd64       ] KernelSU root implementation found.
[ 2026-02-11T13:11:32.044        0:  1336:  1336 I/zygiskd64       ] Loading modules for architecture: arm64-v8a
[ 2026-02-11T13:11:32.045        0:  1336:  1336 I/zygiskd64       ] Sent root implementation and modules information to controller socket
[ 2026-02-11T13:11:32.045        0:  1052:  1052 I/zygisk-ptrace64 ] status updated: Monitor: ✅, ReZygisk 64-bit: ⚠️, ReZygisk 32-bit: ⚠️
[ 2026-02-11T13:11:32.060        0:  1339:  1339 I/zygiskd32       ] Welcome to ReZygisk v1.0.0 Zygiskd32!
[ 2026-02-11T13:11:32.060        0:  1341:  1341 E/zygisk-core32   ] Retrying to connect to ReZygiskd, sleep 1s failed with 2: No such file or directory
[ 2026-02-11T13:11:32.060        0:  1339:  1339 I/zygiskd32       ] KernelSU root implementation found.
[ 2026-02-11T13:11:32.060        0:  1339:  1339 I/zygiskd32       ] Loading modules for architecture: armeabi-v7a
[ 2026-02-11T13:11:32.069        0:  1339:  1339 I/zygiskd32       ] Sent root implementation and modules information to controller socket
[ 2026-02-11T13:11:32.069        0:  1052:  1052 I/zygisk-ptrace64 ] status updated: Monitor: ✅, ReZygisk 64-bit: ⚠️, ReZygisk 32-bit: ⚠️
[ 2026-02-11T13:11:32.517        0:  1102:  1102 I/LSPosedService  ] service package is not started, wait 1s.
[ 2026-02-11T13:11:33.043        0:  1338:  1338 I/zygisk-ptrace64 ] start tracing 1334 (tracer 1338)
[ 2026-02-11T13:11:33.043        0:  1338:  1338 I/zygisk-ptrace64 ] injecting /data/adb/modules/rezygisk/lib64/libzygisk.so to zygote 1334
[ 2026-02-11T13:11:33.060        0:  1341:  1341 I/zygisk-ptrace32 ] start tracing 1335 (tracer 1341)
[ 2026-02-11T13:11:33.060        0:  1341:  1341 I/zygisk-ptrace32 ] injecting /data/adb/modules/rezygisk/lib/libzygisk.so to zygote 1335
[ 2026-02-11T13:11:33.183        0:  1338:  1338 E/zygisk-elfutil64 ] Cannot load symtabs: .symtab section or its string table not found/valid.
[ 2026-02-11T13:11:33.183        0:  1338:  1338 E/zygisk-elfutil64 ] Failed to load symtabs for linear lookup of free
[ 2026-02-11T13:11:33.183        0:  1338:  1338 E/zygisk-ptrace64 ] failed to find symbol free in /system/lib64/liblog.so
[ 2026-02-11T13:11:33.183        0:  1338:  1338 E/zygisk-elfutil64 ] Cannot load symtabs: .symtab section or its string table not found/valid.
[ 2026-02-11T13:11:33.183        0:  1338:  1338 E/zygisk-elfutil64 ] Failed to load symtabs for linear lookup of free
[ 2026-02-11T13:11:33.183        0:  1338:  1338 E/zygisk-ptrace64 ] failed to find symbol free in /apex/com.android.runtime/lib64/bionic/libm.so
[ 2026-02-11T13:11:33.184        0:  1338:  1338 E/zygisk-elfutil64 ] Cannot load symtabs: .symtab section or its string table not found/valid.
[ 2026-02-11T13:11:33.184        0:  1338:  1338 E/zygisk-elfutil64 ] Failed to load symtabs for linear lookup of free
[ 2026-02-11T13:11:33.184        0:  1338:  1338 E/zygisk-ptrace64 ] failed to find symbol free in /apex/com.android.runtime/lib64/bionic/libdl.so
[ 2026-02-11T13:11:33.184        0:  1338:  1338 W/zygisk-ptrace64 ] Bypassing resolution of EH frame function: __register_frame
[ 2026-02-11T13:11:33.187        0:  1338:  1338 E/zygisk-elfutil64 ] Cannot load symtabs: .symtab section or its string table not found/valid.
[ 2026-02-11T13:11:33.187        0:  1338:  1338 E/zygisk-elfutil64 ] Failed to load symtabs for linear lookup of strncmp
[ 2026-02-11T13:11:33.187        0:  1338:  1338 E/zygisk-ptrace64 ] failed to find symbol strncmp in /system/lib64/liblog.so
[ 2026-02-11T13:11:33.187        0:  1338:  1338 E/zygisk-elfutil64 ] Cannot load symtabs: .symtab section or its string table not found/valid.
[ 2026-02-11T13:11:33.187        0:  1338:  1338 E/zygisk-elfutil64 ] Failed to load symtabs for linear lookup of strncmp
[ 2026-02-11T13:11:33.187        0:  1338:  1338 E/zygisk-ptrace64 ] failed to find symbol strncmp in /apex/com.android.runtime/lib64/bionic/libm.so
[ 2026-02-11T13:11:33.188        0:  1338:  1338 E/zygisk-elfutil64 ] Cannot load symtabs: .symtab section or its string table not found/valid.
[ 2026-02-11T13:11:33.188        0:  1338:  1338 E/zygisk-elfutil64 ] Failed to load symtabs for linear lookup of strncmp
[ 2026-02-11T13:11:33.188        0:  1338:  1338 E/zygisk-ptrace64 ] failed to find symbol strncmp in /apex/com.android.runtime/lib64/bionic/libdl.so
[ 2026-02-11T13:11:33.188        0:  1338:  1338 E/zygisk-elfutil64 ] Cannot load symtabs: .symtab section or its string table not found/valid.
[ 2026-02-11T13:11:33.188        0:  1338:  1338 E/zygisk-elfutil64 ] Failed to load symtabs for linear lookup of access
[ 2026-02-11T13:11:33.188        0:  1338:  1338 E/zygisk-ptrace64 ] failed to find symbol access in /system/lib64/liblog.so
[ 2026-02-11T13:11:33.188        0:  1338:  1338 E/zygisk-elfutil64 ] Cannot load symtabs: .symtab section or its string table not found/valid.
[ 2026-02-11T13:11:33.188        0:  1338:  1338 E/zygisk-elfutil64 ] Failed to load symtabs for linear lookup of access
[ 2026-02-11T13:11:33.188        0:  1338:  1338 E/zygisk-ptrace64 ] failed to find symbol access in /apex/com.android.runtime/lib64/bionic/libm.so
[ 2026-02-11T13:11:33.188        0:  1338:  1338 E/zygisk-elfutil64 ] Cannot load symtabs: .symtab section or its string table not found/valid.
[ 2026-02-11T13:11:33.188        0:  1338:  1338 E/zygisk-elfutil64 ] Failed to load symtabs for linear lookup of access
[ 2026-02-11T13:11:33.188        0:  1338:  1338 E/zygisk-ptrace64 ] failed to find symbol access in /apex/com.android.runtime/lib64/bionic/libdl.so
[ 2026-02-11T13:11:33.188        0:  1338:  1338 E/zygisk-elfutil64 ] Cannot load symtabs: .symtab section or its string table not found/valid.
[ 2026-02-11T13:11:33.188        0:  1338:  1338 E/zygisk-elfutil64 ] Failed to load symtabs for linear lookup of close
[ 2026-02-11T13:11:33.188        0:  1338:  1338 E/zygisk-ptrace64 ] failed to find symbol close in /system/lib64/liblog.so
[ 2026-02-11T13:11:33.188        0:  1338:  1338 E/zygisk-elfutil64 ] Cannot load symtabs: .symtab section or its string table not found/valid.
[ 2026-02-11T13:11:33.188        0:  1338:  1338 E/zygisk-elfutil64 ] Failed to load symtabs for linear lookup of close
[ 2026-02-11T13:11:33.188        0:  1338:  1338 E/zygisk-ptrace64 ] failed to find symbol close in /apex/com.android.runtime/lib64/bionic/libm.so
[ 2026-02-11T13:11:33.188        0:  1338:  1338 E/zygisk-elfutil64 ] Cannot load symtabs: .symtab section or its string table not found/valid.
[ 2026-02-11T13:11:33.188        0:  1338:  1338 E/zygisk-elfutil64 ] Failed to load symtabs for linear lookup of close
[ 2026-02-11T13:11:33.188        0:  1338:  1338 E/zygisk-ptrace64 ] failed to find symbol close in /apex/com.android.runtime/lib64/bionic/libdl.so
[ 2026-02-11T13:11:33.188        0:  1338:  1338 E/zygisk-elfutil64 ] Cannot load symtabs: .symtab section or its string table not found/valid.
[ 2026-02-11T13:11:33.188        0:  1338:  1338 E/zygisk-elfutil64 ] Failed to load symtabs for linear lookup of gettid
[ 2026-02-11T13:11:33.188        0:  1338:  1338 E/zygisk-ptrace64 ] failed to find symbol gettid in /system/lib64/liblog.so
[ 2026-02-11T13:11:33.188        0:  1338:  1338 E/zygisk-elfutil64 ] Cannot load symtabs: .symtab section or its string table not found/valid.
[ 2026-02-11T13:11:33.188        0:  1338:  1338 E/zygisk-elfutil64 ] Failed to load symtabs for linear lookup of gettid
[ 2026-02-11T13:11:33.188        0:  1338:  1338 E/zygisk-ptrace64 ] failed to find symbol gettid in /apex/com.android.runtime/lib64/bionic/libm.so
[ 2026-02-11T13:11:33.189        0:  1338:  1338 E/zygisk-elfutil64 ] Cannot load symtabs: .symtab section or its string table not found/valid.
[ 2026-02-11T13:11:33.189        0:  1338:  1338 E/zygisk-elfutil64 ] Failed to load symtabs for linear lookup of gettid
[ 2026-02-11T13:11:33.189        0:  1338:  1338 E/zygisk-ptrace64 ] failed to find symbol gettid in /apex/com.android.runtime/lib64/bionic/libdl.so
[ 2026-02-11T13:11:33.189        0:  1338:  1338 E/zygisk-elfutil64 ] Cannot load symtabs: .symtab section or its string table not found/valid.
[ 2026-02-11T13:11:33.189        0:  1338:  1338 E/zygisk-elfutil64 ] Failed to load symtabs for linear lookup of getpid
[ 2026-02-11T13:11:33.189        0:  1338:  1338 E/zygisk-ptrace64 ] failed to find symbol getpid in /system/lib64/liblog.so
[ 2026-02-11T13:11:33.189        0:  1338:  1338 E/zygisk-elfutil64 ] Cannot load symtabs: .symtab section or its string table not found/valid.
[ 2026-02-11T13:11:33.189        0:  1338:  1338 E/zygisk-elfutil64 ] Failed to load symtabs for linear lookup of getpid
[ 2026-02-11T13:11:33.189        0:  1338:  1338 E/zygisk-ptrace64 ] failed to find symbol getpid in /apex/com.android.runtime/lib64/bionic/libm.so
[ 2026-02-11T13:11:33.189        0:  1338:  1338 E/zygisk-elfutil64 ] Cannot load symtabs: .symtab section or its string table not found/valid.
[ 2026-02-11T13:11:33.189        0:  1338:  1338 E/zygisk-elfutil64 ] Failed to load symtabs for linear lookup of getpid
[ 2026-02-11T13:11:33.189        0:  1338:  1338 E/zygisk-ptrace64 ] failed to find symbol getpid in /apex/com.android.runtime/lib64/bionic/libdl.so
[ 2026-02-11T13:11:33.189        0:  1338:  1338 E/zygisk-elfutil64 ] Cannot load symtabs: .symtab section or its string table not found/valid.
[ 2026-02-11T13:11:33.189        0:  1338:  1338 E/zygisk-elfutil64 ] Failed to load symtabs for linear lookup of free
[ 2026-02-11T13:11:33.189        0:  1338:  1338 E/zygisk-ptrace64 ] failed to find symbol free in /system/lib64/liblog.so
[ 2026-02-11T13:11:33.189        0:  1338:  1338 E/zygisk-elfutil64 ] Cannot load symtabs: .symtab section or its string table not found/valid.
[ 2026-02-11T13:11:33.189        0:  1338:  1338 E/zygisk-elfutil64 ] Failed to load symtabs for linear lookup of free
[ 2026-02-11T13:11:33.189        0:  1338:  1338 E/zygisk-ptrace64 ] failed to find symbol free in /apex/com.android.runtime/lib64/bionic/libm.so
[ 2026-02-11T13:11:33.189        0:  1338:  1338 E/zygisk-elfutil64 ] Cannot load symtabs: .symtab section or its string table not found/valid.
[ 2026-02-11T13:11:33.189        0:  1338:  1338 E/zygisk-elfutil64 ] Failed to load symtabs for linear lookup of free
[ 2026-02-11T13:11:33.189        0:  1338:  1338 E/zygisk-ptrace64 ] failed to find symbol free in /apex/com.android.runtime/lib64/bionic/libdl.so
[ 2026-02-11T13:11:33.190        0:  1338:  1338 E/zygisk-elfutil64 ] Cannot load symtabs: .symtab section or its string table not found/valid.
[ 2026-02-11T13:11:33.190        0:  1338:  1338 E/zygisk-elfutil64 ] Failed to load symtabs for linear lookup of munmap
[ 2026-02-11T13:11:33.190        0:  1338:  1338 E/zygisk-ptrace64 ] failed to find symbol munmap in /system/lib64/liblog.so
[ 2026-02-11T13:11:33.190        0:  1338:  1338 E/zygisk-elfutil64 ] Cannot load symtabs: .symtab section or its string table not found/valid.
[ 2026-02-11T13:11:33.190        0:  1338:  1338 E/zygisk-elfutil64 ] Failed to load symtabs for linear lookup of munmap
[ 2026-02-11T13:11:33.190        0:  1338:  1338 E/zygisk-ptrace64 ] failed to find symbol munmap in /apex/com.android.runtime/lib64/bionic/libm.so
[ 2026-02-11T13:11:33.190        0:  1338:  1338 E/zygisk-elfutil64 ] Cannot load symtabs: .symtab section or its string table not found/valid.
[ 2026-02-11T13:11:33.190        0:  1338:  1338 E/zygisk-elfutil64 ] Failed to load symtabs for linear lookup of munmap
[ 2026-02-11T13:11:33.190        0:  1338:  1338 E/zygisk-ptrace64 ] failed to find symbol munmap in /apex/com.android.runtime/lib64/bionic/libdl.so
[ 2026-02-11T13:11:33.190        0:  1338:  1338 E/zygisk-elfutil64 ] Cannot load symtabs: .symtab section or its string table not found/valid.
[ 2026-02-11T13:11:33.190        0:  1338:  1338 E/zygisk-elfutil64 ] Failed to load symtabs for linear lookup of strcmp
[ 2026-02-11T13:11:33.190        0:  1338:  1338 E/zygisk-ptrace64 ] failed to find symbol strcmp in /system/lib64/liblog.so
[ 2026-02-11T13:11:33.190        0:  1338:  1338 E/zygisk-elfutil64 ] Cannot load symtabs: .symtab section or its string table not found/valid.
[ 2026-02-11T13:11:33.190        0:  1338:  1338 E/zygisk-elfutil64 ] Failed to load symtabs for linear lookup of strcmp
[ 2026-02-11T13:11:33.190        0:  1338:  1338 E/zygisk-ptrace64 ] failed to find symbol strcmp in /apex/com.android.runtime/lib64/bionic/libm.so
[ 2026-02-11T13:11:33.190        0:  1338:  1338 E/zygisk-elfutil64 ] Cannot load symtabs: .symtab section or its string table not found/valid.
[ 2026-02-11T13:11:33.190        0:  1338:  1338 E/zygisk-elfutil64 ] Failed to load symtabs for linear lookup of strcmp
[ 2026-02-11T13:11:33.190        0:  1338:  1338 E/zygisk-ptrace64 ] failed to find symbol strcmp in /apex/com.android.runtime/lib64/bionic/libdl.so
[ 2026-02-11T13:11:33.190        0:  1338:  1338 E/zygisk-elfutil64 ] Cannot load symtabs: .symtab section or its string table not found/valid.
[ 2026-02-11T13:11:33.190        0:  1338:  1338 E/zygisk-elfutil64 ] Failed to load symtabs for linear lookup of strstr
[ 2026-02-11T13:11:33.190        0:  1338:  1338 E/zygisk-ptrace64 ] failed to find symbol strstr in /system/lib64/liblog.so
[ 2026-02-11T13:11:33.190        0:  1338:  1338 E/zygisk-elfutil64 ] Cannot load symtabs: .symtab section or its string table not found/valid.
[ 2026-02-11T13:11:33.190        0:  1338:  1338 E/zygisk-elfutil64 ] Failed to load symtabs for linear lookup of strstr
[ 2026-02-11T13:11:33.190        0:  1338:  1338 E/zygisk-ptrace64 ] failed to find symbol strstr in /apex/com.android.runtime/lib64/bionic/libm.so
[ 2026-02-11T13:11:33.190        0:  1338:  1338 E/zygisk-elfutil64 ] Cannot load symtabs: .symtab section or its string table not found/valid.
[ 2026-02-11T13:11:33.190        0:  1338:  1338 E/zygisk-elfutil64 ] Failed to load symtabs for linear lookup of strstr
[ 2026-02-11T13:11:33.190        0:  1338:  1338 E/zygisk-ptrace64 ] failed to find symbol strstr in /apex/com.android.runtime/lib64/bionic/libdl.so
[ 2026-02-11T13:11:33.191        0:  1338:  1338 E/zygisk-elfutil64 ] Cannot load symtabs: .symtab section or its string table not found/valid.
[ 2026-02-11T13:11:33.191        0:  1338:  1338 E/zygisk-elfutil64 ] Failed to load symtabs for linear lookup of dlsym
[ 2026-02-11T13:11:33.191        0:  1338:  1338 E/zygisk-ptrace64 ] failed to find symbol dlsym in /system/lib64/liblog.so
[ 2026-02-11T13:11:33.191        0:  1338:  1338 E/zygisk-elfutil64 ] Cannot load symtabs: .symtab section or its string table not found/valid.
[ 2026-02-11T13:11:33.191        0:  1338:  1338 E/zygisk-elfutil64 ] Failed to load symtabs for linear lookup of dlsym
[ 2026-02-11T13:11:33.191        0:  1338:  1338 E/zygisk-ptrace64 ] failed to find symbol dlsym in /apex/com.android.runtime/lib64/bionic/libm.so
[ 2026-02-11T13:11:33.191        0:  1338:  1338 E/zygisk-elfutil64 ] Cannot load symtabs: .symtab section or its string table not found/valid.
[ 2026-02-11T13:11:33.191        0:  1338:  1338 E/zygisk-elfutil64 ] Failed to load symtabs for linear lookup of dlopen
[ 2026-02-11T13:11:33.191        0:  1338:  1338 E/zygisk-ptrace64 ] failed to find symbol dlopen in /system/lib64/liblog.so
[ 2026-02-11T13:11:33.191        0:  1338:  1338 E/zygisk-elfutil64 ] Cannot load symtabs: .symtab section or its string table not found/valid.
[ 2026-02-11T13:11:33.191        0:  1338:  1338 E/zygisk-elfutil64 ] Failed to load symtabs for linear lookup of dlopen
[ 2026-02-11T13:11:33.191        0:  1338:  1338 E/zygisk-ptrace64 ] failed to find symbol dlopen in /apex/com.android.runtime/lib64/bionic/libm.so
[ 2026-02-11T13:11:33.198        0:  1338:  1338 E/zygisk-elfutil64 ] Cannot load symtabs: .symtab section or its string table not found/valid.
[ 2026-02-11T13:11:33.198        0:  1338:  1338 E/zygisk-elfutil64 ] Failed to load symtabs for linear lookup of dlerror
[ 2026-02-11T13:11:33.198        0:  1338:  1338 E/zygisk-ptrace64 ] failed to find symbol dlerror in /system/lib64/liblog.so
[ 2026-02-11T13:11:33.198        0:  1338:  1338 E/zygisk-elfutil64 ] Cannot load symtabs: .symtab section or its string table not found/valid.
[ 2026-02-11T13:11:33.198        0:  1338:  1338 E/zygisk-elfutil64 ] Failed to load symtabs for linear lookup of dlerror
[ 2026-02-11T13:11:33.198        0:  1338:  1338 E/zygisk-ptrace64 ] failed to find symbol dlerror in /apex/com.android.runtime/lib64/bionic/libm.so
[ 2026-02-11T13:11:33.198        0:  1338:  1338 E/zygisk-elfutil64 ] Cannot load symtabs: .symtab section or its string table not found/valid.
[ 2026-02-11T13:11:33.198        0:  1338:  1338 E/zygisk-elfutil64 ] Failed to load symtabs for linear lookup of dlclose
[ 2026-02-11T13:11:33.198        0:  1338:  1338 E/zygisk-ptrace64 ] failed to find symbol dlclose in /system/lib64/liblog.so
[ 2026-02-11T13:11:33.198        0:  1338:  1338 E/zygisk-elfutil64 ] Cannot load symtabs: .symtab section or its string table not found/valid.
[ 2026-02-11T13:11:33.198        0:  1338:  1338 E/zygisk-elfutil64 ] Failed to load symtabs for linear lookup of dlclose
[ 2026-02-11T13:11:33.198        0:  1338:  1338 E/zygisk-ptrace64 ] failed to find symbol dlclose in /apex/com.android.runtime/lib64/bionic/libm.so
[ 2026-02-11T13:11:33.201        0:  1338:  1338 E/zygisk-elfutil64 ] Cannot load symtabs: .symtab section or its string table not found/valid.
[ 2026-02-11T13:11:33.201        0:  1338:  1338 E/zygisk-elfutil64 ] Failed to load symtabs for linear lookup of pthread_mutex_init
[ 2026-02-11T13:11:33.201        0:  1338:  1338 E/zygisk-ptrace64 ] failed to find symbol pthread_mutex_init in /system/lib64/liblog.so
[ 2026-02-11T13:11:33.201        0:  1338:  1338 E/zygisk-elfutil64 ] Cannot load symtabs: .symtab section or its string table not found/valid.
[ 2026-02-11T13:11:33.202        0:  1338:  1338 E/zygisk-elfutil64 ] Failed to load symtabs for linear lookup of pthread_mutex_init
[ 2026-02-11T13:11:33.202        0:  1338:  1338 E/zygisk-ptrace64 ] failed to find symbol pthread_mutex_init in /apex/com.android.runtime/lib64/bionic/libm.so
[ 2026-02-11T13:11:33.202        0:  1338:  1338 E/zygisk-elfutil64 ] Cannot load symtabs: .symtab section or its string table not found/valid.
[ 2026-02-11T13:11:33.202        0:  1338:  1338 E/zygisk-elfutil64 ] Failed to load symtabs for linear lookup of pthread_mutex_init
[ 2026-02-11T13:11:33.202        0:  1338:  1338 E/zygisk-ptrace64 ] failed to find symbol pthread_mutex_init in /apex/com.android.runtime/lib64/bionic/libdl.so
[ 2026-02-11T13:11:33.202        0:  1338:  1338 E/zygisk-elfutil64 ] Cannot load symtabs: .symtab section or its string table not found/valid.
[ 2026-02-11T13:11:33.202        0:  1338:  1338 E/zygisk-elfutil64 ] Failed to load symtabs for linear lookup of opendir
[ 2026-02-11T13:11:33.202        0:  1338:  1338 E/zygisk-ptrace64 ] failed to find symbol opendir in /system/lib64/liblog.so
[ 2026-02-11T13:11:33.202        0:  1338:  1338 E/zygisk-elfutil64 ] Cannot load symtabs: .symtab section or its string table not found/valid.
[ 2026-02-11T13:11:33.202        0:  1338:  1338 E/zygisk-elfutil64 ] Failed to load symtabs for linear lookup of opendir
[ 2026-02-11T13:11:33.202        0:  1338:  1338 E/zygisk-ptrace64 ] failed to find symbol opendir in /apex/com.android.runtime/lib64/bionic/libm.so
[ 2026-02-11T13:11:33.202        0:  1338:  1338 E/zygisk-elfutil64 ] Cannot load symtabs: .symtab section or its string table not found/valid.
[ 2026-02-11T13:11:33.202        0:  1338:  1338 E/zygisk-elfutil64 ] Failed to load symtabs for linear lookup of opendir
[ 2026-02-11T13:11:33.202        0:  1338:  1338 E/zygisk-ptrace64 ] failed to find symbol opendir in /apex/com.android.runtime/lib64/bionic/libdl.so
[ 2026-02-11T13:11:33.202        0:  1338:  1338 E/zygisk-elfutil64 ] Cannot load symtabs: .symtab section or its string table not found/valid.
[ 2026-02-11T13:11:33.202        0:  1338:  1338 E/zygisk-elfutil64 ] Failed to load symtabs for linear lookup of __errno
[ 2026-02-11T13:11:33.202        0:  1338:  1338 E/zygisk-ptrace64 ] failed to find symbol __errno in /system/lib64/liblog.so
[ 2026-02-11T13:11:33.202        0:  1338:  1338 E/zygisk-elfutil64 ] Cannot load symtabs: .symtab section or its string table not found/valid.
[ 2026-02-11T13:11:33.202        0:  1338:  1338 E/zygisk-elfutil64 ] Failed to load symtabs for linear lookup of __errno
[ 2026-02-11T13:11:33.202        0:  1338:  1338 E/zygisk-ptrace64 ] failed to find symbol __errno in /apex/com.android.runtime/lib64/bionic/libm.so
[ 2026-02-11T13:11:33.202        0:  1338:  1338 E/zygisk-elfutil64 ] Cannot load symtabs: .symtab section or its string table not found/valid.
[ 2026-02-11T13:11:33.202        0:  1338:  1338 E/zygisk-elfutil64 ] Failed to load symtabs for linear lookup of __errno
[ 2026-02-11T13:11:33.202        0:  1338:  1338 E/zygisk-ptrace64 ] failed to find symbol __errno in /apex/com.android.runtime/lib64/bionic/libdl.so
[ 2026-02-11T13:11:33.202        0:  1338:  1338 E/zygisk-elfutil64 ] Cannot load symtabs: .symtab section or its string table not found/valid.
[ 2026-02-11T13:11:33.202        0:  1338:  1338 E/zygisk-elfutil64 ] Failed to load symtabs for linear lookup of strerror
[ 2026-02-11T13:11:33.202        0:  1338:  1338 E/zygisk-ptrace64 ] failed to find symbol strerror in /system/lib64/liblog.so
[ 2026-02-11T13:11:33.202        0:  1338:  1338 E/zygisk-elfutil64 ] Cannot load symtabs: .symtab section or its string table not found/valid.
[ 2026-02-11T13:11:33.202        0:  1338:  1338 E/zygisk-elfutil64 ] Failed to load symtabs for linear lookup of strerror
[ 2026-02-11T13:11:33.202        0:  1338:  1338 E/zygisk-ptrace64 ] failed to find symbol strerror in /apex/com.android.runtime/lib64/bionic/libm.so
[ 2026-02-11T13:11:33.202        0:  1338:  1338 E/zygisk-elfutil64 ] Cannot load symtabs: .symtab section or its string table not found/valid.
[ 2026-02-11T13:11:33.202        0:  1338:  1338 E/zygisk-elfutil64 ] Failed to load symtabs for linear lookup of strerror
[ 2026-02-11T13:11:33.202        0:  1338:  1338 E/zygisk-ptrace64 ] failed to find symbol strerror in /apex/com.android.runtime/lib64/bionic/libdl.so
[ 2026-02-11T13:11:33.203        0:  1338:  1338 E/zygisk-elfutil64 ] Cannot load symtabs: .symtab section or its string table not found/valid.
[ 2026-02-11T13:11:33.203        0:  1338:  1338 E/zygisk-elfutil64 ] Failed to load symtabs for linear lookup of readdir
[ 2026-02-11T13:11:33.203        0:  1338:  1338 E/zygisk-ptrace64 ] failed to find symbol readdir in /system/lib64/liblog.so
[ 2026-02-11T13:11:33.203        0:  1338:  1338 E/zygisk-elfutil64 ] Cannot load symtabs: .symtab section or its string table not found/valid.
[ 2026-02-11T13:11:33.203        0:  1338:  1338 E/zygisk-elfutil64 ] Failed to load symtabs for linear lookup of readdir
[ 2026-02-11T13:11:33.203        0:  1338:  1338 E/zygisk-ptrace64 ] failed to find symbol readdir in /apex/com.android.runtime/lib64/bionic/libm.so
[ 2026-02-11T13:11:33.203        0:  1338:  1338 E/zygisk-elfutil64 ] Cannot load symtabs: .symtab section or its string table not found/valid.
[ 2026-02-11T13:11:33.203        0:  1338:  1338 E/zygisk-elfutil64 ] Failed to load symtabs for linear lookup of readdir
[ 2026-02-11T13:11:33.203        0:  1338:  1338 E/zygisk-ptrace64 ] failed to find symbol readdir in /apex/com.android.runtime/lib64/bionic/libdl.so
[ 2026-02-11T13:11:33.211        0:  1338:  1338 E/zygisk-elfutil64 ] Cannot load symtabs: .symtab section or its string table not found/valid.
[ 2026-02-11T13:11:33.211        0:  1338:  1338 E/zygisk-elfutil64 ] Failed to load symtabs for linear lookup of dirfd
[ 2026-02-11T13:11:33.211        0:  1338:  1338 E/zygisk-ptrace64 ] failed to find symbol dirfd in /system/lib64/liblog.so
[ 2026-02-11T13:11:33.211        0:  1338:  1338 E/zygisk-elfutil64 ] Cannot load symtabs: .symtab section or its string table not found/valid.
[ 2026-02-11T13:11:33.211        0:  1338:  1338 E/zygisk-elfutil64 ] Failed to load symtabs for linear lookup of dirfd
[ 2026-02-11T13:11:33.211        0:  1338:  1338 E/zygisk-ptrace64 ] failed to find symbol dirfd in /apex/com.android.runtime/lib64/bionic/libm.so
[ 2026-02-11T13:11:33.211        0:  1338:  1338 E/zygisk-elfutil64 ] Cannot load symtabs: .symtab section or its string table not found/valid.
[ 2026-02-11T13:11:33.211        0:  1338:  1338 E/zygisk-elfutil64 ] Failed to load symtabs for linear lookup of dirfd
[ 2026-02-11T13:11:33.211        0:  1338:  1338 E/zygisk-ptrace64 ] failed to find symbol dirfd in /apex/com.android.runtime/lib64/bionic/libdl.so
[ 2026-02-11T13:11:33.211        0:  1338:  1338 E/zygisk-elfutil64 ] Cannot load symtabs: .symtab section or its string table not found/valid.
[ 2026-02-11T13:11:33.211        0:  1338:  1338 E/zygisk-elfutil64 ] Failed to load symtabs for linear lookup of closedir
[ 2026-02-11T13:11:33.211        0:  1338:  1338 E/zygisk-ptrace64 ] failed to find symbol closedir in /system/lib64/liblog.so
[ 2026-02-11T13:11:33.211        0:  1338:  1338 E/zygisk-elfutil64 ] Cannot load symtabs: .symtab section or its string table not found/valid.
[ 2026-02-11T13:11:33.211        0:  1338:  1338 E/zygisk-elfutil64 ] Failed to load symtabs for linear lookup of closedir
[ 2026-02-11T13:11:33.211        0:  1338:  1338 E/zygisk-ptrace64 ] failed to find symbol closedir in /apex/com.android.runtime/lib64/bionic/libm.so
[ 2026-02-11T13:11:33.211        0:  1338:  1338 E/zygisk-elfutil64 ] Cannot load symtabs: .symtab section or its string table not found/valid.
[ 2026-02-11T13:11:33.211        0:  1338:  1338 E/zygisk-elfutil64 ] Failed to load symtabs for linear lookup of closedir
[ 2026-02-11T13:11:33.211        0:  1338:  1338 E/zygisk-ptrace64 ] failed to find symbol closedir in /apex/com.android.runtime/lib64/bionic/libdl.so
[ 2026-02-11T13:11:33.212        0:  1338:  1338 E/zygisk-elfutil64 ] Cannot load symtabs: .symtab section or its string table not found/valid.
[ 2026-02-11T13:11:33.212        0:  1338:  1338 E/zygisk-elfutil64 ] Failed to load symtabs for linear lookup of sigemptyset
[ 2026-02-11T13:11:33.212        0:  1338:  1338 E/zygisk-ptrace64 ] failed to find symbol sigemptyset in /system/lib64/liblog.so
[ 2026-02-11T13:11:33.212        0:  1338:  1338 E/zygisk-elfutil64 ] Cannot load symtabs: .symtab section or its string table not found/valid.
[ 2026-02-11T13:11:33.212        0:  1338:  1338 E/zygisk-elfutil64 ] Failed to load symtabs for linear lookup of sigemptyset
[ 2026-02-11T13:11:33.212        0:  1338:  1338 E/zygisk-ptrace64 ] failed to find symbol sigemptyset in /apex/com.android.runtime/lib64/bionic/libm.so
[ 2026-02-11T13:11:33.212        0:  1338:  1338 E/zygisk-elfutil64 ] Cannot load symtabs: .symtab section or its string table not found/valid.
[ 2026-02-11T13:11:33.212        0:  1338:  1338 E/zygisk-elfutil64 ] Failed to load symtabs for linear lookup of sigemptyset
[ 2026-02-11T13:11:33.212        0:  1338:  1338 E/zygisk-ptrace64 ] failed to find symbol sigemptyset in /apex/com.android.runtime/lib64/bionic/libdl.so
[ 2026-02-11T13:11:33.212        0:  1338:  1338 E/zygisk-elfutil64 ] Cannot load symtabs: .symtab section or its string table not found/valid.
[ 2026-02-11T13:11:33.212        0:  1338:  1338 E/zygisk-elfutil64 ] Failed to load symtabs for linear lookup of sigaddset
[ 2026-02-11T13:11:33.212        0:  1338:  1338 E/zygisk-ptrace64 ] failed to find symbol sigaddset in /system/lib64/liblog.so
[ 2026-02-11T13:11:33.212        0:  1338:  1338 E/zygisk-elfutil64 ] Cannot load symtabs: .symtab section or its string table not found/valid.
[ 2026-02-11T13:11:33.212        0:  1338:  1338 E/zygisk-elfutil64 ] Failed to load symtabs for linear lookup of sigaddset
[ 2026-02-11T13:11:33.212        0:  1338:  1338 E/zygisk-ptrace64 ] failed to find symbol sigaddset in /apex/com.android.runtime/lib64/bionic/libm.so
[ 2026-02-11T13:11:33.212        0:  1338:  1338 E/zygisk-elfutil64 ] Cannot load symtabs: .symtab section or its string table not found/valid.
[ 2026-02-11T13:11:33.212        0:  1338:  1338 E/zygisk-elfutil64 ] Failed to load symtabs for linear lookup of sigaddset
[ 2026-02-11T13:11:33.212        0:  1338:  1338 E/zygisk-ptrace64 ] failed to find symbol sigaddset in /apex/com.android.runtime/lib64/bionic/libdl.so
[ 2026-02-11T13:11:33.212        0:  1338:  1338 E/zygisk-elfutil64 ] Cannot load symtabs: .symtab section or its string table not found/valid.
[ 2026-02-11T13:11:33.212        0:  1338:  1338 E/zygisk-elfutil64 ] Failed to load symtabs for linear lookup of sigprocmask
[ 2026-02-11T13:11:33.212        0:  1338:  1338 E/zygisk-ptrace64 ] failed to find symbol sigprocmask in /system/lib64/liblog.so
[ 2026-02-11T13:11:33.212        0:  1338:  1338 E/zygisk-elfutil64 ] Cannot load symtabs: .symtab section or its string table not found/valid.
[ 2026-02-11T13:11:33.212        0:  1338:  1338 E/zygisk-elfutil64 ] Failed to load symtabs for linear lookup of sigprocmask
[ 2026-02-11T13:11:33.212        0:  1338:  1338 E/zygisk-ptrace64 ] failed to find symbol sigprocmask in /apex/com.android.runtime/lib64/bionic/libm.so
[ 2026-02-11T13:11:33.212        0:  1338:  1338 E/zygisk-elfutil64 ] Cannot load symtabs: .symtab section or its string table not found/valid.
[ 2026-02-11T13:11:33.212        0:  1338:  1338 E/zygisk-elfutil64 ] Failed to load symtabs for linear lookup of sigprocmask
[ 2026-02-11T13:11:33.212        0:  1338:  1338 E/zygisk-ptrace64 ] failed to find symbol sigprocmask in /apex/com.android.runtime/lib64/bionic/libdl.so
[ 2026-02-11T13:11:33.213        0:  1338:  1338 E/zygisk-elfutil64 ] Cannot load symtabs: .symtab section or its string table not found/valid.
[ 2026-02-11T13:11:33.213        0:  1338:  1338 E/zygisk-elfutil64 ] Failed to load symtabs for linear lookup of stat
[ 2026-02-11T13:11:33.213        0:  1338:  1338 E/zygisk-ptrace64 ] failed to find symbol stat in /system/lib64/liblog.so
[ 2026-02-11T13:11:33.213        0:  1338:  1338 E/zygisk-elfutil64 ] Cannot load symtabs: .symtab section or its string table not found/valid.
[ 2026-02-11T13:11:33.213        0:  1338:  1338 E/zygisk-elfutil64 ] Failed to load symtabs for linear lookup of stat
[ 2026-02-11T13:11:33.213        0:  1338:  1338 E/zygisk-ptrace64 ] failed to find symbol stat in /apex/com.android.runtime/lib64/bionic/libm.so
[ 2026-02-11T13:11:33.213        0:  1338:  1338 E/zygisk-elfutil64 ] Cannot load symtabs: .symtab section or its string table not found/valid.
[ 2026-02-11T13:11:33.213        0:  1338:  1338 E/zygisk-elfutil64 ] Failed to load symtabs for linear lookup of stat
[ 2026-02-11T13:11:33.213        0:  1338:  1338 E/zygisk-ptrace64 ] failed to find symbol stat in /apex/com.android.runtime/lib64/bionic/libdl.so
[ 2026-02-11T13:11:33.213        0:  1338:  1338 E/zygisk-elfutil64 ] Cannot load symtabs: .symtab section or its string table not found/valid.
[ 2026-02-11T13:11:33.213        0:  1338:  1338 E/zygisk-elfutil64 ] Failed to load symtabs for linear lookup of setenv
[ 2026-02-11T13:11:33.213        0:  1338:  1338 E/zygisk-ptrace64 ] failed to find symbol setenv in /system/lib64/liblog.so
[ 2026-02-11T13:11:33.213        0:  1338:  1338 E/zygisk-elfutil64 ] Cannot load symtabs: .symtab section or its string table not found/valid.
[ 2026-02-11T13:11:33.213        0:  1338:  1338 E/zygisk-elfutil64 ] Failed to load symtabs for linear lookup of setenv
[ 2026-02-11T13:11:33.213        0:  1338:  1338 E/zygisk-ptrace64 ] failed to find symbol setenv in /apex/com.android.runtime/lib64/bionic/libm.so
[ 2026-02-11T13:11:33.213        0:  1338:  1338 E/zygisk-elfutil64 ] Cannot load symtabs: .symtab section or its string table not found/valid.
[ 2026-02-11T13:11:33.213        0:  1338:  1338 E/zygisk-elfutil64 ] Failed to load symtabs for linear lookup of setenv
[ 2026-02-11T13:11:33.213        0:  1338:  1338 E/zygisk-ptrace64 ] failed to find symbol setenv in /apex/com.android.runtime/lib64/bionic/libdl.so
[ 2026-02-11T13:11:33.213        0:  1338:  1338 E/zygisk-elfutil64 ] Cannot load symtabs: .symtab section or its string table not found/valid.
[ 2026-02-11T13:11:33.213        0:  1338:  1338 E/zygisk-elfutil64 ] Failed to load symtabs for linear lookup of setns
[ 2026-02-11T13:11:33.213        0:  1338:  1338 E/zygisk-ptrace64 ] failed to find symbol setns in /system/lib64/liblog.so
[ 2026-02-11T13:11:33.213        0:  1338:  1338 E/zygisk-elfutil64 ] Cannot load symtabs: .symtab section or its string table not found/valid.
[ 2026-02-11T13:11:33.213        0:  1338:  1338 E/zygisk-elfutil64 ] Failed to load symtabs for linear lookup of setns
[ 2026-02-11T13:11:33.213        0:  1338:  1338 E/zygisk-ptrace64 ] failed to find symbol setns in /apex/com.android.runtime/lib64/bionic/libm.so
[ 2026-02-11T13:11:33.213        0:  1338:  1338 E/zygisk-elfutil64 ] Cannot load symtabs: .symtab section or its string table not found/valid.
[ 2026-02-11T13:11:33.213        0:  1338:  1338 E/zygisk-elfutil64 ] Failed to load symtabs for linear lookup of setns
[ 2026-02-11T13:11:33.213        0:  1338:  1338 E/zygisk-ptrace64 ] failed to find symbol setns in /apex/com.android.runtime/lib64/bionic/libdl.so
[ 2026-02-11T13:11:33.213        0:  1338:  1338 E/zygisk-elfutil64 ] Cannot load symtabs: .symtab section or its string table not found/valid.
[ 2026-02-11T13:11:33.213        0:  1338:  1338 E/zygisk-elfutil64 ] Failed to load symtabs for linear lookup of __open_2
[ 2026-02-11T13:11:33.213        0:  1338:  1338 E/zygisk-ptrace64 ] failed to find symbol __open_2 in /system/lib64/liblog.so
[ 2026-02-11T13:11:33.213        0:  1338:  1338 E/zygisk-elfutil64 ] Cannot load symtabs: .symtab section or its string table not found/valid.
[ 2026-02-11T13:11:33.213        0:  1338:  1338 E/zygisk-elfutil64 ] Failed to load symtabs for linear lookup of __open_2
[ 2026-02-11T13:11:33.213        0:  1338:  1338 E/zygisk-ptrace64 ] failed to find symbol __open_2 in /apex/com.android.runtime/lib64/bionic/libm.so
[ 2026-02-11T13:11:33.213        0:  1338:  1338 E/zygisk-elfutil64 ] Cannot load symtabs: .symtab section or its string table not found/valid.
[ 2026-02-11T13:11:33.213        0:  1338:  1338 E/zygisk-elfutil64 ] Failed to load symtabs for linear lookup of __open_2
[ 2026-02-11T13:11:33.213        0:  1338:  1338 E/zygisk-ptrace64 ] failed to find symbol __open_2 in /apex/com.android.runtime/lib64/bionic/libdl.so
[ 2026-02-11T13:11:33.214        0:  1338:  1338 E/zygisk-elfutil64 ] Cannot load symtabs: .symtab section or its string table not found/valid.
[ 2026-02-11T13:11:33.214        0:  1338:  1338 E/zygisk-elfutil64 ] Failed to load symtabs for linear lookup of pthread_mutex_destroy
[ 2026-02-11T13:11:33.214        0:  1338:  1338 E/zygisk-ptrace64 ] failed to find symbol pthread_mutex_destroy in /system/lib64/liblog.so
[ 2026-02-11T13:11:33.214        0:  1338:  1338 E/zygisk-elfutil64 ] Cannot load symtabs: .symtab section or its string table not found/valid.
[ 2026-02-11T13:11:33.214        0:  1338:  1338 E/zygisk-elfutil64 ] Failed to load symtabs for linear lookup of pthread_mutex_destroy
[ 2026-02-11T13:11:33.214        0:  1338:  1338 E/zygisk-ptrace64 ] failed to find symbol pthread_mutex_destroy in /apex/com.android.runtime/lib64/bionic/libm.so
[ 2026-02-11T13:11:33.214        0:  1338:  1338 E/zygisk-elfutil64 ] Cannot load symtabs: .symtab section or its string table not found/valid.
[ 2026-02-11T13:11:33.214        0:  1338:  1338 E/zygisk-elfutil64 ] Failed to load symtabs for linear lookup of pthread_mutex_destroy
[ 2026-02-11T13:11:33.214        0:  1338:  1338 E/zygisk-ptrace64 ] failed to find symbol pthread_mutex_destroy in /apex/com.android.runtime/lib64/bionic/libdl.so
[ 2026-02-11T13:11:33.214        0:  1338:  1338 E/zygisk-elfutil64 ] Cannot load symtabs: .symtab section or its string table not found/valid.
[ 2026-02-11T13:11:33.214        0:  1338:  1338 E/zygisk-elfutil64 ] Failed to load symtabs for linear lookup of realloc
[ 2026-02-11T13:11:33.214        0:  1338:  1338 E/zygisk-ptrace64 ] failed to find symbol realloc in /system/lib64/liblog.so
[ 2026-02-11T13:11:33.214        0:  1338:  1338 E/zygisk-elfutil64 ] Cannot load symtabs: .symtab section or its string table not found/valid.
[ 2026-02-11T13:11:33.214        0:  1338:  1338 E/zygisk-elfutil64 ] Failed to load symtabs for linear lookup of realloc
[ 2026-02-11T13:11:33.214        0:  1338:  1338 E/zygisk-ptrace64 ] failed to find symbol realloc in /apex/com.android.runtime/lib64/bionic/libm.so
[ 2026-02-11T13:11:33.214        0:  1338:  1338 E/zygisk-elfutil64 ] Cannot load symtabs: .symtab section or its string table not found/valid.
[ 2026-02-11T13:11:33.214        0:  1338:  1338 E/zygisk-elfutil64 ] Failed to load symtabs for linear lookup of realloc
[ 2026-02-11T13:11:33.214        0:  1338:  1338 E/zygisk-ptrace64 ] failed to find symbol realloc in /apex/com.android.runtime/lib64/bionic/libdl.so
[ 2026-02-11T13:11:33.214        0:  1338:  1338 E/zygisk-elfutil64 ] Cannot load symtabs: .symtab section or its string table not found/valid.
[ 2026-02-11T13:11:33.214        0:  1338:  1338 E/zygisk-elfutil64 ] Failed to load symtabs for linear lookup of strdup
[ 2026-02-11T13:11:33.214        0:  1338:  1338 E/zygisk-ptrace64 ] failed to find symbol strdup in /system/lib64/liblog.so
[ 2026-02-11T13:11:33.214        0:  1338:  1338 E/zygisk-elfutil64 ] Cannot load symtabs: .symtab section or its string table not found/valid.
[ 2026-02-11T13:11:33.214        0:  1338:  1338 E/zygisk-elfutil64 ] Failed to load symtabs for linear lookup of strdup
[ 2026-02-11T13:11:33.214        0:  1338:  1338 E/zygisk-ptrace64 ] failed to find symbol strdup in /apex/com.android.runtime/lib64/bionic/libm.so
[ 2026-02-11T13:11:33.214        0:  1338:  1338 E/zygisk-elfutil64 ] Cannot load symtabs: .symtab section or its string table not found/valid.
[ 2026-02-11T13:11:33.214        0:  1338:  1338 E/zygisk-elfutil64 ] Failed to load symtabs for linear lookup of strdup
[ 2026-02-11T13:11:33.214        0:  1338:  1338 E/zygisk-ptrace64 ] failed to find symbol strdup in /apex/com.android.runtime/lib64/bionic/libdl.so
[ 2026-02-11T13:11:33.214        0:  1338:  1338 E/zygisk-elfutil64 ] Cannot load symtabs: .symtab section or its string table not found/valid.
[ 2026-02-11T13:11:33.214        0:  1338:  1338 E/zygisk-elfutil64 ] Failed to load symtabs for linear lookup of malloc
[ 2026-02-11T13:11:33.214        0:  1338:  1338 E/zygisk-ptrace64 ] failed to find symbol malloc in /system/lib64/liblog.so
[ 2026-02-11T13:11:33.214        0:  1338:  1338 E/zygisk-elfutil64 ] Cannot load symtabs: .symtab section or its string table not found/valid.
[ 2026-02-11T13:11:33.214        0:  1338:  1338 E/zygisk-elfutil64 ] Failed to load symtabs for linear lookup of malloc
[ 2026-02-11T13:11:33.214        0:  1338:  1338 E/zygisk-ptrace64 ] failed to find symbol malloc in /apex/com.android.runtime/lib64/bionic/libm.so
[ 2026-02-11T13:11:33.215        0:  1338:  1338 E/zygisk-elfutil64 ] Cannot load symtabs: .symtab section or its string table not found/valid.
[ 2026-02-11T13:11:33.215        0:  1338:  1338 E/zygisk-elfutil64 ] Failed to load symtabs for linear lookup of malloc
[ 2026-02-11T13:11:33.215        0:  1338:  1338 E/zygisk-ptrace64 ] failed to find symbol malloc in /apex/com.android.runtime/lib64/bionic/libdl.so
[ 2026-02-11T13:11:33.215        0:  1338:  1338 E/zygisk-elfutil64 ] Cannot load symtabs: .symtab section or its string table not found/valid.
[ 2026-02-11T13:11:33.215        0:  1338:  1338 E/zygisk-elfutil64 ] Failed to load symtabs for linear lookup of regcomp
[ 2026-02-11T13:11:33.215        0:  1338:  1338 E/zygisk-ptrace64 ] failed to find symbol regcomp in /system/lib64/liblog.so
[ 2026-02-11T13:11:33.215        0:  1338:  1338 E/zygisk-elfutil64 ] Cannot load symtabs: .symtab section or its string table not found/valid.
[ 2026-02-11T13:11:33.215        0:  1338:  1338 E/zygisk-elfutil64 ] Failed to load symtabs for linear lookup of regcomp
[ 2026-02-11T13:11:33.215        0:  1338:  1338 E/zygisk-ptrace64 ] failed to find symbol regcomp in /apex/com.android.runtime/lib64/bionic/libm.so
[ 2026-02-11T13:11:33.215        0:  1338:  1338 E/zygisk-elfutil64 ] Cannot load symtabs: .symtab section or its string table not found/valid.
[ 2026-02-11T13:11:33.215        0:  1338:  1338 E/zygisk-elfutil64 ] Failed to load symtabs for linear lookup of regcomp
[ 2026-02-11T13:11:33.215        0:  1338:  1338 E/zygisk-ptrace64 ] failed to find symbol regcomp in /apex/com.android.runtime/lib64/bionic/libdl.so
[ 2026-02-11T13:11:33.221        0:  1338:  1338 E/zygisk-elfutil64 ] Cannot load symtabs: .symtab section or its string table not found/valid.
[ 2026-02-11T13:11:33.221        0:  1338:  1338 E/zygisk-elfutil64 ] Failed to load symtabs for linear lookup of pthread_mutex_lock
[ 2026-02-11T13:11:33.221        0:  1338:  1338 E/zygisk-ptrace64 ] failed to find symbol pthread_mutex_lock in /system/lib64/liblog.so
[ 2026-02-11T13:11:33.221        0:  1338:  1338 E/zygisk-elfutil64 ] Cannot load symtabs: .symtab section or its string table not found/valid.
[ 2026-02-11T13:11:33.221        0:  1338:  1338 E/zygisk-elfutil64 ] Failed to load symtabs for linear lookup of pthread_mutex_lock
[ 2026-02-11T13:11:33.221        0:  1338:  1338 E/zygisk-ptrace64 ] failed to find symbol pthread_mutex_lock in /apex/com.android.runtime/lib64/bionic/libm.so
[ 2026-02-11T13:11:33.221        0:  1338:  1338 E/zygisk-elfutil64 ] Cannot load symtabs: .symtab section or its string table not found/valid.
[ 2026-02-11T13:11:33.221        0:  1338:  1338 E/zygisk-elfutil64 ] Failed to load symtabs for linear lookup of pthread_mutex_lock
[ 2026-02-11T13:11:33.221        0:  1338:  1338 E/zygisk-ptrace64 ] failed to find symbol pthread_mutex_lock in /apex/com.android.runtime/lib64/bionic/libdl.so
[ 2026-02-11T13:11:33.221        0:  1338:  1338 E/zygisk-elfutil64 ] Cannot load symtabs: .symtab section or its string table not found/valid.
[ 2026-02-11T13:11:33.221        0:  1338:  1338 E/zygisk-elfutil64 ] Failed to load symtabs for linear lookup of pthread_mutex_unlock
[ 2026-02-11T13:11:33.221        0:  1338:  1338 E/zygisk-ptrace64 ] failed to find symbol pthread_mutex_unlock in /system/lib64/liblog.so
[ 2026-02-11T13:11:33.221        0:  1338:  1338 E/zygisk-elfutil64 ] Cannot load symtabs: .symtab section or its string table not found/valid.
[ 2026-02-11T13:11:33.221        0:  1338:  1338 E/zygisk-elfutil64 ] Failed to load symtabs for linear lookup of pthread_mutex_unlock
[ 2026-02-11T13:11:33.221        0:  1338:  1338 E/zygisk-ptrace64 ] failed to find symbol pthread_mutex_unlock in /apex/com.android.runtime/lib64/bionic/libm.so
[ 2026-02-11T13:11:33.221        0:  1338:  1338 E/zygisk-elfutil64 ] Cannot load symtabs: .symtab section or its string table not found/valid.
[ 2026-02-11T13:11:33.221        0:  1338:  1338 E/zygisk-elfutil64 ] Failed to load symtabs for linear lookup of pthread_mutex_unlock
[ 2026-02-11T13:11:33.221        0:  1338:  1338 E/zygisk-ptrace64 ] failed to find symbol pthread_mutex_unlock in /apex/com.android.runtime/lib64/bionic/libdl.so
[ 2026-02-11T13:11:33.222        0:  1338:  1338 E/zygisk-elfutil64 ] Cannot load symtabs: .symtab section or its string table not found/valid.
[ 2026-02-11T13:11:33.222        0:  1338:  1338 E/zygisk-elfutil64 ] Failed to load symtabs for linear lookup of regexec
[ 2026-02-11T13:11:33.222        0:  1338:  1338 E/zygisk-ptrace64 ] failed to find symbol regexec in /system/lib64/liblog.so
[ 2026-02-11T13:11:33.222        0:  1338:  1338 E/zygisk-elfutil64 ] Cannot load symtabs: .symtab section or its string table not found/valid.
[ 2026-02-11T13:11:33.222        0:  1338:  1338 E/zygisk-elfutil64 ] Failed to load symtabs for linear lookup of regexec
[ 2026-02-11T13:11:33.222        0:  1338:  1338 E/zygisk-ptrace64 ] failed to find symbol regexec in /apex/com.android.runtime/lib64/bionic/libm.so
[ 2026-02-11T13:11:33.222        0:  1338:  1338 E/zygisk-elfutil64 ] Cannot load symtabs: .symtab section or its string table not found/valid.
[ 2026-02-11T13:11:33.222        0:  1338:  1338 E/zygisk-elfutil64 ] Failed to load symtabs for linear lookup of regexec
[ 2026-02-11T13:11:33.222        0:  1338:  1338 E/zygisk-ptrace64 ] failed to find symbol regexec in /apex/com.android.runtime/lib64/bionic/libdl.so
[ 2026-02-11T13:11:33.222        0:  1338:  1338 E/zygisk-elfutil64 ] Cannot load symtabs: .symtab section or its string table not found/valid.
[ 2026-02-11T13:11:33.222        0:  1338:  1338 E/zygisk-elfutil64 ] Failed to load symtabs for linear lookup of regfree
[ 2026-02-11T13:11:33.222        0:  1338:  1338 E/zygisk-ptrace64 ] failed to find symbol regfree in /system/lib64/liblog.so
[ 2026-02-11T13:11:33.222        0:  1338:  1338 E/zygisk-elfutil64 ] Cannot load symtabs: .symtab section or its string table not found/valid.
[ 2026-02-11T13:11:33.222        0:  1338:  1338 E/zygisk-elfutil64 ] Failed to load symtabs for linear lookup of regfree
[ 2026-02-11T13:11:33.222        0:  1338:  1338 E/zygisk-ptrace64 ] failed to find symbol regfree in /apex/com.android.runtime/lib64/bionic/libm.so
[ 2026-02-11T13:11:33.222        0:  1338:  1338 E/zygisk-elfutil64 ] Cannot load symtabs: .symtab section or its string table not found/valid.
[ 2026-02-11T13:11:33.222        0:  1338:  1338 E/zygisk-elfutil64 ] Failed to load symtabs for linear lookup of regfree
[ 2026-02-11T13:11:33.222        0:  1338:  1338 E/zygisk-ptrace64 ] failed to find symbol regfree in /apex/com.android.runtime/lib64/bionic/libdl.so
[ 2026-02-11T13:11:33.222        0:  1338:  1338 E/zygisk-elfutil64 ] Cannot load symtabs: .symtab section or its string table not found/valid.
[ 2026-02-11T13:11:33.222        0:  1338:  1338 E/zygisk-elfutil64 ] Failed to load symtabs for linear lookup of prctl
[ 2026-02-11T13:11:33.222        0:  1338:  1338 E/zygisk-ptrace64 ] failed to find symbol prctl in /system/lib64/liblog.so
[ 2026-02-11T13:11:33.222        0:  1338:  1338 E/zygisk-elfutil64 ] Cannot load symtabs: .symtab section or its string table not found/valid.
[ 2026-02-11T13:11:33.222        0:  1338:  1338 E/zygisk-elfutil64 ] Failed to load symtabs for linear lookup of prctl
[ 2026-02-11T13:11:33.222        0:  1338:  1338 E/zygisk-ptrace64 ] failed to find symbol prctl in /apex/com.android.runtime/lib64/bionic/libm.so
[ 2026-02-11T13:11:33.222        0:  1338:  1338 E/zygisk-elfutil64 ] Cannot load symtabs: .symtab section or its string table not found/valid.
[ 2026-02-11T13:11:33.222        0:  1338:  1338 E/zygisk-elfutil64 ] Failed to load symtabs for linear lookup of prctl
[ 2026-02-11T13:11:33.222        0:  1338:  1338 E/zygisk-ptrace64 ] failed to find symbol prctl in /apex/com.android.runtime/lib64/bionic/libdl.so
[ 2026-02-11T13:11:33.222        0:  1338:  1338 E/zygisk-elfutil64 ] Cannot load symtabs: .symtab section or its string table not found/valid.
[ 2026-02-11T13:11:33.222        0:  1338:  1338 E/zygisk-elfutil64 ] Failed to load symtabs for linear lookup of syscall
[ 2026-02-11T13:11:33.222        0:  1338:  1338 E/zygisk-ptrace64 ] failed to find symbol syscall in /system/lib64/liblog.so
[ 2026-02-11T13:11:33.222        0:  1338:  1338 E/zygisk-elfutil64 ] Cannot load symtabs: .symtab section or its string table not found/valid.
[ 2026-02-11T13:11:33.222        0:  1338:  1338 E/zygisk-elfutil64 ] Failed to load symtabs for linear lookup of syscall
[ 2026-02-11T13:11:33.222        0:  1338:  1338 E/zygisk-ptrace64 ] failed to find symbol syscall in /apex/com.android.runtime/lib64/bionic/libm.so
[ 2026-02-11T13:11:33.222        0:  1338:  1338 E/zygisk-elfutil64 ] Cannot load symtabs: .symtab section or its string table not found/valid.
[ 2026-02-11T13:11:33.222        0:  1338:  1338 E/zygisk-elfutil64 ] Failed to load symtabs for linear lookup of syscall
[ 2026-02-11T13:11:33.222        0:  1338:  1338 E/zygisk-ptrace64 ] failed to find symbol syscall in /apex/com.android.runtime/lib64/bionic/libdl.so
[ 2026-02-11T13:11:33.223        0:  1338:  1338 E/zygisk-elfutil64 ] Cannot load symtabs: .symtab section or its string table not found/valid.
[ 2026-02-11T13:11:33.223        0:  1338:  1338 E/zygisk-elfutil64 ] Failed to load symtabs for linear lookup of fopen
[ 2026-02-11T13:11:33.223        0:  1338:  1338 E/zygisk-ptrace64 ] failed to find symbol fopen in /system/lib64/liblog.so
[ 2026-02-11T13:11:33.223        0:  1338:  1338 E/zygisk-elfutil64 ] Cannot load symtabs: .symtab section or its string table not found/valid.
[ 2026-02-11T13:11:33.223        0:  1338:  1338 E/zygisk-elfutil64 ] Failed to load symtabs for linear lookup of fopen
[ 2026-02-11T13:11:33.223        0:  1338:  1338 E/zygisk-ptrace64 ] failed to find symbol fopen in /apex/com.android.runtime/lib64/bionic/libm.so
[ 2026-02-11T13:11:33.223        0:  1338:  1338 E/zygisk-elfutil64 ] Cannot load symtabs: .symtab section or its string table not found/valid.
[ 2026-02-11T13:11:33.223        0:  1338:  1338 E/zygisk-elfutil64 ] Failed to load symtabs for linear lookup of fopen
[ 2026-02-11T13:11:33.223        0:  1338:  1338 E/zygisk-ptrace64 ] failed to find symbol fopen in /apex/com.android.runtime/lib64/bionic/libdl.so
[ 2026-02-11T13:11:33.223        0:  1338:  1338 E/zygisk-elfutil64 ] Cannot load symtabs: .symtab section or its string table not found/valid.
[ 2026-02-11T13:11:33.223        0:  1338:  1338 E/zygisk-elfutil64 ] Failed to load symtabs for linear lookup of fclose
[ 2026-02-11T13:11:33.223        0:  1338:  1338 E/zygisk-ptrace64 ] failed to find symbol fclose in /system/lib64/liblog.so
[ 2026-02-11T13:11:33.223        0:  1338:  1338 E/zygisk-elfutil64 ] Cannot load symtabs: .symtab section or its string table not found/valid.
[ 2026-02-11T13:11:33.223        0:  1338:  1338 E/zygisk-elfutil64 ] Failed to load symtabs for linear lookup of fclose
[ 2026-02-11T13:11:33.223        0:  1338:  1338 E/zygisk-ptrace64 ] failed to find symbol fclose in /apex/com.android.runtime/lib64/bionic/libm.so
[ 2026-02-11T13:11:33.223        0:  1338:  1338 E/zygisk-elfutil64 ] Cannot load symtabs: .symtab section or its string table not found/valid.
[ 2026-02-11T13:11:33.223        0:  1338:  1338 E/zygisk-elfutil64 ] Failed to load symtabs for linear lookup of fclose
[ 2026-02-11T13:11:33.223        0:  1338:  1338 E/zygisk-ptrace64 ] failed to find symbol fclose in /apex/com.android.runtime/lib64/bionic/libdl.so
[ 2026-02-11T13:11:33.223        0:  1338:  1338 E/zygisk-elfutil64 ] Cannot load symtabs: .symtab section or its string table not found/valid.
[ 2026-02-11T13:11:33.223        0:  1338:  1338 E/zygisk-elfutil64 ] Failed to load symtabs for linear lookup of fgets
[ 2026-02-11T13:11:33.223        0:  1338:  1338 E/zygisk-ptrace64 ] failed to find symbol fgets in /system/lib64/liblog.so
[ 2026-02-11T13:11:33.223        0:  1338:  1338 E/zygisk-elfutil64 ] Cannot load symtabs: .symtab section or its string table not found/valid.
[ 2026-02-11T13:11:33.223        0:  1338:  1338 E/zygisk-elfutil64 ] Failed to load symtabs for linear lookup of fgets
[ 2026-02-11T13:11:33.223        0:  1338:  1338 E/zygisk-ptrace64 ] failed to find symbol fgets in /apex/com.android.runtime/lib64/bionic/libm.so
[ 2026-02-11T13:11:33.223        0:  1338:  1338 E/zygisk-elfutil64 ] Cannot load symtabs: .symtab section or its string table not found/valid.
[ 2026-02-11T13:11:33.223        0:  1338:  1338 E/zygisk-elfutil64 ] Failed to load symtabs for linear lookup of fgets
[ 2026-02-11T13:11:33.223        0:  1338:  1338 E/zygisk-ptrace64 ] failed to find symbol fgets in /apex/com.android.runtime/lib64/bionic/libdl.so
[ 2026-02-11T13:11:33.223        0:  1338:  1338 E/zygisk-elfutil64 ] Cannot load symtabs: .symtab section or its string table not found/valid.
[ 2026-02-11T13:11:33.223        0:  1338:  1338 E/zygisk-elfutil64 ] Failed to load symtabs for linear lookup of read
[ 2026-02-11T13:11:33.223        0:  1338:  1338 E/zygisk-ptrace64 ] failed to find symbol read in /system/lib64/liblog.so
[ 2026-02-11T13:11:33.223        0:  1338:  1338 E/zygisk-elfutil64 ] Cannot load symtabs: .symtab section or its string table not found/valid.
[ 2026-02-11T13:11:33.223        0:  1338:  1338 E/zygisk-elfutil64 ] Failed to load symtabs for linear lookup of read
[ 2026-02-11T13:11:33.223        0:  1338:  1338 E/zygisk-ptrace64 ] failed to find symbol read in /apex/com.android.runtime/lib64/bionic/libm.so
[ 2026-02-11T13:11:33.223        0:  1338:  1338 E/zygisk-elfutil64 ] Cannot load symtabs: .symtab section or its string table not found/valid.
[ 2026-02-11T13:11:33.223        0:  1338:  1338 E/zygisk-elfutil64 ] Failed to load symtabs for linear lookup of read
[ 2026-02-11T13:11:33.223        0:  1338:  1338 E/zygisk-ptrace64 ] failed to find symbol read in /apex/com.android.runtime/lib64/bionic/libdl.so
[ 2026-02-11T13:11:33.224        0:  1338:  1338 E/zygisk-elfutil64 ] Cannot load symtabs: .symtab section or its string table not found/valid.
[ 2026-02-11T13:11:33.224        0:  1338:  1338 E/zygisk-elfutil64 ] Failed to load symtabs for linear lookup of socket
[ 2026-02-11T13:11:33.224        0:  1338:  1338 E/zygisk-ptrace64 ] failed to find symbol socket in /system/lib64/liblog.so
[ 2026-02-11T13:11:33.224        0:  1338:  1338 E/zygisk-elfutil64 ] Cannot load symtabs: .symtab section or its string table not found/valid.
[ 2026-02-11T13:11:33.224        0:  1338:  1338 E/zygisk-elfutil64 ] Failed to load symtabs for linear lookup of socket
[ 2026-02-11T13:11:33.224        0:  1338:  1338 E/zygisk-ptrace64 ] failed to find symbol socket in /apex/com.android.runtime/lib64/bionic/libm.so
[ 2026-02-11T13:11:33.224        0:  1338:  1338 E/zygisk-elfutil64 ] Cannot load symtabs: .symtab section or its string table not found/valid.
[ 2026-02-11T13:11:33.224        0:  1338:  1338 E/zygisk-elfutil64 ] Failed to load symtabs for linear lookup of socket
[ 2026-02-11T13:11:33.224        0:  1338:  1338 E/zygisk-ptrace64 ] failed to find symbol socket in /apex/com.android.runtime/lib64/bionic/libdl.so
[ 2026-02-11T13:11:33.224        0:  1338:  1338 E/zygisk-elfutil64 ] Cannot load symtabs: .symtab section or its string table not found/valid.
[ 2026-02-11T13:11:33.224        0:  1338:  1338 E/zygisk-elfutil64 ] Failed to load symtabs for linear lookup of connect
[ 2026-02-11T13:11:33.224        0:  1338:  1338 E/zygisk-ptrace64 ] failed to find symbol connect in /system/lib64/liblog.so
[ 2026-02-11T13:11:33.224        0:  1338:  1338 E/zygisk-elfutil64 ] Cannot load symtabs: .symtab section or its string table not found/valid.
[ 2026-02-11T13:11:33.224        0:  1338:  1338 E/zygisk-elfutil64 ] Failed to load symtabs for linear lookup of connect
[ 2026-02-11T13:11:33.224        0:  1338:  1338 E/zygisk-ptrace64 ] failed to find symbol connect in /apex/com.android.runtime/lib64/bionic/libm.so
[ 2026-02-11T13:11:33.224        0:  1338:  1338 E/zygisk-elfutil64 ] Cannot load symtabs: .symtab section or its string table not found/valid.
[ 2026-02-11T13:11:33.224        0:  1338:  1338 E/zygisk-elfutil64 ] Failed to load symtabs for linear lookup of connect
[ 2026-02-11T13:11:33.224        0:  1338:  1338 E/zygisk-ptrace64 ] failed to find symbol connect in /apex/com.android.runtime/lib64/bionic/libdl.so
[ 2026-02-11T13:11:33.224        0:  1338:  1338 E/zygisk-elfutil64 ] Cannot load symtabs: .symtab section or its string table not found/valid.
[ 2026-02-11T13:11:33.224        0:  1338:  1338 E/zygisk-elfutil64 ] Failed to load symtabs for linear lookup of sleep
[ 2026-02-11T13:11:33.224        0:  1338:  1338 E/zygisk-ptrace64 ] failed to find symbol sleep in /system/lib64/liblog.so
[ 2026-02-11T13:11:33.224        0:  1338:  1338 E/zygisk-elfutil64 ] Cannot load symtabs: .symtab section or its string table not found/valid.
[ 2026-02-11T13:11:33.224        0:  1338:  1338 E/zygisk-elfutil64 ] Failed to load symtabs for linear lookup of sleep
[ 2026-02-11T13:11:33.224        0:  1338:  1338 E/zygisk-ptrace64 ] failed to find symbol sleep in /apex/com.android.runtime/lib64/bionic/libm.so
[ 2026-02-11T13:11:33.224        0:  1338:  1338 E/zygisk-elfutil64 ] Cannot load symtabs: .symtab section or its string table not found/valid.
[ 2026-02-11T13:11:33.224        0:  1338:  1338 E/zygisk-elfutil64 ] Failed to load symtabs for linear lookup of sleep
[ 2026-02-11T13:11:33.224        0:  1338:  1338 E/zygisk-ptrace64 ] failed to find symbol sleep in /apex/com.android.runtime/lib64/bionic/libdl.so
[ 2026-02-11T13:11:33.225        0:  1338:  1338 E/zygisk-elfutil64 ] Cannot load symtabs: .symtab section or its string table not found/valid.
[ 2026-02-11T13:11:33.225        0:  1338:  1338 E/zygisk-elfutil64 ] Failed to load symtabs for linear lookup of __vsnprintf_chk
[ 2026-02-11T13:11:33.225        0:  1338:  1338 E/zygisk-ptrace64 ] failed to find symbol __vsnprintf_chk in /system/lib64/liblog.so
[ 2026-02-11T13:11:33.225        0:  1338:  1338 E/zygisk-elfutil64 ] Cannot load symtabs: .symtab section or its string table not found/valid.
[ 2026-02-11T13:11:33.225        0:  1338:  1338 E/zygisk-elfutil64 ] Failed to load symtabs for linear lookup of __vsnprintf_chk
[ 2026-02-11T13:11:33.225        0:  1338:  1338 E/zygisk-ptrace64 ] failed to find symbol __vsnprintf_chk in /apex/com.android.runtime/lib64/bionic/libm.so
[ 2026-02-11T13:11:33.225        0:  1338:  1338 E/zygisk-elfutil64 ] Cannot load symtabs: .symtab section or its string table not found/valid.
[ 2026-02-11T13:11:33.225        0:  1338:  1338 E/zygisk-elfutil64 ] Failed to load symtabs for linear lookup of __vsnprintf_chk
[ 2026-02-11T13:11:33.225        0:  1338:  1338 E/zygisk-ptrace64 ] failed to find symbol __vsnprintf_chk in /apex/com.android.runtime/lib64/bionic/libdl.so
[ 2026-02-11T13:11:33.225        0:  1338:  1338 E/zygisk-elfutil64 ] Cannot load symtabs: .symtab section or its string table not found/valid.
[ 2026-02-11T13:11:33.225        0:  1338:  1338 E/zygisk-elfutil64 ] Failed to load symtabs for linear lookup of __strlen_chk
[ 2026-02-11T13:11:33.225        0:  1338:  1338 E/zygisk-ptrace64 ] failed to find symbol __strlen_chk in /system/lib64/liblog.so
[ 2026-02-11T13:11:33.225        0:  1338:  1338 E/zygisk-elfutil64 ] Cannot load symtabs: .symtab section or its string table not found/valid.
[ 2026-02-11T13:11:33.225        0:  1338:  1338 E/zygisk-elfutil64 ] Failed to load symtabs for linear lookup of __strlen_chk
[ 2026-02-11T13:11:33.225        0:  1338:  1338 E/zygisk-ptrace64 ] failed to find symbol __strlen_chk in /apex/com.android.runtime/lib64/bionic/libm.so
[ 2026-02-11T13:11:33.225        0:  1338:  1338 E/zygisk-elfutil64 ] Cannot load symtabs: .symtab section or its string table not found/valid.
[ 2026-02-11T13:11:33.225        0:  1338:  1338 E/zygisk-elfutil64 ] Failed to load symtabs for linear lookup of __strlen_chk
[ 2026-02-11T13:11:33.225        0:  1338:  1338 E/zygisk-ptrace64 ] failed to find symbol __strlen_chk in /apex/com.android.runtime/lib64/bionic/libdl.so
[ 2026-02-11T13:11:33.225        0:  1338:  1338 E/zygisk-elfutil64 ] Cannot load symtabs: .symtab section or its string table not found/valid.
[ 2026-02-11T13:11:33.225        0:  1338:  1338 E/zygisk-elfutil64 ] Failed to load symtabs for linear lookup of uname
[ 2026-02-11T13:11:33.225        0:  1338:  1338 E/zygisk-ptrace64 ] failed to find symbol uname in /system/lib64/liblog.so
[ 2026-02-11T13:11:33.225        0:  1338:  1338 E/zygisk-elfutil64 ] Cannot load symtabs: .symtab section or its string table not found/valid.
[ 2026-02-11T13:11:33.225        0:  1338:  1338 E/zygisk-elfutil64 ] Failed to load symtabs for linear lookup of uname
[ 2026-02-11T13:11:33.225        0:  1338:  1338 E/zygisk-ptrace64 ] failed to find symbol uname in /apex/com.android.runtime/lib64/bionic/libm.so
[ 2026-02-11T13:11:33.225        0:  1338:  1338 E/zygisk-elfutil64 ] Cannot load symtabs: .symtab section or its string table not found/valid.
[ 2026-02-11T13:11:33.225        0:  1338:  1338 E/zygisk-elfutil64 ] Failed to load symtabs for linear lookup of uname
[ 2026-02-11T13:11:33.225        0:  1338:  1338 E/zygisk-ptrace64 ] failed to find symbol uname in /apex/com.android.runtime/lib64/bionic/libdl.so
[ 2026-02-11T13:11:33.225        0:  1338:  1338 E/zygisk-elfutil64 ] Cannot load symtabs: .symtab section or its string table not found/valid.
[ 2026-02-11T13:11:33.225        0:  1338:  1338 E/zygisk-elfutil64 ] Failed to load symtabs for linear lookup of sscanf
[ 2026-02-11T13:11:33.225        0:  1338:  1338 E/zygisk-ptrace64 ] failed to find symbol sscanf in /system/lib64/liblog.so
[ 2026-02-11T13:11:33.225        0:  1338:  1338 E/zygisk-elfutil64 ] Cannot load symtabs: .symtab section or its string table not found/valid.
[ 2026-02-11T13:11:33.225        0:  1338:  1338 E/zygisk-elfutil64 ] Failed to load symtabs for linear lookup of sscanf
[ 2026-02-11T13:11:33.225        0:  1338:  1338 E/zygisk-ptrace64 ] failed to find symbol sscanf in /apex/com.android.runtime/lib64/bionic/libm.so
[ 2026-02-11T13:11:33.225        0:  1338:  1338 E/zygisk-elfutil64 ] Cannot load symtabs: .symtab section or its string table not found/valid.
[ 2026-02-11T13:11:33.225        0:  1338:  1338 E/zygisk-elfutil64 ] Failed to load symtabs for linear lookup of sscanf
[ 2026-02-11T13:11:33.225        0:  1338:  1338 E/zygisk-ptrace64 ] failed to find symbol sscanf in /apex/com.android.runtime/lib64/bionic/libdl.so
[ 2026-02-11T13:11:33.226        0:  1338:  1338 E/zygisk-elfutil64 ] Cannot load symtabs: .symtab section or its string table not found/valid.
[ 2026-02-11T13:11:33.226        0:  1338:  1338 E/zygisk-elfutil64 ] Failed to load symtabs for linear lookup of recvmsg
[ 2026-02-11T13:11:33.226        0:  1338:  1338 E/zygisk-ptrace64 ] failed to find symbol recvmsg in /system/lib64/liblog.so
[ 2026-02-11T13:11:33.226        0:  1338:  1338 E/zygisk-elfutil64 ] Cannot load symtabs: .symtab section or its string table not found/valid.
[ 2026-02-11T13:11:33.226        0:  1338:  1338 E/zygisk-elfutil64 ] Failed to load symtabs for linear lookup of recvmsg
[ 2026-02-11T13:11:33.226        0:  1338:  1338 E/zygisk-ptrace64 ] failed to find symbol recvmsg in /apex/com.android.runtime/lib64/bionic/libm.so
[ 2026-02-11T13:11:33.226        0:  1338:  1338 E/zygisk-elfutil64 ] Cannot load symtabs: .symtab section or its string table not found/valid.
[ 2026-02-11T13:11:33.226        0:  1338:  1338 E/zygisk-elfutil64 ] Failed to load symtabs for linear lookup of recvmsg
[ 2026-02-11T13:11:33.226        0:  1338:  1338 E/zygisk-ptrace64 ] failed to find symbol recvmsg in /apex/com.android.runtime/lib64/bionic/libdl.so
[ 2026-02-11T13:11:33.226        0:  1338:  1338 E/zygisk-elfutil64 ] Cannot load symtabs: .symtab section or its string table not found/valid.
[ 2026-02-11T13:11:33.226        0:  1338:  1338 E/zygisk-elfutil64 ] Failed to load symtabs for linear lookup of __write_chk
[ 2026-02-11T13:11:33.226        0:  1338:  1338 E/zygisk-ptrace64 ] failed to find symbol __write_chk in /system/lib64/liblog.so
[ 2026-02-11T13:11:33.226        0:  1338:  1338 E/zygisk-elfutil64 ] Cannot load symtabs: .symtab section or its string table not found/valid.
[ 2026-02-11T13:11:33.226        0:  1338:  1338 E/zygisk-elfutil64 ] Failed to load symtabs for linear lookup of __write_chk
[ 2026-02-11T13:11:33.226        0:  1338:  1338 E/zygisk-ptrace64 ] failed to find symbol __write_chk in /apex/com.android.runtime/lib64/bionic/libm.so
[ 2026-02-11T13:11:33.226        0:  1338:  1338 E/zygisk-elfutil64 ] Cannot load symtabs: .symtab section or its string table not found/valid.
[ 2026-02-11T13:11:33.226        0:  1338:  1338 E/zygisk-elfutil64 ] Failed to load symtabs for linear lookup of __write_chk
[ 2026-02-11T13:11:33.226        0:  1338:  1338 E/zygisk-ptrace64 ] failed to find symbol __write_chk in /apex/com.android.runtime/lib64/bionic/libdl.so
[ 2026-02-11T13:11:33.226        0:  1338:  1338 E/zygisk-elfutil64 ] Cannot load symtabs: .symtab section or its string table not found/valid.
[ 2026-02-11T13:11:33.226        0:  1338:  1338 E/zygisk-elfutil64 ] Failed to load symtabs for linear lookup of write
[ 2026-02-11T13:11:33.226        0:  1338:  1338 E/zygisk-ptrace64 ] failed to find symbol write in /system/lib64/liblog.so
[ 2026-02-11T13:11:33.226        0:  1338:  1338 E/zygisk-elfutil64 ] Cannot load symtabs: .symtab section or its string table not found/valid.
[ 2026-02-11T13:11:33.226        0:  1338:  1338 E/zygisk-elfutil64 ] Failed to load symtabs for linear lookup of write
[ 2026-02-11T13:11:33.226        0:  1338:  1338 E/zygisk-ptrace64 ] failed to find symbol write in /apex/com.android.runtime/lib64/bionic/libm.so
[ 2026-02-11T13:11:33.226        0:  1338:  1338 E/zygisk-elfutil64 ] Cannot load symtabs: .symtab section or its string table not found/valid.
[ 2026-02-11T13:11:33.226        0:  1338:  1338 E/zygisk-elfutil64 ] Failed to load symtabs for linear lookup of write
[ 2026-02-11T13:11:33.226        0:  1338:  1338 E/zygisk-ptrace64 ] failed to find symbol write in /apex/com.android.runtime/lib64/bionic/libdl.so
[ 2026-02-11T13:11:33.226        0:  1338:  1338 E/zygisk-elfutil64 ] Cannot load symtabs: .symtab section or its string table not found/valid.
[ 2026-02-11T13:11:33.226        0:  1338:  1338 E/zygisk-elfutil64 ] Failed to load symtabs for linear lookup of __pread_chk
[ 2026-02-11T13:11:33.226        0:  1338:  1338 E/zygisk-ptrace64 ] failed to find symbol __pread_chk in /system/lib64/liblog.so
[ 2026-02-11T13:11:33.226        0:  1338:  1338 E/zygisk-elfutil64 ] Cannot load symtabs: .symtab section or its string table not found/valid.
[ 2026-02-11T13:11:33.226        0:  1338:  1338 E/zygisk-elfutil64 ] Failed to load symtabs for linear lookup of __pread_chk
[ 2026-02-11T13:11:33.226        0:  1338:  1338 E/zygisk-ptrace64 ] failed to find symbol __pread_chk in /apex/com.android.runtime/lib64/bionic/libm.so
[ 2026-02-11T13:11:33.226        0:  1338:  1338 E/zygisk-elfutil64 ] Cannot load symtabs: .symtab section or its string table not found/valid.
[ 2026-02-11T13:11:33.226        0:  1338:  1338 E/zygisk-elfutil64 ] Failed to load symtabs for linear lookup of __pread_chk
[ 2026-02-11T13:11:33.226        0:  1338:  1338 E/zygisk-ptrace64 ] failed to find symbol __pread_chk in /apex/com.android.runtime/lib64/bionic/libdl.so
[ 2026-02-11T13:11:33.227        0:  1338:  1338 E/zygisk-elfutil64 ] Cannot load symtabs: .symtab section or its string table not found/valid.
[ 2026-02-11T13:11:33.227        0:  1338:  1338 E/zygisk-elfutil64 ] Failed to load symtabs for linear lookup of pread
[ 2026-02-11T13:11:33.227        0:  1338:  1338 E/zygisk-ptrace64 ] failed to find symbol pread in /system/lib64/liblog.so
[ 2026-02-11T13:11:33.227        0:  1338:  1338 E/zygisk-elfutil64 ] Cannot load symtabs: .symtab section or its string table not found/valid.
[ 2026-02-11T13:11:33.227        0:  1338:  1338 E/zygisk-elfutil64 ] Failed to load symtabs for linear lookup of pread
[ 2026-02-11T13:11:33.227        0:  1338:  1338 E/zygisk-ptrace64 ] failed to find symbol pread in /apex/com.android.runtime/lib64/bionic/libm.so
[ 2026-02-11T13:11:33.227        0:  1338:  1338 E/zygisk-elfutil64 ] Cannot load symtabs: .symtab section or its string table not found/valid.
[ 2026-02-11T13:11:33.227        0:  1338:  1338 E/zygisk-elfutil64 ] Failed to load symtabs for linear lookup of pread
[ 2026-02-11T13:11:33.227        0:  1338:  1338 E/zygisk-ptrace64 ] failed to find symbol pread in /apex/com.android.runtime/lib64/bionic/libdl.so
[ 2026-02-11T13:11:33.227        0:  1338:  1338 E/zygisk-elfutil64 ] Cannot load symtabs: .symtab section or its string table not found/valid.
[ 2026-02-11T13:11:33.227        0:  1338:  1338 E/zygisk-elfutil64 ] Failed to load symtabs for linear lookup of __read_chk
[ 2026-02-11T13:11:33.227        0:  1338:  1338 E/zygisk-ptrace64 ] failed to find symbol __read_chk in /system/lib64/liblog.so
[ 2026-02-11T13:11:33.227        0:  1338:  1338 E/zygisk-elfutil64 ] Cannot load symtabs: .symtab section or its string table not found/valid.
[ 2026-02-11T13:11:33.227        0:  1338:  1338 E/zygisk-elfutil64 ] Failed to load symtabs for linear lookup of __read_chk
[ 2026-02-11T13:11:33.227        0:  1338:  1338 E/zygisk-ptrace64 ] failed to find symbol __read_chk in /apex/com.android.runtime/lib64/bionic/libm.so
[ 2026-02-11T13:11:33.227        0:  1338:  1338 E/zygisk-elfutil64 ] Cannot load symtabs: .symtab section or its string table not found/valid.
[ 2026-02-11T13:11:33.227        0:  1338:  1338 E/zygisk-elfutil64 ] Failed to load symtabs for linear lookup of __read_chk
[ 2026-02-11T13:11:33.227        0:  1338:  1338 E/zygisk-ptrace64 ] failed to find symbol __read_chk in /apex/com.android.runtime/lib64/bionic/libdl.so
[ 2026-02-11T13:11:33.227        0:  1338:  1338 E/zygisk-elfutil64 ] Cannot load symtabs: .symtab section or its string table not found/valid.
[ 2026-02-11T13:11:33.227        0:  1338:  1338 E/zygisk-elfutil64 ] Failed to load symtabs for linear lookup of socketpair
[ 2026-02-11T13:11:33.227        0:  1338:  1338 E/zygisk-ptrace64 ] failed to find symbol socketpair in /system/lib64/liblog.so
[ 2026-02-11T13:11:33.227        0:  1338:  1338 E/zygisk-elfutil64 ] Cannot load symtabs: .symtab section or its string table not found/valid.
[ 2026-02-11T13:11:33.227        0:  1338:  1338 E/zygisk-elfutil64 ] Failed to load symtabs for linear lookup of socketpair
[ 2026-02-11T13:11:33.227        0:  1338:  1338 E/zygisk-ptrace64 ] failed to find symbol socketpair in /apex/com.android.runtime/lib64/bionic/libm.so
[ 2026-02-11T13:11:33.227        0:  1338:  1338 E/zygisk-elfutil64 ] Cannot load symtabs: .symtab section or its string table not found/valid.
[ 2026-02-11T13:11:33.227        0:  1338:  1338 E/zygisk-elfutil64 ] Failed to load symtabs for linear lookup of socketpair
[ 2026-02-11T13:11:33.227        0:  1338:  1338 E/zygisk-ptrace64 ] failed to find symbol socketpair in /apex/com.android.runtime/lib64/bionic/libdl.so
[ 2026-02-11T13:11:33.227        0:  1338:  1338 E/zygisk-elfutil64 ] Cannot load symtabs: .symtab section or its string table not found/valid.
[ 2026-02-11T13:11:33.227        0:  1338:  1338 E/zygisk-elfutil64 ] Failed to load symtabs for linear lookup of _exit
[ 2026-02-11T13:11:33.227        0:  1338:  1338 E/zygisk-ptrace64 ] failed to find symbol _exit in /system/lib64/liblog.so
[ 2026-02-11T13:11:33.227        0:  1338:  1338 E/zygisk-elfutil64 ] Cannot load symtabs: .symtab section or its string table not found/valid.
[ 2026-02-11T13:11:33.227        0:  1338:  1338 E/zygisk-elfutil64 ] Failed to load symtabs for linear lookup of _exit
[ 2026-02-11T13:11:33.227        0:  1338:  1338 E/zygisk-ptrace64 ] failed to find symbol _exit in /apex/com.android.runtime/lib64/bionic/libm.so
[ 2026-02-11T13:11:33.228        0:  1338:  1338 E/zygisk-elfutil64 ] Cannot load symtabs: .symtab section or its string table not found/valid.
[ 2026-02-11T13:11:33.228        0:  1338:  1338 E/zygisk-elfutil64 ] Failed to load symtabs for linear lookup of _exit
[ 2026-02-11T13:11:33.228        0:  1338:  1338 E/zygisk-ptrace64 ] failed to find symbol _exit in /apex/com.android.runtime/lib64/bionic/libdl.so
[ 2026-02-11T13:11:33.228        0:  1338:  1338 E/zygisk-elfutil64 ] Cannot load symtabs: .symtab section or its string table not found/valid.
[ 2026-02-11T13:11:33.228        0:  1338:  1338 E/zygisk-elfutil64 ] Failed to load symtabs for linear lookup of fdopen
[ 2026-02-11T13:11:33.228        0:  1338:  1338 E/zygisk-ptrace64 ] failed to find symbol fdopen in /system/lib64/liblog.so
[ 2026-02-11T13:11:33.228        0:  1338:  1338 E/zygisk-elfutil64 ] Cannot load symtabs: .symtab section or its string table not found/valid.
[ 2026-02-11T13:11:33.228        0:  1338:  1338 E/zygisk-elfutil64 ] Failed to load symtabs for linear lookup of fdopen
[ 2026-02-11T13:11:33.228        0:  1338:  1338 E/zygisk-ptrace64 ] failed to find symbol fdopen in /apex/com.android.runtime/lib64/bionic/libm.so
[ 2026-02-11T13:11:33.228        0:  1338:  1338 E/zygisk-elfutil64 ] Cannot load symtabs: .symtab section or its string table not found/valid.
[ 2026-02-11T13:11:33.228        0:  1338:  1338 E/zygisk-elfutil64 ] Failed to load symtabs for linear lookup of fdopen
[ 2026-02-11T13:11:33.228        0:  1338:  1338 E/zygisk-ptrace64 ] failed to find symbol fdopen in /apex/com.android.runtime/lib64/bionic/libdl.so
[ 2026-02-11T13:11:33.228        0:  1338:  1338 E/zygisk-elfutil64 ] Cannot load symtabs: .symtab section or its string table not found/valid.
[ 2026-02-11T13:11:33.228        0:  1338:  1338 E/zygisk-elfutil64 ] Failed to load symtabs for linear lookup of calloc
[ 2026-02-11T13:11:33.228        0:  1338:  1338 E/zygisk-ptrace64 ] failed to find symbol calloc in /system/lib64/liblog.so
[ 2026-02-11T13:11:33.228        0:  1338:  1338 E/zygisk-elfutil64 ] Cannot load symtabs: .symtab section or its string table not found/valid.
[ 2026-02-11T13:11:33.228        0:  1338:  1338 E/zygisk-elfutil64 ] Failed to load symtabs for linear lookup of calloc
[ 2026-02-11T13:11:33.228        0:  1338:  1338 E/zygisk-ptrace64 ] failed to find symbol calloc in /apex/com.android.runtime/lib64/bionic/libm.so
[ 2026-02-11T13:11:33.228        0:  1338:  1338 E/zygisk-elfutil64 ] Cannot load symtabs: .symtab section or its string table not found/valid.
[ 2026-02-11T13:11:33.228        0:  1338:  1338 E/zygisk-elfutil64 ] Failed to load symtabs for linear lookup of calloc
[ 2026-02-11T13:11:33.228        0:  1338:  1338 E/zygisk-ptrace64 ] failed to find symbol calloc in /apex/com.android.runtime/lib64/bionic/libdl.so
[ 2026-02-11T13:11:33.228        0:  1338:  1338 E/zygisk-elfutil64 ] Cannot load symtabs: .symtab section or its string table not found/valid.
[ 2026-02-11T13:11:33.228        0:  1338:  1338 E/zygisk-elfutil64 ] Failed to load symtabs for linear lookup of waitpid
[ 2026-02-11T13:11:33.228        0:  1338:  1338 E/zygisk-ptrace64 ] failed to find symbol waitpid in /system/lib64/liblog.so
[ 2026-02-11T13:11:33.228        0:  1338:  1338 E/zygisk-elfutil64 ] Cannot load symtabs: .symtab section or its string table not found/valid.
[ 2026-02-11T13:11:33.228        0:  1338:  1338 E/zygisk-elfutil64 ] Failed to load symtabs for linear lookup of waitpid
[ 2026-02-11T13:11:33.228        0:  1338:  1338 E/zygisk-ptrace64 ] failed to find symbol waitpid in /apex/com.android.runtime/lib64/bionic/libm.so
[ 2026-02-11T13:11:33.228        0:  1338:  1338 E/zygisk-elfutil64 ] Cannot load symtabs: .symtab section or its string table not found/valid.
[ 2026-02-11T13:11:33.228        0:  1338:  1338 E/zygisk-elfutil64 ] Failed to load symtabs for linear lookup of waitpid
[ 2026-02-11T13:11:33.228        0:  1338:  1338 E/zygisk-ptrace64 ] failed to find symbol waitpid in /apex/com.android.runtime/lib64/bionic/libdl.so
[ 2026-02-11T13:11:33.229        0:  1338:  1338 E/zygisk-elfutil64 ] Cannot load symtabs: .symtab section or its string table not found/valid.
[ 2026-02-11T13:11:33.229        0:  1338:  1338 E/zygisk-elfutil64 ] Failed to load symtabs for linear lookup of mprotect
[ 2026-02-11T13:11:33.229        0:  1338:  1338 E/zygisk-ptrace64 ] failed to find symbol mprotect in /system/lib64/liblog.so
[ 2026-02-11T13:11:33.229        0:  1338:  1338 E/zygisk-elfutil64 ] Cannot load symtabs: .symtab section or its string table not found/valid.
[ 2026-02-11T13:11:33.229        0:  1338:  1338 E/zygisk-elfutil64 ] Failed to load symtabs for linear lookup of mprotect
[ 2026-02-11T13:11:33.229        0:  1338:  1338 E/zygisk-ptrace64 ] failed to find symbol mprotect in /apex/com.android.runtime/lib64/bionic/libm.so
[ 2026-02-11T13:11:33.229        0:  1338:  1338 E/zygisk-elfutil64 ] Cannot load symtabs: .symtab section or its string table not found/valid.
[ 2026-02-11T13:11:33.229        0:  1338:  1338 E/zygisk-elfutil64 ] Failed to load symtabs for linear lookup of mprotect
[ 2026-02-11T13:11:33.229        0:  1338:  1338 E/zygisk-ptrace64 ] failed to find symbol mprotect in /apex/com.android.runtime/lib64/bionic/libdl.so
[ 2026-02-11T13:11:33.229        0:  1338:  1338 E/zygisk-elfutil64 ] Cannot load symtabs: .symtab section or its string table not found/valid.
[ 2026-02-11T13:11:33.229        0:  1338:  1338 E/zygisk-elfutil64 ] Failed to load symtabs for linear lookup of sendmsg
[ 2026-02-11T13:11:33.229        0:  1338:  1338 E/zygisk-ptrace64 ] failed to find symbol sendmsg in /system/lib64/liblog.so
[ 2026-02-11T13:11:33.229        0:  1338:  1338 E/zygisk-elfutil64 ] Cannot load symtabs: .symtab section or its string table not found/valid.
[ 2026-02-11T13:11:33.229        0:  1338:  1338 E/zygisk-elfutil64 ] Failed to load symtabs for linear lookup of sendmsg
[ 2026-02-11T13:11:33.229        0:  1338:  1338 E/zygisk-ptrace64 ] failed to find symbol sendmsg in /apex/com.android.runtime/lib64/bionic/libm.so
[ 2026-02-11T13:11:33.229        0:  1338:  1338 E/zygisk-elfutil64 ] Cannot load symtabs: .symtab section or its string table not found/valid.
[ 2026-02-11T13:11:33.229        0:  1338:  1338 E/zygisk-elfutil64 ] Failed to load symtabs for linear lookup of sendmsg
[ 2026-02-11T13:11:33.229        0:  1338:  1338 E/zygisk-ptrace64 ] failed to find symbol sendmsg in /apex/com.android.runtime/lib64/bionic/libdl.so
[ 2026-02-11T13:11:33.229        0:  1338:  1338 E/zygisk-elfutil64 ] Cannot load symtabs: .symtab section or its string table not found/valid.
[ 2026-02-11T13:11:33.229        0:  1338:  1338 E/zygisk-elfutil64 ] Failed to load symtabs for linear lookup of qsort
[ 2026-02-11T13:11:33.229        0:  1338:  1338 E/zygisk-ptrace64 ] failed to find symbol qsort in /system/lib64/liblog.so
[ 2026-02-11T13:11:33.229        0:  1338:  1338 E/zygisk-elfutil64 ] Cannot load symtabs: .symtab section or its string table not found/valid.
[ 2026-02-11T13:11:33.229        0:  1338:  1338 E/zygisk-elfutil64 ] Failed to load symtabs for linear lookup of qsort
[ 2026-02-11T13:11:33.229        0:  1338:  1338 E/zygisk-ptrace64 ] failed to find symbol qsort in /apex/com.android.runtime/lib64/bionic/libm.so
[ 2026-02-11T13:11:33.229        0:  1338:  1338 E/zygisk-elfutil64 ] Cannot load symtabs: .symtab section or its string table not found/valid.
[ 2026-02-11T13:11:33.229        0:  1338:  1338 E/zygisk-elfutil64 ] Failed to load symtabs for linear lookup of qsort
[ 2026-02-11T13:11:33.229        0:  1338:  1338 E/zygisk-ptrace64 ] failed to find symbol qsort in /apex/com.android.runtime/lib64/bionic/libdl.so
[ 2026-02-11T13:11:33.229        0:  1338:  1338 E/zygisk-elfutil64 ] Cannot load symtabs: .symtab section or its string table not found/valid.
[ 2026-02-11T13:11:33.229        0:  1338:  1338 E/zygisk-elfutil64 ] Failed to load symtabs for linear lookup of getpagesize
[ 2026-02-11T13:11:33.229        0:  1338:  1338 E/zygisk-ptrace64 ] failed to find symbol getpagesize in /system/lib64/liblog.so
[ 2026-02-11T13:11:33.229        0:  1338:  1338 E/zygisk-elfutil64 ] Cannot load symtabs: .symtab section or its string table not found/valid.
[ 2026-02-11T13:11:33.229        0:  1338:  1338 E/zygisk-elfutil64 ] Failed to load symtabs for linear lookup of getpagesize
[ 2026-02-11T13:11:33.229        0:  1338:  1338 E/zygisk-ptrace64 ] failed to find symbol getpagesize in /apex/com.android.runtime/lib64/bionic/libm.so
[ 2026-02-11T13:11:33.229        0:  1338:  1338 E/zygisk-elfutil64 ] Cannot load symtabs: .symtab section or its string table not found/valid.
[ 2026-02-11T13:11:33.229        0:  1338:  1338 E/zygisk-elfutil64 ] Failed to load symtabs for linear lookup of getpagesize
[ 2026-02-11T13:11:33.229        0:  1338:  1338 E/zygisk-ptrace64 ] failed to find symbol getpagesize in /apex/com.android.runtime/lib64/bionic/libdl.so
[ 2026-02-11T13:11:33.229        0:  1338:  1338 E/zygisk-elfutil64 ] Cannot load symtabs: .symtab section or its string table not found/valid.
[ 2026-02-11T13:11:33.229        0:  1338:  1338 E/zygisk-elfutil64 ] Failed to load symtabs for linear lookup of vsnprintf
[ 2026-02-11T13:11:33.229        0:  1338:  1338 E/zygisk-ptrace64 ] failed to find symbol vsnprintf in /system/lib64/liblog.so
[ 2026-02-11T13:11:33.229        0:  1338:  1338 E/zygisk-elfutil64 ] Cannot load symtabs: .symtab section or its string table not found/valid.
[ 2026-02-11T13:11:33.229        0:  1338:  1338 E/zygisk-elfutil64 ] Failed to load symtabs for linear lookup of vsnprintf
[ 2026-02-11T13:11:33.229        0:  1338:  1338 E/zygisk-ptrace64 ] failed to find symbol vsnprintf in /apex/com.android.runtime/lib64/bionic/libm.so
[ 2026-02-11T13:11:33.230        0:  1338:  1338 E/zygisk-elfutil64 ] Cannot load symtabs: .symtab section or its string table not found/valid.
[ 2026-02-11T13:11:33.230        0:  1338:  1338 E/zygisk-elfutil64 ] Failed to load symtabs for linear lookup of vsnprintf
[ 2026-02-11T13:11:33.230        0:  1338:  1338 E/zygisk-ptrace64 ] failed to find symbol vsnprintf in /apex/com.android.runtime/lib64/bionic/libdl.so
[ 2026-02-11T13:11:33.230        0:  1338:  1338 E/zygisk-elfutil64 ] Cannot load symtabs: .symtab section or its string table not found/valid.
[ 2026-02-11T13:11:33.230        0:  1338:  1338 E/zygisk-elfutil64 ] Failed to load symtabs for linear lookup of fstat
[ 2026-02-11T13:11:33.239        0:  1338:  1338 E/zygisk-elfutil64 ] Cannot load symtabs: .symtab section or its string table not found/valid.
[ 2026-02-11T13:11:33.239        0:  1338:  1338 E/zygisk-elfutil64 ] Failed to load symtabs for linear lookup of memmove
[ 2026-02-11T13:11:33.239        0:  1338:  1338 E/zygisk-ptrace64 ] failed to find symbol memmove in /system/lib64/liblog.so
[ 2026-02-11T13:11:33.239        0:  1338:  1338 E/zygisk-elfutil64 ] Cannot load symtabs: .symtab section or its string table not found/valid.
[ 2026-02-11T13:11:33.239        0:  1338:  1338 E/zygisk-elfutil64 ] Failed to load symtabs for linear lookup of memmove
[ 2026-02-11T13:11:33.239        0:  1338:  1338 E/zygisk-ptrace64 ] failed to find symbol memmove in /apex/com.android.runtime/lib64/bionic/libm.so
[ 2026-02-11T13:11:33.239        0:  1338:  1338 E/zygisk-elfutil64 ] Cannot load symtabs: .symtab section or its string table not found/valid.
[ 2026-02-11T13:11:33.239        0:  1338:  1338 E/zygisk-elfutil64 ] Failed to load symtabs for linear lookup of memmove
[ 2026-02-11T13:11:33.239        0:  1338:  1338 E/zygisk-ptrace64 ] failed to find symbol memmove in /apex/com.android.runtime/lib64/bionic/libdl.so
[ 2026-02-11T13:11:33.239        0:  1338:  1338 E/zygisk-elfutil64 ] Cannot load symtabs: .symtab section or its string table not found/valid.
[ 2026-02-11T13:11:33.239        0:  1338:  1338 E/zygisk-elfutil64 ] Failed to load symtabs for linear lookup of memset
[ 2026-02-11T13:11:33.239        0:  1338:  1338 E/zygisk-ptrace64 ] failed to find symbol memset in /system/lib64/liblog.so
[ 2026-02-11T13:11:33.239        0:  1338:  1338 E/zygisk-elfutil64 ] Cannot load symtabs: .symtab section or its string table not found/valid.
[ 2026-02-11T13:11:33.239        0:  1338:  1338 E/zygisk-elfutil64 ] Failed to load symtabs for linear lookup of memset
[ 2026-02-11T13:11:33.239        0:  1338:  1338 E/zygisk-ptrace64 ] failed to find symbol memset in /apex/com.android.runtime/lib64/bionic/libm.so
[ 2026-02-11T13:11:33.239        0:  1338:  1338 E/zygisk-elfutil64 ] Cannot load symtabs: .symtab section or its string table not found/valid.
[ 2026-02-11T13:11:33.239        0:  1338:  1338 E/zygisk-elfutil64 ] Failed to load symtabs for linear lookup of memset
[ 2026-02-11T13:11:33.240        0:  1338:  1338 I/zygisk-ptrace64 ] remote mapped /data/adb/modules/rezygisk/lib64/libzygisk.so at 0x7f55de7000 (size 118784), entry 0x7f55deab54
[ 2026-02-11T13:11:33.248        0:  1338:  1338 I/zygisk-ptrace64 ] process 1334 stopped by SIGCHLD, continue
[ 2026-02-11T13:11:33.306        0:  1052:  1052 I/zygisk-ptrace64 ] Received Zygote64 injected command
[ 2026-02-11T13:11:33.306        0:  1052:  1052 I/zygisk-ptrace64 ] status updated: Monitor: ✅, ReZygisk 64-bit: ✅, ReZygisk 32-bit: ⚠️
[ 2026-02-11T13:11:33.398        0:  1341:  1341 E/zygisk-elfutil32 ] Cannot load symtabs: .symtab section or its string table not found/valid.
[ 2026-02-11T13:11:33.398        0:  1341:  1341 E/zygisk-elfutil32 ] Failed to load symtabs for linear lookup of free
[ 2026-02-11T13:11:33.398        0:  1341:  1341 E/zygisk-ptrace32 ] failed to find symbol free in /system/lib/liblog.so
[ 2026-02-11T13:11:33.398        0:  1341:  1341 E/zygisk-elfutil32 ] Cannot load symtabs: .symtab section or its string table not found/valid.
[ 2026-02-11T13:11:33.398        0:  1341:  1341 E/zygisk-elfutil32 ] Failed to load symtabs for linear lookup of free
[ 2026-02-11T13:11:33.398        0:  1341:  1341 E/zygisk-ptrace32 ] failed to find symbol free in /apex/com.android.runtime/lib/bionic/libm.so
[ 2026-02-11T13:11:33.399        0:  1341:  1341 E/zygisk-elfutil32 ] Cannot load symtabs: .symtab section or its string table not found/valid.
[ 2026-02-11T13:11:33.399        0:  1341:  1341 E/zygisk-elfutil32 ] Failed to load symtabs for linear lookup of free
[ 2026-02-11T13:11:33.399        0:  1341:  1341 E/zygisk-ptrace32 ] failed to find symbol free in /apex/com.android.runtime/lib/bionic/libdl.so
[ 2026-02-11T13:11:33.399        0:  1341:  1341 E/zygisk-elfutil32 ] Cannot load symtabs: .symtab section or its string table not found/valid.
[ 2026-02-11T13:11:33.399        0:  1341:  1341 E/zygisk-elfutil32 ] Failed to load symtabs for linear lookup of __stack_chk_guard
[ 2026-02-11T13:11:33.399        0:  1341:  1341 E/zygisk-ptrace32 ] failed to find symbol __stack_chk_guard in /system/lib/liblog.so
[ 2026-02-11T13:11:33.399        0:  1341:  1341 E/zygisk-elfutil32 ] Cannot load symtabs: .symtab section or its string table not found/valid.
[ 2026-02-11T13:11:33.399        0:  1341:  1341 E/zygisk-elfutil32 ] Failed to load symtabs for linear lookup of __stack_chk_guard
[ 2026-02-11T13:11:33.399        0:  1341:  1341 E/zygisk-ptrace32 ] failed to find symbol __stack_chk_guard in /apex/com.android.runtime/lib/bionic/libm.so
[ 2026-02-11T13:11:33.399        0:  1341:  1341 E/zygisk-elfutil32 ] Cannot load symtabs: .symtab section or its string table not found/valid.
[ 2026-02-11T13:11:33.399        0:  1341:  1341 E/zygisk-elfutil32 ] Failed to load symtabs for linear lookup of __stack_chk_guard
[ 2026-02-11T13:11:33.399        0:  1341:  1341 E/zygisk-ptrace32 ] failed to find symbol __stack_chk_guard in /apex/com.android.runtime/lib/bionic/libdl.so
[ 2026-02-11T13:11:33.399        0:  1341:  1341 E/zygisk-elfutil32 ] Cannot load symtabs: .symtab section or its string table not found/valid.
[ 2026-02-11T13:11:33.399        0:  1341:  1341 E/zygisk-elfutil32 ] Failed to load symtabs for linear lookup of strncmp
[ 2026-02-11T13:11:33.399        0:  1341:  1341 E/zygisk-ptrace32 ] failed to find symbol strncmp in /system/lib/liblog.so
[ 2026-02-11T13:11:33.399        0:  1341:  1341 E/zygisk-elfutil32 ] Cannot load symtabs: .symtab section or its string table not found/valid.
[ 2026-02-11T13:11:33.399        0:  1341:  1341 E/zygisk-elfutil32 ] Failed to load symtabs for linear lookup of strncmp
[ 2026-02-11T13:11:33.399        0:  1341:  1341 E/zygisk-ptrace32 ] failed to find symbol strncmp in /apex/com.android.runtime/lib/bionic/libm.so
[ 2026-02-11T13:11:33.399        0:  1341:  1341 E/zygisk-elfutil32 ] Cannot load symtabs: .symtab section or its string table not found/valid.
[ 2026-02-11T13:11:33.399        0:  1341:  1341 E/zygisk-elfutil32 ] Failed to load symtabs for linear lookup of strncmp
[ 2026-02-11T13:11:33.399        0:  1341:  1341 E/zygisk-ptrace32 ] failed to find symbol strncmp in /apex/com.android.runtime/lib/bionic/libdl.so
[ 2026-02-11T13:11:33.399        0:  1341:  1341 E/zygisk-elfutil32 ] Cannot load symtabs: .symtab section or its string table not found/valid.
[ 2026-02-11T13:11:33.399        0:  1341:  1341 E/zygisk-elfutil32 ] Failed to load symtabs for linear lookup of access
[ 2026-02-11T13:11:33.399        0:  1341:  1341 E/zygisk-ptrace32 ] failed to find symbol access in /system/lib/liblog.so
[ 2026-02-11T13:11:33.399        0:  1341:  1341 E/zygisk-elfutil32 ] Cannot load symtabs: .symtab section or its string table not found/valid.
[ 2026-02-11T13:11:33.399        0:  1341:  1341 E/zygisk-elfutil32 ] Failed to load symtabs for linear lookup of access
[ 2026-02-11T13:11:33.399        0:  1341:  1341 E/zygisk-ptrace32 ] failed to find symbol access in /apex/com.android.runtime/lib/bionic/libm.so
[ 2026-02-11T13:11:33.399        0:  1341:  1341 E/zygisk-elfutil32 ] Cannot load symtabs: .symtab section or its string table not found/valid.
[ 2026-02-11T13:11:33.399        0:  1341:  1341 E/zygisk-elfutil32 ] Failed to load symtabs for linear lookup of access
[ 2026-02-11T13:11:33.399        0:  1341:  1341 E/zygisk-ptrace32 ] failed to find symbol access in /apex/com.android.runtime/lib/bionic/libdl.so
[ 2026-02-11T13:11:33.399        0:  1341:  1341 E/zygisk-elfutil32 ] Cannot load symtabs: .symtab section or its string table not found/valid.
[ 2026-02-11T13:11:33.399        0:  1341:  1341 E/zygisk-elfutil32 ] Failed to load symtabs for linear lookup of close
[ 2026-02-11T13:11:33.399        0:  1341:  1341 E/zygisk-ptrace32 ] failed to find symbol close in /system/lib/liblog.so
[ 2026-02-11T13:11:33.399        0:  1341:  1341 E/zygisk-elfutil32 ] Cannot load symtabs: .symtab section or its string table not found/valid.
[ 2026-02-11T13:11:33.399        0:  1341:  1341 E/zygisk-elfutil32 ] Failed to load symtabs for linear lookup of close
[ 2026-02-11T13:11:33.399        0:  1341:  1341 E/zygisk-ptrace32 ] failed to find symbol close in /apex/com.android.runtime/lib/bionic/libm.so
[ 2026-02-11T13:11:33.400        0:  1341:  1341 E/zygisk-elfutil32 ] Cannot load symtabs: .symtab section or its string table not found/valid.
[ 2026-02-11T13:11:33.400        0:  1341:  1341 E/zygisk-elfutil32 ] Failed to load symtabs for linear lookup of close
[ 2026-02-11T13:11:33.400        0:  1341:  1341 E/zygisk-ptrace32 ] failed to find symbol close in /apex/com.android.runtime/lib/bionic/libdl.so
[ 2026-02-11T13:11:33.400        0:  1341:  1341 E/zygisk-elfutil32 ] Cannot load symtabs: .symtab section or its string table not found/valid.
[ 2026-02-11T13:11:33.400        0:  1341:  1341 E/zygisk-elfutil32 ] Failed to load symtabs for linear lookup of gettid
[ 2026-02-11T13:11:33.400        0:  1341:  1341 E/zygisk-ptrace32 ] failed to find symbol gettid in /system/lib/liblog.so
[ 2026-02-11T13:11:33.400        0:  1341:  1341 E/zygisk-elfutil32 ] Cannot load symtabs: .symtab section or its string table not found/valid.
[ 2026-02-11T13:11:33.400        0:  1341:  1341 E/zygisk-elfutil32 ] Failed to load symtabs for linear lookup of gettid
[ 2026-02-11T13:11:33.400        0:  1341:  1341 E/zygisk-ptrace32 ] failed to find symbol gettid in /apex/com.android.runtime/lib/bionic/libm.so
[ 2026-02-11T13:11:33.400        0:  1341:  1341 E/zygisk-elfutil32 ] Cannot load symtabs: .symtab section or its string table not found/valid.
[ 2026-02-11T13:11:33.400        0:  1341:  1341 E/zygisk-elfutil32 ] Failed to load symtabs for linear lookup of gettid
[ 2026-02-11T13:11:33.400        0:  1341:  1341 E/zygisk-ptrace32 ] failed to find symbol gettid in /apex/com.android.runtime/lib/bionic/libdl.so
[ 2026-02-11T13:11:33.400        0:  1341:  1341 E/zygisk-elfutil32 ] Cannot load symtabs: .symtab section or its string table not found/valid.
[ 2026-02-11T13:11:33.400        0:  1341:  1341 E/zygisk-elfutil32 ] Failed to load symtabs for linear lookup of getpid
[ 2026-02-11T13:11:33.400        0:  1341:  1341 E/zygisk-ptrace32 ] failed to find symbol getpid in /system/lib/liblog.so
[ 2026-02-11T13:11:33.400        0:  1341:  1341 E/zygisk-elfutil32 ] Cannot load symtabs: .symtab section or its string table not found/valid.
[ 2026-02-11T13:11:33.400        0:  1341:  1341 E/zygisk-elfutil32 ] Failed to load symtabs for linear lookup of getpid
[ 2026-02-11T13:11:33.400        0:  1341:  1341 E/zygisk-ptrace32 ] failed to find symbol getpid in /apex/com.android.runtime/lib/bionic/libm.so
[ 2026-02-11T13:11:33.400        0:  1341:  1341 E/zygisk-elfutil32 ] Cannot load symtabs: .symtab section or its string table not found/valid.
[ 2026-02-11T13:11:33.400        0:  1341:  1341 E/zygisk-elfutil32 ] Failed to load symtabs for linear lookup of getpid
[ 2026-02-11T13:11:33.400        0:  1341:  1341 E/zygisk-ptrace32 ] failed to find symbol getpid in /apex/com.android.runtime/lib/bionic/libdl.so
[ 2026-02-11T13:11:33.400        0:  1341:  1341 E/zygisk-elfutil32 ] Cannot load symtabs: .symtab section or its string table not found/valid.
[ 2026-02-11T13:11:33.400        0:  1341:  1341 E/zygisk-elfutil32 ] Failed to load symtabs for linear lookup of free
[ 2026-02-11T13:11:33.400        0:  1341:  1341 E/zygisk-ptrace32 ] failed to find symbol free in /system/lib/liblog.so
[ 2026-02-11T13:11:33.400        0:  1341:  1341 E/zygisk-elfutil32 ] Cannot load symtabs: .symtab section or its string table not found/valid.
[ 2026-02-11T13:11:33.400        0:  1341:  1341 E/zygisk-elfutil32 ] Failed to load symtabs for linear lookup of free
[ 2026-02-11T13:11:33.400        0:  1341:  1341 E/zygisk-ptrace32 ] failed to find symbol free in /apex/com.android.runtime/lib/bionic/libm.so
[ 2026-02-11T13:11:33.400        0:  1341:  1341 E/zygisk-elfutil32 ] Cannot load symtabs: .symtab section or its string table not found/valid.
[ 2026-02-11T13:11:33.400        0:  1341:  1341 E/zygisk-elfutil32 ] Failed to load symtabs for linear lookup of free
[ 2026-02-11T13:11:33.400        0:  1341:  1341 E/zygisk-ptrace32 ] failed to find symbol free in /apex/com.android.runtime/lib/bionic/libdl.so
[ 2026-02-11T13:11:33.400        0:  1341:  1341 E/zygisk-elfutil32 ] Cannot load symtabs: .symtab section or its string table not found/valid.
[ 2026-02-11T13:11:33.400        0:  1341:  1341 E/zygisk-elfutil32 ] Failed to load symtabs for linear lookup of munmap
[ 2026-02-11T13:11:33.400        0:  1341:  1341 E/zygisk-ptrace32 ] failed to find symbol munmap in /system/lib/liblog.so
[ 2026-02-11T13:11:33.400        0:  1341:  1341 E/zygisk-elfutil32 ] Cannot load symtabs: .symtab section or its string table not found/valid.
[ 2026-02-11T13:11:33.400        0:  1341:  1341 E/zygisk-elfutil32 ] Failed to load symtabs for linear lookup of munmap
[ 2026-02-11T13:11:33.400        0:  1341:  1341 E/zygisk-ptrace32 ] failed to find symbol munmap in /apex/com.android.runtime/lib/bionic/libm.so
[ 2026-02-11T13:11:33.400        0:  1341:  1341 E/zygisk-elfutil32 ] Cannot load symtabs: .symtab section or its string table not found/valid.
[ 2026-02-11T13:11:33.400        0:  1341:  1341 E/zygisk-elfutil32 ] Failed to load symtabs for linear lookup of munmap
[ 2026-02-11T13:11:33.400        0:  1341:  1341 E/zygisk-ptrace32 ] failed to find symbol munmap in /apex/com.android.runtime/lib/bionic/libdl.so
[ 2026-02-11T13:11:33.401        0:  1341:  1341 E/zygisk-elfutil32 ] Cannot load symtabs: .symtab section or its string table not found/valid.
[ 2026-02-11T13:11:33.401        0:  1341:  1341 E/zygisk-elfutil32 ] Failed to load symtabs for linear lookup of strcmp
[ 2026-02-11T13:11:33.401        0:  1341:  1341 E/zygisk-ptrace32 ] failed to find symbol strcmp in /system/lib/liblog.so
[ 2026-02-11T13:11:33.401        0:  1341:  1341 E/zygisk-elfutil32 ] Cannot load symtabs: .symtab section or its string table not found/valid.
[ 2026-02-11T13:11:33.401        0:  1341:  1341 E/zygisk-elfutil32 ] Failed to load symtabs for linear lookup of strcmp
[ 2026-02-11T13:11:33.401        0:  1341:  1341 E/zygisk-ptrace32 ] failed to find symbol strcmp in /apex/com.android.runtime/lib/bionic/libm.so
[ 2026-02-11T13:11:33.401        0:  1341:  1341 E/zygisk-elfutil32 ] Cannot load symtabs: .symtab section or its string table not found/valid.
[ 2026-02-11T13:11:33.401        0:  1341:  1341 E/zygisk-elfutil32 ] Failed to load symtabs for linear lookup of strcmp
[ 2026-02-11T13:11:33.401        0:  1341:  1341 E/zygisk-ptrace32 ] failed to find symbol strcmp in /apex/com.android.runtime/lib/bionic/libdl.so
[ 2026-02-11T13:11:33.401        0:  1341:  1341 E/zygisk-elfutil32 ] Cannot load symtabs: .symtab section or its string table not found/valid.
[ 2026-02-11T13:11:33.401        0:  1341:  1341 E/zygisk-elfutil32 ] Failed to load symtabs for linear lookup of strstr
[ 2026-02-11T13:11:33.401        0:  1341:  1341 E/zygisk-ptrace32 ] failed to find symbol strstr in /system/lib/liblog.so
[ 2026-02-11T13:11:33.401        0:  1341:  1341 E/zygisk-elfutil32 ] Cannot load symtabs: .symtab section or its string table not found/valid.
[ 2026-02-11T13:11:33.401        0:  1341:  1341 E/zygisk-elfutil32 ] Failed to load symtabs for linear lookup of strstr
[ 2026-02-11T13:11:33.401        0:  1341:  1341 E/zygisk-ptrace32 ] failed to find symbol strstr in /apex/com.android.runtime/lib/bionic/libm.so
[ 2026-02-11T13:11:33.401        0:  1341:  1341 E/zygisk-elfutil32 ] Cannot load symtabs: .symtab section or its string table not found/valid.
[ 2026-02-11T13:11:33.401        0:  1341:  1341 E/zygisk-elfutil32 ] Failed to load symtabs for linear lookup of strstr
[ 2026-02-11T13:11:33.401        0:  1341:  1341 E/zygisk-ptrace32 ] failed to find symbol strstr in /apex/com.android.runtime/lib/bionic/libdl.so
[ 2026-02-11T13:11:33.401        0:  1341:  1341 E/zygisk-elfutil32 ] Cannot load symtabs: .symtab section or its string table not found/valid.
[ 2026-02-11T13:11:33.401        0:  1341:  1341 E/zygisk-elfutil32 ] Failed to load symtabs for linear lookup of dlsym
[ 2026-02-11T13:11:33.401        0:  1341:  1341 E/zygisk-ptrace32 ] failed to find symbol dlsym in /system/lib/liblog.so
[ 2026-02-11T13:11:33.401        0:  1341:  1341 E/zygisk-elfutil32 ] Cannot load symtabs: .symtab section or its string table not found/valid.
[ 2026-02-11T13:11:33.401        0:  1341:  1341 E/zygisk-elfutil32 ] Failed to load symtabs for linear lookup of dlsym
[ 2026-02-11T13:11:33.401        0:  1341:  1341 E/zygisk-ptrace32 ] failed to find symbol dlsym in /apex/com.android.runtime/lib/bionic/libm.so
[ 2026-02-11T13:11:33.401        0:  1341:  1341 E/zygisk-elfutil32 ] Cannot load symtabs: .symtab section or its string table not found/valid.
[ 2026-02-11T13:11:33.401        0:  1341:  1341 E/zygisk-elfutil32 ] Failed to load symtabs for linear lookup of dlopen
[ 2026-02-11T13:11:33.401        0:  1341:  1341 E/zygisk-ptrace32 ] failed to find symbol dlopen in /system/lib/liblog.so
[ 2026-02-11T13:11:33.401        0:  1341:  1341 E/zygisk-elfutil32 ] Cannot load symtabs: .symtab section or its string table not found/valid.
[ 2026-02-11T13:11:33.401        0:  1341:  1341 E/zygisk-elfutil32 ] Failed to load symtabs for linear lookup of dlopen
[ 2026-02-11T13:11:33.401        0:  1341:  1341 E/zygisk-ptrace32 ] failed to find symbol dlopen in /apex/com.android.runtime/lib/bionic/libm.so
[ 2026-02-11T13:11:33.401        0:  1341:  1341 E/zygisk-elfutil32 ] Cannot load symtabs: .symtab section or its string table not found/valid.
[ 2026-02-11T13:11:33.401        0:  1341:  1341 E/zygisk-elfutil32 ] Failed to load symtabs for linear lookup of dlerror
[ 2026-02-11T13:11:33.401        0:  1341:  1341 E/zygisk-ptrace32 ] failed to find symbol dlerror in /system/lib/liblog.so
[ 2026-02-11T13:11:33.401        0:  1341:  1341 E/zygisk-elfutil32 ] Cannot load symtabs: .symtab section or its string table not found/valid.
[ 2026-02-11T13:11:33.401        0:  1341:  1341 E/zygisk-elfutil32 ] Failed to load symtabs for linear lookup of dlerror
[ 2026-02-11T13:11:33.401        0:  1341:  1341 E/zygisk-ptrace32 ] failed to find symbol dlerror in /apex/com.android.runtime/lib/bionic/libm.so
[ 2026-02-11T13:11:33.401        0:  1341:  1341 E/zygisk-elfutil32 ] Cannot load symtabs: .symtab section or its string table not found/valid.
[ 2026-02-11T13:11:33.401        0:  1341:  1341 E/zygisk-elfutil32 ] Failed to load symtabs for linear lookup of dlclose
[ 2026-02-11T13:11:33.401        0:  1341:  1341 E/zygisk-ptrace32 ] failed to find symbol dlclose in /system/lib/liblog.so
[ 2026-02-11T13:11:33.401        0:  1341:  1341 E/zygisk-elfutil32 ] Cannot load symtabs: .symtab section or its string table not found/valid.
[ 2026-02-11T13:11:33.401        0:  1341:  1341 E/zygisk-elfutil32 ] Failed to load symtabs for linear lookup of dlclose
[ 2026-02-11T13:11:33.401        0:  1341:  1341 E/zygisk-ptrace32 ] failed to find symbol dlclose in /apex/com.android.runtime/lib/bionic/libm.so
[ 2026-02-11T13:11:33.401        0:  1341:  1341 E/zygisk-elfutil32 ] Cannot load symtabs: .symtab section or its string table not found/valid.
[ 2026-02-11T13:11:33.402        0:  1341:  1341 E/zygisk-elfutil32 ] Failed to load symtabs for linear lookup of pthread_mutex_init
[ 2026-02-11T13:11:33.402        0:  1341:  1341 E/zygisk-ptrace32 ] failed to find symbol pthread_mutex_init in /system/lib/liblog.so
[ 2026-02-11T13:11:33.402        0:  1341:  1341 E/zygisk-elfutil32 ] Cannot load symtabs: .symtab section or its string table not found/valid.
[ 2026-02-11T13:11:33.402        0:  1341:  1341 E/zygisk-elfutil32 ] Failed to load symtabs for linear lookup of pthread_mutex_init
[ 2026-02-11T13:11:33.402        0:  1341:  1341 E/zygisk-ptrace32 ] failed to find symbol pthread_mutex_init in /apex/com.android.runtime/lib/bionic/libm.so
[ 2026-02-11T13:11:33.402        0:  1341:  1341 E/zygisk-elfutil32 ] Cannot load symtabs: .symtab section or its string table not found/valid.
[ 2026-02-11T13:11:33.402        0:  1341:  1341 E/zygisk-elfutil32 ] Failed to load symtabs for linear lookup of pthread_mutex_init
[ 2026-02-11T13:11:33.402        0:  1341:  1341 E/zygisk-ptrace32 ] failed to find symbol pthread_mutex_init in /apex/com.android.runtime/lib/bionic/libdl.so
[ 2026-02-11T13:11:33.402        0:  1341:  1341 E/zygisk-elfutil32 ] Cannot load symtabs: .symtab section or its string table not found/valid.
[ 2026-02-11T13:11:33.402        0:  1341:  1341 E/zygisk-elfutil32 ] Failed to load symtabs for linear lookup of opendir
[ 2026-02-11T13:11:33.402        0:  1341:  1341 E/zygisk-ptrace32 ] failed to find symbol opendir in /system/lib/liblog.so
[ 2026-02-11T13:11:33.402        0:  1341:  1341 E/zygisk-elfutil32 ] Cannot load symtabs: .symtab section or its string table not found/valid.
[ 2026-02-11T13:11:33.402        0:  1341:  1341 E/zygisk-elfutil32 ] Failed to load symtabs for linear lookup of opendir
[ 2026-02-11T13:11:33.402        0:  1341:  1341 E/zygisk-ptrace32 ] failed to find symbol opendir in /apex/com.android.runtime/lib/bionic/libm.so
[ 2026-02-11T13:11:33.402        0:  1341:  1341 E/zygisk-elfutil32 ] Cannot load symtabs: .symtab section or its string table not found/valid.
[ 2026-02-11T13:11:33.402        0:  1341:  1341 E/zygisk-elfutil32 ] Failed to load symtabs for linear lookup of opendir
[ 2026-02-11T13:11:33.402        0:  1341:  1341 E/zygisk-ptrace32 ] failed to find symbol opendir in /apex/com.android.runtime/lib/bionic/libdl.so
[ 2026-02-11T13:11:33.402        0:  1341:  1341 E/zygisk-elfutil32 ] Cannot load symtabs: .symtab section or its string table not found/valid.
[ 2026-02-11T13:11:33.402        0:  1341:  1341 E/zygisk-elfutil32 ] Failed to load symtabs for linear lookup of __errno
[ 2026-02-11T13:11:33.402        0:  1341:  1341 E/zygisk-ptrace32 ] failed to find symbol __errno in /system/lib/liblog.so
[ 2026-02-11T13:11:33.402        0:  1341:  1341 E/zygisk-elfutil32 ] Cannot load symtabs: .symtab section or its string table not found/valid.
[ 2026-02-11T13:11:33.402        0:  1341:  1341 E/zygisk-elfutil32 ] Failed to load symtabs for linear lookup of __errno
[ 2026-02-11T13:11:33.402        0:  1341:  1341 E/zygisk-ptrace32 ] failed to find symbol __errno in /apex/com.android.runtime/lib/bionic/libm.so
[ 2026-02-11T13:11:33.402        0:  1341:  1341 E/zygisk-elfutil32 ] Cannot load symtabs: .symtab section or its string table not found/valid.
[ 2026-02-11T13:11:33.402        0:  1341:  1341 E/zygisk-elfutil32 ] Failed to load symtabs for linear lookup of __errno
[ 2026-02-11T13:11:33.402        0:  1341:  1341 E/zygisk-ptrace32 ] failed to find symbol __errno in /apex/com.android.runtime/lib/bionic/libdl.so
[ 2026-02-11T13:11:33.402        0:  1341:  1341 E/zygisk-elfutil32 ] Cannot load symtabs: .symtab section or its string table not found/valid.
[ 2026-02-11T13:11:33.402        0:  1341:  1341 E/zygisk-elfutil32 ] Failed to load symtabs for linear lookup of strerror
[ 2026-02-11T13:11:33.402        0:  1341:  1341 E/zygisk-ptrace32 ] failed to find symbol strerror in /system/lib/liblog.so
[ 2026-02-11T13:11:33.402        0:  1341:  1341 E/zygisk-elfutil32 ] Cannot load symtabs: .symtab section or its string table not found/valid.
[ 2026-02-11T13:11:33.402        0:  1341:  1341 E/zygisk-elfutil32 ] Failed to load symtabs for linear lookup of strerror
[ 2026-02-11T13:11:33.402        0:  1341:  1341 E/zygisk-ptrace32 ] failed to find symbol strerror in /apex/com.android.runtime/lib/bionic/libm.so
[ 2026-02-11T13:11:33.402        0:  1341:  1341 E/zygisk-elfutil32 ] Cannot load symtabs: .symtab section or its string table not found/valid.
[ 2026-02-11T13:11:33.402        0:  1341:  1341 E/zygisk-elfutil32 ] Failed to load symtabs for linear lookup of strerror
[ 2026-02-11T13:11:33.402        0:  1341:  1341 E/zygisk-ptrace32 ] failed to find symbol strerror in /apex/com.android.runtime/lib/bionic/libdl.so
[ 2026-02-11T13:11:33.402        0:  1341:  1341 E/zygisk-elfutil32 ] Cannot load symtabs: .symtab section or its string table not found/valid.
[ 2026-02-11T13:11:33.402        0:  1341:  1341 E/zygisk-elfutil32 ] Failed to load symtabs for linear lookup of readdir
[ 2026-02-11T13:11:33.402        0:  1341:  1341 E/zygisk-ptrace32 ] failed to find symbol readdir in /system/lib/liblog.so
[ 2026-02-11T13:11:33.402        0:  1341:  1341 E/zygisk-elfutil32 ] Cannot load symtabs: .symtab section or its string table not found/valid.
[ 2026-02-11T13:11:33.403        0:  1341:  1341 E/zygisk-elfutil32 ] Failed to load symtabs for linear lookup of readdir
[ 2026-02-11T13:11:33.403        0:  1341:  1341 E/zygisk-ptrace32 ] failed to find symbol readdir in /apex/com.android.runtime/lib/bionic/libm.so
[ 2026-02-11T13:11:33.403        0:  1341:  1341 E/zygisk-elfutil32 ] Cannot load symtabs: .symtab section or its string table not found/valid.
[ 2026-02-11T13:11:33.403        0:  1341:  1341 E/zygisk-elfutil32 ] Failed to load symtabs for linear lookup of readdir
[ 2026-02-11T13:11:33.403        0:  1341:  1341 E/zygisk-ptrace32 ] failed to find symbol readdir in /apex/com.android.runtime/lib/bionic/libdl.so
[ 2026-02-11T13:11:33.403        0:  1341:  1341 E/zygisk-elfutil32 ] Cannot load symtabs: .symtab section or its string table not found/valid.
[ 2026-02-11T13:11:33.403        0:  1341:  1341 E/zygisk-elfutil32 ] Failed to load symtabs for linear lookup of dirfd
[ 2026-02-11T13:11:33.403        0:  1341:  1341 E/zygisk-ptrace32 ] failed to find symbol dirfd in /system/lib/liblog.so
[ 2026-02-11T13:11:33.403        0:  1341:  1341 E/zygisk-elfutil32 ] Cannot load symtabs: .symtab section or its string table not found/valid.
[ 2026-02-11T13:11:33.403        0:  1341:  1341 E/zygisk-elfutil32 ] Failed to load symtabs for linear lookup of dirfd
[ 2026-02-11T13:11:33.403        0:  1341:  1341 E/zygisk-ptrace32 ] failed to find symbol dirfd in /apex/com.android.runtime/lib/bionic/libm.so
[ 2026-02-11T13:11:33.403        0:  1341:  1341 E/zygisk-elfutil32 ] Cannot load symtabs: .symtab section or its string table not found/valid.
[ 2026-02-11T13:11:33.403        0:  1341:  1341 E/zygisk-elfutil32 ] Failed to load symtabs for linear lookup of dirfd
[ 2026-02-11T13:11:33.403        0:  1341:  1341 E/zygisk-ptrace32 ] failed to find symbol dirfd in /apex/com.android.runtime/lib/bionic/libdl.so
[ 2026-02-11T13:11:33.403        0:  1341:  1341 E/zygisk-elfutil32 ] Cannot load symtabs: .symtab section or its string table not found/valid.
[ 2026-02-11T13:11:33.403        0:  1341:  1341 E/zygisk-elfutil32 ] Failed to load symtabs for linear lookup of closedir
[ 2026-02-11T13:11:33.403        0:  1341:  1341 E/zygisk-ptrace32 ] failed to find symbol closedir in /system/lib/liblog.so
[ 2026-02-11T13:11:33.403        0:  1341:  1341 E/zygisk-elfutil32 ] Cannot load symtabs: .symtab section or its string table not found/valid.
[ 2026-02-11T13:11:33.403        0:  1341:  1341 E/zygisk-elfutil32 ] Failed to load symtabs for linear lookup of closedir
[ 2026-02-11T13:11:33.403        0:  1341:  1341 E/zygisk-ptrace32 ] failed to find symbol closedir in /apex/com.android.runtime/lib/bionic/libm.so
[ 2026-02-11T13:11:33.403        0:  1341:  1341 E/zygisk-elfutil32 ] Cannot load symtabs: .symtab section or its string table not found/valid.
[ 2026-02-11T13:11:33.403        0:  1341:  1341 E/zygisk-elfutil32 ] Failed to load symtabs for linear lookup of closedir
[ 2026-02-11T13:11:33.403        0:  1341:  1341 E/zygisk-ptrace32 ] failed to find symbol closedir in /apex/com.android.runtime/lib/bionic/libdl.so
[ 2026-02-11T13:11:33.403        0:  1341:  1341 E/zygisk-elfutil32 ] Cannot load symtabs: .symtab section or its string table not found/valid.
[ 2026-02-11T13:11:33.403        0:  1341:  1341 E/zygisk-elfutil32 ] Failed to load symtabs for linear lookup of sigemptyset
[ 2026-02-11T13:11:33.403        0:  1341:  1341 E/zygisk-ptrace32 ] failed to find symbol sigemptyset in /system/lib/liblog.so
[ 2026-02-11T13:11:33.403        0:  1341:  1341 E/zygisk-elfutil32 ] Cannot load symtabs: .symtab section or its string table not found/valid.
[ 2026-02-11T13:11:33.403        0:  1341:  1341 E/zygisk-elfutil32 ] Failed to load symtabs for linear lookup of sigemptyset
[ 2026-02-11T13:11:33.403        0:  1341:  1341 E/zygisk-ptrace32 ] failed to find symbol sigemptyset in /apex/com.android.runtime/lib/bionic/libm.so
[ 2026-02-11T13:11:33.403        0:  1341:  1341 E/zygisk-elfutil32 ] Cannot load symtabs: .symtab section or its string table not found/valid.
[ 2026-02-11T13:11:33.403        0:  1341:  1341 E/zygisk-elfutil32 ] Failed to load symtabs for linear lookup of sigemptyset
[ 2026-02-11T13:11:33.403        0:  1341:  1341 E/zygisk-ptrace32 ] failed to find symbol sigemptyset in /apex/com.android.runtime/lib/bionic/libdl.so
[ 2026-02-11T13:11:33.403        0:  1341:  1341 E/zygisk-elfutil32 ] Cannot load symtabs: .symtab section or its string table not found/valid.
[ 2026-02-11T13:11:33.403        0:  1341:  1341 E/zygisk-elfutil32 ] Failed to load symtabs for linear lookup of sigaddset
[ 2026-02-11T13:11:33.403        0:  1341:  1341 E/zygisk-ptrace32 ] failed to find symbol sigaddset in /system/lib/liblog.so
[ 2026-02-11T13:11:33.403        0:  1341:  1341 E/zygisk-elfutil32 ] Cannot load symtabs: .symtab section or its string table not found/valid.
[ 2026-02-11T13:11:33.403        0:  1341:  1341 E/zygisk-elfutil32 ] Failed to load symtabs for linear lookup of sigaddset
[ 2026-02-11T13:11:33.403        0:  1341:  1341 E/zygisk-ptrace32 ] failed to find symbol sigaddset in /apex/com.android.runtime/lib/bionic/libm.so
[ 2026-02-11T13:11:33.403        0:  1341:  1341 E/zygisk-elfutil32 ] Cannot load symtabs: .symtab section or its string table not found/valid.
[ 2026-02-11T13:11:33.403        0:  1341:  1341 E/zygisk-elfutil32 ] Failed to load symtabs for linear lookup of sigaddset
[ 2026-02-11T13:11:33.403        0:  1341:  1341 E/zygisk-ptrace32 ] failed to find symbol sigaddset in /apex/com.android.runtime/lib/bionic/libdl.so
[ 2026-02-11T13:11:33.404        0:  1341:  1341 E/zygisk-elfutil32 ] Cannot load symtabs: .symtab section or its string table not found/valid.
[ 2026-02-11T13:11:33.404        0:  1341:  1341 E/zygisk-elfutil32 ] Failed to load symtabs for linear lookup of sigprocmask
[ 2026-02-11T13:11:33.404        0:  1341:  1341 E/zygisk-ptrace32 ] failed to find symbol sigprocmask in /system/lib/liblog.so
[ 2026-02-11T13:11:33.404        0:  1341:  1341 E/zygisk-elfutil32 ] Cannot load symtabs: .symtab section or its string table not found/valid.
[ 2026-02-11T13:11:33.404        0:  1341:  1341 E/zygisk-elfutil32 ] Failed to load symtabs for linear lookup of sigprocmask
[ 2026-02-11T13:11:33.404        0:  1341:  1341 E/zygisk-ptrace32 ] failed to find symbol sigprocmask in /apex/com.android.runtime/lib/bionic/libm.so
[ 2026-02-11T13:11:33.404        0:  1341:  1341 E/zygisk-elfutil32 ] Cannot load symtabs: .symtab section or its string table not found/valid.
[ 2026-02-11T13:11:33.404        0:  1341:  1341 E/zygisk-elfutil32 ] Failed to load symtabs for linear lookup of sigprocmask
[ 2026-02-11T13:11:33.404        0:  1341:  1341 E/zygisk-ptrace32 ] failed to find symbol sigprocmask in /apex/com.android.runtime/lib/bionic/libdl.so
[ 2026-02-11T13:11:33.404        0:  1341:  1341 E/zygisk-elfutil32 ] Cannot load symtabs: .symtab section or its string table not found/valid.
[ 2026-02-11T13:11:33.404        0:  1341:  1341 E/zygisk-elfutil32 ] Failed to load symtabs for linear lookup of stat
[ 2026-02-11T13:11:33.404        0:  1341:  1341 E/zygisk-ptrace32 ] failed to find symbol stat in /system/lib/liblog.so
[ 2026-02-11T13:11:33.404        0:  1341:  1341 E/zygisk-elfutil32 ] Cannot load symtabs: .symtab section or its string table not found/valid.
[ 2026-02-11T13:11:33.404        0:  1341:  1341 E/zygisk-elfutil32 ] Failed to load symtabs for linear lookup of stat
[ 2026-02-11T13:11:33.404        0:  1341:  1341 E/zygisk-ptrace32 ] failed to find symbol stat in /apex/com.android.runtime/lib/bionic/libm.so
[ 2026-02-11T13:11:33.404        0:  1341:  1341 E/zygisk-elfutil32 ] Cannot load symtabs: .symtab section or its string table not found/valid.
[ 2026-02-11T13:11:33.404        0:  1341:  1341 E/zygisk-elfutil32 ] Failed to load symtabs for linear lookup of stat
[ 2026-02-11T13:11:33.404        0:  1341:  1341 E/zygisk-ptrace32 ] failed to find symbol stat in /apex/com.android.runtime/lib/bionic/libdl.so
[ 2026-02-11T13:11:33.404        0:  1341:  1341 E/zygisk-elfutil32 ] Cannot load symtabs: .symtab section or its string table not found/valid.
[ 2026-02-11T13:11:33.404        0:  1341:  1341 E/zygisk-elfutil32 ] Failed to load symtabs for linear lookup of setenv
[ 2026-02-11T13:11:33.404        0:  1341:  1341 E/zygisk-ptrace32 ] failed to find symbol setenv in /system/lib/liblog.so
[ 2026-02-11T13:11:33.404        0:  1341:  1341 E/zygisk-elfutil32 ] Cannot load symtabs: .symtab section or its string table not found/valid.
[ 2026-02-11T13:11:33.404        0:  1341:  1341 E/zygisk-elfutil32 ] Failed to load symtabs for linear lookup of setenv
[ 2026-02-11T13:11:33.404        0:  1341:  1341 E/zygisk-ptrace32 ] failed to find symbol setenv in /apex/com.android.runtime/lib/bionic/libm.so
[ 2026-02-11T13:11:33.404        0:  1341:  1341 E/zygisk-elfutil32 ] Cannot load symtabs: .symtab section or its string table not found/valid.
[ 2026-02-11T13:11:33.404        0:  1341:  1341 E/zygisk-elfutil32 ] Failed to load symtabs for linear lookup of setenv
[ 2026-02-11T13:11:33.404        0:  1341:  1341 E/zygisk-ptrace32 ] failed to find symbol setenv in /apex/com.android.runtime/lib/bionic/libdl.so
[ 2026-02-11T13:11:33.409        0:  1341:  1341 E/zygisk-elfutil32 ] Cannot load symtabs: .symtab section or its string table not found/valid.
[ 2026-02-11T13:11:33.409        0:  1341:  1341 E/zygisk-elfutil32 ] Failed to load symtabs for linear lookup of setns
[ 2026-02-11T13:11:33.409        0:  1341:  1341 E/zygisk-ptrace32 ] failed to find symbol setns in /system/lib/liblog.so
[ 2026-02-11T13:11:33.409        0:  1341:  1341 E/zygisk-elfutil32 ] Cannot load symtabs: .symtab section or its string table not found/valid.
[ 2026-02-11T13:11:33.409        0:  1341:  1341 E/zygisk-elfutil32 ] Failed to load symtabs for linear lookup of setns
[ 2026-02-11T13:11:33.409        0:  1341:  1341 E/zygisk-ptrace32 ] failed to find symbol setns in /apex/com.android.runtime/lib/bionic/libm.so
[ 2026-02-11T13:11:33.409        0:  1341:  1341 E/zygisk-elfutil32 ] Cannot load symtabs: .symtab section or its string table not found/valid.
[ 2026-02-11T13:11:33.409        0:  1341:  1341 E/zygisk-elfutil32 ] Failed to load symtabs for linear lookup of setns
[ 2026-02-11T13:11:33.409        0:  1341:  1341 E/zygisk-ptrace32 ] failed to find symbol setns in /apex/com.android.runtime/lib/bionic/libdl.so
[ 2026-02-11T13:11:33.410        0:  1341:  1341 E/zygisk-elfutil32 ] Cannot load symtabs: .symtab section or its string table not found/valid.
[ 2026-02-11T13:11:33.410        0:  1341:  1341 E/zygisk-elfutil32 ] Failed to load symtabs for linear lookup of __open_2
[ 2026-02-11T13:11:33.410        0:  1341:  1341 E/zygisk-ptrace32 ] failed to find symbol __open_2 in /system/lib/liblog.so
[ 2026-02-11T13:11:33.410        0:  1341:  1341 E/zygisk-elfutil32 ] Cannot load symtabs: .symtab section or its string table not found/valid.
[ 2026-02-11T13:11:33.410        0:  1341:  1341 E/zygisk-elfutil32 ] Failed to load symtabs for linear lookup of __open_2
[ 2026-02-11T13:11:33.410        0:  1341:  1341 E/zygisk-ptrace32 ] failed to find symbol __open_2 in /apex/com.android.runtime/lib/bionic/libm.so
[ 2026-02-11T13:11:33.410        0:  1341:  1341 E/zygisk-elfutil32 ] Cannot load symtabs: .symtab section or its string table not found/valid.
[ 2026-02-11T13:11:33.410        0:  1341:  1341 E/zygisk-elfutil32 ] Failed to load symtabs for linear lookup of __open_2
[ 2026-02-11T13:11:33.410        0:  1341:  1341 E/zygisk-ptrace32 ] failed to find symbol __open_2 in /apex/com.android.runtime/lib/bionic/libdl.so
[ 2026-02-11T13:11:33.410        0:  1341:  1341 E/zygisk-elfutil32 ] Cannot load symtabs: .symtab section or its string table not found/valid.
[ 2026-02-11T13:11:33.410        0:  1341:  1341 E/zygisk-elfutil32 ] Failed to load symtabs for linear lookup of pthread_mutex_destroy
[ 2026-02-11T13:11:33.410        0:  1341:  1341 E/zygisk-ptrace32 ] failed to find symbol pthread_mutex_destroy in /system/lib/liblog.so
[ 2026-02-11T13:11:33.410        0:  1341:  1341 E/zygisk-elfutil32 ] Cannot load symtabs: .symtab section or its string table not found/valid.
[ 2026-02-11T13:11:33.412        0:  1341:  1341 E/zygisk-elfutil32 ] Failed to load symtabs for linear lookup of pthread_mutex_destroy
[ 2026-02-11T13:11:33.412        0:  1341:  1341 E/zygisk-ptrace32 ] failed to find symbol pthread_mutex_destroy in /apex/com.android.runtime/lib/bionic/libm.so
[ 2026-02-11T13:11:33.412        0:  1341:  1341 E/zygisk-elfutil32 ] Cannot load symtabs: .symtab section or its string table not found/valid.
[ 2026-02-11T13:11:33.412        0:  1341:  1341 E/zygisk-elfutil32 ] Failed to load symtabs for linear lookup of pthread_mutex_destroy
[ 2026-02-11T13:11:33.412        0:  1341:  1341 E/zygisk-ptrace32 ] failed to find symbol pthread_mutex_destroy in /apex/com.android.runtime/lib/bionic/libdl.so
[ 2026-02-11T13:11:33.412        0:  1341:  1341 E/zygisk-elfutil32 ] Cannot load symtabs: .symtab section or its string table not found/valid.
[ 2026-02-11T13:11:33.412        0:  1341:  1341 E/zygisk-elfutil32 ] Failed to load symtabs for linear lookup of realloc
[ 2026-02-11T13:11:33.412        0:  1341:  1341 E/zygisk-ptrace32 ] failed to find symbol realloc in /system/lib/liblog.so
[ 2026-02-11T13:11:33.412        0:  1341:  1341 E/zygisk-elfutil32 ] Cannot load symtabs: .symtab section or its string table not found/valid.
[ 2026-02-11T13:11:33.412        0:  1341:  1341 E/zygisk-elfutil32 ] Failed to load symtabs for linear lookup of realloc
[ 2026-02-11T13:11:33.412        0:  1341:  1341 E/zygisk-ptrace32 ] failed to find symbol realloc in /apex/com.android.runtime/lib/bionic/libm.so
[ 2026-02-11T13:11:33.412        0:  1341:  1341 E/zygisk-elfutil32 ] Cannot load symtabs: .symtab section or its string table not found/valid.
[ 2026-02-11T13:11:33.412        0:  1341:  1341 E/zygisk-elfutil32 ] Failed to load symtabs for linear lookup of realloc
[ 2026-02-11T13:11:33.412        0:  1341:  1341 E/zygisk-ptrace32 ] failed to find symbol realloc in /apex/com.android.runtime/lib/bionic/libdl.so
[ 2026-02-11T13:11:33.413        0:  1341:  1341 E/zygisk-elfutil32 ] Cannot load symtabs: .symtab section or its string table not found/valid.
[ 2026-02-11T13:11:33.413        0:  1341:  1341 E/zygisk-elfutil32 ] Failed to load symtabs for linear lookup of strdup
[ 2026-02-11T13:11:33.413        0:  1341:  1341 E/zygisk-ptrace32 ] failed to find symbol strdup in /system/lib/liblog.so
[ 2026-02-11T13:11:33.413        0:  1341:  1341 E/zygisk-elfutil32 ] Cannot load symtabs: .symtab section or its string table not found/valid.
[ 2026-02-11T13:11:33.413        0:  1341:  1341 E/zygisk-elfutil32 ] Failed to load symtabs for linear lookup of strdup
[ 2026-02-11T13:11:33.413        0:  1341:  1341 E/zygisk-ptrace32 ] failed to find symbol strdup in /apex/com.android.runtime/lib/bionic/libm.so
[ 2026-02-11T13:11:33.413        0:  1341:  1341 E/zygisk-elfutil32 ] Cannot load symtabs: .symtab section or its string table not found/valid.
[ 2026-02-11T13:11:33.413        0:  1341:  1341 E/zygisk-elfutil32 ] Failed to load symtabs for linear lookup of strdup
[ 2026-02-11T13:11:33.413        0:  1341:  1341 E/zygisk-ptrace32 ] failed to find symbol strdup in /apex/com.android.runtime/lib/bionic/libdl.so
[ 2026-02-11T13:11:33.413        0:  1341:  1341 E/zygisk-elfutil32 ] Cannot load symtabs: .symtab section or its string table not found/valid.
[ 2026-02-11T13:11:33.413        0:  1341:  1341 E/zygisk-elfutil32 ] Failed to load symtabs for linear lookup of malloc
[ 2026-02-11T13:11:33.413        0:  1341:  1341 E/zygisk-ptrace32 ] failed to find symbol malloc in /system/lib/liblog.so
[ 2026-02-11T13:11:33.413        0:  1341:  1341 E/zygisk-elfutil32 ] Cannot load symtabs: .symtab section or its string table not found/valid.
[ 2026-02-11T13:11:33.413        0:  1341:  1341 E/zygisk-elfutil32 ] Failed to load symtabs for linear lookup of malloc
[ 2026-02-11T13:11:33.413        0:  1341:  1341 E/zygisk-ptrace32 ] failed to find symbol malloc in /apex/com.android.runtime/lib/bionic/libm.so
[ 2026-02-11T13:11:33.413        0:  1341:  1341 E/zygisk-elfutil32 ] Cannot load symtabs: .symtab section or its string table not found/valid.
[ 2026-02-11T13:11:33.413        0:  1341:  1341 E/zygisk-elfutil32 ] Failed to load symtabs for linear lookup of malloc
[ 2026-02-11T13:11:33.413        0:  1341:  1341 E/zygisk-ptrace32 ] failed to find symbol malloc in /apex/com.android.runtime/lib/bionic/libdl.so
[ 2026-02-11T13:11:33.413        0:  1341:  1341 E/zygisk-elfutil32 ] Cannot load symtabs: .symtab section or its string table not found/valid.
[ 2026-02-11T13:11:33.413        0:  1341:  1341 E/zygisk-elfutil32 ] Failed to load symtabs for linear lookup of regcomp
[ 2026-02-11T13:11:33.413        0:  1341:  1341 E/zygisk-ptrace32 ] failed to find symbol regcomp in /system/lib/liblog.so
[ 2026-02-11T13:11:33.413        0:  1341:  1341 E/zygisk-elfutil32 ] Cannot load symtabs: .symtab section or its string table not found/valid.
[ 2026-02-11T13:11:33.413        0:  1341:  1341 E/zygisk-elfutil32 ] Failed to load symtabs for linear lookup of regcomp
[ 2026-02-11T13:11:33.413        0:  1341:  1341 E/zygisk-ptrace32 ] failed to find symbol regcomp in /apex/com.android.runtime/lib/bionic/libm.so
[ 2026-02-11T13:11:33.413        0:  1341:  1341 E/zygisk-elfutil32 ] Cannot load symtabs: .symtab section or its string table not found/valid.
[ 2026-02-11T13:11:33.413        0:  1341:  1341 E/zygisk-elfutil32 ] Failed to load symtabs for linear lookup of regcomp
[ 2026-02-11T13:11:33.413        0:  1341:  1341 E/zygisk-ptrace32 ] failed to find symbol regcomp in /apex/com.android.runtime/lib/bionic/libdl.so
[ 2026-02-11T13:11:33.413        0:  1341:  1341 E/zygisk-elfutil32 ] Cannot load symtabs: .symtab section or its string table not found/valid.
[ 2026-02-11T13:11:33.413        0:  1341:  1341 E/zygisk-elfutil32 ] Failed to load symtabs for linear lookup of pthread_mutex_lock
[ 2026-02-11T13:11:33.413        0:  1341:  1341 E/zygisk-ptrace32 ] failed to find symbol pthread_mutex_lock in /system/lib/liblog.so
[ 2026-02-11T13:11:33.413        0:  1341:  1341 E/zygisk-elfutil32 ] Cannot load symtabs: .symtab section or its string table not found/valid.
[ 2026-02-11T13:11:33.413        0:  1341:  1341 E/zygisk-elfutil32 ] Failed to load symtabs for linear lookup of pthread_mutex_lock
[ 2026-02-11T13:11:33.414        0:  1341:  1341 E/zygisk-ptrace32 ] failed to find symbol pthread_mutex_lock in /apex/com.android.runtime/lib/bionic/libm.so
[ 2026-02-11T13:11:33.414        0:  1341:  1341 E/zygisk-elfutil32 ] Cannot load symtabs: .symtab section or its string table not found/valid.
[ 2026-02-11T13:11:33.414        0:  1341:  1341 E/zygisk-elfutil32 ] Failed to load symtabs for linear lookup of pthread_mutex_lock
[ 2026-02-11T13:11:33.414        0:  1341:  1341 E/zygisk-ptrace32 ] failed to find symbol pthread_mutex_lock in /apex/com.android.runtime/lib/bionic/libdl.so
[ 2026-02-11T13:11:33.414        0:  1341:  1341 E/zygisk-elfutil32 ] Cannot load symtabs: .symtab section or its string table not found/valid.
[ 2026-02-11T13:11:33.414        0:  1341:  1341 E/zygisk-elfutil32 ] Failed to load symtabs for linear lookup of pthread_mutex_unlock
[ 2026-02-11T13:11:33.414        0:  1341:  1341 E/zygisk-ptrace32 ] failed to find symbol pthread_mutex_unlock in /system/lib/liblog.so
[ 2026-02-11T13:11:33.414        0:  1341:  1341 E/zygisk-elfutil32 ] Cannot load symtabs: .symtab section or its string table not found/valid.
[ 2026-02-11T13:11:33.414        0:  1341:  1341 E/zygisk-elfutil32 ] Failed to load symtabs for linear lookup of pthread_mutex_unlock
[ 2026-02-11T13:11:33.414        0:  1341:  1341 E/zygisk-ptrace32 ] failed to find symbol pthread_mutex_unlock in /apex/com.android.runtime/lib/bionic/libm.so
[ 2026-02-11T13:11:33.414        0:  1341:  1341 E/zygisk-elfutil32 ] Cannot load symtabs: .symtab section or its string table not found/valid.
[ 2026-02-11T13:11:33.414        0:  1341:  1341 E/zygisk-elfutil32 ] Failed to load symtabs for linear lookup of pthread_mutex_unlock
[ 2026-02-11T13:11:33.414        0:  1341:  1341 E/zygisk-ptrace32 ] failed to find symbol pthread_mutex_unlock in /apex/com.android.runtime/lib/bionic/libdl.so
[ 2026-02-11T13:11:33.414        0:  1341:  1341 E/zygisk-elfutil32 ] Cannot load symtabs: .symtab section or its string table not found/valid.
[ 2026-02-11T13:11:33.414        0:  1341:  1341 E/zygisk-elfutil32 ] Failed to load symtabs for linear lookup of regexec
[ 2026-02-11T13:11:33.414        0:  1341:  1341 E/zygisk-ptrace32 ] failed to find symbol regexec in /system/lib/liblog.so
[ 2026-02-11T13:11:33.414        0:  1341:  1341 E/zygisk-elfutil32 ] Cannot load symtabs: .symtab section or its string table not found/valid.
[ 2026-02-11T13:11:33.414        0:  1341:  1341 E/zygisk-elfutil32 ] Failed to load symtabs for linear lookup of regexec
[ 2026-02-11T13:11:33.414        0:  1341:  1341 E/zygisk-ptrace32 ] failed to find symbol regexec in /apex/com.android.runtime/lib/bionic/libm.so
[ 2026-02-11T13:11:33.415        0:  1341:  1341 E/zygisk-elfutil32 ] Cannot load symtabs: .symtab section or its string table not found/valid.
[ 2026-02-11T13:11:33.415        0:  1341:  1341 E/zygisk-elfutil32 ] Failed to load symtabs for linear lookup of regexec
[ 2026-02-11T13:11:33.415        0:  1341:  1341 E/zygisk-ptrace32 ] failed to find symbol regexec in /apex/com.android.runtime/lib/bionic/libdl.so
[ 2026-02-11T13:11:33.415        0:  1341:  1341 E/zygisk-elfutil32 ] Cannot load symtabs: .symtab section or its string table not found/valid.
[ 2026-02-11T13:11:33.415        0:  1341:  1341 E/zygisk-elfutil32 ] Failed to load symtabs for linear lookup of regfree
[ 2026-02-11T13:11:33.415        0:  1341:  1341 E/zygisk-ptrace32 ] failed to find symbol regfree in /system/lib/liblog.so
[ 2026-02-11T13:11:33.415        0:  1341:  1341 E/zygisk-elfutil32 ] Cannot load symtabs: .symtab section or its string table not found/valid.
[ 2026-02-11T13:11:33.415        0:  1341:  1341 E/zygisk-elfutil32 ] Failed to load symtabs for linear lookup of regfree
[ 2026-02-11T13:11:33.415        0:  1341:  1341 E/zygisk-ptrace32 ] failed to find symbol regfree in /apex/com.android.runtime/lib/bionic/libm.so
[ 2026-02-11T13:11:33.415        0:  1341:  1341 E/zygisk-elfutil32 ] Cannot load symtabs: .symtab section or its string table not found/valid.
[ 2026-02-11T13:11:33.416        0:  1341:  1341 E/zygisk-elfutil32 ] Failed to load symtabs for linear lookup of regfree
[ 2026-02-11T13:11:33.416        0:  1341:  1341 E/zygisk-ptrace32 ] failed to find symbol regfree in /apex/com.android.runtime/lib/bionic/libdl.so
[ 2026-02-11T13:11:33.416        0:  1341:  1341 E/zygisk-elfutil32 ] Cannot load symtabs: .symtab section or its string table not found/valid.
[ 2026-02-11T13:11:33.416        0:  1341:  1341 E/zygisk-elfutil32 ] Failed to load symtabs for linear lookup of prctl
[ 2026-02-11T13:11:33.416        0:  1341:  1341 E/zygisk-ptrace32 ] failed to find symbol prctl in /system/lib/liblog.so
[ 2026-02-11T13:11:33.416        0:  1341:  1341 E/zygisk-elfutil32 ] Cannot load symtabs: .symtab section or its string table not found/valid.
[ 2026-02-11T13:11:33.416        0:  1341:  1341 E/zygisk-elfutil32 ] Failed to load symtabs for linear lookup of prctl
[ 2026-02-11T13:11:33.416        0:  1341:  1341 E/zygisk-ptrace32 ] failed to find symbol prctl in /apex/com.android.runtime/lib/bionic/libm.so
[ 2026-02-11T13:11:33.416        0:  1341:  1341 E/zygisk-elfutil32 ] Cannot load symtabs: .symtab section or its string table not found/valid.
[ 2026-02-11T13:11:33.416        0:  1341:  1341 E/zygisk-elfutil32 ] Failed to load symtabs for linear lookup of prctl
[ 2026-02-11T13:11:33.416        0:  1341:  1341 E/zygisk-ptrace32 ] failed to find symbol prctl in /apex/com.android.runtime/lib/bionic/libdl.so
[ 2026-02-11T13:11:33.416        0:  1341:  1341 E/zygisk-elfutil32 ] Cannot load symtabs: .symtab section or its string table not found/valid.
[ 2026-02-11T13:11:33.416        0:  1341:  1341 E/zygisk-elfutil32 ] Failed to load symtabs for linear lookup of syscall
[ 2026-02-11T13:11:33.416        0:  1341:  1341 E/zygisk-ptrace32 ] failed to find symbol syscall in /system/lib/liblog.so
[ 2026-02-11T13:11:33.416        0:  1341:  1341 E/zygisk-elfutil32 ] Cannot load symtabs: .symtab section or its string table not found/valid.
[ 2026-02-11T13:11:33.416        0:  1341:  1341 E/zygisk-elfutil32 ] Failed to load symtabs for linear lookup of syscall
[ 2026-02-11T13:11:33.416        0:  1341:  1341 E/zygisk-ptrace32 ] failed to find symbol syscall in /apex/com.android.runtime/lib/bionic/libm.so
[ 2026-02-11T13:11:33.416        0:  1341:  1341 E/zygisk-elfutil32 ] Cannot load symtabs: .symtab section or its string table not found/valid.
[ 2026-02-11T13:11:33.416        0:  1341:  1341 E/zygisk-elfutil32 ] Failed to load symtabs for linear lookup of syscall
[ 2026-02-11T13:11:33.416        0:  1341:  1341 E/zygisk-ptrace32 ] failed to find symbol syscall in /apex/com.android.runtime/lib/bionic/libdl.so
[ 2026-02-11T13:11:33.416        0:  1341:  1341 E/zygisk-elfutil32 ] Cannot load symtabs: .symtab section or its string table not found/valid.
[ 2026-02-11T13:11:33.416        0:  1341:  1341 E/zygisk-elfutil32 ] Failed to load symtabs for linear lookup of fopen
[ 2026-02-11T13:11:33.416        0:  1341:  1341 E/zygisk-ptrace32 ] failed to find symbol fopen in /system/lib/liblog.so
[ 2026-02-11T13:11:33.416        0:  1341:  1341 E/zygisk-elfutil32 ] Cannot load symtabs: .symtab section or its string table not found/valid.
[ 2026-02-11T13:11:33.416        0:  1341:  1341 E/zygisk-elfutil32 ] Failed to load symtabs for linear lookup of fopen
[ 2026-02-11T13:11:33.416        0:  1341:  1341 E/zygisk-ptrace32 ] failed to find symbol fopen in /apex/com.android.runtime/lib/bionic/libm.so
[ 2026-02-11T13:11:33.416        0:  1341:  1341 E/zygisk-elfutil32 ] Cannot load symtabs: .symtab section or its string table not found/valid.
[ 2026-02-11T13:11:33.416        0:  1341:  1341 E/zygisk-elfutil32 ] Failed to load symtabs for linear lookup of fopen
[ 2026-02-11T13:11:33.416        0:  1341:  1341 E/zygisk-ptrace32 ] failed to find symbol fopen in /apex/com.android.runtime/lib/bionic/libdl.so
[ 2026-02-11T13:11:33.416        0:  1341:  1341 E/zygisk-elfutil32 ] Cannot load symtabs: .symtab section or its string table not found/valid.
[ 2026-02-11T13:11:33.416        0:  1341:  1341 E/zygisk-elfutil32 ] Failed to load symtabs for linear lookup of fclose
[ 2026-02-11T13:11:33.416        0:  1341:  1341 E/zygisk-ptrace32 ] failed to find symbol fclose in /system/lib/liblog.so
[ 2026-02-11T13:11:33.416        0:  1341:  1341 E/zygisk-elfutil32 ] Cannot load symtabs: .symtab section or its string table not found/valid.
[ 2026-02-11T13:11:33.416        0:  1341:  1341 E/zygisk-elfutil32 ] Failed to load symtabs for linear lookup of fclose
[ 2026-02-11T13:11:33.416        0:  1341:  1341 E/zygisk-ptrace32 ] failed to find symbol fclose in /apex/com.android.runtime/lib/bionic/libm.so
[ 2026-02-11T13:11:33.417        0:  1341:  1341 E/zygisk-elfutil32 ] Cannot load symtabs: .symtab section or its string table not found/valid.
[ 2026-02-11T13:11:33.417        0:  1341:  1341 E/zygisk-elfutil32 ] Failed to load symtabs for linear lookup of fclose
[ 2026-02-11T13:11:33.417        0:  1341:  1341 E/zygisk-ptrace32 ] failed to find symbol fclose in /apex/com.android.runtime/lib/bionic/libdl.so
[ 2026-02-11T13:11:33.417        0:  1341:  1341 E/zygisk-elfutil32 ] Cannot load symtabs: .symtab section or its string table not found/valid.
[ 2026-02-11T13:11:33.417        0:  1341:  1341 E/zygisk-elfutil32 ] Failed to load symtabs for linear lookup of fgets
[ 2026-02-11T13:11:33.417        0:  1341:  1341 E/zygisk-ptrace32 ] failed to find symbol fgets in /system/lib/liblog.so
[ 2026-02-11T13:11:33.417        0:  1341:  1341 E/zygisk-elfutil32 ] Cannot load symtabs: .symtab section or its string table not found/valid.
[ 2026-02-11T13:11:33.417        0:  1341:  1341 E/zygisk-elfutil32 ] Failed to load symtabs for linear lookup of fgets
[ 2026-02-11T13:11:33.417        0:  1341:  1341 E/zygisk-ptrace32 ] failed to find symbol fgets in /apex/com.android.runtime/lib/bionic/libm.so
[ 2026-02-11T13:11:33.417        0:  1341:  1341 E/zygisk-elfutil32 ] Cannot load symtabs: .symtab section or its string table not found/valid.
[ 2026-02-11T13:11:33.417        0:  1341:  1341 E/zygisk-elfutil32 ] Failed to load symtabs for linear lookup of fgets
[ 2026-02-11T13:11:33.417        0:  1341:  1341 E/zygisk-ptrace32 ] failed to find symbol fgets in /apex/com.android.runtime/lib/bionic/libdl.so
[ 2026-02-11T13:11:33.417        0:  1341:  1341 E/zygisk-elfutil32 ] Cannot load symtabs: .symtab section or its string table not found/valid.
[ 2026-02-11T13:11:33.417        0:  1341:  1341 E/zygisk-elfutil32 ] Failed to load symtabs for linear lookup of read
[ 2026-02-11T13:11:33.417        0:  1341:  1341 E/zygisk-ptrace32 ] failed to find symbol read in /system/lib/liblog.so
[ 2026-02-11T13:11:33.417        0:  1341:  1341 E/zygisk-elfutil32 ] Cannot load symtabs: .symtab section or its string table not found/valid.
[ 2026-02-11T13:11:33.417        0:  1341:  1341 E/zygisk-elfutil32 ] Failed to load symtabs for linear lookup of read
[ 2026-02-11T13:11:33.417        0:  1341:  1341 E/zygisk-ptrace32 ] failed to find symbol read in /apex/com.android.runtime/lib/bionic/libm.so
[ 2026-02-11T13:11:33.417        0:  1341:  1341 E/zygisk-elfutil32 ] Cannot load symtabs: .symtab section or its string table not found/valid.
[ 2026-02-11T13:11:33.417        0:  1341:  1341 E/zygisk-elfutil32 ] Failed to load symtabs for linear lookup of read
[ 2026-02-11T13:11:33.417        0:  1341:  1341 E/zygisk-ptrace32 ] failed to find symbol read in /apex/com.android.runtime/lib/bionic/libdl.so
[ 2026-02-11T13:11:33.417        0:  1341:  1341 E/zygisk-elfutil32 ] Cannot load symtabs: .symtab section or its string table not found/valid.
[ 2026-02-11T13:11:33.417        0:  1341:  1341 E/zygisk-elfutil32 ] Failed to load symtabs for linear lookup of memcmp
[ 2026-02-11T13:11:33.417        0:  1341:  1341 E/zygisk-ptrace32 ] failed to find symbol memcmp in /system/lib/liblog.so
[ 2026-02-11T13:11:33.417        0:  1341:  1341 E/zygisk-elfutil32 ] Cannot load symtabs: .symtab section or its string table not found/valid.
[ 2026-02-11T13:11:33.417        0:  1341:  1341 E/zygisk-elfutil32 ] Failed to load symtabs for linear lookup of memcmp
[ 2026-02-11T13:11:33.417        0:  1341:  1341 E/zygisk-ptrace32 ] failed to find symbol memcmp in /apex/com.android.runtime/lib/bionic/libm.so
[ 2026-02-11T13:11:33.417        0:  1341:  1341 E/zygisk-elfutil32 ] Cannot load symtabs: .symtab section or its string table not found/valid.
[ 2026-02-11T13:11:33.417        0:  1341:  1341 E/zygisk-elfutil32 ] Failed to load symtabs for linear lookup of memcmp
[ 2026-02-11T13:11:33.417        0:  1341:  1341 E/zygisk-ptrace32 ] failed to find symbol memcmp in /apex/com.android.runtime/lib/bionic/libdl.so
[ 2026-02-11T13:11:33.417        0:  1341:  1341 E/zygisk-elfutil32 ] Cannot load symtabs: .symtab section or its string table not found/valid.
[ 2026-02-11T13:11:33.417        0:  1341:  1341 E/zygisk-elfutil32 ] Failed to load symtabs for linear lookup of socket
[ 2026-02-11T13:11:33.417        0:  1341:  1341 E/zygisk-ptrace32 ] failed to find symbol socket in /system/lib/liblog.so
[ 2026-02-11T13:11:33.419        0:  1341:  1341 E/zygisk-elfutil32 ] Cannot load symtabs: .symtab section or its string table not found/valid.
[ 2026-02-11T13:11:33.419        0:  1341:  1341 E/zygisk-elfutil32 ] Failed to load symtabs for linear lookup of socket
[ 2026-02-11T13:11:33.419        0:  1341:  1341 E/zygisk-ptrace32 ] failed to find symbol socket in /apex/com.android.runtime/lib/bionic/libm.so
[ 2026-02-11T13:11:33.419        0:  1341:  1341 E/zygisk-elfutil32 ] Cannot load symtabs: .symtab section or its string table not found/valid.
[ 2026-02-11T13:11:33.419        0:  1341:  1341 E/zygisk-elfutil32 ] Failed to load symtabs for linear lookup of socket
[ 2026-02-11T13:11:33.419        0:  1341:  1341 E/zygisk-ptrace32 ] failed to find symbol socket in /apex/com.android.runtime/lib/bionic/libdl.so
[ 2026-02-11T13:11:33.419        0:  1341:  1341 E/zygisk-elfutil32 ] Cannot load symtabs: .symtab section or its string table not found/valid.
[ 2026-02-11T13:11:33.419        0:  1341:  1341 E/zygisk-elfutil32 ] Failed to load symtabs for linear lookup of connect
[ 2026-02-11T13:11:33.419        0:  1341:  1341 E/zygisk-ptrace32 ] failed to find symbol connect in /system/lib/liblog.so
[ 2026-02-11T13:11:33.419        0:  1341:  1341 E/zygisk-elfutil32 ] Cannot load symtabs: .symtab section or its string table not found/valid.
[ 2026-02-11T13:11:33.419        0:  1341:  1341 E/zygisk-elfutil32 ] Failed to load symtabs for linear lookup of connect
[ 2026-02-11T13:11:33.419        0:  1341:  1341 E/zygisk-ptrace32 ] failed to find symbol connect in /apex/com.android.runtime/lib/bionic/libm.so
[ 2026-02-11T13:11:33.419        0:  1341:  1341 E/zygisk-elfutil32 ] Cannot load symtabs: .symtab section or its string table not found/valid.
[ 2026-02-11T13:11:33.419        0:  1341:  1341 E/zygisk-elfutil32 ] Failed to load symtabs for linear lookup of connect
[ 2026-02-11T13:11:33.419        0:  1341:  1341 E/zygisk-ptrace32 ] failed to find symbol connect in /apex/com.android.runtime/lib/bionic/libdl.so
[ 2026-02-11T13:11:33.419        0:  1341:  1341 E/zygisk-elfutil32 ] Cannot load symtabs: .symtab section or its string table not found/valid.
[ 2026-02-11T13:11:33.419        0:  1341:  1341 E/zygisk-elfutil32 ] Failed to load symtabs for linear lookup of sleep
[ 2026-02-11T13:11:33.419        0:  1341:  1341 E/zygisk-ptrace32 ] failed to find symbol sleep in /system/lib/liblog.so
[ 2026-02-11T13:11:33.419        0:  1341:  1341 E/zygisk-elfutil32 ] Cannot load symtabs: .symtab section or its string table not found/valid.
[ 2026-02-11T13:11:33.419        0:  1341:  1341 E/zygisk-elfutil32 ] Failed to load symtabs for linear lookup of sleep
[ 2026-02-11T13:11:33.419        0:  1341:  1341 E/zygisk-ptrace32 ] failed to find symbol sleep in /apex/com.android.runtime/lib/bionic/libm.so
[ 2026-02-11T13:11:33.419        0:  1341:  1341 E/zygisk-elfutil32 ] Cannot load symtabs: .symtab section or its string table not found/valid.
[ 2026-02-11T13:11:33.419        0:  1341:  1341 E/zygisk-elfutil32 ] Failed to load symtabs for linear lookup of sleep
[ 2026-02-11T13:11:33.419        0:  1341:  1341 E/zygisk-ptrace32 ] failed to find symbol sleep in /apex/com.android.runtime/lib/bionic/libdl.so
[ 2026-02-11T13:11:33.419        0:  1341:  1341 E/zygisk-elfutil32 ] Cannot load symtabs: .symtab section or its string table not found/valid.
[ 2026-02-11T13:11:33.419        0:  1341:  1341 E/zygisk-elfutil32 ] Failed to load symtabs for linear lookup of __vsnprintf_chk
[ 2026-02-11T13:11:33.419        0:  1341:  1341 E/zygisk-ptrace32 ] failed to find symbol __vsnprintf_chk in /system/lib/liblog.so
[ 2026-02-11T13:11:33.419        0:  1341:  1341 E/zygisk-elfutil32 ] Cannot load symtabs: .symtab section or its string table not found/valid.
[ 2026-02-11T13:11:33.419        0:  1341:  1341 E/zygisk-elfutil32 ] Failed to load symtabs for linear lookup of __vsnprintf_chk
[ 2026-02-11T13:11:33.419        0:  1341:  1341 E/zygisk-ptrace32 ] failed to find symbol __vsnprintf_chk in /apex/com.android.runtime/lib/bionic/libm.so
[ 2026-02-11T13:11:33.419        0:  1341:  1341 E/zygisk-elfutil32 ] Cannot load symtabs: .symtab section or its string table not found/valid.
[ 2026-02-11T13:11:33.419        0:  1341:  1341 E/zygisk-elfutil32 ] Failed to load symtabs for linear lookup of __vsnprintf_chk
[ 2026-02-11T13:11:33.419        0:  1341:  1341 E/zygisk-ptrace32 ] failed to find symbol __vsnprintf_chk in /apex/com.android.runtime/lib/bionic/libdl.so
[ 2026-02-11T13:11:33.420        0:  1341:  1341 E/zygisk-elfutil32 ] Cannot load symtabs: .symtab section or its string table not found/valid.
[ 2026-02-11T13:11:33.420        0:  1341:  1341 E/zygisk-elfutil32 ] Failed to load symtabs for linear lookup of __strlen_chk
[ 2026-02-11T13:11:33.420        0:  1341:  1341 E/zygisk-ptrace32 ] failed to find symbol __strlen_chk in /system/lib/liblog.so
[ 2026-02-11T13:11:33.420        0:  1341:  1341 E/zygisk-elfutil32 ] Cannot load symtabs: .symtab section or its string table not found/valid.
[ 2026-02-11T13:11:33.420        0:  1341:  1341 E/zygisk-elfutil32 ] Failed to load symtabs for linear lookup of __strlen_chk
[ 2026-02-11T13:11:33.420        0:  1341:  1341 E/zygisk-ptrace32 ] failed to find symbol __strlen_chk in /apex/com.android.runtime/lib/bionic/libm.so
[ 2026-02-11T13:11:33.420        0:  1341:  1341 E/zygisk-elfutil32 ] Cannot load symtabs: .symtab section or its string table not found/valid.
[ 2026-02-11T13:11:33.420        0:  1341:  1341 E/zygisk-elfutil32 ] Failed to load symtabs for linear lookup of __strlen_chk
[ 2026-02-11T13:11:33.420        0:  1341:  1341 E/zygisk-ptrace32 ] failed to find symbol __strlen_chk in /apex/com.android.runtime/lib/bionic/libdl.so
[ 2026-02-11T13:11:33.420        0:  1341:  1341 E/zygisk-elfutil32 ] Cannot load symtabs: .symtab section or its string table not found/valid.
[ 2026-02-11T13:11:33.420        0:  1341:  1341 E/zygisk-elfutil32 ] Failed to load symtabs for linear lookup of uname
[ 2026-02-11T13:11:33.420        0:  1341:  1341 E/zygisk-ptrace32 ] failed to find symbol uname in /system/lib/liblog.so
[ 2026-02-11T13:11:33.420        0:  1341:  1341 E/zygisk-elfutil32 ] Cannot load symtabs: .symtab section or its string table not found/valid.
[ 2026-02-11T13:11:33.420        0:  1341:  1341 E/zygisk-elfutil32 ] Failed to load symtabs for linear lookup of uname
[ 2026-02-11T13:11:33.420        0:  1341:  1341 E/zygisk-ptrace32 ] failed to find symbol uname in /apex/com.android.runtime/lib/bionic/libm.so
[ 2026-02-11T13:11:33.420        0:  1341:  1341 E/zygisk-elfutil32 ] Cannot load symtabs: .symtab section or its string table not found/valid.
[ 2026-02-11T13:11:33.420        0:  1341:  1341 E/zygisk-elfutil32 ] Failed to load symtabs for linear lookup of uname
[ 2026-02-11T13:11:33.420        0:  1341:  1341 E/zygisk-ptrace32 ] failed to find symbol uname in /apex/com.android.runtime/lib/bionic/libdl.so
[ 2026-02-11T13:11:33.420        0:  1341:  1341 E/zygisk-elfutil32 ] Cannot load symtabs: .symtab section or its string table not found/valid.
[ 2026-02-11T13:11:33.420        0:  1341:  1341 E/zygisk-elfutil32 ] Failed to load symtabs for linear lookup of sscanf
[ 2026-02-11T13:11:33.420        0:  1341:  1341 E/zygisk-ptrace32 ] failed to find symbol sscanf in /system/lib/liblog.so
[ 2026-02-11T13:11:33.445        0:  1341:  1341 E/zygisk-elfutil32 ] Cannot load symtabs: .symtab section or its string table not found/valid.
[ 2026-02-11T13:11:33.445        0:  1341:  1341 E/zygisk-elfutil32 ] Failed to load symtabs for linear lookup of sscanf
[ 2026-02-11T13:11:33.445        0:  1341:  1341 E/zygisk-ptrace32 ] failed to find symbol sscanf in /apex/com.android.runtime/lib/bionic/libm.so
[ 2026-02-11T13:11:33.445        0:  1341:  1341 E/zygisk-elfutil32 ] Cannot load symtabs: .symtab section or its string table not found/valid.
[ 2026-02-11T13:11:33.445        0:  1341:  1341 E/zygisk-elfutil32 ] Failed to load symtabs for linear lookup of sscanf
[ 2026-02-11T13:11:33.445        0:  1341:  1341 E/zygisk-ptrace32 ] failed to find symbol sscanf in /apex/com.android.runtime/lib/bionic/libdl.so
[ 2026-02-11T13:11:33.445        0:  1341:  1341 E/zygisk-elfutil32 ] Cannot load symtabs: .symtab section or its string table not found/valid.
[ 2026-02-11T13:11:33.445        0:  1341:  1341 E/zygisk-elfutil32 ] Failed to load symtabs for linear lookup of recvmsg
[ 2026-02-11T13:11:33.445        0:  1341:  1341 E/zygisk-ptrace32 ] failed to find symbol recvmsg in /system/lib/liblog.so
[ 2026-02-11T13:11:33.445        0:  1341:  1341 E/zygisk-elfutil32 ] Cannot load symtabs: .symtab section or its string table not found/valid.
[ 2026-02-11T13:11:33.445        0:  1341:  1341 E/zygisk-elfutil32 ] Failed to load symtabs for linear lookup of recvmsg
[ 2026-02-11T13:11:33.445        0:  1341:  1341 E/zygisk-ptrace32 ] failed to find symbol recvmsg in /apex/com.android.runtime/lib/bionic/libm.so
[ 2026-02-11T13:11:33.446        0:  1341:  1341 E/zygisk-elfutil32 ] Cannot load symtabs: .symtab section or its string table not found/valid.
[ 2026-02-11T13:11:33.446        0:  1341:  1341 E/zygisk-elfutil32 ] Failed to load symtabs for linear lookup of recvmsg
[ 2026-02-11T13:11:33.446        0:  1341:  1341 E/zygisk-ptrace32 ] failed to find symbol recvmsg in /apex/com.android.runtime/lib/bionic/libdl.so
[ 2026-02-11T13:11:33.446        0:  1341:  1341 E/zygisk-elfutil32 ] Cannot load symtabs: .symtab section or its string table not found/valid.
[ 2026-02-11T13:11:33.446        0:  1341:  1341 E/zygisk-elfutil32 ] Failed to load symtabs for linear lookup of __write_chk
[ 2026-02-11T13:11:33.446        0:  1341:  1341 E/zygisk-ptrace32 ] failed to find symbol __write_chk in /system/lib/liblog.so
[ 2026-02-11T13:11:33.446        0:  1341:  1341 E/zygisk-elfutil32 ] Cannot load symtabs: .symtab section or its string table not found/valid.
[ 2026-02-11T13:11:33.446        0:  1341:  1341 E/zygisk-elfutil32 ] Failed to load symtabs for linear lookup of __write_chk
[ 2026-02-11T13:11:33.446        0:  1341:  1341 E/zygisk-ptrace32 ] failed to find symbol __write_chk in /apex/com.android.runtime/lib/bionic/libm.so
[ 2026-02-11T13:11:33.446        0:  1341:  1341 E/zygisk-elfutil32 ] Cannot load symtabs: .symtab section or its string table not found/valid.
[ 2026-02-11T13:11:33.446        0:  1341:  1341 E/zygisk-elfutil32 ] Failed to load symtabs for linear lookup of __write_chk
[ 2026-02-11T13:11:33.446        0:  1341:  1341 E/zygisk-ptrace32 ] failed to find symbol __write_chk in /apex/com.android.runtime/lib/bionic/libdl.so
[ 2026-02-11T13:11:33.446        0:  1341:  1341 E/zygisk-elfutil32 ] Cannot load symtabs: .symtab section or its string table not found/valid.
[ 2026-02-11T13:11:33.446        0:  1341:  1341 E/zygisk-elfutil32 ] Failed to load symtabs for linear lookup of write
[ 2026-02-11T13:11:33.446        0:  1341:  1341 E/zygisk-ptrace32 ] failed to find symbol write in /system/lib/liblog.so
[ 2026-02-11T13:11:33.446        0:  1341:  1341 E/zygisk-elfutil32 ] Cannot load symtabs: .symtab section or its string table not found/valid.
[ 2026-02-11T13:11:33.446        0:  1341:  1341 E/zygisk-elfutil32 ] Failed to load symtabs for linear lookup of write
[ 2026-02-11T13:11:33.446        0:  1341:  1341 E/zygisk-ptrace32 ] failed to find symbol write in /apex/com.android.runtime/lib/bionic/libm.so
[ 2026-02-11T13:11:33.446        0:  1341:  1341 E/zygisk-elfutil32 ] Cannot load symtabs: .symtab section or its string table not found/valid.
[ 2026-02-11T13:11:33.446        0:  1341:  1341 E/zygisk-elfutil32 ] Failed to load symtabs for linear lookup of write
[ 2026-02-11T13:11:33.446        0:  1341:  1341 E/zygisk-ptrace32 ] failed to find symbol write in /apex/com.android.runtime/lib/bionic/libdl.so
[ 2026-02-11T13:11:33.446        0:  1341:  1341 E/zygisk-elfutil32 ] Cannot load symtabs: .symtab section or its string table not found/valid.
[ 2026-02-11T13:11:33.446        0:  1341:  1341 E/zygisk-elfutil32 ] Failed to load symtabs for linear lookup of __pread_chk
[ 2026-02-11T13:11:33.446        0:  1341:  1341 E/zygisk-ptrace32 ] failed to find symbol __pread_chk in /system/lib/liblog.so
[ 2026-02-11T13:11:33.446        0:  1341:  1341 E/zygisk-elfutil32 ] Cannot load symtabs: .symtab section or its string table not found/valid.
[ 2026-02-11T13:11:33.446        0:  1341:  1341 E/zygisk-elfutil32 ] Failed to load symtabs for linear lookup of __pread_chk
[ 2026-02-11T13:11:33.446        0:  1341:  1341 E/zygisk-ptrace32 ] failed to find symbol __pread_chk in /apex/com.android.runtime/lib/bionic/libm.so
[ 2026-02-11T13:11:33.446        0:  1341:  1341 E/zygisk-elfutil32 ] Cannot load symtabs: .symtab section or its string table not found/valid.
[ 2026-02-11T13:11:33.446        0:  1341:  1341 E/zygisk-elfutil32 ] Failed to load symtabs for linear lookup of __pread_chk
[ 2026-02-11T13:11:33.446        0:  1341:  1341 E/zygisk-ptrace32 ] failed to find symbol __pread_chk in /apex/com.android.runtime/lib/bionic/libdl.so
[ 2026-02-11T13:11:33.446        0:  1341:  1341 E/zygisk-elfutil32 ] Cannot load symtabs: .symtab section or its string table not found/valid.
[ 2026-02-11T13:11:33.446        0:  1341:  1341 E/zygisk-elfutil32 ] Failed to load symtabs for linear lookup of pread
[ 2026-02-11T13:11:33.446        0:  1341:  1341 E/zygisk-ptrace32 ] failed to find symbol pread in /system/lib/liblog.so
[ 2026-02-11T13:11:33.446        0:  1341:  1341 E/zygisk-elfutil32 ] Cannot load symtabs: .symtab section or its string table not found/valid.
[ 2026-02-11T13:11:33.446        0:  1341:  1341 E/zygisk-elfutil32 ] Failed to load symtabs for linear lookup of pread
[ 2026-02-11T13:11:33.447        0:  1341:  1341 E/zygisk-ptrace32 ] failed to find symbol pread in /apex/com.android.runtime/lib/bionic/libm.so
[ 2026-02-11T13:11:33.447        0:  1341:  1341 E/zygisk-elfutil32 ] Cannot load symtabs: .symtab section or its string table not found/valid.
[ 2026-02-11T13:11:33.447        0:  1341:  1341 E/zygisk-elfutil32 ] Failed to load symtabs for linear lookup of pread
[ 2026-02-11T13:11:33.447        0:  1341:  1341 E/zygisk-ptrace32 ] failed to find symbol pread in /apex/com.android.runtime/lib/bionic/libdl.so
[ 2026-02-11T13:11:33.448        0:  1341:  1341 E/zygisk-elfutil32 ] Cannot load symtabs: .symtab section or its string table not found/valid.
[ 2026-02-11T13:11:33.448        0:  1341:  1341 E/zygisk-elfutil32 ] Failed to load symtabs for linear lookup of __read_chk
[ 2026-02-11T13:11:33.448        0:  1341:  1341 E/zygisk-ptrace32 ] failed to find symbol __read_chk in /system/lib/liblog.so
[ 2026-02-11T13:11:33.448        0:  1341:  1341 E/zygisk-elfutil32 ] Cannot load symtabs: .symtab section or its string table not found/valid.
[ 2026-02-11T13:11:33.448        0:  1341:  1341 E/zygisk-elfutil32 ] Failed to load symtabs for linear lookup of __read_chk
[ 2026-02-11T13:11:33.448        0:  1341:  1341 E/zygisk-ptrace32 ] failed to find symbol __read_chk in /apex/com.android.runtime/lib/bionic/libm.so
[ 2026-02-11T13:11:33.448        0:  1341:  1341 E/zygisk-elfutil32 ] Cannot load symtabs: .symtab section or its string table not found/valid.
[ 2026-02-11T13:11:33.448        0:  1341:  1341 E/zygisk-elfutil32 ] Failed to load symtabs for linear lookup of __read_chk
[ 2026-02-11T13:11:33.448        0:  1341:  1341 E/zygisk-ptrace32 ] failed to find symbol __read_chk in /apex/com.android.runtime/lib/bionic/libdl.so
[ 2026-02-11T13:11:33.448        0:  1341:  1341 E/zygisk-elfutil32 ] Cannot load symtabs: .symtab section or its string table not found/valid.
[ 2026-02-11T13:11:33.448        0:  1341:  1341 E/zygisk-elfutil32 ] Failed to load symtabs for linear lookup of socketpair
[ 2026-02-11T13:11:33.448        0:  1341:  1341 E/zygisk-ptrace32 ] failed to find symbol socketpair in /system/lib/liblog.so
[ 2026-02-11T13:11:33.448        0:  1341:  1341 E/zygisk-elfutil32 ] Cannot load symtabs: .symtab section or its string table not found/valid.
[ 2026-02-11T13:11:33.448        0:  1341:  1341 E/zygisk-elfutil32 ] Failed to load symtabs for linear lookup of socketpair
[ 2026-02-11T13:11:33.448        0:  1341:  1341 E/zygisk-ptrace32 ] failed to find symbol socketpair in /apex/com.android.runtime/lib/bionic/libm.so
[ 2026-02-11T13:11:33.448        0:  1341:  1341 E/zygisk-elfutil32 ] Cannot load symtabs: .symtab section or its string table not found/valid.
[ 2026-02-11T13:11:33.448        0:  1341:  1341 E/zygisk-elfutil32 ] Failed to load symtabs for linear lookup of socketpair
[ 2026-02-11T13:11:33.448        0:  1341:  1341 E/zygisk-ptrace32 ] failed to find symbol socketpair in /apex/com.android.runtime/lib/bionic/libdl.so
[ 2026-02-11T13:11:33.448        0:  1341:  1341 E/zygisk-elfutil32 ] Cannot load symtabs: .symtab section or its string table not found/valid.
[ 2026-02-11T13:11:33.448        0:  1341:  1341 E/zygisk-elfutil32 ] Failed to load symtabs for linear lookup of _exit
[ 2026-02-11T13:11:33.448        0:  1341:  1341 E/zygisk-ptrace32 ] failed to find symbol _exit in /system/lib/liblog.so
[ 2026-02-11T13:11:33.448        0:  1341:  1341 E/zygisk-elfutil32 ] Cannot load symtabs: .symtab section or its string table not found/valid.
[ 2026-02-11T13:11:33.448        0:  1341:  1341 E/zygisk-elfutil32 ] Failed to load symtabs for linear lookup of _exit
[ 2026-02-11T13:11:33.448        0:  1341:  1341 E/zygisk-ptrace32 ] failed to find symbol _exit in /apex/com.android.runtime/lib/bionic/libm.so
[ 2026-02-11T13:11:33.448        0:  1341:  1341 E/zygisk-elfutil32 ] Cannot load symtabs: .symtab section or its string table not found/valid.
[ 2026-02-11T13:11:33.448        0:  1341:  1341 E/zygisk-elfutil32 ] Failed to load symtabs for linear lookup of _exit
[ 2026-02-11T13:11:33.448        0:  1341:  1341 E/zygisk-ptrace32 ] failed to find symbol _exit in /apex/com.android.runtime/lib/bionic/libdl.so
[ 2026-02-11T13:11:33.449        0:  1341:  1341 E/zygisk-elfutil32 ] Cannot load symtabs: .symtab section or its string table not found/valid.
[ 2026-02-11T13:11:33.449        0:  1341:  1341 E/zygisk-elfutil32 ] Failed to load symtabs for linear lookup of fdopen
[ 2026-02-11T13:11:33.449        0:  1341:  1341 E/zygisk-ptrace32 ] failed to find symbol fdopen in /system/lib/liblog.so
[ 2026-02-11T13:11:33.449        0:  1341:  1341 E/zygisk-elfutil32 ] Cannot load symtabs: .symtab section or its string table not found/valid.
[ 2026-02-11T13:11:33.449        0:  1341:  1341 E/zygisk-elfutil32 ] Failed to load symtabs for linear lookup of fdopen
[ 2026-02-11T13:11:33.449        0:  1341:  1341 E/zygisk-ptrace32 ] failed to find symbol fdopen in /apex/com.android.runtime/lib/bionic/libm.so
[ 2026-02-11T13:11:33.449        0:  1341:  1341 E/zygisk-elfutil32 ] Cannot load symtabs: .symtab section or its string table not found/valid.
[ 2026-02-11T13:11:33.449        0:  1341:  1341 E/zygisk-elfutil32 ] Failed to load symtabs for linear lookup of fdopen
[ 2026-02-11T13:11:33.449        0:  1341:  1341 E/zygisk-ptrace32 ] failed to find symbol fdopen in /apex/com.android.runtime/lib/bionic/libdl.so
[ 2026-02-11T13:11:33.449        0:  1341:  1341 E/zygisk-elfutil32 ] Cannot load symtabs: .symtab section or its string table not found/valid.
[ 2026-02-11T13:11:33.449        0:  1341:  1341 E/zygisk-elfutil32 ] Failed to load symtabs for linear lookup of calloc
[ 2026-02-11T13:11:33.449        0:  1341:  1341 E/zygisk-ptrace32 ] failed to find symbol calloc in /system/lib/liblog.so
[ 2026-02-11T13:11:33.449        0:  1341:  1341 E/zygisk-elfutil32 ] Cannot load symtabs: .symtab section or its string table not found/valid.
[ 2026-02-11T13:11:33.449        0:  1341:  1341 E/zygisk-elfutil32 ] Failed to load symtabs for linear lookup of calloc
[ 2026-02-11T13:11:33.449        0:  1341:  1341 E/zygisk-ptrace32 ] failed to find symbol calloc in /apex/com.android.runtime/lib/bionic/libm.so
[ 2026-02-11T13:11:33.449        0:  1341:  1341 E/zygisk-elfutil32 ] Cannot load symtabs: .symtab section or its string table not found/valid.
[ 2026-02-11T13:11:33.449        0:  1341:  1341 E/zygisk-elfutil32 ] Failed to load symtabs for linear lookup of calloc
[ 2026-02-11T13:11:33.449        0:  1341:  1341 E/zygisk-ptrace32 ] failed to find symbol calloc in /apex/com.android.runtime/lib/bionic/libdl.so
[ 2026-02-11T13:11:33.449        0:  1341:  1341 E/zygisk-elfutil32 ] Cannot load symtabs: .symtab section or its string table not found/valid.
[ 2026-02-11T13:11:33.449        0:  1341:  1341 E/zygisk-elfutil32 ] Failed to load symtabs for linear lookup of waitpid
[ 2026-02-11T13:11:33.449        0:  1341:  1341 E/zygisk-ptrace32 ] failed to find symbol waitpid in /system/lib/liblog.so
[ 2026-02-11T13:11:33.449        0:  1341:  1341 E/zygisk-elfutil32 ] Cannot load symtabs: .symtab section or its string table not found/valid.
[ 2026-02-11T13:11:33.449        0:  1341:  1341 E/zygisk-elfutil32 ] Failed to load symtabs for linear lookup of waitpid
[ 2026-02-11T13:11:33.449        0:  1341:  1341 E/zygisk-ptrace32 ] failed to find symbol waitpid in /apex/com.android.runtime/lib/bionic/libm.so
[ 2026-02-11T13:11:33.449        0:  1341:  1341 E/zygisk-elfutil32 ] Cannot load symtabs: .symtab section or its string table not found/valid.
[ 2026-02-11T13:11:33.449        0:  1341:  1341 E/zygisk-elfutil32 ] Failed to load symtabs for linear lookup of waitpid
[ 2026-02-11T13:11:33.449        0:  1341:  1341 E/zygisk-ptrace32 ] failed to find symbol waitpid in /apex/com.android.runtime/lib/bionic/libdl.so
[ 2026-02-11T13:11:33.450        0:  1341:  1341 E/zygisk-elfutil32 ] Cannot load symtabs: .symtab section or its string table not found/valid.
[ 2026-02-11T13:11:33.450        0:  1341:  1341 E/zygisk-elfutil32 ] Failed to load symtabs for linear lookup of mprotect
[ 2026-02-11T13:11:33.450        0:  1341:  1341 E/zygisk-ptrace32 ] failed to find symbol mprotect in /system/lib/liblog.so
[ 2026-02-11T13:11:33.450        0:  1341:  1341 E/zygisk-elfutil32 ] Cannot load symtabs: .symtab section or its string table not found/valid.
[ 2026-02-11T13:11:33.450        0:  1341:  1341 E/zygisk-elfutil32 ] Failed to load symtabs for linear lookup of mprotect
[ 2026-02-11T13:11:33.450        0:  1341:  1341 E/zygisk-ptrace32 ] failed to find symbol mprotect in /apex/com.android.runtime/lib/bionic/libm.so
[ 2026-02-11T13:11:33.450        0:  1341:  1341 E/zygisk-elfutil32 ] Cannot load symtabs: .symtab section or its string table not found/valid.
[ 2026-02-11T13:11:33.450        0:  1341:  1341 E/zygisk-elfutil32 ] Failed to load symtabs for linear lookup of mprotect
[ 2026-02-11T13:11:33.450        0:  1341:  1341 E/zygisk-ptrace32 ] failed to find symbol mprotect in /apex/com.android.runtime/lib/bionic/libdl.so
[ 2026-02-11T13:11:33.450        0:  1341:  1341 E/zygisk-elfutil32 ] Cannot load symtabs: .symtab section or its string table not found/valid.
[ 2026-02-11T13:11:33.450        0:  1341:  1341 E/zygisk-elfutil32 ] Failed to load symtabs for linear lookup of sendmsg
[ 2026-02-11T13:11:33.450        0:  1341:  1341 E/zygisk-ptrace32 ] failed to find symbol sendmsg in /system/lib/liblog.so
[ 2026-02-11T13:11:33.450        0:  1341:  1341 E/zygisk-elfutil32 ] Cannot load symtabs: .symtab section or its string table not found/valid.
[ 2026-02-11T13:11:33.450        0:  1341:  1341 E/zygisk-elfutil32 ] Failed to load symtabs for linear lookup of sendmsg
[ 2026-02-11T13:11:33.450        0:  1341:  1341 E/zygisk-ptrace32 ] failed to find symbol sendmsg in /apex/com.android.runtime/lib/bionic/libm.so
[ 2026-02-11T13:11:33.450        0:  1341:  1341 E/zygisk-elfutil32 ] Cannot load symtabs: .symtab section or its string table not found/valid.
[ 2026-02-11T13:11:33.450        0:  1341:  1341 E/zygisk-elfutil32 ] Failed to load symtabs for linear lookup of sendmsg
[ 2026-02-11T13:11:33.450        0:  1341:  1341 E/zygisk-ptrace32 ] failed to find symbol sendmsg in /apex/com.android.runtime/lib/bionic/libdl.so
[ 2026-02-11T13:11:33.450        0:  1341:  1341 E/zygisk-elfutil32 ] Cannot load symtabs: .symtab section or its string table not found/valid.
[ 2026-02-11T13:11:33.450        0:  1341:  1341 E/zygisk-elfutil32 ] Failed to load symtabs for linear lookup of qsort
[ 2026-02-11T13:11:33.450        0:  1341:  1341 E/zygisk-ptrace32 ] failed to find symbol qsort in /system/lib/liblog.so
[ 2026-02-11T13:11:33.450        0:  1341:  1341 E/zygisk-elfutil32 ] Cannot load symtabs: .symtab section or its string table not found/valid.
[ 2026-02-11T13:11:33.450        0:  1341:  1341 E/zygisk-elfutil32 ] Failed to load symtabs for linear lookup of qsort
[ 2026-02-11T13:11:33.450        0:  1341:  1341 E/zygisk-ptrace32 ] failed to find symbol qsort in /apex/com.android.runtime/lib/bionic/libm.so
[ 2026-02-11T13:11:33.450        0:  1341:  1341 E/zygisk-elfutil32 ] Cannot load symtabs: .symtab section or its string table not found/valid.
[ 2026-02-11T13:11:33.450        0:  1341:  1341 E/zygisk-elfutil32 ] Failed to load symtabs for linear lookup of qsort
[ 2026-02-11T13:11:33.450        0:  1341:  1341 E/zygisk-ptrace32 ] failed to find symbol qsort in /apex/com.android.runtime/lib/bionic/libdl.so
[ 2026-02-11T13:11:33.450        0:  1341:  1341 E/zygisk-elfutil32 ] Cannot load symtabs: .symtab section or its string table not found/valid.
[ 2026-02-11T13:11:33.450        0:  1341:  1341 E/zygisk-elfutil32 ] Failed to load symtabs for linear lookup of getpagesize
[ 2026-02-11T13:11:33.450        0:  1341:  1341 E/zygisk-ptrace32 ] failed to find symbol getpagesize in /system/lib/liblog.so
[ 2026-02-11T13:11:33.468        0:  1341:  1341 E/zygisk-elfutil32 ] Cannot load symtabs: .symtab section or its string table not found/valid.
[ 2026-02-11T13:11:33.468        0:  1341:  1341 E/zygisk-elfutil32 ] Failed to load symtabs for linear lookup of getpagesize
[ 2026-02-11T13:11:33.468        0:  1341:  1341 E/zygisk-ptrace32 ] failed to find symbol getpagesize in /apex/com.android.runtime/lib/bionic/libm.so
[ 2026-02-11T13:11:33.468        0:  1341:  1341 E/zygisk-elfutil32 ] Cannot load symtabs: .symtab section or its string table not found/valid.
[ 2026-02-11T13:11:33.468        0:  1341:  1341 E/zygisk-elfutil32 ] Failed to load symtabs for linear lookup of getpagesize
[ 2026-02-11T13:11:33.468        0:  1341:  1341 E/zygisk-ptrace32 ] failed to find symbol getpagesize in /apex/com.android.runtime/lib/bionic/libdl.so
[ 2026-02-11T13:11:33.468        0:  1341:  1341 E/zygisk-elfutil32 ] Cannot load symtabs: .symtab section or its string table not found/valid.
[ 2026-02-11T13:11:33.468        0:  1341:  1341 E/zygisk-elfutil32 ] Failed to load symtabs for linear lookup of fstat
[ 2026-02-11T13:11:33.468        0:  1341:  1341 E/zygisk-ptrace32 ] failed to find symbol fstat in /system/lib/liblog.so
[ 2026-02-11T13:11:33.468        0:  1341:  1341 E/zygisk-elfutil32 ] Cannot load symtabs: .symtab section or its string table not found/valid.
[ 2026-02-11T13:11:33.468        0:  1341:  1341 E/zygisk-elfutil32 ] Failed to load symtabs for linear lookup of fstat
[ 2026-02-11T13:11:33.468        0:  1341:  1341 E/zygisk-ptrace32 ] failed to find symbol fstat in /apex/com.android.runtime/lib/bionic/libm.so
[ 2026-02-11T13:11:33.468        0:  1341:  1341 E/zygisk-elfutil32 ] Cannot load symtabs: .symtab section or its string table not found/valid.
[ 2026-02-11T13:11:33.468        0:  1341:  1341 E/zygisk-elfutil32 ] Failed to load symtabs for linear lookup of fstat
[ 2026-02-11T13:11:33.468        0:  1341:  1341 E/zygisk-ptrace32 ] failed to find symbol fstat in /apex/com.android.runtime/lib/bionic/libdl.so
[ 2026-02-11T13:11:33.469        0:  1341:  1341 E/zygisk-elfutil32 ] Cannot load symtabs: .symtab section or its string table not found/valid.
[ 2026-02-11T13:11:33.469        0:  1341:  1341 E/zygisk-elfutil32 ] Failed to load symtabs for linear lookup of dl_iterate_phdr
[ 2026-02-11T13:11:33.469        0:  1341:  1341 E/zygisk-ptrace32 ] failed to find symbol dl_iterate_phdr in /system/lib/liblog.so
[ 2026-02-11T13:11:33.469        0:  1341:  1341 E/zygisk-elfutil32 ] Cannot load symtabs: .symtab section or its string table not found/valid.
[ 2026-02-11T13:11:33.469        0:  1341:  1341 E/zygisk-elfutil32 ] Failed to load symtabs for linear lookup of dl_iterate_phdr
[ 2026-02-11T13:11:33.469        0:  1341:  1341 E/zygisk-ptrace32 ] failed to find symbol dl_iterate_phdr in /apex/com.android.runtime/lib/bionic/libm.so
[ 2026-02-11T13:11:33.485        0:  1341:  1341 E/zygisk-elfutil32 ] Cannot load symtabs: .symtab section or its string table not found/valid.
[ 2026-02-11T13:11:33.485        0:  1341:  1341 E/zygisk-elfutil32 ] Failed to load symtabs for linear lookup of getauxval
[ 2026-02-11T13:11:33.485        0:  1341:  1341 E/zygisk-ptrace32 ] failed to find symbol getauxval in /system/lib/liblog.so
[ 2026-02-11T13:11:33.485        0:  1341:  1341 E/zygisk-elfutil32 ] Cannot load symtabs: .symtab section or its string table not found/valid.
[ 2026-02-11T13:11:33.485        0:  1341:  1341 E/zygisk-elfutil32 ] Failed to load symtabs for linear lookup of getauxval
[ 2026-02-11T13:11:33.485        0:  1341:  1341 E/zygisk-ptrace32 ] failed to find symbol getauxval in /apex/com.android.runtime/lib/bionic/libm.so
[ 2026-02-11T13:11:33.485        0:  1341:  1341 E/zygisk-elfutil32 ] Cannot load symtabs: .symtab section or its string table not found/valid.
[ 2026-02-11T13:11:33.485        0:  1341:  1341 E/zygisk-elfutil32 ] Failed to load symtabs for linear lookup of getauxval
[ 2026-02-11T13:11:33.485        0:  1341:  1341 E/zygisk-ptrace32 ] failed to find symbol getauxval in /apex/com.android.runtime/lib/bionic/libdl.so
[ 2026-02-11T13:11:33.486        0:  1341:  1341 W/zygisk-ptrace32 ] Bypassing resolution of EH frame function: __deregister_frame
[ 2026-02-11T13:11:33.486        0:  1341:  1341 E/zygisk-elfutil32 ] Cannot load symtabs: .symtab section or its string table not found/valid.
[ 2026-02-11T13:11:33.486        0:  1341:  1341 E/zygisk-elfutil32 ] Failed to load symtabs for linear lookup of mmap
[ 2026-02-11T13:11:33.486        0:  1341:  1341 E/zygisk-ptrace32 ] failed to find symbol mmap in /system/lib/liblog.so
[ 2026-02-11T13:11:33.504        0:  1341:  1341 E/zygisk-elfutil32 ] Cannot load symtabs: .symtab section or its string table not found/valid.
[ 2026-02-11T13:11:33.504        0:  1341:  1341 E/zygisk-elfutil32 ] Failed to load symtabs for linear lookup of mmap
[ 2026-02-11T13:11:33.504        0:  1341:  1341 E/zygisk-ptrace32 ] failed to find symbol mmap in /apex/com.android.runtime/lib/bionic/libm.so
[ 2026-02-11T13:11:33.504        0:  1341:  1341 E/zygisk-elfutil32 ] Cannot load symtabs: .symtab section or its string table not found/valid.
[ 2026-02-11T13:11:33.504        0:  1341:  1341 E/zygisk-elfutil32 ] Failed to load symtabs for linear lookup of mmap
[ 2026-02-11T13:11:33.504        0:  1341:  1341 E/zygisk-ptrace32 ] failed to find symbol mmap in /apex/com.android.runtime/lib/bionic/libdl.so
[ 2026-02-11T13:11:33.505        0:  1341:  1341 E/zygisk-elfutil32 ] Cannot load symtabs: .symtab section or its string table not found/valid.
[ 2026-02-11T13:11:33.505        0:  1341:  1341 E/zygisk-elfutil32 ] Failed to load symtabs for linear lookup of sysconf
[ 2026-02-11T13:11:33.505        0:  1341:  1341 E/zygisk-ptrace32 ] failed to find symbol sysconf in /system/lib/liblog.so
[ 2026-02-11T13:11:33.505        0:  1341:  1341 E/zygisk-elfutil32 ] Cannot load symtabs: .symtab section or its string table not found/valid.
[ 2026-02-11T13:11:33.505        0:  1341:  1341 E/zygisk-elfutil32 ] Failed to load symtabs for linear lookup of sysconf
[ 2026-02-11T13:11:33.505        0:  1341:  1341 E/zygisk-ptrace32 ] failed to find symbol sysconf in /apex/com.android.runtime/lib/bionic/libm.so
[ 2026-02-11T13:11:33.505        0:  1341:  1341 E/zygisk-elfutil32 ] Cannot load symtabs: .symtab section or its string table not found/valid.
[ 2026-02-11T13:11:33.505        0:  1341:  1341 E/zygisk-elfutil32 ] Failed to load symtabs for linear lookup of sysconf
[ 2026-02-11T13:11:33.505        0:  1341:  1341 E/zygisk-ptrace32 ] failed to find symbol sysconf in /apex/com.android.runtime/lib/bionic/libdl.so
[ 2026-02-11T13:11:33.505        0:  1341:  1341 E/zygisk-elfutil32 ] Cannot load symtabs: .symtab section or its string table not found/valid.
[ 2026-02-11T13:11:33.505        0:  1341:  1341 E/zygisk-elfutil32 ] Failed to load symtabs for linear lookup of abort
[ 2026-02-11T13:11:33.505        0:  1341:  1341 E/zygisk-ptrace32 ] failed to find symbol abort in /system/lib/liblog.so
[ 2026-02-11T13:11:33.505        0:  1341:  1341 E/zygisk-elfutil32 ] Cannot load symtabs: .symtab section or its string table not found/valid.
[ 2026-02-11T13:11:33.505        0:  1341:  1341 E/zygisk-elfutil32 ] Failed to load symtabs for linear lookup of abort
[ 2026-02-11T13:11:33.505        0:  1341:  1341 E/zygisk-ptrace32 ] failed to find symbol abort in /apex/com.android.runtime/lib/bionic/libm.so
[ 2026-02-11T13:11:33.505        0:  1341:  1341 E/zygisk-elfutil32 ] Cannot load symtabs: .symtab section or its string table not found/valid.
[ 2026-02-11T13:11:33.505        0:  1341:  1341 E/zygisk-elfutil32 ] Failed to load symtabs for linear lookup of abort
[ 2026-02-11T13:11:33.505        0:  1341:  1341 E/zygisk-ptrace32 ] failed to find symbol abort in /apex/com.android.runtime/lib/bionic/libdl.so
[ 2026-02-11T13:11:33.505        0:  1341:  1341 E/zygisk-elfutil32 ] Cannot load symtabs: .symtab section or its string table not found/valid.
[ 2026-02-11T13:11:33.505        0:  1341:  1341 E/zygisk-elfutil32 ] Failed to load symtabs for linear lookup of pthread_once
[ 2026-02-11T13:11:33.505        0:  1341:  1341 E/zygisk-ptrace32 ] failed to find symbol pthread_once in /system/lib/liblog.so
[ 2026-02-11T13:11:33.505        0:  1341:  1341 E/zygisk-elfutil32 ] Cannot load symtabs: .symtab section or its string table not found/valid.
[ 2026-02-11T13:11:33.505        0:  1341:  1341 E/zygisk-elfutil32 ] Failed to load symtabs for linear lookup of pthread_once
[ 2026-02-11T13:11:33.505        0:  1341:  1341 E/zygisk-ptrace32 ] failed to find symbol pthread_once in /apex/com.android.runtime/lib/bionic/libm.so
[ 2026-02-11T13:11:33.505        0:  1341:  1341 E/zygisk-elfutil32 ] Cannot load symtabs: .symtab section or its string table not found/valid.
[ 2026-02-11T13:11:33.505        0:  1341:  1341 E/zygisk-elfutil32 ] Failed to load symtabs for linear lookup of pthread_once
[ 2026-02-11T13:11:33.505        0:  1341:  1341 E/zygisk-ptrace32 ] failed to find symbol pthread_once in /apex/com.android.runtime/lib/bionic/libdl.so
[ 2026-02-11T13:11:33.506        0:  1341:  1341 E/zygisk-elfutil32 ] Cannot load symtabs: .symtab section or its string table not found/valid.
[ 2026-02-11T13:11:33.506        0:  1341:  1341 E/zygisk-elfutil32 ] Failed to load symtabs for linear lookup of pthread_getspecific
[ 2026-02-11T13:11:33.506        0:  1341:  1341 E/zygisk-ptrace32 ] failed to find symbol pthread_getspecific in /system/lib/liblog.so
[ 2026-02-11T13:11:33.506        0:  1341:  1341 E/zygisk-elfutil32 ] Cannot load symtabs: .symtab section or its string table not found/valid.
[ 2026-02-11T13:11:33.506        0:  1341:  1341 E/zygisk-elfutil32 ] Failed to load symtabs for linear lookup of pthread_getspecific
[ 2026-02-11T13:11:33.506        0:  1341:  1341 E/zygisk-ptrace32 ] failed to find symbol pthread_getspecific in /apex/com.android.runtime/lib/bionic/libm.so
[ 2026-02-11T13:11:33.506        0:  1341:  1341 E/zygisk-elfutil32 ] Cannot load symtabs: .symtab section or its string table not found/valid.
[ 2026-02-11T13:11:33.506        0:  1341:  1341 E/zygisk-elfutil32 ] Failed to load symtabs for linear lookup of pthread_getspecific
[ 2026-02-11T13:11:33.506        0:  1341:  1341 E/zygisk-ptrace32 ] failed to find symbol pthread_getspecific in /apex/com.android.runtime/lib/bionic/libdl.so
[ 2026-02-11T13:11:33.506        0:  1341:  1341 E/zygisk-elfutil32 ] Cannot load symtabs: .symtab section or its string table not found/valid.
[ 2026-02-11T13:11:33.506        0:  1341:  1341 E/zygisk-elfutil32 ] Failed to load symtabs for linear lookup of pthread_key_create
[ 2026-02-11T13:11:33.506        0:  1341:  1341 E/zygisk-ptrace32 ] failed to find symbol pthread_key_create in /system/lib/liblog.so
[ 2026-02-11T13:11:33.506        0:  1341:  1341 E/zygisk-elfutil32 ] Cannot load symtabs: .symtab section or its string table not found/valid.
[ 2026-02-11T13:11:33.506        0:  1341:  1341 E/zygisk-elfutil32 ] Failed to load symtabs for linear lookup of pthread_key_create
[ 2026-02-11T13:11:33.506        0:  1341:  1341 E/zygisk-ptrace32 ] failed to find symbol pthread_key_create in /apex/com.android.runtime/lib/bionic/libm.so
[ 2026-02-11T13:11:33.506        0:  1341:  1341 E/zygisk-elfutil32 ] Cannot load symtabs: .symtab section or its string table not found/valid.
[ 2026-02-11T13:11:33.506        0:  1341:  1341 E/zygisk-elfutil32 ] Failed to load symtabs for linear lookup of pthread_key_create
[ 2026-02-11T13:11:33.506        0:  1341:  1341 E/zygisk-ptrace32 ] failed to find symbol pthread_key_create in /apex/com.android.runtime/lib/bionic/libdl.so
[ 2026-02-11T13:11:33.506        0:  1341:  1341 E/zygisk-elfutil32 ] Cannot load symtabs: .symtab section or its string table not found/valid.
[ 2026-02-11T13:11:33.506        0:  1341:  1341 E/zygisk-elfutil32 ] Failed to load symtabs for linear lookup of posix_memalign
[ 2026-02-11T13:11:33.506        0:  1341:  1341 E/zygisk-ptrace32 ] failed to find symbol posix_memalign in /system/lib/liblog.so
[ 2026-02-11T13:11:33.506        0:  1341:  1341 E/zygisk-elfutil32 ] Cannot load symtabs: .symtab section or its string table not found/valid.
[ 2026-02-11T13:11:33.506        0:  1341:  1341 E/zygisk-elfutil32 ] Failed to load symtabs for linear lookup of posix_memalign
[ 2026-02-11T13:11:33.506        0:  1341:  1341 E/zygisk-ptrace32 ] failed to find symbol posix_memalign in /apex/com.android.runtime/lib/bionic/libm.so
[ 2026-02-11T13:11:33.506        0:  1341:  1341 E/zygisk-elfutil32 ] Cannot load symtabs: .symtab section or its string table not found/valid.
[ 2026-02-11T13:11:33.506        0:  1341:  1341 E/zygisk-elfutil32 ] Failed to load symtabs for linear lookup of posix_memalign
[ 2026-02-11T13:11:33.506        0:  1341:  1341 E/zygisk-ptrace32 ] failed to find symbol posix_memalign in /apex/com.android.runtime/lib/bionic/libdl.so
[ 2026-02-11T13:11:33.506        0:  1341:  1341 E/zygisk-elfutil32 ] Cannot load symtabs: .symtab section or its string table not found/valid.
[ 2026-02-11T13:11:33.506        0:  1341:  1341 E/zygisk-elfutil32 ] Failed to load symtabs for linear lookup of pthread_setspecific
[ 2026-02-11T13:11:33.506        0:  1341:  1341 E/zygisk-ptrace32 ] failed to find symbol pthread_setspecific in /system/lib/liblog.so
[ 2026-02-11T13:11:33.506        0:  1341:  1341 E/zygisk-elfutil32 ] Cannot load symtabs: .symtab section or its string table not found/valid.
[ 2026-02-11T13:11:33.506        0:  1341:  1341 E/zygisk-elfutil32 ] Failed to load symtabs for linear lookup of pthread_setspecific
[ 2026-02-11T13:11:33.506        0:  1341:  1341 E/zygisk-ptrace32 ] failed to find symbol pthread_setspecific in /apex/com.android.runtime/lib/bionic/libm.so
[ 2026-02-11T13:11:33.506        0:  1341:  1341 E/zygisk-elfutil32 ] Cannot load symtabs: .symtab section or its string table not found/valid.
[ 2026-02-11T13:11:33.506        0:  1341:  1341 E/zygisk-elfutil32 ] Failed to load symtabs for linear lookup of pthread_setspecific
[ 2026-02-11T13:11:33.506        0:  1341:  1341 E/zygisk-ptrace32 ] failed to find symbol pthread_setspecific in /apex/com.android.runtime/lib/bionic/libdl.so
[ 2026-02-11T13:11:33.508        0:  1341:  1341 E/zygisk-elfutil32 ] Cannot load symtabs: .symtab section or its string table not found/valid.
[ 2026-02-11T13:11:33.508        0:  1341:  1341 E/zygisk-elfutil32 ] Failed to load symtabs for linear lookup of __aeabi_memcpy
[ 2026-02-11T13:11:33.508        0:  1341:  1341 E/zygisk-ptrace32 ] failed to find symbol __aeabi_memcpy in /system/lib/liblog.so
[ 2026-02-11T13:11:33.508        0:  1341:  1341 E/zygisk-elfutil32 ] Cannot load symtabs: .symtab section or its string table not found/valid.
[ 2026-02-11T13:11:33.508        0:  1341:  1341 E/zygisk-elfutil32 ] Failed to load symtabs for linear lookup of __aeabi_memcpy
[ 2026-02-11T13:11:33.508        0:  1341:  1341 E/zygisk-ptrace32 ] failed to find symbol __aeabi_memcpy in /apex/com.android.runtime/lib/bionic/libm.so
[ 2026-02-11T13:11:33.508        0:  1341:  1341 E/zygisk-elfutil32 ] Cannot load symtabs: .symtab section or its string table not found/valid.
[ 2026-02-11T13:11:33.508        0:  1341:  1341 E/zygisk-elfutil32 ] Failed to load symtabs for linear lookup of __aeabi_memcpy
[ 2026-02-11T13:11:33.508        0:  1341:  1341 E/zygisk-ptrace32 ] failed to find symbol __aeabi_memcpy in /apex/com.android.runtime/lib/bionic/libdl.so
[ 2026-02-11T13:11:33.508        0:  1341:  1341 E/zygisk-elfutil32 ] Cannot load symtabs: .symtab section or its string table not found/valid.
[ 2026-02-11T13:11:33.508        0:  1341:  1341 E/zygisk-elfutil32 ] Failed to load symtabs for linear lookup of __aeabi_memcpy4
[ 2026-02-11T13:11:33.508        0:  1341:  1341 E/zygisk-ptrace32 ] failed to find symbol __aeabi_memcpy4 in /system/lib/liblog.so
[ 2026-02-11T13:11:33.508        0:  1341:  1341 E/zygisk-elfutil32 ] Cannot load symtabs: .symtab section or its string table not found/valid.
[ 2026-02-11T13:11:33.508        0:  1341:  1341 E/zygisk-elfutil32 ] Failed to load symtabs for linear lookup of __aeabi_memcpy4
[ 2026-02-11T13:11:33.508        0:  1341:  1341 E/zygisk-ptrace32 ] failed to find symbol __aeabi_memcpy4 in /apex/com.android.runtime/lib/bionic/libm.so
[ 2026-02-11T13:11:33.508        0:  1341:  1341 E/zygisk-elfutil32 ] Cannot load symtabs: .symtab section or its string table not found/valid.
[ 2026-02-11T13:11:33.508        0:  1341:  1341 E/zygisk-elfutil32 ] Failed to load symtabs for linear lookup of __aeabi_memcpy4
[ 2026-02-11T13:11:33.508        0:  1341:  1341 E/zygisk-ptrace32 ] failed to find symbol __aeabi_memcpy4 in /apex/com.android.runtime/lib/bionic/libdl.so
[ 2026-02-11T13:11:33.508        0:  1341:  1341 E/zygisk-elfutil32 ] Cannot load symtabs: .symtab section or its string table not found/valid.
[ 2026-02-11T13:11:33.508        0:  1341:  1341 E/zygisk-elfutil32 ] Failed to load symtabs for linear lookup of __aeabi_memmove
[ 2026-02-11T13:11:33.508        0:  1341:  1341 E/zygisk-ptrace32 ] failed to find symbol __aeabi_memmove in /system/lib/liblog.so
[ 2026-02-11T13:11:33.508        0:  1341:  1341 E/zygisk-elfutil32 ] Cannot load symtabs: .symtab section or its string table not found/valid.
[ 2026-02-11T13:11:33.508        0:  1341:  1341 E/zygisk-elfutil32 ] Failed to load symtabs for linear lookup of __aeabi_memmove
[ 2026-02-11T13:11:33.508        0:  1341:  1341 E/zygisk-ptrace32 ] failed to find symbol __aeabi_memmove in /apex/com.android.runtime/lib/bionic/libm.so
[ 2026-02-11T13:11:33.508        0:  1341:  1341 E/zygisk-elfutil32 ] Cannot load symtabs: .symtab section or its string table not found/valid.
[ 2026-02-11T13:11:33.508        0:  1341:  1341 E/zygisk-elfutil32 ] Failed to load symtabs for linear lookup of __aeabi_memmove
[ 2026-02-11T13:11:33.508        0:  1341:  1341 E/zygisk-ptrace32 ] failed to find symbol __aeabi_memmove in /apex/com.android.runtime/lib/bionic/libdl.so
[ 2026-02-11T13:11:33.508        0:  1341:  1341 E/zygisk-elfutil32 ] Cannot load symtabs: .symtab section or its string table not found/valid.
[ 2026-02-11T13:11:33.508        0:  1341:  1341 E/zygisk-elfutil32 ] Failed to load symtabs for linear lookup of __aeabi_memclr
[ 2026-02-11T13:11:33.508        0:  1341:  1341 E/zygisk-ptrace32 ] failed to find symbol __aeabi_memclr in /system/lib/liblog.so
[ 2026-02-11T13:11:33.515        0:  1341:  1341 E/zygisk-elfutil32 ] Cannot load symtabs: .symtab section or its string table not found/valid.
[ 2026-02-11T13:11:33.515        0:  1341:  1341 E/zygisk-elfutil32 ] Failed to load symtabs for linear lookup of __aeabi_memclr
[ 2026-02-11T13:11:33.515        0:  1341:  1341 E/zygisk-ptrace32 ] failed to find symbol __aeabi_memclr in /apex/com.android.runtime/lib/bionic/libm.so
[ 2026-02-11T13:11:33.515        0:  1341:  1341 E/zygisk-elfutil32 ] Cannot load symtabs: .symtab section or its string table not found/valid.
[ 2026-02-11T13:11:33.515        0:  1341:  1341 E/zygisk-elfutil32 ] Failed to load symtabs for linear lookup of __aeabi_memclr
[ 2026-02-11T13:11:33.515        0:  1341:  1341 E/zygisk-ptrace32 ] failed to find symbol __aeabi_memclr in /apex/com.android.runtime/lib/bionic/libdl.so
[ 2026-02-11T13:11:33.515        0:  1341:  1341 E/zygisk-elfutil32 ] Cannot load symtabs: .symtab section or its string table not found/valid.
[ 2026-02-11T13:11:33.515        0:  1341:  1341 E/zygisk-elfutil32 ] Failed to load symtabs for linear lookup of __aeabi_memclr4
[ 2026-02-11T13:11:33.515        0:  1341:  1341 E/zygisk-ptrace32 ] failed to find symbol __aeabi_memclr4 in /system/lib/liblog.so
[ 2026-02-11T13:11:33.515        0:  1341:  1341 E/zygisk-elfutil32 ] Cannot load symtabs: .symtab section or its string table not found/valid.
[ 2026-02-11T13:11:33.515        0:  1341:  1341 E/zygisk-elfutil32 ] Failed to load symtabs for linear lookup of __aeabi_memclr4
[ 2026-02-11T13:11:33.515        0:  1341:  1341 E/zygisk-ptrace32 ] failed to find symbol __aeabi_memclr4 in /apex/com.android.runtime/lib/bionic/libm.so
[ 2026-02-11T13:11:33.515        0:  1341:  1341 E/zygisk-elfutil32 ] Cannot load symtabs: .symtab section or its string table not found/valid.
[ 2026-02-11T13:11:33.515        0:  1341:  1341 E/zygisk-elfutil32 ] Failed to load symtabs for linear lookup of __aeabi_memclr4
[ 2026-02-11T13:11:33.515        0:  1341:  1341 E/zygisk-ptrace32 ] failed to find symbol __aeabi_memclr4 in /apex/com.android.runtime/lib/bionic/libdl.so
[ 2026-02-11T13:11:33.515        0:  1341:  1341 E/zygisk-elfutil32 ] Cannot load symtabs: .symtab section or its string table not found/valid.
[ 2026-02-11T13:11:33.515        0:  1341:  1341 E/zygisk-elfutil32 ] Failed to load symtabs for linear lookup of __aeabi_memclr8
[ 2026-02-11T13:11:33.515        0:  1341:  1341 E/zygisk-ptrace32 ] failed to find symbol __aeabi_memclr8 in /system/lib/liblog.so
[ 2026-02-11T13:11:33.515        0:  1341:  1341 E/zygisk-elfutil32 ] Cannot load symtabs: .symtab section or its string table not found/valid.
[ 2026-02-11T13:11:33.515        0:  1341:  1341 E/zygisk-elfutil32 ] Failed to load symtabs for linear lookup of __aeabi_memclr8
[ 2026-02-11T13:11:33.515        0:  1341:  1341 E/zygisk-ptrace32 ] failed to find symbol __aeabi_memclr8 in /apex/com.android.runtime/lib/bionic/libm.so
[ 2026-02-11T13:11:33.515        0:  1341:  1341 E/zygisk-elfutil32 ] Cannot load symtabs: .symtab section or its string table not found/valid.
[ 2026-02-11T13:11:33.515        0:  1341:  1341 E/zygisk-elfutil32 ] Failed to load symtabs for linear lookup of __aeabi_memclr8
[ 2026-02-11T13:11:33.516        0:  1341:  1341 E/zygisk-ptrace32 ] failed to find symbol __aeabi_memclr8 in /apex/com.android.runtime/lib/bionic/libdl.so
[ 2026-02-11T13:11:33.516        0:  1341:  1341 E/zygisk-elfutil32 ] Cannot load symtabs: .symtab section or its string table not found/valid.
[ 2026-02-11T13:11:33.516        0:  1341:  1341 E/zygisk-elfutil32 ] Failed to load symtabs for linear lookup of strlen
[ 2026-02-11T13:11:33.516        0:  1341:  1341 E/zygisk-ptrace32 ] failed to find symbol strlen in /system/lib/liblog.so
[ 2026-02-11T13:11:33.516        0:  1341:  1341 E/zygisk-elfutil32 ] Cannot load symtabs: .symtab section or its string table not found/valid.
[ 2026-02-11T13:11:33.516        0:  1341:  1341 E/zygisk-elfutil32 ] Failed to load symtabs for linear lookup of strlen
[ 2026-02-11T13:11:33.516        0:  1341:  1341 E/zygisk-ptrace32 ] failed to find symbol strlen in /apex/com.android.runtime/lib/bionic/libm.so
[ 2026-02-11T13:11:33.516        0:  1341:  1341 E/zygisk-elfutil32 ] Cannot load symtabs: .symtab section or its string table not found/valid.
[ 2026-02-11T13:11:33.516        0:  1341:  1341 E/zygisk-elfutil32 ] Failed to load symtabs for linear lookup of strlen
[ 2026-02-11T13:11:33.516        0:  1341:  1341 E/zygisk-ptrace32 ] failed to find symbol strlen in /apex/com.android.runtime/lib/bionic/libdl.so
[ 2026-02-11T13:11:33.516        0:  1341:  1341 E/zygisk-elfutil32 ] Cannot load symtabs: .symtab section or its string table not found/valid.
[ 2026-02-11T13:11:33.516        0:  1341:  1341 E/zygisk-elfutil32 ] Failed to load symtabs for linear lookup of __stack_chk_fail
[ 2026-02-11T13:11:33.516        0:  1341:  1341 E/zygisk-ptrace32 ] failed to find symbol __stack_chk_fail in /system/lib/liblog.so
[ 2026-02-11T13:11:33.516        0:  1341:  1341 E/zygisk-elfutil32 ] Cannot load symtabs: .symtab section or its string table not found/valid.
[ 2026-02-11T13:11:33.516        0:  1341:  1341 E/zygisk-elfutil32 ] Failed to load symtabs for linear lookup of __stack_chk_fail
[ 2026-02-11T13:11:33.516        0:  1341:  1341 E/zygisk-ptrace32 ] failed to find symbol __stack_chk_fail in /apex/com.android.runtime/lib/bionic/libm.so
[ 2026-02-11T13:11:33.516        0:  1341:  1341 E/zygisk-elfutil32 ] Cannot load symtabs: .symtab section or its string table not found/valid.
[ 2026-02-11T13:11:33.516        0:  1341:  1341 E/zygisk-elfutil32 ] Failed to load symtabs for linear lookup of __stack_chk_fail
[ 2026-02-11T13:11:33.516        0:  1341:  1341 E/zygisk-ptrace32 ] failed to find symbol __stack_chk_fail in /apex/com.android.runtime/lib/bionic/libdl.so
[ 2026-02-11T13:11:33.516        0:  1341:  1341 I/zygisk-ptrace32 ] remote mapped /data/adb/modules/rezygisk/lib/libzygisk.so at 0xe8f0a000 (size 73728), entry 0xe8f0ce61
[ 2026-02-11T13:11:33.517        0:  1102:  1102 I/LSPosedService  ] service package is not started, wait 1s.
[ 2026-02-11T13:11:33.551        0:  1341:  1341 I/zygisk-ptrace32 ] process 1335 stopped by SIGCHLD, continue
[ 2026-02-11T13:11:33.555        0:  1052:  1052 I/zygisk-ptrace64 ] Received Zygote32 injected command
[ 2026-02-11T13:11:33.556        0:  1052:  1052 I/zygisk-ptrace64 ] status updated: Monitor: ✅, ReZygisk 64-bit: ✅, ReZygisk 32-bit: ✅
[ 2026-02-11T13:11:34.518        0:  1102:  1102 I/LSPosedService  ] service package is not started, wait 1s.
[ 2026-02-11T13:11:35.337        0:  2611:  2611 I/zygiskd64       ] Welcome to ReZygisk v1.0.0 Zygiskd64!
[ 2026-02-11T13:11:35.337        0:  2611:  2611 I/zygiskd-companion64 ] New companion entry.
 - Client fd: 12
[ 2026-02-11T13:11:35.337        0:  2611:  2611 I/zygiskd-companion64 ]  - Module name: "zygisk_lsposed"
[ 2026-02-11T13:11:35.337        0:  2611:  2611 I/zygiskd-companion64 ]  - Library fd: 6
[ 2026-02-11T13:11:35.338        0:  2611:  2611 I/zygiskd-companion64 ]  - Module entry found
[ 2026-02-11T13:11:35.339        0:  1336:  1336 I/zygiskd64       ]  - Spawned companion for "zygisk_lsposed": 11
[ 2026-02-11T13:11:35.339        0:  1336:  1336 I/zygiskd64       ]  - Sending companion fd socket of module "zygisk_lsposed"
[ 2026-02-11T13:11:35.339        0:  2611:  2611 I/zygiskd-companion64 ] New companion request.
 - Module name: zygisk_lsposed
 - Client fd: 6
[ 2026-02-11T13:11:35.340        0:  1102:  1234 I/LSPosedService  ] LSPSystemServerService: starting new bridge
[ 2026-02-11T13:11:35.519        0:  1102:  1102 I/LSPosedService  ] service package is not started, wait 1s.
[ 2026-02-11T13:11:36.519        0:  1102:  1102 I/LSPosedService  ] service package is not started, wait 1s.
[ 2026-02-11T13:11:37.521        0:  1102:  1102 I/LSPosedService  ] service package is not started, wait 1s.
[ 2026-02-11T13:11:37.863        0:  1102:  1248 W/libbinder.Binder ] Binder transaction to org.lsposed.lspd.service.ILSPApplicationService code 1 took 1854ms. Data bytes: 112 Reply bytes: 13972 Flags: 18
[ 2026-02-11T13:11:38.505        0:  1102:  1203 W/lspd            ] userfaultfd: MOVE ioctl seems unsupported: Success
[ 2026-02-11T13:11:38.521        0:  1102:  1102 I/LSPosedService  ] service package is not started, wait 1s.
[ 2026-02-11T13:11:39.522        0:  1102:  1102 I/LSPosedService  ] service package is not started, wait 1s.
[ 2026-02-11T13:11:39.644        0:  1102:  1248 W/libbinder.Binder ] Binder transaction to org.lsposed.lspd.service.ILSPApplicationService code 2 took 1568ms. Data bytes: 112 Reply bytes: 3612 Flags: 18
[ 2026-02-11T13:11:39.667     1000:  2609:  2609 I/LSPosed-Bridge  ] DisableAltTab: AltTabHook success!
[ 2026-02-11T13:11:39.668     1000:  2609:  2609 E/LSPosed-Bridge  ] XSmsCode: Failed to hook PermissionManagerService
p.jc.TCiBE.toqX.wEzVNa.XposedHelpers$ClassNotFoundError: java.lang.ClassNotFoundException: com$android$server$pm$permission$PermissionManagerServiceImpl
	at p.jc.TCiBE.toqX.wEzVNa.XposedHelpers.findClass(r8-map-id-1b503ce2d1eb437266e175dc68a023819023d9852a09899d29d782d634f0016f:13)
	at w3.g.c(Unknown Source:4)
	at w3.g.d(Unknown Source:8)
	at w3.g.e(Unknown Source:0)
	at w3.b.d(Unknown Source:31)
	at com.tianma.xsmscode.xp.HookEntry.handleLoadPackage(Unknown Source:24)
	at p.jc.TCiBE.toqX.wEzVNa.IXposedHookLoadPackage$Wrapper.handleLoadPackage(r8-map-id-1b503ce2d1eb437266e175dc68a023819023d9852a09899d29d782d634f0016f:3)
	at p.jc.TCiBE.toqX.wEzVNa.callbacks.XC_LoadPackage.call(r8-map-id-1b503ce2d1eb437266e175dc68a023819023d9852a09899d29d782d634f0016f:7)
	at p.jc.TCiBE.toqX.wEzVNa.callbacks.XCallback.callAll(r8-map-id-1b503ce2d1eb437266e175dc68a023819023d9852a09899d29d782d634f0016f:27)
	at f2.before(r8-map-id-1b503ce2d1eb437266e175dc68a023819023d9852a09899d29d782d634f0016f:68)
	at java.lang.reflect.Method.invoke(Native Method)
	at j0.callback(r8-map-id-1b503ce2d1eb437266e175dc68a023819023d9852a09899d29d782d634f0016f:108)
	at LSPHooker_.startBootstrapServices(LSP)
	at com.android.server.SystemServer.run(SystemServer.java:1044)
	at com.android.server.SystemServer.main(SystemServer.java:724)
	at java.lang.reflect.Method.invoke(Native Method)
	at com.android.internal.os.RuntimeInit$MethodAndArgsCaller.run(RuntimeInit.java:569)
	at com.android.internal.os.ZygoteInit.main(ZygoteInit.java:907)
Caused by: java.lang.ClassNotFoundException: com$android$server$pm$permission$PermissionManagerServiceImpl
	at r.a(r8-map-id-1b503ce2d1eb437266e175dc68a023819023d9852a09899d29d782d634f0016f:66)
	at p.jc.TCiBE.toqX.wEzVNa.XposedHelpers.findClass(r8-map-id-1b503ce2d1eb437266e175dc68a023819023d9852a09899d29d782d634f0016f:5)
	... 17 more
[ 2026-02-11T13:11:39.685     1000:  2609:  2609 I/LSPosed-Bridge  ] [XAudioCapture]: Hook Computer Engine!
[ 2026-02-11T13:11:39.713     1000:  2609:  2609 E/LSPosed-Bridge  ] p.jc.TCiBE.toqX.wEzVNa.XposedHelpers$ClassNotFoundError: java.lang.ClassNotFoundException: com$android$server$am$ProcessStateRecord
	at p.jc.TCiBE.toqX.wEzVNa.XposedHelpers.findClass(r8-map-id-1b503ce2d1eb437266e175dc68a023819023d9852a09899d29d782d634f0016f:13)
	at p.jc.TCiBE.toqX.wEzVNa.XposedHelpers.findAndHookConstructor(r8-map-id-1b503ce2d1eb437266e175dc68a023819023d9852a09899d29d782d634f0016f:8)
	at ru.bluecat.android.xposed.mods.appsettings.hooks.Core.handleLoadPackage(Unknown Source:164)
	at p.jc.TCiBE.toqX.wEzVNa.IXposedHookLoadPackage$Wrapper.handleLoadPackage(r8-map-id-1b503ce2d1eb437266e175dc68a023819023d9852a09899d29d782d634f0016f:3)
	at p.jc.TCiBE.toqX.wEzVNa.callbacks.XC_LoadPackage.call(r8-map-id-1b503ce2d1eb437266e175dc68a023819023d9852a09899d29d782d634f0016f:7)
	at p.jc.TCiBE.toqX.wEzVNa.callbacks.XCallback.callAll(r8-map-id-1b503ce2d1eb437266e175dc68a023819023d9852a09899d29d782d634f0016f:27)
	at f2.before(r8-map-id-1b503ce2d1eb437266e175dc68a023819023d9852a09899d29d782d634f0016f:68)
	at java.lang.reflect.Method.invoke(Native Method)
	at j0.callback(r8-map-id-1b503ce2d1eb437266e175dc68a023819023d9852a09899d29d782d634f0016f:108)
	at LSPHooker_.startBootstrapServices(LSP)
	at com.android.server.SystemServer.run(SystemServer.java:1044)
	at com.android.server.SystemServer.main(SystemServer.java:724)
	at java.lang.reflect.Method.invoke(Native Method)
	at com.android.internal.os.RuntimeInit$MethodAndArgsCaller.run(RuntimeInit.java:569)
	at com.android.internal.os.ZygoteInit.main(ZygoteInit.java:907)
Caused by: java.lang.ClassNotFoundException: com$android$server$am$ProcessStateRecord
	at r.a(r8-map-id-1b503ce2d1eb437266e175dc68a023819023d9852a09899d29d782d634f0016f:66)
	at p.jc.TCiBE.toqX.wEzVNa.XposedHelpers.findClass(r8-map-id-1b503ce2d1eb437266e175dc68a023819023d9852a09899d29d782d634f0016f:5)
	... 14 more
[ 2026-02-11T13:11:39.717     1000:  2609:  2609 E/LSPosed-Bridge  ] java.lang.NoSuchMethodError: com.android.server.notification.NotificationManagerService#enqueueNotificationInternal(java.lang.String,java.lang.String,int,int,java.lang.String,int,android.app.Notification,int)#exact
	at p.jc.TCiBE.toqX.wEzVNa.XposedHelpers.lambda$findMethodExact$3(r8-map-id-1b503ce2d1eb437266e175dc68a023819023d9852a09899d29d782d634f0016f:7)
	at p.jc.TCiBE.toqX.wEzVNa.XposedHelpers.e(r8-map-id-1b503ce2d1eb437266e175dc68a023819023d9852a09899d29d782d634f0016f:1)
	at p.jc.TCiBE.toqX.wEzVNa.c.get(r8-map-id-1b503ce2d1eb437266e175dc68a023819023d9852a09899d29d782d634f0016f:8)
	at java.util.Optional.orElseThrow(Optional.java:403)
	at p.jc.TCiBE.toqX.wEzVNa.XposedHelpers.findMethodExact(r8-map-id-1b503ce2d1eb437266e175dc68a023819023d9852a09899d29d782d634f0016f:5)
	at p.jc.TCiBE.toqX.wEzVNa.XposedHelpers.findAndHookMethod(r8-map-id-1b503ce2d1eb437266e175dc68a023819023d9852a09899d29d782d634f0016f:3)
	at p.jc.TCiBE.toqX.wEzVNa.XposedHelpers.findAndHookMethod(r8-map-id-1b503ce2d1eb437266e175dc68a023819023d9852a09899d29d782d634f0016f:8)
	at ru.bluecat.android.xposed.mods.appsettings.hooks.Core.handleLoadPackage(Unknown Source:293)
	at p.jc.TCiBE.toqX.wEzVNa.IXposedHookLoadPackage$Wrapper.handleLoadPackage(r8-map-id-1b503ce2d1eb437266e175dc68a023819023d9852a09899d29d782d634f0016f:3)
	at p.jc.TCiBE.toqX.wEzVNa.callbacks.XC_LoadPackage.call(r8-map-id-1b503ce2d1eb437266e175dc68a023819023d9852a09899d29d782d634f0016f:7)
	at p.jc.TCiBE.toqX.wEzVNa.callbacks.XCallback.callAll(r8-map-id-1b503ce2d1eb437266e175dc68a023819023d9852a09899d29d782d634f0016f:27)
	at f2.before(r8-map-id-1b503ce2d1eb437266e175dc68a023819023d9852a09899d29d782d634f0016f:68)
	at java.lang.reflect.Method.invoke(Native Method)
	at j0.callback(r8-map-id-1b503ce2d1eb437266e175dc68a023819023d9852a09899d29d782d634f0016f:108)
	at LSPHooker_.startBootstrapServices(LSP)
	at com.android.server.SystemServer.run(SystemServer.java:1044)
	at com.android.server.SystemServer.main(SystemServer.java:724)
	at java.lang.reflect.Method.invoke(Native Method)
	at com.android.internal.os.RuntimeInit$MethodAndArgsCaller.run(RuntimeInit.java:569)
	at com.android.internal.os.ZygoteInit.main(ZygoteInit.java:907)
[ 2026-02-11T13:11:39.718     1000:  2609:  2609 E/LSPosed-Bridge  ] p.jc.TCiBE.toqX.wEzVNa.XposedHelpers$ClassNotFoundError: java.lang.ClassNotFoundException: com$android$server$pm$permission$PermissionManagerServiceImpl
	at p.jc.TCiBE.toqX.wEzVNa.XposedHelpers.findClass(r8-map-id-1b503ce2d1eb437266e175dc68a023819023d9852a09899d29d782d634f0016f:13)
	at ru.bluecat.android.xposed.mods.appsettings.hooks.Core.handleLoadPackage(Unknown Source:328)
	at p.jc.TCiBE.toqX.wEzVNa.IXposedHookLoadPackage$Wrapper.handleLoadPackage(r8-map-id-1b503ce2d1eb437266e175dc68a023819023d9852a09899d29d782d634f0016f:3)
	at p.jc.TCiBE.toqX.wEzVNa.callbacks.XC_LoadPackage.call(r8-map-id-1b503ce2d1eb437266e175dc68a023819023d9852a09899d29d782d634f0016f:7)
	at p.jc.TCiBE.toqX.wEzVNa.callbacks.XCallback.callAll(r8-map-id-1b503ce2d1eb437266e175dc68a023819023d9852a09899d29d782d634f0016f:27)
	at f2.before(r8-map-id-1b503ce2d1eb437266e175dc68a023819023d9852a09899d29d782d634f0016f:68)
	at java.lang.reflect.Method.invoke(Native Method)
	at j0.callback(r8-map-id-1b503ce2d1eb437266e175dc68a023819023d9852a09899d29d782d634f0016f:108)
	at LSPHooker_.startBootstrapServices(LSP)
	at com.android.server.SystemServer.run(SystemServer.java:1044)
	at com.android.server.SystemServer.main(SystemServer.java:724)
	at java.lang.reflect.Method.invoke(Native Method)
	at com.android.internal.os.RuntimeInit$MethodAndArgsCaller.run(RuntimeInit.java:569)
	at com.android.internal.os.ZygoteInit.main(ZygoteInit.java:907)
Caused by: java.lang.ClassNotFoundException: com$android$server$pm$permission$PermissionManagerServiceImpl
	at r.a(r8-map-id-1b503ce2d1eb437266e175dc68a023819023d9852a09899d29d782d634f0016f:66)
	at p.jc.TCiBE.toqX.wEzVNa.XposedHelpers.findClass(r8-map-id-1b503ce2d1eb437266e175dc68a023819023d9852a09899d29d782d634f0016f:5)
	... 13 more
[ 2026-02-11T13:11:39.718     1000:  2609:  2609 I/LSPosed-Bridge  ] XLua.XLua Loaded android:1000
[ 2026-02-11T13:11:39.725     1000:  2609:  2609 I/LSPosed-Bridge  ] [HMA-OSS] [ INFO] 02-11 13:11:39 (HMA-XposedEntry) Hook entry
[ 2026-02-11T13:11:40.522        0:  1102:  1102 I/LSPosedService  ] service package is not started, wait 1s.
[ 2026-02-11T13:11:41.523        0:  1102:  1102 I/LSPosedService  ] service package is not started, wait 1s.
[ 2026-02-11T13:11:42.412     1000:  2609:  2609 I/LSPosed-Bridge  ] [HMA-OSS] [DEBUG] 02-11 13:11:42 (HMA-XposedEntry) Got pms: com.android.server.pm.PackageManagerService$IPackageManagerImpl@e802f73, com.android.server.pm.PackageManagerNative@fb6e30
[ 2026-02-11T13:11:42.412     1000:  2609:  3155 I/LSPosed-Bridge  ] [HMA-OSS] [ INFO] 02-11 13:11:42 (HMA-UserService) Initialize HMAService - Version oss-154
[ 2026-02-11T13:11:42.418     1000:  2609:  3155 I/LSPosed-Bridge  ] [HMA-OSS] [ INFO] 02-11 13:11:42 (HMA-Service) Data dir: /data/misc/hide_my_applist_ihipqqtjhsuxtuqg
[ 2026-02-11T13:11:42.426     1000:  2609:  3156 I/LSPosed-Bridge  ] [HMA-OSS] [ INFO] 02-11 13:11:42 (HMA-Service) Filter counts loaded
[ 2026-02-11T13:11:42.437     1000:  2609:  3156 I/LSPosed-Bridge  ] [HMA-OSS] [ INFO] 02-11 13:11:42 (HMA-Service) Config loaded
[ 2026-02-11T13:11:42.439     1000:  2609:  3156 I/LSPosed-Bridge  ] [HMA-OSS] [ INFO] 02-11 13:11:42 (HMA-Service) Preset cache loaded
[ 2026-02-11T13:11:42.461     1000:  2609:  3156 I/LSPosed-Bridge  ] [HMA-OSS] [ INFO] 02-11 13:11:42 (PmsHookTarget34) Load hook
[ 2026-02-11T13:11:42.467     1000:  2609:  3156 I/LSPosed-Bridge  ] [HMA-OSS] [ INFO] 02-11 13:11:42 (PlatformCompatHook) Load hook
[ 2026-02-11T13:11:42.467     1000:  2609:  3156 I/LSPosed-Bridge  ] [HMA-OSS] [ INFO] 02-11 13:11:42 (PlatformCompatHook) App data isolation enabled: true
[ 2026-02-11T13:11:42.467     1000:  2609:  3156 I/LSPosed-Bridge  ] [HMA-OSS] [ INFO] 02-11 13:11:42 (ActivityHook) Load hook
[ 2026-02-11T13:11:42.470     1000:  2609:  3156 I/LSPosed-Bridge  ] [HMA-OSS] [ INFO] 02-11 13:11:42 (AccessibilityHook) Load hook
[ 2026-02-11T13:11:42.474     1000:  2609:  3156 I/LSPosed-Bridge  ] [HMA-OSS] [ INFO] 02-11 13:11:42 (ImmHook) Load hook
[ 2026-02-11T13:11:42.478     1000:  2609:  3156 I/LSPosed-Bridge  ] [HMA-OSS] [ INFO] 02-11 13:11:42 (HMA-Service) Hooks installed
[ 2026-02-11T13:11:42.478     1000:  2609:  3156 I/LSPosed-Bridge  ] [HMA-OSS] [ INFO] 02-11 13:11:42 (HMA-Service) HMA service initialized
[ 2026-02-11T13:11:42.480     1000:  2609:  3156 I/LSPosed-Bridge  ] [HMA-OSS] [ INFO] 02-11 13:11:42 (HMA-UserService) Registered observer
[ 2026-02-11T13:11:42.481     1000:  2609:  3156 I/LSPosed-Bridge  ] [HMA-OSS] [ INFO] 02-11 13:11:42 (HMA-XposedEntry) User service started
[ 2026-02-11T13:11:42.482     1000:  2609:  3156 I/LSPosed-Bridge  ] [HMA-OSS] [ INFO] 02-11 13:11:42 (HMA-Service) All presets are loaded
[ 2026-02-11T13:11:42.634        0:  1102:  1102 I/LSPosed         ] mount dex2oat /apex/com.android.art/bin/dex2oat64
[ 2026-02-11T13:11:42.634        0:  1102:  1102 I/LSPosed         ] mount dex2oat /apex/com.android.art/bin/dex2oat32
[ 2026-02-11T13:11:42.650     1000:  2609:  3159 I/LSPosedBridge   ] binder received
[ 2026-02-11T13:11:42.650        0:  1102:  1102 I/LSPosedService  ] sent service to bridge
[ 2026-02-11T13:11:42.845     1000:  2609:  2609 I/LSPosed-Bridge  ] XLua.XLua Loaded com.android.providers.settings:1000
[ 2026-02-11T13:11:45.593        0:  1102:  1224 I/LSPosedService  ] manager is not installed
[ 2026-02-11T13:11:45.593        0:  1102:  1224 W/libbinder.Binder ] Binder transaction to org.lsposed.lspd.service.ILSPApplicationService code 3 took 2534ms. Data bytes: 164 Reply bytes: 180 Flags: 18
[ 2026-02-11T13:11:45.662     1000:  2609:  2609 I/LSPosed-Bridge  ] XLua.XLua Loaded org.lineageos.lineagesettings:1000
[ 2026-02-11T13:11:45.679     1000:  2609:  2609 I/LSPosed-Bridge  ] XLua.XLua Loaded com.android.server.telecom:1000
[ 2026-02-11T13:11:46.941     1000:  2609:  2609 I/LSPosed-Bridge  ] XLua.XLua Preparing system
[ 2026-02-11T13:11:46.977     1000:  2609:  2609 I/LSPosed-Bridge  ] [XLua.DatabasePathUtil] Found Database Folder! Using Folder [/data/misc/xplex-a526e8b3-3ae2-4f8d-8b54-fe972be49b3d] as XPL-EX base Folder for Databases!
[ 2026-02-11T13:11:46.990     1000:  2609:  2609 I/LSPosed-Bridge  ] [XLua.DatabasePathUtil] Database Folder=/data/misc/xplex-a526e8b3-3ae2-4f8d-8b54-fe972be49b3d/xlua.db Database Name=xlua.db Parent Directory=/data/misc/xplex-a526e8b3-3ae2-4f8d-8b54-fe972be49b3d Open Flag=true Is Open=true
[ 2026-02-11T13:11:46.991     1000:  2609:  2609 I/LSPosed-Bridge  ] Opened Database, Database=Database: /data/misc/xplex-a526e8b3-3ae2-4f8d-8b54-fe972be49b3d/xlua.db Is Open: true
[ 2026-02-11T13:11:46.991     1000:  2609:  2609 I/LSPosed-Bridge  ] Resetting Database (xl), Set Database to null: false
[ 2026-02-11T13:11:46.992     1000:  2609:  2609 I/LSPosed-Bridge  ] Error Renaming Hook ID, Old:TelephonyManager/getDeviceId  NewTelephonyManager.getDeviceId  Error:android.database.sqlite.SQLiteException: no such table: assignment (code 1 SQLITE_ERROR): , while compiling: UPDATE assignment SET hook=? WHERE hook = ?
[ 2026-02-11T13:11:46.992     1000:  2609:  2609 I/LSPosed-Bridge  ] Error Renaming Hook ID, Old:TelephonyManager/getDeviceId/slot  NewTelephonyManager.getDeviceId/slot  Error:android.database.sqlite.SQLiteException: no such table: assignment (code 1 SQLITE_ERROR): , while compiling: UPDATE assignment SET hook=? WHERE hook = ?
[ 2026-02-11T13:11:46.992     1000:  2609:  2609 I/LSPosed-Bridge  ] Error Renaming Hook ID, Old:TelephonyManager/getGroupIdLevel1  NewTelephonyManager.getGroupIdLevel1  Error:android.database.sqlite.SQLiteException: no such table: assignment (code 1 SQLITE_ERROR): , while compiling: UPDATE assignment SET hook=? WHERE hook = ?
[ 2026-02-11T13:11:46.992     1000:  2609:  2609 I/LSPosed-Bridge  ] Error Renaming Hook ID, Old:TelephonyManager/getImei  NewTelephonyManager.getImei  Error:android.database.sqlite.SQLiteException: no such table: assignment (code 1 SQLITE_ERROR): , while compiling: UPDATE assignment SET hook=? WHERE hook = ?
[ 2026-02-11T13:11:46.992     1000:  2609:  2609 I/LSPosed-Bridge  ] Error Renaming Hook ID, Old:TelephonyManager/getImei/slot  NewTelephonyManager.getImei/slot  Error:android.database.sqlite.SQLiteException: no such table: assignment (code 1 SQLITE_ERROR): , while compiling: UPDATE assignment SET hook=? WHERE hook = ?
[ 2026-02-11T13:11:46.992     1000:  2609:  2609 I/LSPosed-Bridge  ] Error Renaming Hook ID, Old:TelephonyManager/getLine1Number  NewTelephonyManager.getLine1Number  Error:android.database.sqlite.SQLiteException: no such table: assignment (code 1 SQLITE_ERROR): , while compiling: UPDATE assignment SET hook=? WHERE hook = ?
[ 2026-02-11T13:11:46.992     1000:  2609:  2609 I/LSPosed-Bridge  ] Error Renaming Hook ID, Old:TelephonyManager/getMeid  NewTelephonyManager.getMeid  Error:android.database.sqlite.SQLiteException: no such table: assignment (code 1 SQLITE_ERROR): , while compiling: UPDATE assignment SET hook=? WHERE hook = ?
[ 2026-02-11T13:11:46.993     1000:  2609:  2609 I/LSPosed-Bridge  ] Error Renaming Hook ID, Old:TelephonyManager/getMeid/slot  NewTelephonyManager.getMeid/slot  Error:android.database.sqlite.SQLiteException: no such table: assignment (code 1 SQLITE_ERROR): , while compiling: UPDATE assignment SET hook=? WHERE hook = ?
[ 2026-02-11T13:11:46.993     1000:  2609:  2609 I/LSPosed-Bridge  ] Error Renaming Hook ID, Old:TelephonyManager/getNetworkSpecifier  NewTelephonyManager.getNetworkSpecifier  Error:android.database.sqlite.SQLiteException: no such table: assignment (code 1 SQLITE_ERROR): , while compiling: UPDATE assignment SET hook=? WHERE hook = ?
[ 2026-02-11T13:11:46.993     1000:  2609:  2609 I/LSPosed-Bridge  ] Error Renaming Hook ID, Old:TelephonyManager/getSimSerialNumber  NewTelephonyManager.getSimSerialNumber  Error:android.database.sqlite.SQLiteException: no such table: assignment (code 1 SQLITE_ERROR): , while compiling: UPDATE assignment SET hook=? WHERE hook = ?
[ 2026-02-11T13:11:46.993     1000:  2609:  2609 I/LSPosed-Bridge  ] Error Renaming Hook ID, Old:TelephonyManager/getSubscriberId  NewTelephonyManager.getSubscriberId  Error:android.database.sqlite.SQLiteException: no such table: assignment (code 1 SQLITE_ERROR): , while compiling: UPDATE assignment SET hook=? WHERE hook = ?
[ 2026-02-11T13:11:46.993     1000:  2609:  2609 I/LSPosed-Bridge  ] Error Renaming Hook ID, Old:TelephonyManager/getVoiceMailAlphaTag  NewTelephonyManager.getVoiceMailAlphaTag  Error:android.database.sqlite.SQLiteException: no such table: assignment (code 1 SQLITE_ERROR): , while compiling: UPDATE assignment SET hook=? WHERE hook = ?
[ 2026-02-11T13:11:46.993     1000:  2609:  2609 I/LSPosed-Bridge  ] Error Renaming Hook ID, Old:TelephonyManager/getVoiceMailNumber  NewTelephonyManager.getVoiceMailNumber  Error:android.database.sqlite.SQLiteException: no such table: assignment (code 1 SQLITE_ERROR): , while compiling: UPDATE assignment SET hook=? WHERE hook = ?
[ 2026-02-11T13:11:46.993     1000:  2609:  2609 I/LSPosed-Bridge  ] Error Renaming Hook ID, Old:Settings.Secure.getString  NewSettings.Secure.getString/android_id  Error:android.database.sqlite.SQLiteException: no such table: assignment (code 1 SQLITE_ERROR): , while compiling: UPDATE assignment SET hook=? WHERE hook = ?
[ 2026-02-11T13:11:46.993     1000:  2609:  2609 I/LSPosed-Bridge  ] Error Renaming Hook ID, Old:SystemProperties.get  NewSystemProperties.get/serial  Error:android.database.sqlite.SQLiteException: no such table: assignment (code 1 SQLITE_ERROR): , while compiling: UPDATE assignment SET hook=? WHERE hook = ?
[ 2026-02-11T13:11:46.994     1000:  2609:  2609 I/LSPosed-Bridge  ] Error Renaming Hook ID, Old:SystemProperties.get/default  NewSystemProperties.get.default/serial  Error:android.database.sqlite.SQLiteException: no such table: assignment (code 1 SQLITE_ERROR): , while compiling: UPDATE assignment SET hook=? WHERE hook = ?
[ 2026-02-11T13:11:46.994     1000:  2609:  2609 I/LSPosed-Bridge  ] [ı][XLua.XLegacyCore]Initializing Hooks from JSONs, Cache [0::0] Total Count=(0) Cycles=(0) Clear Cache=true Database=Database: /data/misc/xplex-a526e8b3-3ae2-4f8d-8b54-fe972be49b3d/xlua.db
Is Open: true
[ 2026-02-11T13:11:46.995     1000:  2609:  2609 I/LSPosed-Bridge  ] [ı][XLua.XHookJsonUtils]Reading All Apk (/data/app/~~zyuOLPr-3ONZ3s907JZXrQ==/eu.faircode.xlua-ZcJM_D_aeIvVBZFAdpwC8Q==/base.apk) JSON [hooks.json] Scripts from Assets to Serialize as Hooks!
[ 2026-02-11T13:11:48.494        0:  5212:  5212 I/zygiskd64       ] [KSU] Unmounting root
[ 2026-02-11T13:11:48.589        0:  5222:  5222 I/zygiskd32       ] [KSU] Unmounting root
[ 2026-02-11T13:11:48.655    10437:  5205:  5205 I/LSPosedContext  ] com.keshav.capturesposed: [CaptureSposed] Hooking System UI to add and reveal quick settings tile.
[ 2026-02-11T13:11:50.311     1000:  2609:  2609 I/LSPosed-Bridge  ] XLua.XLua System ready
[ 2026-02-11T13:11:50.698     1000:  2609:  2609 I/LSPosed-Bridge  ] XLua.XLua Loaded com.android.location.fused:1000
[ 2026-02-11T13:11:50.767     1000:  2609:  2609 I/LSPosed-Bridge  ] [DoNotTryAccessibility][W] Already Hooked Member [public long com.android.server.accessibility.AccessibilityManagerService.addClient(android.view.accessibility.IAccessibilityManagerClient,int)], this will be ignored
[ 2026-02-11T13:11:50.782     1001:  5555:  5555 I/LSPosed-Bridge  ] XSmsCode: SmsCode initializing
[ 2026-02-11T13:11:50.782     1001:  5555:  5555 I/LSPosed-Bridge  ] XSmsCode: Phone manufacturer: OnePlus
[ 2026-02-11T13:11:50.782     1001:  5555:  5555 I/LSPosed-Bridge  ] XSmsCode: Phone model: LE2127
[ 2026-02-11T13:11:50.782     1001:  5555:  5555 I/LSPosed-Bridge  ] XSmsCode: Android version: 16
[ 2026-02-11T13:11:50.782     1001:  5555:  5555 I/LSPosed-Bridge  ] XSmsCode: Xposed bridge version: 100
[ 2026-02-11T13:11:50.782     1001:  5555:  5555 I/LSPosed-Bridge  ] XSmsCode: SmsCode version: 2.5.1 (52)
[ 2026-02-11T13:11:50.782     1001:  5555:  5555 I/LSPosed-Bridge  ] XSmsCode: Hooking InboundSmsHandler constructor for android v34+
[ 2026-02-11T13:11:50.784     1001:  5555:  5555 I/LSPosed-Bridge  ] XSmsCode: SmsCode initialize completely
[ 2026-02-11T13:11:50.788     1000:  2609:  2609 I/LSPosed-Bridge  ] [DoNotTryAccessibility][W] Already Hooked Member [public java.util.List com.android.server.accessibility.AccessibilityManagerService.getEnabledAccessibilityServiceList(int,int)], this will be ignored
[ 2026-02-11T13:11:50.821     1000:  2609:  2609 I/LSPosed-Bridge  ] [DoNotTryAccessibility][W] Already Hooked Member [public android.os.Bundle android.content.ContentProvider$Transport.call(android.content.AttributionSource,java.lang.String,java.lang.String,java.lang.String,android.os.Bundle)], this will be ignored
[ 2026-02-11T13:11:52.449        0:  1102:  1203 I/lspd            ] Background young concurrent mark compact GC freed 18MB AllocSpace bytes, 3(108KB) LOS objects, 38% free, 16MB/26MB, paused 21.360ms,8.819ms total 207.572ms
[ 2026-02-11T13:11:52.824        0:  1102:  1203 I/lspd            ] Background young concurrent mark compact GC freed 19MB AllocSpace bytes, 116(14MB) LOS objects, 59% free, 16MB/41MB, paused 2.477ms,947us total 121.100ms
[ 2026-02-11T13:11:53.087        0:  1102:  1203 I/lspd            ] Background concurrent mark compact GC freed 11MB AllocSpace bytes, 114(10MB) LOS objects, 75% free, 23MB/92MB, paused 3.078ms,1.098ms total 198.299ms
[ 2026-02-11T13:11:53.540        0:  1102:  1203 I/lspd            ] Background young concurrent mark compact GC freed 36MB AllocSpace bytes, 234(26MB) LOS objects, 60% free, 36MB/92MB, paused 4.710ms,1.362ms total 266.366ms
[ 2026-02-11T13:13:33.211     1000:  2609:  3156 I/LSPosed-Bridge  ] [HMA-OSS] [ INFO] 02-11 13:13:33 (PmsHookTarget34) @shouldFilterApplication: query from com.google.android.inputmethod.latin
[ 2026-02-11T13:13:33.675        0:  8114:  8114 I/zygiskd64       ] Welcome to ReZygisk v1.0.0 Zygiskd64!
[ 2026-02-11T13:13:33.675        0:  8114:  8114 I/zygiskd-companion64 ] New companion entry.
 - Client fd: 16
[ 2026-02-11T13:13:33.675        0:  8114:  8114 I/zygiskd-companion64 ]  - Module name: "playintegrityfix"
[ 2026-02-11T13:13:33.675        0:  8114:  8114 I/zygiskd-companion64 ]  - Library fd: 6
[ 2026-02-11T13:13:33.675        0:  8114:  8114 I/zygiskd-companion64 ]  - Module entry found
[ 2026-02-11T13:13:33.675        0:  1336:  1336 I/zygiskd64       ]  - Spawned companion for "playintegrityfix": 13
[ 2026-02-11T13:13:33.675        0:  1336:  1336 I/zygiskd64       ]  - Sending companion fd socket of module "playintegrityfix"
[ 2026-02-11T13:13:33.675        0:  8114:  8114 I/zygiskd-companion64 ] New companion request.
 - Module name: playintegrityfix
 - Client fd: 6
[ 2026-02-11T13:13:33.678        0:  8114:  8115 I/zygiskd-companion64 ]  - Client fd changed after module entry
[ 2026-02-11T13:13:33.952     1000:  2609:  3156 I/LSPosed-Bridge  ] [HMA-OSS] [ INFO] 02-11 13:13:33 (PmsHookTarget34) @shouldFilterApplication: query from com.google.android.as
[ 2026-02-11T13:13:34.069     1000:  2609:  3156 I/LSPosed-Bridge  ] [HMA-OSS] [ INFO] 02-11 13:13:34 (PmsHookTarget34) @shouldFilterApplication: query from com.google.android.gms
[ 2026-02-11T13:13:34.087     1000:  2609:  3156 I/LSPosed-Bridge  ] [HMA-OSS] [ INFO] 02-11 13:13:34 (PmsHookTarget34) @shouldFilterApplication: query from com.google.android.as
[ 2026-02-11T13:13:34.087     1000:  2609:  3156 I/LSPosed-Bridge  ] [HMA-OSS] [ INFO] 02-11 13:13:34 (PmsHookTarget34) @shouldFilterApplication: query from com.google.android.gms
[ 2026-02-11T13:13:34.088     1000:  2609:  3156 I/LSPosed-Bridge  ] [HMA-OSS] [ INFO] 02-11 13:13:34 (PmsHookTarget34) @shouldFilterApplication: query from com.google.android.as
[ 2026-02-11T13:13:34.099     1000:  2609:  3156 I/LSPosed-Bridge  ] [HMA-OSS] [ INFO] 02-11 13:13:34 (PmsHookTarget34) @shouldFilterApplication: query from com.google.android.gms
[ 2026-02-11T13:13:34.132     1000:  2609:  3156 I/LSPosed-Bridge  ] [HMA-OSS] [ INFO] 02-11 13:13:34 (PmsHookTarget34) @shouldFilterApplication: query from com.google.android.as
[ 2026-02-11T13:13:34.135     1000:  2609:  3156 I/LSPosed-Bridge  ] [HMA-OSS] [ INFO] 02-11 13:13:34 (PmsHookTarget34) @shouldFilterApplication: query from com.google.android.gms
[ 2026-02-11T13:13:34.141     1000:  2609:  3156 I/LSPosed-Bridge  ] [HMA-OSS] [ INFO] 02-11 13:13:34 (PmsHookTarget34) @shouldFilterApplication: query from com.google.android.as
[ 2026-02-11T13:13:34.155     1000:  2609:  3156 I/LSPosed-Bridge  ] [HMA-OSS] [ INFO] 02-11 13:13:34 (PmsHookTarget34) @shouldFilterApplication: query from com.google.android.gms
[ 2026-02-11T13:13:34.162     1000:  2609:  3156 I/LSPosed-Bridge  ] [HMA-OSS] [ INFO] 02-11 13:13:34 (PmsHookTarget34) @shouldFilterApplication: query from com.google.android.as
[ 2026-02-11T13:13:34.171     1000:  2609:  3156 I/LSPosed-Bridge  ] [HMA-OSS] [ INFO] 02-11 13:13:34 (PmsHookTarget34) @shouldFilterApplication: query from com.google.android.gms
[ 2026-02-11T13:13:34.177     1000:  2609:  3156 I/LSPosed-Bridge  ] [HMA-OSS] [ INFO] 02-11 13:13:34 (PmsHookTarget34) @shouldFilterApplication: query from com.google.android.as
[ 2026-02-11T13:13:34.178     1000:  2609:  3156 I/LSPosed-Bridge  ] [HMA-OSS] [ INFO] 02-11 13:13:34 (PmsHookTarget34) @shouldFilterApplication: query from com.google.android.gms
[ 2026-02-11T13:13:34.185     1000:  2609:  3156 I/LSPosed-Bridge  ] [HMA-OSS] [ INFO] 02-11 13:13:34 (PmsHookTarget34) @shouldFilterApplication: query from com.google.android.as
[ 2026-02-11T13:13:34.185     1000:  2609:  3156 I/LSPosed-Bridge  ] [HMA-OSS] [ INFO] 02-11 13:13:34 (PmsHookTarget34) @shouldFilterApplication: query from com.google.android.gms
[ 2026-02-11T13:13:34.194     1000:  2609:  3156 I/LSPosed-Bridge  ] [HMA-OSS] [ INFO] 02-11 13:13:34 (PmsHookTarget34) @shouldFilterApplication: query from com.google.android.as
[ 2026-02-11T13:13:34.194     1000:  2609:  3156 I/LSPosed-Bridge  ] [HMA-OSS] [ INFO] 02-11 13:13:34 (PmsHookTarget34) @shouldFilterApplication: query from com.google.android.gms
[ 2026-02-11T13:13:34.198     1000:  2609:  3156 I/LSPosed-Bridge  ] [HMA-OSS] [ INFO] 02-11 13:13:34 (PmsHookTarget34) @shouldFilterApplication: query from com.google.android.as
[ 2026-02-11T13:13:34.201     1000:  2609:  3156 I/LSPosed-Bridge  ] [HMA-OSS] [ INFO] 02-11 13:13:34 (PmsHookTarget34) @shouldFilterApplication: query from com.google.android.gms
[ 2026-02-11T13:13:34.224     1000:  2609:  3156 I/LSPosed-Bridge  ] [HMA-OSS] [ INFO] 02-11 13:13:34 (PmsHookTarget34) @shouldFilterApplication: query from com.google.android.as
[ 2026-02-11T13:13:34.226     1000:  2609:  3156 I/LSPosed-Bridge  ] [HMA-OSS] [ INFO] 02-11 13:13:34 (PmsHookTarget34) @shouldFilterApplication: query from com.google.android.gms
[ 2026-02-11T13:13:34.250     1000:  2609:  3156 I/LSPosed-Bridge  ] [HMA-OSS] [ INFO] 02-11 13:13:34 (PmsHookTarget34) @shouldFilterApplication: query from com.google.android.as
[ 2026-02-11T13:13:34.271     1000:  2609:  3156 I/LSPosed-Bridge  ] [HMA-OSS] [ INFO] 02-11 13:13:34 (PmsHookTarget34) @shouldFilterApplication: query from com.google.android.gms
[ 2026-02-11T13:13:34.271     1000:  2609:  3156 I/LSPosed-Bridge  ] [HMA-OSS] [ INFO] 02-11 13:13:34 (PmsHookTarget34) @shouldFilterApplication: query from com.google.android.as
[ 2026-02-11T13:13:34.312     1000:  2609:  3156 I/LSPosed-Bridge  ] [HMA-OSS] [ INFO] 02-11 13:13:34 (PmsHookTarget34) @shouldFilterApplication: query from com.google.android.gms
[ 2026-02-11T13:13:34.323     1000:  2609:  3156 I/LSPosed-Bridge  ] [HMA-OSS] [ INFO] 02-11 13:13:34 (PmsHookTarget34) @shouldFilterApplication: query from com.google.android.as
[ 2026-02-11T13:13:34.330     1000:  2609:  3156 I/LSPosed-Bridge  ] [HMA-OSS] [ INFO] 02-11 13:13:34 (PmsHookTarget34) @shouldFilterApplication: query from com.google.android.gms
[ 2026-02-11T13:13:34.333     1000:  2609:  3156 I/LSPosed-Bridge  ] [HMA-OSS] [ INFO] 02-11 13:13:34 (PmsHookTarget34) @shouldFilterApplication: query from com.google.android.as
[ 2026-02-11T13:13:34.333     1000:  2609:  3156 I/LSPosed-Bridge  ] [HMA-OSS] [ INFO] 02-11 13:13:34 (PmsHookTarget34) @shouldFilterApplication: query from com.google.android.gms
[ 2026-02-11T13:13:34.338     1000:  2609:  3156 I/LSPosed-Bridge  ] [HMA-OSS] [ INFO] 02-11 13:13:34 (PmsHookTarget34) @shouldFilterApplication: query from com.google.android.as
[ 2026-02-11T13:13:34.338     1000:  2609:  3156 I/LSPosed-Bridge  ] [HMA-OSS] [ INFO] 02-11 13:13:34 (PmsHookTarget34) @shouldFilterApplication: query from com.google.android.gms
[ 2026-02-11T13:13:34.341     1000:  2609:  3156 I/LSPosed-Bridge  ] [HMA-OSS] [ INFO] 02-11 13:13:34 (PmsHookTarget34) @shouldFilterApplication: query from com.google.android.gms
[ 2026-02-11T13:13:34.342     1000:  2609:  3156 I/LSPosed-Bridge  ] [HMA-OSS] [ INFO] 02-11 13:13:34 (PmsHookTarget34) @shouldFilterApplication: query from com.google.android.as
[ 2026-02-11T13:13:34.346     1000:  2609:  3156 I/LSPosed-Bridge  ] [HMA-OSS] [ INFO] 02-11 13:13:34 (PmsHookTarget34) @shouldFilterApplication: query from com.google.android.as
[ 2026-02-11T13:13:34.346     1000:  2609:  3156 I/LSPosed-Bridge  ] [HMA-OSS] [ INFO] 02-11 13:13:34 (PmsHookTarget34) @shouldFilterApplication: query from com.google.android.gms
[ 2026-02-11T13:13:34.349     1000:  2609:  3156 I/LSPosed-Bridge  ] [HMA-OSS] [ INFO] 02-11 13:13:34 (PmsHookTarget34) @shouldFilterApplication: query from com.google.android.as
[ 2026-02-11T13:13:34.383     1000:  2609:  3156 I/LSPosed-Bridge  ] [HMA-OSS] [ INFO] 02-11 13:13:34 (PmsHookTarget34) @shouldFilterApplication: query from com.google.android.gms
[ 2026-02-11T13:13:34.386     1000:  2609:  3156 I/LSPosed-Bridge  ] [HMA-OSS] [ INFO] 02-11 13:13:34 (PmsHookTarget34) @shouldFilterApplication: query from com.google.android.as
[ 2026-02-11T13:13:34.387     1000:  2609:  3156 I/LSPosed-Bridge  ] [HMA-OSS] [ INFO] 02-11 13:13:34 (PmsHookTarget34) @shouldFilterApplication: query from com.google.android.gms
[ 2026-02-11T13:13:34.389     1000:  2609:  3156 I/LSPosed-Bridge  ] [HMA-OSS] [ INFO] 02-11 13:13:34 (PmsHookTarget34) @shouldFilterApplication: query from com.google.android.as
[ 2026-02-11T13:13:34.400     1000:  2609:  3156 I/LSPosed-Bridge  ] [HMA-OSS] [ INFO] 02-11 13:13:34 (PmsHookTarget34) @shouldFilterApplication: query from com.google.android.gms
[ 2026-02-11T13:13:34.406     1000:  2609:  3156 I/LSPosed-Bridge  ] [HMA-OSS] [ INFO] 02-11 13:13:34 (PmsHookTarget34) @shouldFilterApplication: query from com.google.android.as
[ 2026-02-11T13:13:34.414     1000:  2609:  3156 I/LSPosed-Bridge  ] [HMA-OSS] [ INFO] 02-11 13:13:34 (PmsHookTarget34) @shouldFilterApplication: query from com.google.android.gms
[ 2026-02-11T13:13:34.443     1000:  2609:  3156 I/LSPosed-Bridge  ] [HMA-OSS] [ INFO] 02-11 13:13:34 (PmsHookTarget34) @shouldFilterApplication: query from com.google.android.as
[ 2026-02-11T13:13:34.451     1000:  2609:  3156 I/LSPosed-Bridge  ] [HMA-OSS] [ INFO] 02-11 13:13:34 (PmsHookTarget34) @shouldFilterApplication: query from com.google.android.gms
[ 2026-02-11T13:13:34.452     1000:  2609:  3156 I/LSPosed-Bridge  ] [HMA-OSS] [ INFO] 02-11 13:13:34 (PmsHookTarget34) @shouldFilterApplication: query from com.google.android.as
[ 2026-02-11T13:13:34.453     1000:  2609:  3156 I/LSPosed-Bridge  ] [HMA-OSS] [ INFO] 02-11 13:13:34 (PmsHookTarget34) @shouldFilterApplication: query from com.google.android.gms
[ 2026-02-11T13:13:34.454     1000:  2609:  3156 I/LSPosed-Bridge  ] [HMA-OSS] [ INFO] 02-11 13:13:34 (PmsHookTarget34) @shouldFilterApplication: query from com.google.android.as
[ 2026-02-11T13:13:34.480     1000:  2609:  3156 I/LSPosed-Bridge  ] [HMA-OSS] [ INFO] 02-11 13:13:34 (PmsHookTarget34) @shouldFilterApplication: query from com.google.android.gms
[ 2026-02-11T13:13:34.486     1000:  2609:  3156 I/LSPosed-Bridge  ] [HMA-OSS] [ INFO] 02-11 13:13:34 (PmsHookTarget34) @shouldFilterApplication: query from com.google.android.as
[ 2026-02-11T13:13:34.494     1000:  2609:  3156 I/LSPosed-Bridge  ] [HMA-OSS] [ INFO] 02-11 13:13:34 (PmsHookTarget34) @shouldFilterApplication: query from com.google.android.gms
[ 2026-02-11T13:13:34.496     1000:  2609:  3156 I/LSPosed-Bridge  ] [HMA-OSS] [ INFO] 02-11 13:13:34 (PmsHookTarget34) @shouldFilterApplication: query from com.google.android.as
[ 2026-02-11T13:13:34.497     1000:  2609:  3156 I/LSPosed-Bridge  ] [HMA-OSS] [ INFO] 02-11 13:13:34 (PmsHookTarget34) @shouldFilterApplication: query from com.google.android.gms
[ 2026-02-11T13:13:34.501     1000:  2609:  3156 I/LSPosed-Bridge  ] [HMA-OSS] [ INFO] 02-11 13:13:34 (PmsHookTarget34) @shouldFilterApplication: query from com.google.android.as
[ 2026-02-11T13:13:34.502     1000:  2609:  3156 I/LSPosed-Bridge  ] [HMA-OSS] [ INFO] 02-11 13:13:34 (PmsHookTarget34) @shouldFilterApplication: query from com.google.android.gms
[ 2026-02-11T13:13:34.505     1000:  2609:  3156 I/LSPosed-Bridge  ] [HMA-OSS] [ INFO] 02-11 13:13:34 (PmsHookTarget34) @shouldFilterApplication: query from com.google.android.as
[ 2026-02-11T13:13:34.505     1000:  2609:  3156 I/LSPosed-Bridge  ] [HMA-OSS] [ INFO] 02-11 13:13:34 (PmsHookTarget34) @shouldFilterApplication: query from com.google.android.gms
[ 2026-02-11T13:13:34.507     1000:  2609:  3156 I/LSPosed-Bridge  ] [HMA-OSS] [ INFO] 02-11 13:13:34 (PmsHookTarget34) @shouldFilterApplication: query from com.google.android.as
[ 2026-02-11T13:13:34.507     1000:  2609:  3156 I/LSPosed-Bridge  ] [HMA-OSS] [ INFO] 02-11 13:13:34 (PmsHookTarget34) @shouldFilterApplication: query from com.google.android.gms
[ 2026-02-11T13:13:34.507     1000:  2609:  3156 I/LSPosed-Bridge  ] [HMA-OSS] [ INFO] 02-11 13:13:34 (PmsHookTarget34) @shouldFilterApplication: query from com.google.android.as
[ 2026-02-11T13:13:34.513     1000:  2609:  3156 I/LSPosed-Bridge  ] [HMA-OSS] [ INFO] 02-11 13:13:34 (PmsHookTarget34) @shouldFilterApplication: query from com.google.android.gms
[ 2026-02-11T13:13:34.513     1000:  2609:  3156 I/LSPosed-Bridge  ] [HMA-OSS] [ INFO] 02-11 13:13:34 (PmsHookTarget34) @shouldFilterApplication: query from com.google.android.as
[ 2026-02-11T13:13:36.172     1000:  2609:  3156 I/LSPosed-Bridge  ] [HMA-OSS] [ INFO] 02-11 13:13:36 (PmsHookTarget34) @shouldFilterApplication: query from com.google.android.apps.wellbeing
[ 2026-02-11T13:13:37.938        0:  1336:  1336 I/zygiskd64       ]  - Sending companion fd socket of module "playintegrityfix"
[ 2026-02-11T13:13:37.938        0:  8114:  8114 I/zygiskd-companion64 ] New companion request.
 - Module name: playintegrityfix
 - Client fd: 6
[ 2026-02-11T13:13:37.938        0:  8114:  9577 I/zygiskd-companion64 ]  - Client fd changed after module entry
[ 2026-02-11T13:13:39.158     1000:  2609:  3156 I/LSPosed-Bridge  ] [HMA-OSS] [ INFO] 02-11 13:13:39 (PmsHookTarget34) @shouldFilterApplication: query from com.google.android.gms
[ 2026-02-11T13:13:39.876     1000:  2609:  3156 I/LSPosed-Bridge  ] [HMA-OSS] [ INFO] 02-11 13:13:39 (PmsHookTarget34) @shouldFilterApplication: query from com.google.android.googlequicksearchbox
[ 2026-02-11T13:13:39.880     1000:  2609:  3156 I/LSPosed-Bridge  ] [HMA-OSS] [ INFO] 02-11 13:13:39 (PmsHookTarget34) @shouldFilterApplication: query from com.google.android.gms
[ 2026-02-11T13:13:40.009     1000:  2609:  3156 I/LSPosed-Bridge  ] [HMA-OSS] [ INFO] 02-11 13:13:40 (PmsHookTarget34) @shouldFilterApplication: query from com.google.android.as
[ 2026-02-11T13:13:40.416     1000:  2609:  3156 I/LSPosed-Bridge  ] [HMA-OSS] [ INFO] 02-11 13:13:40 (PmsHookTarget34) @shouldFilterApplication: query from com.android.vending
[ 2026-02-11T13:13:40.417     1000:  2609:  3156 I/LSPosed-Bridge  ] [HMA-OSS] [ INFO] 02-11 13:13:40 (PmsHookTarget34) @shouldFilterApplication: query from com.google.android.as
[ 2026-02-11T13:13:40.857     1000:  2609:  3156 I/LSPosed-Bridge  ] [HMA-OSS] [ INFO] 02-11 13:13:40 (PmsHookTarget34) @shouldFilterApplication: query from com.google.android.apps.photos
[ 2026-02-11T13:13:40.904     1000:  2609:  3156 I/LSPosed-Bridge  ] [HMA-OSS] [ INFO] 02-11 13:13:40 (PmsHookTarget34) @shouldFilterApplication: query from com.google.android.as
[ 2026-02-11T13:13:47.086     1000:  2609:  3156 I/LSPosed-Bridge  ] [HMA-OSS] [ INFO] 02-11 13:13:46 (PmsHookTarget34) @shouldFilterApplication: query from com.google.android.apps.wellbeing
[ 2026-02-11T13:13:49.423        0:  1336:  1336 I/zygiskd64       ]  - Sending companion fd socket of module "playintegrityfix"
[ 2026-02-11T13:13:49.423        0:  8114:  8114 I/zygiskd-companion64 ] New companion request.
 - Module name: playintegrityfix
 - Client fd: 6
[ 2026-02-11T13:13:49.435        0:  8114: 11620 I/zygiskd-companion64 ]  - Client fd changed after module entry
[ 2026-02-11T13:13:51.407        0:  1336:  1336 I/zygiskd64       ]  - Sending companion fd socket of module "playintegrityfix"
[ 2026-02-11T13:13:51.407        0:  8114:  8114 I/zygiskd-companion64 ] New companion request.
 - Module name: playintegrityfix
 - Client fd: 6
[ 2026-02-11T13:13:51.424        0:  8114: 11862 I/zygiskd-companion64 ]  - Client fd changed after module entry
[ 2026-02-11T13:13:51.503     1000:  2609:  3156 I/LSPosed-Bridge  ] [HMA-OSS] [ INFO] 02-11 13:13:51 (PmsHookTarget34) @shouldFilterApplication: query from com.android.vending
[ 2026-02-11T13:14:00.451     1000:  2609:  3156 I/LSPosed-Bridge  ] [HMA-OSS] [ INFO] 02-11 13:14:00 (PmsHookTarget34) @shouldFilterApplication: query from com.google.android.apps.turbo
[ 2026-02-11T13:14:08.120     1000:  2609:  3156 I/LSPosed-Bridge  ] [HMA-OSS] [ INFO] 02-11 13:14:08 (PmsHookTarget34) @shouldFilterApplication: query from com.garanti.cepsubesi
[ 2026-02-11T13:14:10.394     1000:  2609:  3156 I/LSPosed-Bridge  ] [HMA-OSS] [ INFO] 02-11 13:14:10 (PmsHookTarget34) @shouldFilterApplication: query from com.google.android.apps.docs
[ 2026-02-11T13:14:19.727     1000:  2609:  3156 I/LSPosed-Bridge  ] [HMA-OSS] [ INFO] 02-11 13:14:19 (PmsHookTarget34) @shouldFilterApplication: query from com.google.android.apps.paidtasks
[ 2026-02-11T13:14:19.926     1000:  2609:  3156 I/LSPosed-Bridge  ] [HMA-OSS] [ INFO] 02-11 13:14:19 (PmsHookTarget34) @shouldFilterApplication: query from com.amazon.avod.thirdpartyclient
[ 2026-02-11T13:14:33.211     1000:  2609:  3156 I/LSPosed-Bridge  ] [HMA-OSS] [ INFO] 02-11 13:14:33 (PmsHookTarget34) @shouldFilterApplication: query from com.google.android.gm
[ 2026-02-11T13:14:36.606     1000:  2609:  3156 I/LSPosed-Bridge  ] [HMA-OSS] [ INFO] 02-11 13:14:36 (PmsHookTarget34) @shouldFilterApplication: query from com.instagram.android
[ 2026-02-11T13:14:37.862     1000:  2609:  3156 I/LSPosed-Bridge  ] [HMA-OSS] [ INFO] 02-11 13:14:37 (PmsHookTarget34) @shouldFilterApplication: query from com.ingbanktr.ingmobil
[ 2026-02-11T13:14:38.844     1000:  2609:  3156 I/LSPosed-Bridge  ] [HMA-OSS] [ INFO] 02-11 13:14:38 (PmsHookTarget34) @shouldFilterApplication: query from com.looker.droidify
[ 2026-02-11T13:14:44.366        0:  1336:  1336 I/zygiskd64       ]  - Sending companion fd socket of module "playintegrityfix"
[ 2026-02-11T13:14:44.366        0:  8114:  8114 I/zygiskd-companion64 ] New companion request.
 - Module name: playintegrityfix
 - Client fd: 6
[ 2026-02-11T13:14:44.370        0:  8114: 16499 I/zygiskd-companion64 ]  - Client fd changed after module entry
[ 2026-02-11T13:14:46.868     1000:  2609:  3156 I/LSPosed-Bridge  ] [HMA-OSS] [ INFO] 02-11 13:14:46 (PmsHookTarget34) @shouldFilterApplication: query from com.roborock.smart
[ 2026-02-11T13:14:54.272     1000:  2609:  3156 I/LSPosed-Bridge  ] [HMA-OSS] [ INFO] 02-11 13:14:54 (PmsHookTarget34) @shouldFilterApplication: query from com.google.android.inputmethod.latin
[ 2026-02-11T13:15:03.422     1000:  2609:  3156 I/LSPosed-Bridge  ] [HMA-OSS] [ INFO] 02-11 13:15:03 (PmsHookTarget34) @shouldFilterApplication: query from com.facebook.katana
[ 2026-02-11T13:15:03.649     1000:  2609:  3156 I/LSPosed-Bridge  ] [HMA-OSS] [ INFO] 02-11 13:15:03 (PmsHookTarget34) @shouldFilterApplication: query from com.facebook.pages.app
[ 2026-02-11T13:15:04.403     1000:  2609:  3156 I/LSPosed-Bridge  ] [HMA-OSS] [ INFO] 02-11 13:15:04 (PmsHookTarget34) @shouldFilterApplication: query from com.facebook.orca
[ 2026-02-11T13:15:08.260     1000:  2609:  3156 I/LSPosed-Bridge  ] [HMA-OSS] [ INFO] 02-11 13:15:08 (PmsHookTarget34) @shouldFilterApplication: query from com.google.android.apps.turbo
[ 2026-02-11T13:15:17.494     1000:  2609:  3156 I/LSPosed-Bridge  ] [HMA-OSS] [ INFO] 02-11 13:15:17 (PmsHookTarget34) @shouldFilterApplication: query from com.instagram.android
[ 2026-02-11T13:15:27.642        0:  1336:  1336 I/zygiskd64       ]  - Sending companion fd socket of module "playintegrityfix"
[ 2026-02-11T13:15:27.643        0:  8114:  8114 I/zygiskd-companion64 ] New companion request.
 - Module name: playintegrityfix
 - Client fd: 6
[ 2026-02-11T13:15:27.645        0:  8114: 21250 I/zygiskd-companion64 ]  - Client fd changed after module entry
[ 2026-02-11T13:15:37.154    10482: 16355: 17975 I/KernelSU        ] Module runAction result: q8.k@84a9f2
[ 2026-02-11T13:15:37.613    10500: 15368: 15555 E/LSPosed-Bridge  ] java.lang.NullPointerException: Attempt to invoke virtual method 'java.lang.Class java.lang.Object.getClass()' on a null object reference
	at m2.k.h(r8-map-id-24bfe6f5291ccc122a087e69cfd0ef965c57d5b189a3392a10a824e491734b78:435)
	at s0.g.beforeHookedMethod(r8-map-id-24bfe6f5291ccc122a087e69cfd0ef965c57d5b189a3392a10a824e491734b78:50)
	at p.jc.TCiBE.toqX.wEzVNa.XC_MethodHook.callBeforeHookedMethod(r8-map-id-1b503ce2d1eb437266e175dc68a023819023d9852a09899d29d782d634f0016f:1)
	at j0.callback(r8-map-id-1b503ce2d1eb437266e175dc68a023819023d9852a09899d29d782d634f0016f:156)
	at LSPHooker_.onFailed(LSP)
	at assh.onFailed(PG:12)
	at bpfg.onFailed(PG:3)
	at bmpu.run(PG:259)
	at aubn.execute(PG:1)
	at org.chromium.net.impl.CronetUrlRequest.onNativeAdapterDestroyed(PG:76)
[ 2026-02-11T13:15:37.622    10500: 15368: 15555 E/LSPosed-Bridge  ] java.lang.NullPointerException: Attempt to invoke virtual method 'java.lang.Class java.lang.Object.getClass()' on a null object reference
	at m2.k.h(r8-map-id-24bfe6f5291ccc122a087e69cfd0ef965c57d5b189a3392a10a824e491734b78:435)
	at s0.g.beforeHookedMethod(r8-map-id-24bfe6f5291ccc122a087e69cfd0ef965c57d5b189a3392a10a824e491734b78:50)
	at p.jc.TCiBE.toqX.wEzVNa.XC_MethodHook.callBeforeHookedMethod(r8-map-id-1b503ce2d1eb437266e175dc68a023819023d9852a09899d29d782d634f0016f:1)
	at j0.callback(r8-map-id-1b503ce2d1eb437266e175dc68a023819023d9852a09899d29d782d634f0016f:156)
	at LSPHooker_.onFailed(LSP)
	at assh.onFailed(PG:12)
	at bpfg.onFailed(PG:3)
	at bmpu.run(PG:259)
	at aubn.execute(PG:1)
	at org.chromium.net.impl.CronetUrlRequest.onNativeAdapterDestroyed(PG:76)
[ 2026-02-11T13:15:40.664    10500: 15368: 15555 E/LSPosed-Bridge  ] java.lang.NullPointerException: Attempt to invoke virtual method 'java.lang.Class java.lang.Object.getClass()' on a null object reference
	at m2.k.h(r8-map-id-24bfe6f5291ccc122a087e69cfd0ef965c57d5b189a3392a10a824e491734b78:435)
	at s0.g.beforeHookedMethod(r8-map-id-24bfe6f5291ccc122a087e69cfd0ef965c57d5b189a3392a10a824e491734b78:50)
	at p.jc.TCiBE.toqX.wEzVNa.XC_MethodHook.callBeforeHookedMethod(r8-map-id-1b503ce2d1eb437266e175dc68a023819023d9852a09899d29d782d634f0016f:1)
	at j0.callback(r8-map-id-1b503ce2d1eb437266e175dc68a023819023d9852a09899d29d782d634f0016f:156)
	at LSPHooker_.onFailed(LSP)
	at assh.onFailed(PG:12)
	at bpfg.onFailed(PG:3)
	at bmpu.run(PG:259)
	at aubn.execute(PG:1)
	at org.chromium.net.impl.CronetUrlRequest.onNativeAdapterDestroyed(PG:76)
[ 2026-02-11T13:16:24.472    10482: 16355: 17970 I/KernelSU        ] Module runAction result: q8.k@a98175f
[ 2026-02-11T13:16:24.669     2000: 20949: 20949 I/LSPosed         ] Loaded manager, skipping next steps
[ 2026-02-11T13:18:28.884     1000:  2609:  3156 I/LSPosed-Bridge  ] [HMA-OSS] [ INFO] 02-11 13:18:28 (PmsHookTarget34) @shouldFilterApplication: query from com.android.vending
[ 2026-02-11T13:18:29.376        0:  1336:  1336 I/zygiskd64       ]  - Sending companion fd socket of module "playintegrityfix"
[ 2026-02-11T13:18:29.376        0:  8114:  8114 I/zygiskd-companion64 ] New companion request.
 - Module name: playintegrityfix
 - Client fd: 6
[ 2026-02-11T13:18:29.386        0:  8114: 24792 I/zygiskd-companion64 ]  - Client fd changed after module entry
[ 2026-02-11T13:18:29.681        0:  1336:  1336 I/zygiskd64       ]  - Sending companion fd socket of module "playintegrityfix"
[ 2026-02-11T13:18:29.682        0:  8114:  8114 I/zygiskd-companion64 ] New companion request.
 - Module name: playintegrityfix
 - Client fd: 6
[ 2026-02-11T13:18:29.683        0:  8114: 24848 I/zygiskd-companion64 ]  - Client fd changed after module entry
[ 2026-02-11T13:18:32.435     1000:  2609:  3156 I/LSPosed-Bridge  ] [HMA-OSS] [ INFO] 02-11 13:18:32 (PmsHookTarget34) @shouldFilterApplication: query from com.google.android.inputmethod.latin
